kind,is_rep,variant,band,i,j,pair,dt_days,phase_days,hrsn_cc,das_cc,z_lo,z_hi,dvv,err,n,rms,dvv_edge,tau_s
repeater,True,main,5-30,120,148,2025-04-02/2025-05-11,38.93246527777778,39.0,0.9872999663491724,0.7916169715694473,2.0,75.0,0.050441027758835764,0.034506153262848505,37,0.004738697847856394,-0.03838322007421046,0.06542062332082034
repeater,True,main,5-30,120,148,2025-04-02/2025-05-11,38.93246527777778,39.0,0.9872999663491724,0.7916169715694473,75.0,250.0,0.00851643952614307,0.006466406555824323,117,0.0009663630021435638,-0.011484737367508003,0.052763774591917764
repeater,True,main,5-30,120,148,2025-04-02/2025-05-11,38.93246527777778,39.0,0.9872999663491724,0.7916169715694473,250.0,550.0,0.004652923244209709,0.004102144174150699,171,0.0013197492339854337,0.007296924985956202,0.09785539564309136
repeater,True,main,5-30,120,148,2025-04-02/2025-05-11,38.93246527777778,39.0,0.9872999663491724,0.7916169715694473,550.0,850.0,0.0670263309129426,0.01117926822281876,205,0.003617180336149825,-0.04518724995985703,0.07761748272974536
repeater,True,main,5-30,120,148,2025-04-02/2025-05-11,38.93246527777778,39.0,0.9872999663491724,0.7916169715694473,2.0,25.0,0.08609265661814575,0.07056086191135234,9,0.0006321365998436296,,0.029146549077424776
repeater,True,main,5-30,120,148,2025-04-02/2025-05-11,38.93246527777778,39.0,0.9872999663491724,0.7916169715694473,25.0,50.0,-0.051336531444190446,0.6835779369364243,9,0.003810168941922861,-0.17393819136600486,0.01823659157543684
repeater,True,main,5-30,120,148,2025-04-02/2025-05-11,38.93246527777778,39.0,0.9872999663491724,0.7916169715694473,50.0,100.0,-0.10254971473364742,0.09160581165141124,34,0.0036563523005753553,0.08270294692391174,0.025170288522337637
repeater,True,main,5-30,120,148,2025-04-02/2025-05-11,38.93246527777778,39.0,0.9872999663491724,0.7916169715694473,100.0,200.0,0.01728900727208396,0.009897583572420026,72,0.0008378739813383031,0.016558614000956533,0.03317922861328666
repeater,True,main,5-30,120,148,2025-04-02/2025-05-11,38.93246527777778,39.0,0.9872999663491724,0.7916169715694473,200.0,400.0,-0.016486230683730715,0.005411412844493783,114,0.0011984915486183045,0.0029501946500689494,0.06090874428561975
repeater,True,main,5-30,120,148,2025-04-02/2025-05-11,38.93246527777778,39.0,0.9872999663491724,0.7916169715694473,400.0,600.0,-0.02906806071002741,0.010327482557125841,124,0.0016605582415954163,-0.010842420704833723,0.06509885812265248
repeater,True,main,5-30,120,148,2025-04-02/2025-05-11,38.93246527777778,39.0,0.9872999663491724,0.7916169715694473,600.0,850.0,0.06712767310544379,0.01847769912649118,168,0.003741013928237621,-0.05068020189662506,0.06191701608881667
repeater,True,acausal,5-30,120,148,2025-04-02/2025-05-11,38.93246527777778,39.0,0.9872999663491724,0.7916169715694473,2.0,75.0,,,1,,,
repeater,True,acausal,5-30,120,148,2025-04-02/2025-05-11,38.93246527777778,39.0,0.9872999663491724,0.7916169715694473,75.0,250.0,-1.1699654213113784,0.18349136888419595,14,0.0024608632695827994,,0.052763774591917764
repeater,True,acausal,5-30,120,148,2025-04-02/2025-05-11,38.93246527777778,39.0,0.9872999663491724,0.7916169715694473,250.0,550.0,,,4,,,
repeater,True,acausal,5-30,120,148,2025-04-02/2025-05-11,38.93246527777778,39.0,0.9872999663491724,0.7916169715694473,550.0,850.0,,,3,,,
repeater,True,acausal,5-30,120,148,2025-04-02/2025-05-11,38.93246527777778,39.0,0.9872999663491724,0.7916169715694473,2.0,25.0,,,0,,,
repeater,True,acausal,5-30,120,148,2025-04-02/2025-05-11,38.93246527777778,39.0,0.9872999663491724,0.7916169715694473,25.0,50.0,,,0,,,
repeater,True,acausal,5-30,120,148,2025-04-02/2025-05-11,38.93246527777778,39.0,0.9872999663491724,0.7916169715694473,50.0,100.0,2.127694187679908,0.4166435586547257,8,0.0003892122129352955,,0.025170288522337637
repeater,True,acausal,5-30,120,148,2025-04-02/2025-05-11,38.93246527777778,39.0,0.9872999663491724,0.7916169715694473,100.0,200.0,5.6610828981365575,0.9329536835619986,7,0.002956083906268804,,0.03317922861328666
repeater,True,acausal,5-30,120,148,2025-04-02/2025-05-11,38.93246527777778,39.0,0.9872999663491724,0.7916169715694473,200.0,400.0,,,4,,,
repeater,True,acausal,5-30,120,148,2025-04-02/2025-05-11,38.93246527777778,39.0,0.9872999663491724,0.7916169715694473,400.0,600.0,,,0,,,
repeater,True,acausal,5-30,120,148,2025-04-02/2025-05-11,38.93246527777778,39.0,0.9872999663491724,0.7916169715694473,600.0,850.0,,,3,,,
repeater,True,snr_eq,5-30,120,148,2025-04-02/2025-05-11,38.93246527777778,39.0,0.9872999663491724,0.7916169715694473,2.0,75.0,0.06808247695800966,0.031085425629541218,37,0.004417618630725215,-0.03132978059249304,0.06542062332082034
repeater,True,snr_eq,5-30,120,148,2025-04-02/2025-05-11,38.93246527777778,39.0,0.9872999663491724,0.7916169715694473,75.0,250.0,0.011931067613041252,0.007881228436258398,120,0.0011621505776075443,-0.008067986724915672,0.052763774591917764
repeater,True,snr_eq,5-30,120,148,2025-04-02/2025-05-11,38.93246527777778,39.0,0.9872999663491724,0.7916169715694473,250.0,550.0,0.005909575579513578,0.004266832028636677,172,0.0013920924015788478,0.006577796492559973,0.09785539564309136
repeater,True,snr_eq,5-30,120,148,2025-04-02/2025-05-11,38.93246527777778,39.0,0.9872999663491724,0.7916169715694473,550.0,850.0,0.07086394711370753,0.011345427841149882,205,0.003754755959150609,-0.04266900565962623,0.07761748272974536
repeater,True,snr_eq,5-30,120,148,2025-04-02/2025-05-11,38.93246527777778,39.0,0.9872999663491724,0.7916169715694473,2.0,25.0,0.07373602228364766,0.06370405427936693,10,0.000619739606045594,,0.029146549077424776
repeater,True,snr_eq,5-30,120,148,2025-04-02/2025-05-11,38.93246527777778,39.0,0.9872999663491724,0.7916169715694473,25.0,50.0,0.1322049637465849,0.18956314540374392,7,0.0010308980973321546,-0.08216417605057554,0.01823659157543684
repeater,True,snr_eq,5-30,120,148,2025-04-02/2025-05-11,38.93246527777778,39.0,0.9872999663491724,0.7916169715694473,50.0,100.0,-0.014269954100884531,0.04436576693293289,28,0.00170842109304108,0.10775554664874626,0.025170288522337637
repeater,True,snr_eq,5-30,120,148,2025-04-02/2025-05-11,38.93246527777778,39.0,0.9872999663491724,0.7916169715694473,100.0,200.0,0.011587888846158415,0.011868434767821836,74,0.0010706244188363814,0.013122262449347478,0.03317922861328666
repeater,True,snr_eq,5-30,120,148,2025-04-02/2025-05-11,38.93246527777778,39.0,0.9872999663491724,0.7916169715694473,200.0,400.0,-0.01889406990537548,0.0055192351094893784,117,0.0012626258120294234,0.00028899631382913143,0.06090874428561975
repeater,True,snr_eq,5-30,120,148,2025-04-02/2025-05-11,38.93246527777778,39.0,0.9872999663491724,0.7916169715694473,400.0,600.0,-0.02816007467384824,0.010183085308905637,124,0.0016857455608668792,-0.011527313471189671,0.06509885812265248
repeater,True,snr_eq,5-30,120,148,2025-04-02/2025-05-11,38.93246527777778,39.0,0.9872999663491724,0.7916169715694473,600.0,850.0,0.06732219822278498,0.017767511981961293,167,0.003975993527673586,-0.046702853273487506,0.06191701608881667
repeater,True,main,5-20,120,148,2025-04-02/2025-05-11,38.93246527777778,39.0,0.9872999663491724,0.7916169715694473,2.0,75.0,0.08634716789468556,0.04658534023194274,56,0.007015297127125123,0.12049708276965121,0.06542062332082034
repeater,True,main,5-20,120,148,2025-04-02/2025-05-11,38.93246527777778,39.0,0.9872999663491724,0.7916169715694473,75.0,250.0,0.034726705543962844,0.02717358139776294,145,0.005415190854946412,-0.0052416379816332855,0.052763774591917764
repeater,True,main,5-20,120,148,2025-04-02/2025-05-11,38.93246527777778,39.0,0.9872999663491724,0.7916169715694473,250.0,550.0,-0.0009683118472283788,0.010208895024423436,242,0.004130884970867995,-0.019678859394081646,0.09785539564309136
repeater,True,main,5-20,120,148,2025-04-02/2025-05-11,38.93246527777778,39.0,0.9872999663491724,0.7916169715694473,550.0,850.0,0.021964280651957272,0.022093436868747436,216,0.007564528663950957,-0.00532901716532978,0.07761748272974536
repeater,True,main,5-20,120,148,2025-04-02/2025-05-11,38.93246527777778,39.0,0.9872999663491724,0.7916169715694473,2.0,25.0,-0.5876780304517868,0.11371978683393184,17,0.0037832814079085115,0.5814343091263818,0.029146549077424776
repeater,True,main,5-20,120,148,2025-04-02/2025-05-11,38.93246527777778,39.0,0.9872999663491724,0.7916169715694473,25.0,50.0,0.5292189096434363,0.435877122900823,17,0.005732010847238029,-0.5113320149984494,0.01823659157543684
repeater,True,main,5-20,120,148,2025-04-02/2025-05-11,38.93246527777778,39.0,0.9872999663491724,0.7916169715694473,50.0,100.0,-0.10206758855329594,0.1126467946048661,40,0.005016792316784438,0.07458115953167137,0.025170288522337637
repeater,True,main,5-20,120,148,2025-04-02/2025-05-11,38.93246527777778,39.0,0.9872999663491724,0.7916169715694473,100.0,200.0,0.04948834768397883,0.05769426143605502,87,0.005485494753445095,-0.033076772505823984,0.03317922861328666
repeater,True,main,5-20,120,148,2025-04-02/2025-05-11,38.93246527777778,39.0,0.9872999663491724,0.7916169715694473,200.0,400.0,0.0169234989234248,0.020536599508220333,161,0.004516086643119756,0.008027912464318613,0.06090874428561975
repeater,True,main,5-20,120,148,2025-04-02/2025-05-11,38.93246527777778,39.0,0.9872999663491724,0.7916169715694473,400.0,600.0,0.05623307679476819,0.022995969540587195,151,0.004541341716327314,-0.016178114703689215,0.06509885812265248
repeater,True,main,5-20,120,148,2025-04-02/2025-05-11,38.93246527777778,39.0,0.9872999663491724,0.7916169715694473,600.0,850.0,0.041539381085473656,0.03527094690447032,184,0.007782951575356479,-0.031780298872969404,0.06191701608881667
repeater,True,acausal,5-20,120,148,2025-04-02/2025-05-11,38.93246527777778,39.0,0.9872999663491724,0.7916169715694473,2.0,75.0,-0.10649682101895688,0.3666744384819324,12,0.004179168295448835,,0.06542062332082034
repeater,True,acausal,5-20,120,148,2025-04-02/2025-05-11,38.93246527777778,39.0,0.9872999663491724,0.7916169715694473,75.0,250.0,-0.03482806163233359,0.07627689588603463,35,0.007634573657712977,0.32299711577220663,0.052763774591917764
repeater,True,acausal,5-20,120,148,2025-04-02/2025-05-11,38.93246527777778,39.0,0.9872999663491724,0.7916169715694473,250.0,550.0,-0.22384892829234476,0.29753338976025795,24,0.009542621953155785,0.0319994177352344,0.09785539564309136
repeater,True,acausal,5-20,120,148,2025-04-02/2025-05-11,38.93246527777778,39.0,0.9872999663491724,0.7916169715694473,550.0,850.0,-0.6043235462493814,0.30052474777215776,9,0.007103884026134854,-0.36161224185418717,0.07761748272974536
repeater,True,acausal,5-20,120,148,2025-04-02/2025-05-11,38.93246527777778,39.0,0.9872999663491724,0.7916169715694473,2.0,25.0,,,0,,,
repeater,True,acausal,5-20,120,148,2025-04-02/2025-05-11,38.93246527777778,39.0,0.9872999663491724,0.7916169715694473,25.0,50.0,1.6054670362538452,0.4983630171817952,9,0.0023029260576766706,,0.01823659157543684
repeater,True,acausal,5-20,120,148,2025-04-02/2025-05-11,38.93246527777778,39.0,0.9872999663491724,0.7916169715694473,50.0,100.0,0.5732084778029968,0.3932668389959729,15,0.00757625724402488,0.3241324930995019,0.025170288522337637
repeater,True,acausal,5-20,120,148,2025-04-02/2025-05-11,38.93246527777778,39.0,0.9872999663491724,0.7916169715694473,100.0,200.0,1.864444474936217,0.4939131158083597,17,0.005500881448860439,-0.1952386139818223,0.03317922861328666
repeater,True,acausal,5-20,120,148,2025-04-02/2025-05-11,38.93246527777778,39.0,0.9872999663491724,0.7916169715694473,200.0,400.0,0.21170787652648257,0.10954174952206903,27,0.007337550227140258,0.2647386307367653,0.06090874428561975
repeater,True,acausal,5-20,120,148,2025-04-02/2025-05-11,38.93246527777778,39.0,0.9872999663491724,0.7916169715694473,400.0,600.0,,,3,,,
repeater,True,acausal,5-20,120,148,2025-04-02/2025-05-11,38.93246527777778,39.0,0.9872999663491724,0.7916169715694473,600.0,850.0,-0.6043235462493814,0.30052474777215776,9,0.007103884026134854,0.14142611174969233,0.06191701608881667
repeater,True,snr_eq,5-20,120,148,2025-04-02/2025-05-11,38.93246527777778,39.0,0.9872999663491724,0.7916169715694473,2.0,75.0,0.11261681136795772,0.04706433591500686,57,0.007234893041675701,0.10629767456382257,0.06542062332082034
repeater,True,snr_eq,5-20,120,148,2025-04-02/2025-05-11,38.93246527777778,39.0,0.9872999663491724,0.7916169715694473,75.0,250.0,0.013834773292003236,0.027806030312929757,141,0.005358627056587311,0.015927722443707548,0.052763774591917764
repeater,True,snr_eq,5-20,120,148,2025-04-02/2025-05-11,38.93246527777778,39.0,0.9872999663491724,0.7916169715694473,250.0,550.0,-0.009480648390217526,0.011284452200448443,245,0.004748350160130384,-0.020979506964252142,0.09785539564309136
repeater,True,snr_eq,5-20,120,148,2025-04-02/2025-05-11,38.93246527777778,39.0,0.9872999663491724,0.7916169715694473,550.0,850.0,0.010556543749357305,0.02373009693935873,216,0.007708047062074202,-0.01043068750023126,0.07761748272974536
repeater,True,snr_eq,5-20,120,148,2025-04-02/2025-05-11,38.93246527777778,39.0,0.9872999663491724,0.7916169715694473,2.0,25.0,-0.46799014157475555,0.15946308167676668,17,0.004340282911773417,0.5276905864492051,0.029146549077424776
repeater,True,snr_eq,5-20,120,148,2025-04-02/2025-05-11,38.93246527777778,39.0,0.9872999663491724,0.7916169715694473,25.0,50.0,1.156418367043778,0.28710899480037905,18,0.0047324352782815654,-0.7835477408470378,0.01823659157543684
repeater,True,snr_eq,5-20,120,148,2025-04-02/2025-05-11,38.93246527777778,39.0,0.9872999663491724,0.7916169715694473,50.0,100.0,-0.13290649347368363,0.12260220905077279,41,0.005788979307425031,0.1880522028278836,0.025170288522337637
repeater,True,snr_eq,5-20,120,148,2025-04-02/2025-05-11,38.93246527777778,39.0,0.9872999663491724,0.7916169715694473,100.0,200.0,-0.016417274828455116,0.0592334764329681,86,0.0052739550378744175,-0.06612363206248194,0.03317922861328666
repeater,True,snr_eq,5-20,120,148,2025-04-02/2025-05-11,38.93246527777778,39.0,0.9872999663491724,0.7916169715694473,200.0,400.0,-0.0037702437782544313,0.020882281131898342,157,0.004996463614258747,0.027882445828578135,0.06090874428561975
repeater,True,snr_eq,5-20,120,148,2025-04-02/2025-05-11,38.93246527777778,39.0,0.9872999663491724,0.7916169715694473,400.0,600.0,-0.00046161714946315956,0.026154650119907575,153,0.005013481030879898,-0.019947742778958954,0.06509885812265248
repeater,True,snr_eq,5-20,120,148,2025-04-02/2025-05-11,38.93246527777778,39.0,0.9872999663491724,0.7916169715694473,600.0,850.0,0.021051717762605417,0.03462799309906218,183,0.0077535288520887355,-0.03132648111292497,0.06191701608881667
repeater,True,main,5-30,18,130,2024-07-08/2025-04-06,272.26506944444446,94.0,0.9952365732712304,0.7900405434844634,2.0,75.0,-0.10495809960450657,0.05938681218538591,40,0.0035955419060305026,,0.06542062332082034
repeater,True,main,5-30,18,130,2024-07-08/2025-04-06,272.26506944444446,94.0,0.9952365732712304,0.7900405434844634,75.0,250.0,-0.01751498663916054,0.009988570730526085,111,0.0017796241039965044,-0.13202019325648318,0.052763774591917764
repeater,True,main,5-30,18,130,2024-07-08/2025-04-06,272.26506944444446,94.0,0.9952365732712304,0.7900405434844634,250.0,550.0,-0.05172462140072853,0.010059399650277917,231,0.0038586253264896726,0.08053562351836492,0.09785539564309136
repeater,True,main,5-30,18,130,2024-07-08/2025-04-06,272.26506944444446,94.0,0.9952365732712304,0.7900405434844634,550.0,850.0,0.0373899213103018,0.01765571419010484,212,0.004458832689232865,-0.07524249439947506,0.07761748272974536
repeater,True,main,5-30,18,130,2024-07-08/2025-04-06,272.26506944444446,94.0,0.9952365732712304,0.7900405434844634,2.0,25.0,,,3,,,
repeater,True,main,5-30,18,130,2024-07-08/2025-04-06,272.26506944444446,94.0,0.9952365732712304,0.7900405434844634,25.0,50.0,0.09515210543700715,0.22517985220651773,19,0.004132934739128172,0.08926758185809142,0.01823659157543684
repeater,True,main,5-30,18,130,2024-07-08/2025-04-06,272.26506944444446,94.0,0.9952365732712304,0.7900405434844634,50.0,100.0,0.008551773296682778,0.02147686947911549,34,0.00091679172099273,-0.020320847771408416,0.025170288522337637
repeater,True,main,5-30,18,130,2024-07-08/2025-04-06,272.26506944444446,94.0,0.9952365732712304,0.7900405434844634,100.0,200.0,-0.07981930889504957,0.026889359277514287,70,0.002320469998862402,-0.010656005764898977,0.03317922861328666
repeater,True,main,5-30,18,130,2024-07-08/2025-04-06,272.26506944444446,94.0,0.9952365732712304,0.7900405434844634,200.0,400.0,-0.05816786990100249,0.019931940630394794,161,0.004346333236833585,0.029378587834311663,0.06090874428561975
repeater,True,main,5-30,18,130,2024-07-08/2025-04-06,272.26506944444446,94.0,0.9952365732712304,0.7900405434844634,400.0,600.0,0.05150270122489366,0.017388034741067405,145,0.0034708971083601825,-0.05064133467556339,0.06509885812265248
repeater,True,main,5-30,18,130,2024-07-08/2025-04-06,272.26506944444446,94.0,0.9952365732712304,0.7900405434844634,600.0,850.0,0.06256359668763323,0.021437523638586115,178,0.004489783236682678,-0.03939265432899053,0.06191701608881667
repeater,True,acausal,5-30,18,130,2024-07-08/2025-04-06,272.26506944444446,94.0,0.9952365732712304,0.7900405434844634,2.0,75.0,,,0,,,
repeater,True,acausal,5-30,18,130,2024-07-08/2025-04-06,272.26506944444446,94.0,0.9952365732712304,0.7900405434844634,75.0,250.0,0.16511780135980633,0.3266666320868313,11,0.007585995572618908,,0.052763774591917764
repeater,True,acausal,5-30,18,130,2024-07-08/2025-04-06,272.26506944444446,94.0,0.9952365732712304,0.7900405434844634,250.0,550.0,,,2,,,
repeater,True,acausal,5-30,18,130,2024-07-08/2025-04-06,272.26506944444446,94.0,0.9952365732712304,0.7900405434844634,550.0,850.0,-0.02386587438745872,0.10727070454339653,56,0.007923002140435452,,0.07761748272974536
repeater,True,acausal,5-30,18,130,2024-07-08/2025-04-06,272.26506944444446,94.0,0.9952365732712304,0.7900405434844634,2.0,25.0,,,0,,,
repeater,True,acausal,5-30,18,130,2024-07-08/2025-04-06,272.26506944444446,94.0,0.9952365732712304,0.7900405434844634,25.0,50.0,,,0,,,
repeater,True,acausal,5-30,18,130,2024-07-08/2025-04-06,272.26506944444446,94.0,0.9952365732712304,0.7900405434844634,50.0,100.0,,,2,,,
repeater,True,acausal,5-30,18,130,2024-07-08/2025-04-06,272.26506944444446,94.0,0.9952365732712304,0.7900405434844634,100.0,200.0,-0.6865389639903566,0.16587878418010124,8,0.0005936822548472392,,0.03317922861328666
repeater,True,acausal,5-30,18,130,2024-07-08/2025-04-06,272.26506944444446,94.0,0.9952365732712304,0.7900405434844634,200.0,400.0,,,2,,,
repeater,True,acausal,5-30,18,130,2024-07-08/2025-04-06,272.26506944444446,94.0,0.9952365732712304,0.7900405434844634,400.0,600.0,,,0,,,
repeater,True,acausal,5-30,18,130,2024-07-08/2025-04-06,272.26506944444446,94.0,0.9952365732712304,0.7900405434844634,600.0,850.0,-0.02386587438745872,0.10727070454339653,56,0.007923002140435452,,0.06191701608881667
repeater,True,snr_eq,5-30,18,130,2024-07-08/2025-04-06,272.26506944444446,94.0,0.9952365732712304,0.7900405434844634,2.0,75.0,0.013336941268122088,0.07458975892055472,48,0.004532450991317172,,0.06542062332082034
repeater,True,snr_eq,5-30,18,130,2024-07-08/2025-04-06,272.26506944444446,94.0,0.9952365732712304,0.7900405434844634,75.0,250.0,0.028717103229987134,0.021082332448547788,141,0.00488242301427595,0.004280143806055172,0.052763774591917764
repeater,True,snr_eq,5-30,18,130,2024-07-08/2025-04-06,272.26506944444446,94.0,0.9952365732712304,0.7900405434844634,250.0,550.0,0.00709049201301886,0.008206209522794921,204,0.0026066950284304867,-0.027717034522313826,0.09785539564309136
repeater,True,snr_eq,5-30,18,130,2024-07-08/2025-04-06,272.26506944444446,94.0,0.9952365732712304,0.7900405434844634,550.0,850.0,0.023180443043073286,0.01681304507744534,220,0.005066216359631523,-0.031795256780503066,0.07761748272974536
repeater,True,snr_eq,5-30,18,130,2024-07-08/2025-04-06,272.26506944444446,94.0,0.9952365732712304,0.7900405434844634,2.0,25.0,,,3,,,
repeater,True,snr_eq,5-30,18,130,2024-07-08/2025-04-06,272.26506944444446,94.0,0.9952365732712304,0.7900405434844634,25.0,50.0,-0.12125156428047551,0.2250641368206844,20,0.004190131646254855,0.045288446275949315,0.01823659157543684
repeater,True,snr_eq,5-30,18,130,2024-07-08/2025-04-06,272.26506944444446,94.0,0.9952365732712304,0.7900405434844634,50.0,100.0,-0.007280384421486116,0.027370762948423038,40,0.0013903065737965973,0.013545485763302358,0.025170288522337637
repeater,True,snr_eq,5-30,18,130,2024-07-08/2025-04-06,272.26506944444446,94.0,0.9952365732712304,0.7900405434844634,100.0,200.0,0.01614331399351755,0.06416166412536797,80,0.0056616246022097895,-0.01736912044181717,0.03317922861328666
repeater,True,snr_eq,5-30,18,130,2024-07-08/2025-04-06,272.26506944444446,94.0,0.9952365732712304,0.7900405434844634,200.0,400.0,-0.005821900562859594,0.011387080124835382,142,0.0021295110527276666,0.0361976929094012,0.06090874428561975
repeater,True,snr_eq,5-30,18,130,2024-07-08/2025-04-06,272.26506944444446,94.0,0.9952365732712304,0.7900405434844634,400.0,600.0,0.040937930120052944,0.02456369280079271,162,0.00534853649394822,-0.08317069709731911,0.06509885812265248
repeater,True,snr_eq,5-30,18,130,2024-07-08/2025-04-06,272.26506944444446,94.0,0.9952365732712304,0.7900405434844634,600.0,850.0,0.04875663088602828,0.024972763557249818,181,0.0050714448515841075,-0.003953717991229879,0.06191701608881667
repeater,True,main,5-20,18,130,2024-07-08/2025-04-06,272.26506944444446,94.0,0.9952365732712304,0.7900405434844634,2.0,75.0,-0.12994995757823746,0.04691243318228926,57,0.007001916326232686,0.15350246923617333,0.06542062332082034
repeater,True,main,5-20,18,130,2024-07-08/2025-04-06,272.26506944444446,94.0,0.9952365732712304,0.7900405434844634,75.0,250.0,-0.027223788940289567,0.00931289066459732,129,0.0019424083652803822,0.038490642958148594,0.052763774591917764
repeater,True,main,5-20,18,130,2024-07-08/2025-04-06,272.26506944444446,94.0,0.9952365732712304,0.7900405434844634,250.0,550.0,-0.0038673498910745934,0.01252872621036979,251,0.005236572672037198,-0.024078171007410467,0.09785539564309136
repeater,True,main,5-20,18,130,2024-07-08/2025-04-06,272.26506944444446,94.0,0.9952365732712304,0.7900405434844634,550.0,850.0,-0.020084706403800515,0.025207455179434755,203,0.007232066264154625,,0.07761748272974536
repeater,True,main,5-20,18,130,2024-07-08/2025-04-06,272.26506944444446,94.0,0.9952365732712304,0.7900405434844634,2.0,25.0,-0.06242956821718934,0.24787962051758144,13,0.005165625225429949,0.8863955193191068,0.029146549077424776
repeater,True,main,5-20,18,130,2024-07-08/2025-04-06,272.26506944444446,94.0,0.9952365732712304,0.7900405434844634,25.0,50.0,0.8794053923285772,0.2419261279296013,20,0.006746324205759963,-0.17328484921303092,0.01823659157543684
repeater,True,main,5-20,18,130,2024-07-08/2025-04-06,272.26506944444446,94.0,0.9952365732712304,0.7900405434844634,50.0,100.0,0.03766239776600336,0.03617680461055733,35,0.0014309774497949148,-0.057163178655186636,0.025170288522337637
repeater,True,main,5-20,18,130,2024-07-08/2025-04-06,272.26506944444446,94.0,0.9952365732712304,0.7900405434844634,100.0,200.0,-0.10666204658927034,0.019286796265238323,76,0.0017985019151586835,0.07283335972898905,0.03317922861328666
repeater,True,main,5-20,18,130,2024-07-08/2025-04-06,272.26506944444446,94.0,0.9952365732712304,0.7900405434844634,200.0,400.0,-0.006854435553368568,0.016619136834575395,163,0.004004563145523852,-0.05002620473567268,0.06090874428561975
repeater,True,main,5-20,18,130,2024-07-08/2025-04-06,272.26506944444446,94.0,0.9952365732712304,0.7900405434844634,400.0,600.0,0.0273410786443021,0.025667226016629446,161,0.0060885955561744455,-0.04097773500043956,0.06509885812265248
repeater,True,main,5-20,18,130,2024-07-08/2025-04-06,272.26506944444446,94.0,0.9952365732712304,0.7900405434844634,600.0,850.0,0.019837112488284188,0.03700893199383532,166,0.007261076558117626,,0.06191701608881667
repeater,True,acausal,5-20,18,130,2024-07-08/2025-04-06,272.26506944444446,94.0,0.9952365732712304,0.7900405434844634,2.0,75.0,,,1,,,
repeater,True,acausal,5-20,18,130,2024-07-08/2025-04-06,272.26506944444446,94.0,0.9952365732712304,0.7900405434844634,75.0,250.0,0.25253164055051264,0.2702447999183424,14,0.008117272879075788,,0.052763774591917764
repeater,True,acausal,5-20,18,130,2024-07-08/2025-04-06,272.26506944444446,94.0,0.9952365732712304,0.7900405434844634,250.0,550.0,-0.17344705966502685,0.11067195339108445,16,0.005757047160918109,,0.09785539564309136
repeater,True,acausal,5-20,18,130,2024-07-08/2025-04-06,272.26506944444446,94.0,0.9952365732712304,0.7900405434844634,550.0,850.0,-0.027767111633849508,5.886773734638871,17,0.0030903000106750644,,0.07761748272974536
repeater,True,acausal,5-20,18,130,2024-07-08/2025-04-06,272.26506944444446,94.0,0.9952365732712304,0.7900405434844634,2.0,25.0,,,0,,,
repeater,True,acausal,5-20,18,130,2024-07-08/2025-04-06,272.26506944444446,94.0,0.9952365732712304,0.7900405434844634,25.0,50.0,,,0,,,
repeater,True,acausal,5-20,18,130,2024-07-08/2025-04-06,272.26506944444446,94.0,0.9952365732712304,0.7900405434844634,50.0,100.0,0.6953058360725134,8.757511259513441,6,0.003636747813296546,-0.5020272220904439,0.025170288522337637
repeater,True,acausal,5-20,18,130,2024-07-08/2025-04-06,272.26506944444446,94.0,0.9952365732712304,0.7900405434844634,100.0,200.0,1.261206930138082,0.6505577429582549,9,0.0034242998270194377,,0.03317922861328666
repeater,True,acausal,5-20,18,130,2024-07-08/2025-04-06,272.26506944444446,94.0,0.9952365732712304,0.7900405434844634,200.0,400.0,0.04227206683548337,0.1791119470533971,14,0.005735844520259287,,0.06090874428561975
repeater,True,acausal,5-20,18,130,2024-07-08/2025-04-06,272.26506944444446,94.0,0.9952365732712304,0.7900405434844634,400.0,600.0,,,2,,,
repeater,True,acausal,5-20,18,130,2024-07-08/2025-04-06,272.26506944444446,94.0,0.9952365732712304,0.7900405434844634,600.0,850.0,-0.027767111633849508,5.886773734638871,17,0.0030903000106750644,,0.06191701608881667
repeater,True,snr_eq,5-20,18,130,2024-07-08/2025-04-06,272.26506944444446,94.0,0.9952365732712304,0.7900405434844634,2.0,75.0,-0.1191572346853331,0.04832989637886965,58,0.006291607985685213,0.15857750523950412,0.06542062332082034
repeater,True,snr_eq,5-20,18,130,2024-07-08/2025-04-06,272.26506944444446,94.0,0.9952365732712304,0.7900405434844634,75.0,250.0,-0.0049585814054400644,0.02417812933993684,150,0.004610847809758266,0.010692213440783584,0.052763774591917764
repeater,True,snr_eq,5-20,18,130,2024-07-08/2025-04-06,272.26506944444446,94.0,0.9952365732712304,0.7900405434844634,250.0,550.0,0.0018931838567024031,0.0131955108017033,250,0.005506402372021365,-0.005049492431120785,0.09785539564309136
repeater,True,snr_eq,5-20,18,130,2024-07-08/2025-04-06,272.26506944444446,94.0,0.9952365732712304,0.7900405434844634,550.0,850.0,-0.01987553901373214,0.02558497501152957,201,0.007442426260900405,,0.07761748272974536
repeater,True,snr_eq,5-20,18,130,2024-07-08/2025-04-06,272.26506944444446,94.0,0.9952365732712304,0.7900405434844634,2.0,25.0,-0.5539225938863158,0.3480673469535622,14,0.007350319826067694,0.7716461685872446,0.029146549077424776
repeater,True,snr_eq,5-20,18,130,2024-07-08/2025-04-06,272.26506944444446,94.0,0.9952365732712304,0.7900405434844634,25.0,50.0,1.0612574293549917,0.22585739695077559,21,0.005767916061971451,-0.5040870029882862,0.01823659157543684
repeater,True,snr_eq,5-20,18,130,2024-07-08/2025-04-06,272.26506944444446,94.0,0.9952365732712304,0.7900405434844634,50.0,100.0,-0.01204184565088388,0.03594144978157613,36,0.0016752916782543294,-0.029143670397232237,0.025170288522337637
repeater,True,snr_eq,5-20,18,130,2024-07-08/2025-04-06,272.26506944444446,94.0,0.9952365732712304,0.7900405434844634,100.0,200.0,-0.13252032484368517,0.04155136112841702,83,0.0035333102805047744,-0.00754585793680774,0.03317922861328666
repeater,True,snr_eq,5-20,18,130,2024-07-08/2025-04-06,272.26506944444446,94.0,0.9952365732712304,0.7900405434844634,200.0,400.0,-0.039503499415898057,0.018870640915868684,169,0.004648181843150561,-0.0018585229843612586,0.06090874428561975
repeater,True,snr_eq,5-20,18,130,2024-07-08/2025-04-06,272.26506944444446,94.0,0.9952365732712304,0.7900405434844634,400.0,600.0,0.02625825320070254,0.02921407108651108,162,0.006696583684143089,-0.0806760143857349,0.06509885812265248
repeater,True,snr_eq,5-20,18,130,2024-07-08/2025-04-06,272.26506944444446,94.0,0.9952365732712304,0.7900405434844634,600.0,850.0,0.023708970559033943,0.036952425793199205,164,0.007411372130197913,,0.06191701608881667
repeater,True,main,5-30,11,143,2024-06-23/2025-04-23,304.57796296296294,62.0,0.993020148055341,0.7749539793090233,2.0,75.0,-0.11541579898366554,0.03518692844736906,31,0.0014983052630417426,0.11524490097174736,0.06542062332082034
repeater,True,main,5-30,11,143,2024-06-23/2025-04-23,304.57796296296294,62.0,0.993020148055341,0.7749539793090233,75.0,250.0,0.013948193192497854,0.015028442878946011,97,0.0023035321950922697,-0.014197775280016783,0.052763774591917764
repeater,True,main,5-30,11,143,2024-06-23/2025-04-23,304.57796296296294,62.0,0.993020148055341,0.7749539793090233,250.0,550.0,0.006374938465949749,0.01571448879786185,174,0.004764424256210376,0.03419370860881851,0.09785539564309136
repeater,True,main,5-30,11,143,2024-06-23/2025-04-23,304.57796296296294,62.0,0.993020148055341,0.7749539793090233,550.0,850.0,0.07341071139872898,0.016217443732361437,106,0.0034486642689002763,,0.07761748272974536
repeater,True,main,5-30,11,143,2024-06-23/2025-04-23,304.57796296296294,62.0,0.993020148055341,0.7749539793090233,2.0,25.0,,,2,,,
repeater,True,main,5-30,11,143,2024-06-23/2025-04-23,304.57796296296294,62.0,0.993020148055341,0.7749539793090233,25.0,50.0,-0.43161249772255506,0.07539855450580965,15,0.0009417203493945651,0.2216852790883722,0.01823659157543684
repeater,True,main,5-30,11,143,2024-06-23/2025-04-23,304.57796296296294,62.0,0.993020148055341,0.7749539793090233,50.0,100.0,-0.033314453071527375,0.023330439526668138,32,0.0012535308464855122,-0.039828546263883914,0.025170288522337637
repeater,True,main,5-30,11,143,2024-06-23/2025-04-23,304.57796296296294,62.0,0.993020148055341,0.7749539793090233,100.0,200.0,-0.03847731896100023,0.02019813975584337,56,0.0015791280399370393,-0.037606855921059404,0.03317922861328666
repeater,True,main,5-30,11,143,2024-06-23/2025-04-23,304.57796296296294,62.0,0.993020148055341,0.7749539793090233,200.0,400.0,-0.09784405418922211,0.023094522314166203,103,0.004663832116322458,0.03146583532859043,0.06090874428561975
repeater,True,main,5-30,11,143,2024-06-23/2025-04-23,304.57796296296294,62.0,0.993020148055341,0.7749539793090233,400.0,600.0,-0.017028035387745714,0.02698064530393721,121,0.0047417753191920965,0.029168456100027485,0.06509885812265248
repeater,True,main,5-30,11,143,2024-06-23/2025-04-23,304.57796296296294,62.0,0.993020148055341,0.7749539793090233,600.0,850.0,0.05685344075619725,0.02152914671146851,83,0.0029576141152024608,,0.06191701608881667
repeater,True,acausal,5-30,11,143,2024-06-23/2025-04-23,304.57796296296294,62.0,0.993020148055341,0.7749539793090233,2.0,75.0,,,0,,,
repeater,True,acausal,5-30,11,143,2024-06-23/2025-04-23,304.57796296296294,62.0,0.993020148055341,0.7749539793090233,75.0,250.0,,,1,,,
repeater,True,acausal,5-30,11,143,2024-06-23/2025-04-23,304.57796296296294,62.0,0.993020148055341,0.7749539793090233,250.0,550.0,,,0,,,
repeater,True,acausal,5-30,11,143,2024-06-23/2025-04-23,304.57796296296294,62.0,0.993020148055341,0.7749539793090233,550.0,850.0,,,1,,,
repeater,True,acausal,5-30,11,143,2024-06-23/2025-04-23,304.57796296296294,62.0,0.993020148055341,0.7749539793090233,2.0,25.0,,,0,,,
repeater,True,acausal,5-30,11,143,2024-06-23/2025-04-23,304.57796296296294,62.0,0.993020148055341,0.7749539793090233,25.0,50.0,,,0,,,
repeater,True,acausal,5-30,11,143,2024-06-23/2025-04-23,304.57796296296294,62.0,0.993020148055341,0.7749539793090233,50.0,100.0,,,0,,,
repeater,True,acausal,5-30,11,143,2024-06-23/2025-04-23,304.57796296296294,62.0,0.993020148055341,0.7749539793090233,100.0,200.0,,,0,,,
repeater,True,acausal,5-30,11,143,2024-06-23/2025-04-23,304.57796296296294,62.0,0.993020148055341,0.7749539793090233,200.0,400.0,,,1,,,
repeater,True,acausal,5-30,11,143,2024-06-23/2025-04-23,304.57796296296294,62.0,0.993020148055341,0.7749539793090233,400.0,600.0,,,0,,,
repeater,True,acausal,5-30,11,143,2024-06-23/2025-04-23,304.57796296296294,62.0,0.993020148055341,0.7749539793090233,600.0,850.0,,,1,,,
repeater,True,snr_eq,5-30,11,143,2024-06-23/2025-04-23,304.57796296296294,62.0,0.993020148055341,0.7749539793090233,2.0,75.0,0.0342330066050698,0.09409844163158887,34,0.004776737609178769,0.09567448664808276,0.06542062332082034
repeater,True,snr_eq,5-30,11,143,2024-06-23/2025-04-23,304.57796296296294,62.0,0.993020148055341,0.7749539793090233,75.0,250.0,0.011050669763172849,0.030946926353397367,103,0.005112860868251137,0.1353865538634509,0.052763774591917764
repeater,True,snr_eq,5-30,11,143,2024-06-23/2025-04-23,304.57796296296294,62.0,0.993020148055341,0.7749539793090233,250.0,550.0,0.03460167701346152,0.013268737234675877,162,0.0041858242587654,0.00872907107047714,0.09785539564309136
repeater,True,snr_eq,5-30,11,143,2024-06-23/2025-04-23,304.57796296296294,62.0,0.993020148055341,0.7749539793090233,550.0,850.0,0.02401261727033483,0.019334246810651167,103,0.004268132060626248,,0.07761748272974536
repeater,True,snr_eq,5-30,11,143,2024-06-23/2025-04-23,304.57796296296294,62.0,0.993020148055341,0.7749539793090233,2.0,25.0,,,1,,,
repeater,True,snr_eq,5-30,11,143,2024-06-23/2025-04-23,304.57796296296294,62.0,0.993020148055341,0.7749539793090233,25.0,50.0,-0.5213329552235089,0.155593831853132,14,0.001963868366448281,0.29201755955846853,0.01823659157543684
repeater,True,snr_eq,5-30,11,143,2024-06-23/2025-04-23,304.57796296296294,62.0,0.993020148055341,0.7749539793090233,50.0,100.0,-0.07609907996536397,0.11761497847170682,35,0.00532008130968846,-0.06656298468221221,0.025170288522337637
repeater,True,snr_eq,5-30,11,143,2024-06-23/2025-04-23,304.57796296296294,62.0,0.993020148055341,0.7749539793090233,100.0,200.0,0.09490970645223887,0.060382846829016006,63,0.004992674009819901,-0.25187589400176374,0.03317922861328666
repeater,True,snr_eq,5-30,11,143,2024-06-23/2025-04-23,304.57796296296294,62.0,0.993020148055341,0.7749539793090233,200.0,400.0,-0.03008682484814433,0.016250778808495642,86,0.002744611652369153,0.15536046167629308,0.06090874428561975
repeater,True,snr_eq,5-30,11,143,2024-06-23/2025-04-23,304.57796296296294,62.0,0.993020148055341,0.7749539793090233,400.0,600.0,-0.04187993140325959,0.026171415486506228,120,0.004918577934773321,0.01037599450879265,0.06509885812265248
repeater,True,snr_eq,5-30,11,143,2024-06-23/2025-04-23,304.57796296296294,62.0,0.993020148055341,0.7749539793090233,600.0,850.0,-0.010259461471157966,0.034659053883382064,82,0.0042648957321442605,,0.06191701608881667
repeater,True,main,5-20,11,143,2024-06-23/2025-04-23,304.57796296296294,62.0,0.993020148055341,0.7749539793090233,2.0,75.0,-0.1657722351904101,0.07323295372413696,44,0.005498794466553708,0.11588972041935273,0.06542062332082034
repeater,True,main,5-20,11,143,2024-06-23/2025-04-23,304.57796296296294,62.0,0.993020148055341,0.7749539793090233,75.0,250.0,0.1042189099804003,0.03617499410241217,126,0.006701119477011784,-0.18569468875875408,0.052763774591917764
repeater,True,main,5-20,11,143,2024-06-23/2025-04-23,304.57796296296294,62.0,0.993020148055341,0.7749539793090233,250.0,550.0,-0.049024074674633586,0.02158878432024996,174,0.0066055093871678315,0.05517603870556868,0.09785539564309136
repeater,True,main,5-20,11,143,2024-06-23/2025-04-23,304.57796296296294,62.0,0.993020148055341,0.7749539793090233,550.0,850.0,-0.09177884617068299,0.03824312287432205,135,0.009852548198203895,-0.09299714023313749,0.07761748272974536
repeater,True,main,5-20,11,143,2024-06-23/2025-04-23,304.57796296296294,62.0,0.993020148055341,0.7749539793090233,2.0,25.0,,,2,,,
repeater,True,main,5-20,11,143,2024-06-23/2025-04-23,304.57796296296294,62.0,0.993020148055341,0.7749539793090233,25.0,50.0,-0.125265923576292,0.31688022040847685,19,0.00581339123128163,0.3016760022006919,0.01823659157543684
repeater,True,main,5-20,11,143,2024-06-23/2025-04-23,304.57796296296294,62.0,0.993020148055341,0.7749539793090233,50.0,100.0,0.10353438285337097,0.08524110452526054,46,0.005141640655621874,0.10419029413673873,0.025170288522337637
repeater,True,main,5-20,11,143,2024-06-23/2025-04-23,304.57796296296294,62.0,0.993020148055341,0.7749539793090233,100.0,200.0,0.396085638614064,0.06527219763374957,76,0.00597630725397409,-0.13909645781628668,0.03317922861328666
repeater,True,main,5-20,11,143,2024-06-23/2025-04-23,304.57796296296294,62.0,0.993020148055341,0.7749539793090233,200.0,400.0,-0.11763482542912652,0.043042705482739745,109,0.007071252529876749,0.06689192504785449,0.06090874428561975
repeater,True,main,5-20,11,143,2024-06-23/2025-04-23,304.57796296296294,62.0,0.993020148055341,0.7749539793090233,400.0,600.0,0.018043505617673386,0.037435472502154905,115,0.006638033406903271,-0.19500351176516226,0.06509885812265248
repeater,True,main,5-20,11,143,2024-06-23/2025-04-23,304.57796296296294,62.0,0.993020148055341,0.7749539793090233,600.0,850.0,-0.10643927537300776,0.06188519380495083,112,0.010391411745001678,0.04062984463380659,0.06191701608881667
repeater,True,acausal,5-20,11,143,2024-06-23/2025-04-23,304.57796296296294,62.0,0.993020148055341,0.7749539793090233,2.0,75.0,,,2,,,
repeater,True,acausal,5-20,11,143,2024-06-23/2025-04-23,304.57796296296294,62.0,0.993020148055341,0.7749539793090233,75.0,250.0,-0.07659334334084854,0.4227202636503448,6,0.0023553764269056373,,0.052763774591917764
repeater,True,acausal,5-20,11,143,2024-06-23/2025-04-23,304.57796296296294,62.0,0.993020148055341,0.7749539793090233,250.0,550.0,-0.0326500442691998,0.0544446998025576,35,0.00808394315209016,,0.09785539564309136
repeater,True,acausal,5-20,11,143,2024-06-23/2025-04-23,304.57796296296294,62.0,0.993020148055341,0.7749539793090233,550.0,850.0,-0.3252963297552315,0.16383045709324734,15,0.00932509284493847,,0.07761748272974536
repeater,True,acausal,5-20,11,143,2024-06-23/2025-04-23,304.57796296296294,62.0,0.993020148055341,0.7749539793090233,2.0,25.0,,,0,,,
repeater,True,acausal,5-20,11,143,2024-06-23/2025-04-23,304.57796296296294,62.0,0.993020148055341,0.7749539793090233,25.0,50.0,,,2,,,
repeater,True,acausal,5-20,11,143,2024-06-23/2025-04-23,304.57796296296294,62.0,0.993020148055341,0.7749539793090233,50.0,100.0,,,0,,,
repeater,True,acausal,5-20,11,143,2024-06-23/2025-04-23,304.57796296296294,62.0,0.993020148055341,0.7749539793090233,100.0,200.0,,,4,,,
repeater,True,acausal,5-20,11,143,2024-06-23/2025-04-23,304.57796296296294,62.0,0.993020148055341,0.7749539793090233,200.0,400.0,0.1964672849722173,0.10151542411296084,22,0.0063886458552194466,0.01796459070772646,0.06090874428561975
repeater,True,acausal,5-20,11,143,2024-06-23/2025-04-23,304.57796296296294,62.0,0.993020148055341,0.7749539793090233,400.0,600.0,0.40572933524295185,0.2075869570381838,15,0.009277280446684447,,0.06509885812265248
repeater,True,acausal,5-20,11,143,2024-06-23/2025-04-23,304.57796296296294,62.0,0.993020148055341,0.7749539793090233,600.0,850.0,-0.3252963297552315,0.16383045709324734,15,0.00932509284493847,,0.06191701608881667
repeater,True,snr_eq,5-20,11,143,2024-06-23/2025-04-23,304.57796296296294,62.0,0.993020148055341,0.7749539793090233,2.0,75.0,-0.1977200113588882,0.06804012883850659,43,0.006020154643035407,0.09875666852337274,0.06542062332082034
repeater,True,snr_eq,5-20,11,143,2024-06-23/2025-04-23,304.57796296296294,62.0,0.993020148055341,0.7749539793090233,75.0,250.0,0.051371734879574034,0.04183392116837214,117,0.006849508190115365,-0.024526162433804555,0.052763774591917764
repeater,True,snr_eq,5-20,11,143,2024-06-23/2025-04-23,304.57796296296294,62.0,0.993020148055341,0.7749539793090233,250.0,550.0,-0.05749565990306738,0.02470884745673812,171,0.00699849893813001,0.1293738052537241,0.09785539564309136
repeater,True,snr_eq,5-20,11,143,2024-06-23/2025-04-23,304.57796296296294,62.0,0.993020148055341,0.7749539793090233,550.0,850.0,-0.06644176777545056,0.036371201933119865,124,0.009351826376101062,-0.19376858751349418,0.07761748272974536
repeater,True,snr_eq,5-20,11,143,2024-06-23/2025-04-23,304.57796296296294,62.0,0.993020148055341,0.7749539793090233,2.0,25.0,,,3,,,
repeater,True,snr_eq,5-20,11,143,2024-06-23/2025-04-23,304.57796296296294,62.0,0.993020148055341,0.7749539793090233,25.0,50.0,-0.6108661978641611,0.3228096127095927,17,0.006736714104223355,0.5097768499403202,0.01823659157543684
repeater,True,snr_eq,5-20,11,143,2024-06-23/2025-04-23,304.57796296296294,62.0,0.993020148055341,0.7749539793090233,50.0,100.0,0.15855665346262987,0.10486384680350665,46,0.006056104614181101,0.06495577204236118,0.025170288522337637
repeater,True,snr_eq,5-20,11,143,2024-06-23/2025-04-23,304.57796296296294,62.0,0.993020148055341,0.7749539793090233,100.0,200.0,0.24608949759585658,0.0651059783431405,72,0.006563633545468761,-0.0453823846472099,0.03317922861328666
repeater,True,snr_eq,5-20,11,143,2024-06-23/2025-04-23,304.57796296296294,62.0,0.993020148055341,0.7749539793090233,200.0,400.0,-0.18785412328858617,0.040251908753736784,100,0.006676076588197965,-0.00896183120864435,0.06090874428561975
repeater,True,snr_eq,5-20,11,143,2024-06-23/2025-04-23,304.57796296296294,62.0,0.993020148055341,0.7749539793090233,400.0,600.0,-0.05036608279889492,0.04162077010665512,114,0.007080893066665017,-0.05590305469603001,0.06509885812265248
repeater,True,snr_eq,5-20,11,143,2024-06-23/2025-04-23,304.57796296296294,62.0,0.993020148055341,0.7749539793090233,600.0,850.0,-0.03876537380727423,0.057359086758086604,103,0.009582703691550405,-0.09281019894855172,0.06191701608881667
repeater,True,main,5-30,121,148,2025-04-02/2025-05-11,38.93215277777778,39.0,0.9624622562233114,0.7420813700126455,2.0,75.0,0.029565379591145753,0.05178644164776745,25,0.0015704239461342441,,0.06542062332082034
repeater,True,main,5-30,121,148,2025-04-02/2025-05-11,38.93215277777778,39.0,0.9624622562233114,0.7420813700126455,75.0,250.0,0.002406099735714571,0.010971442194274265,110,0.0015288009901757013,-0.02093753859278364,0.052763774591917764
repeater,True,main,5-30,121,148,2025-04-02/2025-05-11,38.93215277777778,39.0,0.9624622562233114,0.7420813700126455,250.0,550.0,0.012489262211016827,0.005143510306948439,176,0.0018961539552524373,0.010800936404841662,0.09785539564309136
repeater,True,main,5-30,121,148,2025-04-02/2025-05-11,38.93215277777778,39.0,0.9624622562233114,0.7420813700126455,550.0,850.0,0.03988649064277362,0.010406993137554338,181,0.003053950156897739,-0.055167499130136674,0.07761748272974536
repeater,True,main,5-30,121,148,2025-04-02/2025-05-11,38.93215277777778,39.0,0.9624622562233114,0.7420813700126455,2.0,25.0,,,0,,,
repeater,True,main,5-30,121,148,2025-04-02/2025-05-11,38.93215277777778,39.0,0.9624622562233114,0.7420813700126455,25.0,50.0,0.1124344436145604,0.34721714856929253,14,0.004528147352258245,-0.1297821255837565,0.01823659157543684
repeater,True,main,5-30,121,148,2025-04-02/2025-05-11,38.93215277777778,39.0,0.9624622562233114,0.7420813700126455,50.0,100.0,0.15687443205506382,0.10990856149557657,39,0.004315322413569234,0.002421490112428292,0.025170288522337637
repeater,True,main,5-30,121,148,2025-04-02/2025-05-11,38.93215277777778,39.0,0.9624622562233114,0.7420813700126455,100.0,200.0,-0.05188056491038566,0.016017305277918767,74,0.001213599654066449,-0.0023729414080909303,0.03317922861328666
repeater,True,main,5-30,121,148,2025-04-02/2025-05-11,38.93215277777778,39.0,0.9624622562233114,0.7420813700126455,200.0,400.0,-0.017522389101274734,0.01396369396138868,114,0.002308585106478032,0.00806326113498076,0.06090874428561975
repeater,True,main,5-30,121,148,2025-04-02/2025-05-11,38.93215277777778,39.0,0.9624622562233114,0.7420813700126455,400.0,600.0,0.008838402056109428,0.011850273575903023,123,0.0021944581712253653,-0.022013879175600718,0.06509885812265248
repeater,True,main,5-30,121,148,2025-04-02/2025-05-11,38.93215277777778,39.0,0.9624622562233114,0.7420813700126455,600.0,850.0,0.06222320755947924,0.012859412719978914,143,0.0028412822328158943,-0.03860819470363375,0.06191701608881667
repeater,True,acausal,5-30,121,148,2025-04-02/2025-05-11,38.93215277777778,39.0,0.9624622562233114,0.7420813700126455,2.0,75.0,,,0,,,
repeater,True,acausal,5-30,121,148,2025-04-02/2025-05-11,38.93215277777778,39.0,0.9624622562233114,0.7420813700126455,75.0,250.0,-1.462913613150551,1.3952766962881609,6,0.0019379232949785486,,0.052763774591917764
repeater,True,acausal,5-30,121,148,2025-04-02/2025-05-11,38.93215277777778,39.0,0.9624622562233114,0.7420813700126455,250.0,550.0,,,2,,,
repeater,True,acausal,5-30,121,148,2025-04-02/2025-05-11,38.93215277777778,39.0,0.9624622562233114,0.7420813700126455,550.0,850.0,,,4,,,
repeater,True,acausal,5-30,121,148,2025-04-02/2025-05-11,38.93215277777778,39.0,0.9624622562233114,0.7420813700126455,2.0,25.0,,,0,,,
repeater,True,acausal,5-30,121,148,2025-04-02/2025-05-11,38.93215277777778,39.0,0.9624622562233114,0.7420813700126455,25.0,50.0,,,0,,,
repeater,True,acausal,5-30,121,148,2025-04-02/2025-05-11,38.93215277777778,39.0,0.9624622562233114,0.7420813700126455,50.0,100.0,,,1,,,
repeater,True,acausal,5-30,121,148,2025-04-02/2025-05-11,38.93215277777778,39.0,0.9624622562233114,0.7420813700126455,100.0,200.0,,,5,,,
repeater,True,acausal,5-30,121,148,2025-04-02/2025-05-11,38.93215277777778,39.0,0.9624622562233114,0.7420813700126455,200.0,400.0,,,1,,,
repeater,True,acausal,5-30,121,148,2025-04-02/2025-05-11,38.93215277777778,39.0,0.9624622562233114,0.7420813700126455,400.0,600.0,,,1,,,
repeater,True,acausal,5-30,121,148,2025-04-02/2025-05-11,38.93215277777778,39.0,0.9624622562233114,0.7420813700126455,600.0,850.0,,,4,,,
repeater,True,snr_eq,5-30,121,148,2025-04-02/2025-05-11,38.93215277777778,39.0,0.9624622562233114,0.7420813700126455,2.0,75.0,-0.08064659653399821,0.04457093480340984,26,0.0017741353994685323,,0.06542062332082034
repeater,True,snr_eq,5-30,121,148,2025-04-02/2025-05-11,38.93215277777778,39.0,0.9624622562233114,0.7420813700126455,75.0,250.0,-0.001606233757452059,0.011422711003046496,108,0.0018643729388438327,-0.016588376153985698,0.052763774591917764
repeater,True,snr_eq,5-30,121,148,2025-04-02/2025-05-11,38.93215277777778,39.0,0.9624622562233114,0.7420813700126455,250.0,550.0,0.0076101477815791385,0.006432552349882641,171,0.0022676132121135792,0.008221993860424999,0.09785539564309136
repeater,True,snr_eq,5-30,121,148,2025-04-02/2025-05-11,38.93215277777778,39.0,0.9624622562233114,0.7420813700126455,550.0,850.0,0.03791331243488689,0.01315473990909721,177,0.003685225968032332,-0.05523889095105005,0.07761748272974536
repeater,True,snr_eq,5-30,121,148,2025-04-02/2025-05-11,38.93215277777778,39.0,0.9624622562233114,0.7420813700126455,2.0,25.0,,,2,,,
repeater,True,snr_eq,5-30,121,148,2025-04-02/2025-05-11,38.93215277777778,39.0,0.9624622562233114,0.7420813700126455,25.0,50.0,-0.21923574559879386,0.41496274730555954,14,0.004879179320729395,0.01990246826655396,0.01823659157543684
repeater,True,snr_eq,5-30,121,148,2025-04-02/2025-05-11,38.93215277777778,39.0,0.9624622562233114,0.7420813700126455,50.0,100.0,0.06663453136076786,0.046427625623626886,35,0.0020610487816569425,0.012876552382457435,0.025170288522337637
repeater,True,snr_eq,5-30,121,148,2025-04-02/2025-05-11,38.93215277777778,39.0,0.9624622562233114,0.7420813700126455,100.0,200.0,-0.03701584134798181,0.023436589459589943,61,0.0015739493104842586,0.015879439779845208,0.03317922861328666
repeater,True,snr_eq,5-30,121,148,2025-04-02/2025-05-11,38.93215277777778,39.0,0.9624622562233114,0.7420813700126455,200.0,400.0,0.0016794020961055378,0.01140965391982811,111,0.002432808333440182,-0.01330868660286303,0.06090874428561975
repeater,True,snr_eq,5-30,121,148,2025-04-02/2025-05-11,38.93215277777778,39.0,0.9624622562233114,0.7420813700126455,400.0,600.0,-0.04428989094472983,0.01871803723033792,130,0.0029949777768923194,-0.04077352090508742,0.06509885812265248
repeater,True,snr_eq,5-30,121,148,2025-04-02/2025-05-11,38.93215277777778,39.0,0.9624622562233114,0.7420813700126455,600.0,850.0,0.012782916986163005,0.023962568930779513,144,0.004026533827417703,-0.01863879850839666,0.06191701608881667
repeater,True,main,5-20,121,148,2025-04-02/2025-05-11,38.93215277777778,39.0,0.9624622562233114,0.7420813700126455,2.0,75.0,-0.04861364975199296,0.047564377359063104,48,0.005411695511771177,0.2167766569537571,0.06542062332082034
repeater,True,main,5-20,121,148,2025-04-02/2025-05-11,38.93215277777778,39.0,0.9624622562233114,0.7420813700126455,75.0,250.0,0.017572982387331924,0.027663701797577316,131,0.00496712320971229,0.030316644491289367,0.052763774591917764
repeater,True,main,5-20,121,148,2025-04-02/2025-05-11,38.93215277777778,39.0,0.9624622562233114,0.7420813700126455,250.0,550.0,0.021497330347090737,0.015195678005142347,231,0.005511285848025023,-0.006401933715343967,0.09785539564309136
repeater,True,main,5-20,121,148,2025-04-02/2025-05-11,38.93215277777778,39.0,0.9624622562233114,0.7420813700126455,550.0,850.0,0.018328588783508355,0.026209786868218714,195,0.006822146952709852,0.05652907384043197,0.07761748272974536
repeater,True,main,5-20,121,148,2025-04-02/2025-05-11,38.93215277777778,39.0,0.9624622562233114,0.7420813700126455,2.0,25.0,,,5,,,
repeater,True,main,5-20,121,148,2025-04-02/2025-05-11,38.93215277777778,39.0,0.9624622562233114,0.7420813700126455,25.0,50.0,0.3631281620005857,0.34604931243440684,20,0.005816530018240154,-0.2873294141314146,0.01823659157543684
repeater,True,main,5-20,121,148,2025-04-02/2025-05-11,38.93215277777778,39.0,0.9624622562233114,0.7420813700126455,50.0,100.0,-0.16261991861700967,0.07654510110822517,41,0.0032150119092962835,0.040710478623230455,0.025170288522337637
repeater,True,main,5-20,121,148,2025-04-02/2025-05-11,38.93215277777778,39.0,0.9624622562233114,0.7420813700126455,100.0,200.0,-0.11762430083964645,0.06210064306326369,82,0.005191545334425462,-0.2057547601482407,0.03317922861328666
repeater,True,main,5-20,121,148,2025-04-02/2025-05-11,38.93215277777778,39.0,0.9624622562233114,0.7420813700126455,200.0,400.0,0.018022600946290143,0.027951089401463382,151,0.00563152214517501,0.14400137499526525,0.06090874428561975
repeater,True,main,5-20,121,148,2025-04-02/2025-05-11,38.93215277777778,39.0,0.9624622562233114,0.7420813700126455,400.0,600.0,-0.019164175903977173,0.025102359510356304,143,0.0056273778581455505,-0.031617579993706804,0.06509885812265248
repeater,True,main,5-20,121,148,2025-04-02/2025-05-11,38.93215277777778,39.0,0.9624622562233114,0.7420813700126455,600.0,850.0,-0.02428987389144737,0.03494327870706626,162,0.006928781613806149,0.10401606132319138,0.06191701608881667
repeater,True,acausal,5-20,121,148,2025-04-02/2025-05-11,38.93215277777778,39.0,0.9624622562233114,0.7420813700126455,2.0,75.0,0.8667332059062515,0.43155067782086454,15,0.008472581622470375,,0.06542062332082034
repeater,True,acausal,5-20,121,148,2025-04-02/2025-05-11,38.93215277777778,39.0,0.9624622562233114,0.7420813700126455,75.0,250.0,-0.34676622130322404,0.23049292856930328,19,0.007838031590903238,0.5472685356537215,0.052763774591917764
repeater,True,acausal,5-20,121,148,2025-04-02/2025-05-11,38.93215277777778,39.0,0.9624622562233114,0.7420813700126455,250.0,550.0,-0.2625244417029641,0.10516111765710799,30,0.010584712599235026,,0.09785539564309136
repeater,True,acausal,5-20,121,148,2025-04-02/2025-05-11,38.93215277777778,39.0,0.9624622562233114,0.7420813700126455,550.0,850.0,,,5,,,
repeater,True,acausal,5-20,121,148,2025-04-02/2025-05-11,38.93215277777778,39.0,0.9624622562233114,0.7420813700126455,2.0,25.0,,,0,,,
repeater,True,acausal,5-20,121,148,2025-04-02/2025-05-11,38.93215277777778,39.0,0.9624622562233114,0.7420813700126455,25.0,50.0,4.044787188158606,0.34586979468513496,11,0.0026582411871133513,-2.0505010634331224,0.01823659157543684
repeater,True,acausal,5-20,121,148,2025-04-02/2025-05-11,38.93215277777778,39.0,0.9624622562233114,0.7420813700126455,50.0,100.0,0.29913660242858736,0.26083979316486533,11,0.00512825548867988,-0.08837988838708895,0.025170288522337637
repeater,True,acausal,5-20,121,148,2025-04-02/2025-05-11,38.93215277777778,39.0,0.9624622562233114,0.7420813700126455,100.0,200.0,-1.386123555204166,3.519123263244276,9,0.008429180014590733,0.6237493294903934,0.03317922861328666
repeater,True,acausal,5-20,121,148,2025-04-02/2025-05-11,38.93215277777778,39.0,0.9624622562233114,0.7420813700126455,200.0,400.0,0.11255303532339579,0.2785947976508289,25,0.010772691151089265,0.11919773064166429,0.06090874428561975
repeater,True,acausal,5-20,121,148,2025-04-02/2025-05-11,38.93215277777778,39.0,0.9624622562233114,0.7420813700126455,400.0,600.0,0.5099727978272142,0.6861074296531492,8,0.0038063538663880244,-0.4533036766562993,0.06509885812265248
repeater,True,acausal,5-20,121,148,2025-04-02/2025-05-11,38.93215277777778,39.0,0.9624622562233114,0.7420813700126455,600.0,850.0,,,5,,,
repeater,True,snr_eq,5-20,121,148,2025-04-02/2025-05-11,38.93215277777778,39.0,0.9624622562233114,0.7420813700126455,2.0,75.0,-0.0033401716166330943,0.06270944923181118,48,0.006148884974277759,0.1952221420505375,0.06542062332082034
repeater,True,snr_eq,5-20,121,148,2025-04-02/2025-05-11,38.93215277777778,39.0,0.9624622562233114,0.7420813700126455,75.0,250.0,-0.012101387637516028,0.030472142315386575,124,0.00590208502957415,0.07482940964118442,0.052763774591917764
repeater,True,snr_eq,5-20,121,148,2025-04-02/2025-05-11,38.93215277777778,39.0,0.9624622562233114,0.7420813700126455,250.0,550.0,0.017157289063162728,0.016201194792597965,222,0.005786614585445256,-0.011618533888323889,0.09785539564309136
repeater,True,snr_eq,5-20,121,148,2025-04-02/2025-05-11,38.93215277777778,39.0,0.9624622562233114,0.7420813700126455,550.0,850.0,-0.00745945830138432,0.024939163586549535,190,0.006800115393006375,0.05741903327322486,0.07761748272974536
repeater,True,snr_eq,5-20,121,148,2025-04-02/2025-05-11,38.93215277777778,39.0,0.9624622562233114,0.7420813700126455,2.0,25.0,,,4,,,
repeater,True,snr_eq,5-20,121,148,2025-04-02/2025-05-11,38.93215277777778,39.0,0.9624622562233114,0.7420813700126455,25.0,50.0,0.6678469234005651,0.24695174408812062,19,0.0045687456726991975,-0.6066046334669474,0.01823659157543684
repeater,True,snr_eq,5-20,121,148,2025-04-02/2025-05-11,38.93215277777778,39.0,0.9624622562233114,0.7420813700126455,50.0,100.0,-0.15130681282243694,0.10373338343398505,44,0.005562775785934265,0.06141025726580996,0.025170288522337637
repeater,True,snr_eq,5-20,121,148,2025-04-02/2025-05-11,38.93215277777778,39.0,0.9624622562233114,0.7420813700126455,100.0,200.0,-0.10990485050030893,0.07061021790378028,78,0.006022652570742068,-0.2099466248595077,0.03317922861328666
repeater,True,snr_eq,5-20,121,148,2025-04-02/2025-05-11,38.93215277777778,39.0,0.9624622562233114,0.7420813700126455,200.0,400.0,-0.0033757523343951506,0.028672007284522162,142,0.006374563195836005,0.1288482373822808,0.06090874428561975
repeater,True,snr_eq,5-20,121,148,2025-04-02/2025-05-11,38.93215277777778,39.0,0.9624622562233114,0.7420813700126455,400.0,600.0,0.019066730973010353,0.026911383072022996,141,0.0058209671988386155,-0.06514237970168851,0.06509885812265248
repeater,True,snr_eq,5-20,121,148,2025-04-02/2025-05-11,38.93215277777778,39.0,0.9624622562233114,0.7420813700126455,600.0,850.0,-0.029239916532854005,0.03547788048828243,157,0.006757050621777537,0.16011825299507054,0.06191701608881667
repeater,True,main,5-30,2,185,2024-05-13/2025-07-27,440.14561342592594,74.0,0.9908045384847818,0.6833187942310601,2.0,75.0,-0.29253664940961455,0.07902742581112894,22,0.0035062549176964157,,0.06542062332082034
repeater,True,main,5-30,2,185,2024-05-13/2025-07-27,440.14561342592594,74.0,0.9908045384847818,0.6833187942310601,75.0,250.0,0.09784342036274343,0.04584407081681209,96,0.007785515384907161,-0.08300584906314777,0.052763774591917764
repeater,True,main,5-30,2,185,2024-05-13/2025-07-27,440.14561342592594,74.0,0.9908045384847818,0.6833187942310601,250.0,550.0,0.014258598506013579,0.027118387288202872,163,0.009201659175279212,0.01996477784152502,0.09785539564309136
repeater,True,main,5-30,2,185,2024-05-13/2025-07-27,440.14561342592594,74.0,0.9908045384847818,0.6833187942310601,550.0,850.0,-0.024706718307001142,0.03770396330420846,157,0.008750405345198171,0.0879430649281582,0.07761748272974536
repeater,True,main,5-30,2,185,2024-05-13/2025-07-27,440.14561342592594,74.0,0.9908045384847818,0.6833187942310601,2.0,25.0,,,0,,,
repeater,True,main,5-30,2,185,2024-05-13/2025-07-27,440.14561342592594,74.0,0.9908045384847818,0.6833187942310601,25.0,50.0,1.2583590564184959,0.430169201016953,7,0.0009583675508206473,,0.01823659157543684
repeater,True,main,5-30,2,185,2024-05-13/2025-07-27,440.14561342592594,74.0,0.9908045384847818,0.6833187942310601,50.0,100.0,-0.46446348700791684,0.14286243802786647,37,0.006853910050676062,0.3375574132675561,0.025170288522337637
repeater,True,main,5-30,2,185,2024-05-13/2025-07-27,440.14561342592594,74.0,0.9908045384847818,0.6833187942310601,100.0,200.0,0.04376246610581507,0.09314648119443401,52,0.008113042242056666,-0.11263929545516521,0.03317922861328666
repeater,True,main,5-30,2,185,2024-05-13/2025-07-27,440.14561342592594,74.0,0.9908045384847818,0.6833187942310601,200.0,400.0,-0.05254570968577376,0.04750140635289983,101,0.00884595177456567,-0.02118250441593326,0.06090874428561975
repeater,True,main,5-30,2,185,2024-05-13/2025-07-27,440.14561342592594,74.0,0.9908045384847818,0.6833187942310601,400.0,600.0,0.050352857139792304,0.0534524100957148,113,0.009465428275921419,0.00822856146302467,0.06509885812265248
repeater,True,main,5-30,2,185,2024-05-13/2025-07-27,440.14561342592594,74.0,0.9908045384847818,0.6833187942310601,600.0,850.0,0.021514203796412234,0.039412485394959215,130,0.008292739976729992,0.1299698919745535,0.06191701608881667
repeater,True,acausal,5-30,2,185,2024-05-13/2025-07-27,440.14561342592594,74.0,0.9908045384847818,0.6833187942310601,2.0,75.0,,,1,,,
repeater,True,acausal,5-30,2,185,2024-05-13/2025-07-27,440.14561342592594,74.0,0.9908045384847818,0.6833187942310601,75.0,250.0,,,3,,,
repeater,True,acausal,5-30,2,185,2024-05-13/2025-07-27,440.14561342592594,74.0,0.9908045384847818,0.6833187942310601,250.0,550.0,-0.004581611668092285,0.21889196535024447,10,0.009021591175324814,0.2669077567313074,0.09785539564309136
repeater,True,acausal,5-30,2,185,2024-05-13/2025-07-27,440.14561342592594,74.0,0.9908045384847818,0.6833187942310601,550.0,850.0,0.11987718398742905,0.08900904845739317,30,0.007886525613202638,,0.07761748272974536
repeater,True,acausal,5-30,2,185,2024-05-13/2025-07-27,440.14561342592594,74.0,0.9908045384847818,0.6833187942310601,2.0,25.0,,,0,,,
repeater,True,acausal,5-30,2,185,2024-05-13/2025-07-27,440.14561342592594,74.0,0.9908045384847818,0.6833187942310601,25.0,50.0,,,1,,,
repeater,True,acausal,5-30,2,185,2024-05-13/2025-07-27,440.14561342592594,74.0,0.9908045384847818,0.6833187942310601,50.0,100.0,,,0,,,
repeater,True,acausal,5-30,2,185,2024-05-13/2025-07-27,440.14561342592594,74.0,0.9908045384847818,0.6833187942310601,100.0,200.0,,,1,,,
repeater,True,acausal,5-30,2,185,2024-05-13/2025-07-27,440.14561342592594,74.0,0.9908045384847818,0.6833187942310601,200.0,400.0,,,3,,,
repeater,True,acausal,5-30,2,185,2024-05-13/2025-07-27,440.14561342592594,74.0,0.9908045384847818,0.6833187942310601,400.0,600.0,0.13707878055693248,0.11081004193037945,26,0.009163520413593211,,0.06509885812265248
repeater,True,acausal,5-30,2,185,2024-05-13/2025-07-27,440.14561342592594,74.0,0.9908045384847818,0.6833187942310601,600.0,850.0,0.1789691593187835,0.15499726125026678,13,0.006124888229686582,,0.06191701608881667
repeater,True,snr_eq,5-30,2,185,2024-05-13/2025-07-27,440.14561342592594,74.0,0.9908045384847818,0.6833187942310601,2.0,75.0,-0.1669092197881399,0.36677204994568685,17,0.007433956325299521,,0.06542062332082034
repeater,True,snr_eq,5-30,2,185,2024-05-13/2025-07-27,440.14561342592594,74.0,0.9908045384847818,0.6833187942310601,75.0,250.0,0.013713051620337513,0.11229556465534246,39,0.010839518941865186,0.05050453097048911,0.052763774591917764
repeater,True,snr_eq,5-30,2,185,2024-05-13/2025-07-27,440.14561342592594,74.0,0.9908045384847818,0.6833187942310601,250.0,550.0,-0.03787820440032225,0.04472446339053846,81,0.009101157854915092,-0.04579866864813172,0.09785539564309136
repeater,True,snr_eq,5-30,2,185,2024-05-13/2025-07-27,440.14561342592594,74.0,0.9908045384847818,0.6833187942310601,550.0,850.0,0.024513107365651262,0.06594094030783969,66,0.009546834579960976,,0.07761748272974536
repeater,True,snr_eq,5-30,2,185,2024-05-13/2025-07-27,440.14561342592594,74.0,0.9908045384847818,0.6833187942310601,2.0,25.0,,,0,,,
repeater,True,snr_eq,5-30,2,185,2024-05-13/2025-07-27,440.14561342592594,74.0,0.9908045384847818,0.6833187942310601,25.0,50.0,,,3,,,
repeater,True,snr_eq,5-30,2,185,2024-05-13/2025-07-27,440.14561342592594,74.0,0.9908045384847818,0.6833187942310601,50.0,100.0,0.3066601893321051,0.1981485924614226,19,0.007220024311788005,0.3495819294262942,0.025170288522337637
repeater,True,snr_eq,5-30,2,185,2024-05-13/2025-07-27,440.14561342592594,74.0,0.9908045384847818,0.6833187942310601,100.0,200.0,0.3338601140298219,0.21191461715589435,26,0.011066900291019791,-0.14616485117563197,0.03317922861328666
repeater,True,snr_eq,5-30,2,185,2024-05-13/2025-07-27,440.14561342592594,74.0,0.9908045384847818,0.6833187942310601,200.0,400.0,-0.051517510527017946,0.06689760005339357,55,0.008596894008622697,-0.023588364164464817,0.06090874428561975
repeater,True,snr_eq,5-30,2,185,2024-05-13/2025-07-27,440.14561342592594,74.0,0.9908045384847818,0.6833187942310601,400.0,600.0,-0.02943710901296357,0.07923793270930622,44,0.009741475707722474,0.04143981468892912,0.06509885812265248
repeater,True,snr_eq,5-30,2,185,2024-05-13/2025-07-27,440.14561342592594,74.0,0.9908045384847818,0.6833187942310601,600.0,850.0,0.08998201798081672,0.08120456084322643,56,0.009499286792414222,,0.06191701608881667
repeater,True,main,5-20,2,185,2024-05-13/2025-07-27,440.14561342592594,74.0,0.9908045384847818,0.6833187942310601,2.0,75.0,-0.06601726419032769,0.04296205724798182,27,0.004403632000469437,0.08792144241111712,0.06542062332082034
repeater,True,main,5-20,2,185,2024-05-13/2025-07-27,440.14561342592594,74.0,0.9908045384847818,0.6833187942310601,75.0,250.0,0.021195112206488845,0.04285541535652287,93,0.007631474394168448,0.07454235356283037,0.052763774591917764
repeater,True,main,5-20,2,185,2024-05-13/2025-07-27,440.14561342592594,74.0,0.9908045384847818,0.6833187942310601,250.0,550.0,-0.018439375653816235,0.030994973607034463,158,0.010242368806437491,0.050965754111927664,0.09785539564309136
repeater,True,main,5-20,2,185,2024-05-13/2025-07-27,440.14561342592594,74.0,0.9908045384847818,0.6833187942310601,550.0,850.0,0.007978080944774,0.04390025300390506,146,0.010308672732586392,-0.19915879289021057,0.07761748272974536
repeater,True,main,5-20,2,185,2024-05-13/2025-07-27,440.14561342592594,74.0,0.9908045384847818,0.6833187942310601,2.0,25.0,,,3,,,
repeater,True,main,5-20,2,185,2024-05-13/2025-07-27,440.14561342592594,74.0,0.9908045384847818,0.6833187942310601,25.0,50.0,1.0787282574116004,1.1623894495575846,10,0.006035815668577068,,0.01823659157543684
repeater,True,main,5-20,2,185,2024-05-13/2025-07-27,440.14561342592594,74.0,0.9908045384847818,0.6833187942310601,50.0,100.0,-0.3294373396813384,0.10636224077925467,43,0.0065697849363510604,0.33135353484003716,0.025170288522337637
repeater,True,main,5-20,2,185,2024-05-13/2025-07-27,440.14561342592594,74.0,0.9908045384847818,0.6833187942310601,100.0,200.0,0.04777233379530067,0.11597531329110514,46,0.008441035899387203,-0.024220182468390725,0.03317922861328666
repeater,True,main,5-20,2,185,2024-05-13/2025-07-27,440.14561342592594,74.0,0.9908045384847818,0.6833187942310601,200.0,400.0,-0.04158501963612576,0.055221064912935956,99,0.010597801226775306,-0.03794045618911758,0.06090874428561975
repeater,True,main,5-20,2,185,2024-05-13/2025-07-27,440.14561342592594,74.0,0.9908045384847818,0.6833187942310601,400.0,600.0,0.034368889130096295,0.056599270583482506,109,0.009544497157018926,0.015385450217677144,0.06509885812265248
repeater,True,main,5-20,2,185,2024-05-13/2025-07-27,440.14561342592594,74.0,0.9908045384847818,0.6833187942310601,600.0,850.0,-0.008538427410114006,0.06343420478454438,120,0.010211637639233712,-0.14243402831734311,0.06191701608881667
repeater,True,acausal,5-20,2,185,2024-05-13/2025-07-27,440.14561342592594,74.0,0.9908045384847818,0.6833187942310601,2.0,75.0,-0.9434694140580785,0.6465695422431722,10,0.00627697277244692,,0.06542062332082034
repeater,True,acausal,5-20,2,185,2024-05-13/2025-07-27,440.14561342592594,74.0,0.9908045384847818,0.6833187942310601,75.0,250.0,,,1,,,
repeater,True,acausal,5-20,2,185,2024-05-13/2025-07-27,440.14561342592594,74.0,0.9908045384847818,0.6833187942310601,250.0,550.0,-0.029341927164699914,0.07582405582754731,59,0.011182305937305521,,0.09785539564309136
repeater,True,acausal,5-20,2,185,2024-05-13/2025-07-27,440.14561342592594,74.0,0.9908045384847818,0.6833187942310601,550.0,850.0,0.17660241517487463,0.048789455124187565,80,0.008619344986040963,-0.1306031688468379,0.07761748272974536
repeater,True,acausal,5-20,2,185,2024-05-13/2025-07-27,440.14561342592594,74.0,0.9908045384847818,0.6833187942310601,2.0,25.0,,,0,,,
repeater,True,acausal,5-20,2,185,2024-05-13/2025-07-27,440.14561342592594,74.0,0.9908045384847818,0.6833187942310601,25.0,50.0,,,2,,,
repeater,True,acausal,5-20,2,185,2024-05-13/2025-07-27,440.14561342592594,74.0,0.9908045384847818,0.6833187942310601,50.0,100.0,0.15924655209539754,1.877848043432072,8,0.006622482435499875,,0.025170288522337637
repeater,True,acausal,5-20,2,185,2024-05-13/2025-07-27,440.14561342592594,74.0,0.9908045384847818,0.6833187942310601,100.0,200.0,,,1,,,
repeater,True,acausal,5-20,2,185,2024-05-13/2025-07-27,440.14561342592594,74.0,0.9908045384847818,0.6833187942310601,200.0,400.0,0.12558634109473363,0.2687165283117425,24,0.011097524591842779,,0.06090874428561975
repeater,True,acausal,5-20,2,185,2024-05-13/2025-07-27,440.14561342592594,74.0,0.9908045384847818,0.6833187942310601,400.0,600.0,-0.17598833277286474,0.0812576656163244,50,0.010388855510158345,0.017335149828475057,0.06509885812265248
repeater,True,acausal,5-20,2,185,2024-05-13/2025-07-27,440.14561342592594,74.0,0.9908045384847818,0.6833187942310601,600.0,850.0,0.13823026281560846,0.06430332442058496,65,0.00850932333402736,0.043978435129436284,0.06191701608881667
repeater,True,snr_eq,5-20,2,185,2024-05-13/2025-07-27,440.14561342592594,74.0,0.9908045384847818,0.6833187942310601,2.0,75.0,0.020054607216121678,0.16678664040976052,29,0.008416447060595663,,0.06542062332082034
repeater,True,snr_eq,5-20,2,185,2024-05-13/2025-07-27,440.14561342592594,74.0,0.9908045384847818,0.6833187942310601,75.0,250.0,0.051917397523923985,0.05810883000503823,64,0.007805346883464443,-0.10025842899669217,0.052763774591917764
repeater,True,snr_eq,5-20,2,185,2024-05-13/2025-07-27,440.14561342592594,74.0,0.9908045384847818,0.6833187942310601,250.0,550.0,-0.037040875150364305,0.03418476528384311,104,0.00903414853287714,0.09003931932454134,0.09785539564309136
repeater,True,snr_eq,5-20,2,185,2024-05-13/2025-07-27,440.14561342592594,74.0,0.9908045384847818,0.6833187942310601,550.0,850.0,-0.009832187715332027,0.051861814936087554,95,0.010401196806001666,-0.14954903764761543,0.07761748272974536
repeater,True,snr_eq,5-20,2,185,2024-05-13/2025-07-27,440.14561342592594,74.0,0.9908045384847818,0.6833187942310601,2.0,25.0,,,3,,,
repeater,True,snr_eq,5-20,2,185,2024-05-13/2025-07-27,440.14561342592594,74.0,0.9908045384847818,0.6833187942310601,25.0,50.0,0.622339010902796,1.9018074634831132,7,0.0063842508599662225,,0.01823659157543684
repeater,True,snr_eq,5-20,2,185,2024-05-13/2025-07-27,440.14561342592594,74.0,0.9908045384847818,0.6833187942310601,50.0,100.0,-0.723690415894917,0.11672628542951256,35,0.007157419325581947,0.409614575864573,0.025170288522337637
repeater,True,snr_eq,5-20,2,185,2024-05-13/2025-07-27,440.14561342592594,74.0,0.9908045384847818,0.6833187942310601,100.0,200.0,-0.058061150718455336,0.11979205477143795,31,0.007164392070426336,-0.049941979479115314,0.03317922861328666
repeater,True,snr_eq,5-20,2,185,2024-05-13/2025-07-27,440.14561342592594,74.0,0.9908045384847818,0.6833187942310601,200.0,400.0,-0.03063662826530678,0.055659634021408506,65,0.00917850697574423,-0.058286465422762584,0.06090874428561975
repeater,True,snr_eq,5-20,2,185,2024-05-13/2025-07-27,440.14561342592594,74.0,0.9908045384847818,0.6833187942310601,400.0,600.0,-0.01638729578916938,0.0644459768832252,71,0.009392419357600773,0.09220025599108866,0.06509885812265248
repeater,True,snr_eq,5-20,2,185,2024-05-13/2025-07-27,440.14561342592594,74.0,0.9908045384847818,0.6833187942310601,600.0,850.0,0.01416916972778666,0.07069715117290486,80,0.010360058969266138,-0.20944480277180608,0.06191701608881667
repeater,True,main,5-30,0,130,2024-05-10/2025-04-06,331.0988425925926,35.0,0.9169728508880156,0.6771297700851776,2.0,75.0,-0.033270599024332895,0.04603615403540448,25,0.001770606679386379,,0.06542062332082034
repeater,True,main,5-30,0,130,2024-05-10/2025-04-06,331.0988425925926,35.0,0.9169728508880156,0.6771297700851776,75.0,250.0,0.012986211852429132,0.030013724440093377,101,0.004463815452843513,0.03752484606074393,0.052763774591917764
repeater,True,main,5-30,0,130,2024-05-10/2025-04-06,331.0988425925926,35.0,0.9169728508880156,0.6771297700851776,250.0,550.0,-0.04062219874960442,0.016080978681234846,143,0.005248714155321744,-0.003168282135017847,0.09785539564309136
repeater,True,main,5-30,0,130,2024-05-10/2025-04-06,331.0988425925926,35.0,0.9169728508880156,0.6771297700851776,550.0,850.0,0.053112984253674854,0.023910127991253385,113,0.0049093252301464175,0.23105203483652048,0.07761748272974536
repeater,True,main,5-30,0,130,2024-05-10/2025-04-06,331.0988425925926,35.0,0.9169728508880156,0.6771297700851776,2.0,25.0,,,1,,,
repeater,True,main,5-30,0,130,2024-05-10/2025-04-06,331.0988425925926,35.0,0.9169728508880156,0.6771297700851776,25.0,50.0,-1.089979921918406,0.40555254957659803,7,0.002362832343282652,,0.01823659157543684
repeater,True,main,5-30,0,130,2024-05-10/2025-04-06,331.0988425925926,35.0,0.9169728508880156,0.6771297700851776,50.0,100.0,-0.1257006005319873,0.07522936405610477,34,0.0038675477649368645,-0.02861897555274316,0.025170288522337637
repeater,True,main,5-30,0,130,2024-05-10/2025-04-06,331.0988425925926,35.0,0.9169728508880156,0.6771297700851776,100.0,200.0,-0.08960056500183225,0.039795808511216224,56,0.0036298577722106615,0.02439237372177448,0.03317922861328666
repeater,True,main,5-30,0,130,2024-05-10/2025-04-06,331.0988425925926,35.0,0.9169728508880156,0.6771297700851776,200.0,400.0,-0.026155400807976115,0.022900073195134433,102,0.0049435868533198625,0.04805608411881933,0.06090874428561975
repeater,True,main,5-30,0,130,2024-05-10/2025-04-06,331.0988425925926,35.0,0.9169728508880156,0.6771297700851776,400.0,600.0,0.019516466711830268,0.04170145231116223,84,0.005425723353974137,-0.017226887726959343,0.06509885812265248
repeater,True,main,5-30,0,130,2024-05-10/2025-04-06,331.0988425925926,35.0,0.9169728508880156,0.6771297700851776,600.0,850.0,0.0874919989475001,0.031991272223437915,97,0.004641082324317662,0.2889486912413621,0.06191701608881667
repeater,True,acausal,5-30,0,130,2024-05-10/2025-04-06,331.0988425925926,35.0,0.9169728508880156,0.6771297700851776,2.0,75.0,,,0,,,
repeater,True,acausal,5-30,0,130,2024-05-10/2025-04-06,331.0988425925926,35.0,0.9169728508880156,0.6771297700851776,75.0,250.0,,,3,,,
repeater,True,acausal,5-30,0,130,2024-05-10/2025-04-06,331.0988425925926,35.0,0.9169728508880156,0.6771297700851776,250.0,550.0,,,0,,,
repeater,True,acausal,5-30,0,130,2024-05-10/2025-04-06,331.0988425925926,35.0,0.9169728508880156,0.6771297700851776,550.0,850.0,-0.003933213872266007,0.18324973942979964,14,0.005861711414028356,,0.07761748272974536
repeater,True,acausal,5-30,0,130,2024-05-10/2025-04-06,331.0988425925926,35.0,0.9169728508880156,0.6771297700851776,2.0,25.0,,,0,,,
repeater,True,acausal,5-30,0,130,2024-05-10/2025-04-06,331.0988425925926,35.0,0.9169728508880156,0.6771297700851776,25.0,50.0,,,0,,,
repeater,True,acausal,5-30,0,130,2024-05-10/2025-04-06,331.0988425925926,35.0,0.9169728508880156,0.6771297700851776,50.0,100.0,,,0,,,
repeater,True,acausal,5-30,0,130,2024-05-10/2025-04-06,331.0988425925926,35.0,0.9169728508880156,0.6771297700851776,100.0,200.0,,,3,,,
repeater,True,acausal,5-30,0,130,2024-05-10/2025-04-06,331.0988425925926,35.0,0.9169728508880156,0.6771297700851776,200.0,400.0,,,0,,,
repeater,True,acausal,5-30,0,130,2024-05-10/2025-04-06,331.0988425925926,35.0,0.9169728508880156,0.6771297700851776,400.0,600.0,,,0,,,
repeater,True,acausal,5-30,0,130,2024-05-10/2025-04-06,331.0988425925926,35.0,0.9169728508880156,0.6771297700851776,600.0,850.0,-0.003933213872266007,0.18324973942979964,14,0.005861711414028356,,0.06191701608881667
repeater,True,snr_eq,5-30,0,130,2024-05-10/2025-04-06,331.0988425925926,35.0,0.9169728508880156,0.6771297700851776,2.0,75.0,-0.04589487354752139,0.17875877755245392,28,0.0051879216897328445,,0.06542062332082034
repeater,True,snr_eq,5-30,0,130,2024-05-10/2025-04-06,331.0988425925926,35.0,0.9169728508880156,0.6771297700851776,75.0,250.0,-0.0031464196357821033,0.028597397716077232,80,0.005001570877991581,-0.037650173651269825,0.052763774591917764
repeater,True,snr_eq,5-30,0,130,2024-05-10/2025-04-06,331.0988425925926,35.0,0.9169728508880156,0.6771297700851776,250.0,550.0,-0.023692142550133716,0.023510988407484074,129,0.007053111246470242,0.10103019018233197,0.09785539564309136
repeater,True,snr_eq,5-30,0,130,2024-05-10/2025-04-06,331.0988425925926,35.0,0.9169728508880156,0.6771297700851776,550.0,850.0,0.013199961088202617,0.02840251860380611,94,0.00581455232037302,,0.07761748272974536
repeater,True,snr_eq,5-30,0,130,2024-05-10/2025-04-06,331.0988425925926,35.0,0.9169728508880156,0.6771297700851776,2.0,25.0,,,0,,,
repeater,True,snr_eq,5-30,0,130,2024-05-10/2025-04-06,331.0988425925926,35.0,0.9169728508880156,0.6771297700851776,25.0,50.0,0.06926639181283896,0.4095043019650341,6,0.001584150773718059,,0.01823659157543684
repeater,True,snr_eq,5-30,0,130,2024-05-10/2025-04-06,331.0988425925926,35.0,0.9169728508880156,0.6771297700851776,50.0,100.0,-0.05286431941522878,0.07985062033404587,40,0.004299769686118799,-0.0803061798360499,0.025170288522337637
repeater,True,snr_eq,5-30,0,130,2024-05-10/2025-04-06,331.0988425925926,35.0,0.9169728508880156,0.6771297700851776,100.0,200.0,-0.26665098633574447,0.08915251366585689,45,0.00637386393847995,-0.01942610779381677,0.03317922861328666
repeater,True,snr_eq,5-30,0,130,2024-05-10/2025-04-06,331.0988425925926,35.0,0.9169728508880156,0.6771297700851776,200.0,400.0,-0.08466305055287167,0.034882784436801186,91,0.006398780338675322,0.06270929456418718,0.06090874428561975
repeater,True,snr_eq,5-30,0,130,2024-05-10/2025-04-06,331.0988425925926,35.0,0.9169728508880156,0.6771297700851776,400.0,600.0,-0.06078969892920612,0.04897189231529837,68,0.0068084848714858506,-0.03658148240925493,0.06509885812265248
repeater,True,snr_eq,5-30,0,130,2024-05-10/2025-04-06,331.0988425925926,35.0,0.9169728508880156,0.6771297700851776,600.0,850.0,0.03257281238922381,0.04351184170447404,84,0.006043526939877327,,0.06191701608881667
repeater,True,main,5-20,0,130,2024-05-10/2025-04-06,331.0988425925926,35.0,0.9169728508880156,0.6771297700851776,2.0,75.0,-0.1937659630004977,0.13234527389181572,32,0.005777795233500356,,0.06542062332082034
repeater,True,main,5-20,0,130,2024-05-10/2025-04-06,331.0988425925926,35.0,0.9169728508880156,0.6771297700851776,75.0,250.0,0.026397617996531866,0.04104154265335425,110,0.007889087184059767,0.09984231492547546,0.052763774591917764
repeater,True,main,5-20,0,130,2024-05-10/2025-04-06,331.0988425925926,35.0,0.9169728508880156,0.6771297700851776,250.0,550.0,0.005897364482197741,0.024315138525533898,157,0.008640130928481763,-0.03519903626171615,0.09785539564309136
repeater,True,main,5-20,0,130,2024-05-10/2025-04-06,331.0988425925926,35.0,0.9169728508880156,0.6771297700851776,550.0,850.0,0.024147447338430723,0.049557905423837,111,0.010081803012195249,0.05103104599387309,0.07761748272974536
repeater,True,main,5-20,0,130,2024-05-10/2025-04-06,331.0988425925926,35.0,0.9169728508880156,0.6771297700851776,2.0,25.0,,,2,,,
repeater,True,main,5-20,0,130,2024-05-10/2025-04-06,331.0988425925926,35.0,0.9169728508880156,0.6771297700851776,25.0,50.0,0.7319744523448337,0.5236043630131232,8,0.003994835968078542,,0.01823659157543684
repeater,True,main,5-20,0,130,2024-05-10/2025-04-06,331.0988425925926,35.0,0.9169728508880156,0.6771297700851776,50.0,100.0,-0.12747548962737157,0.11436691690453786,44,0.005619990809287173,0.24062473048843674,0.025170288522337637
repeater,True,main,5-20,0,130,2024-05-10/2025-04-06,331.0988425925926,35.0,0.9169728508880156,0.6771297700851776,100.0,200.0,0.002462116675646984,0.12427642963664133,61,0.00856373908037101,-0.05090849835396326,0.03317922861328666
repeater,True,main,5-20,0,130,2024-05-10/2025-04-06,331.0988425925926,35.0,0.9169728508880156,0.6771297700851776,200.0,400.0,-0.026024485929477644,0.042904609763690954,113,0.007671170591735969,-0.09491066652115986,0.06090874428561975
repeater,True,main,5-20,0,130,2024-05-10/2025-04-06,331.0988425925926,35.0,0.9169728508880156,0.6771297700851776,400.0,600.0,0.07810575738793618,0.05608115580598374,92,0.009399163447426065,-0.014046209631728257,0.06509885812265248
repeater,True,main,5-20,0,130,2024-05-10/2025-04-06,331.0988425925926,35.0,0.9169728508880156,0.6771297700851776,600.0,850.0,-0.048954350636745525,0.07056392595346021,90,0.010128708490942969,0.14117105876140237,0.06191701608881667
repeater,True,acausal,5-20,0,130,2024-05-10/2025-04-06,331.0988425925926,35.0,0.9169728508880156,0.6771297700851776,2.0,75.0,,,1,,,
repeater,True,acausal,5-20,0,130,2024-05-10/2025-04-06,331.0988425925926,35.0,0.9169728508880156,0.6771297700851776,75.0,250.0,0.3606956033998329,0.2668014313378254,11,0.011484703201851524,,0.052763774591917764
repeater,True,acausal,5-20,0,130,2024-05-10/2025-04-06,331.0988425925926,35.0,0.9169728508880156,0.6771297700851776,250.0,550.0,-0.23248312343680164,0.5775632911866729,7,0.010667034315225771,,0.09785539564309136
repeater,True,acausal,5-20,0,130,2024-05-10/2025-04-06,331.0988425925926,35.0,0.9169728508880156,0.6771297700851776,550.0,850.0,-0.2579004466708487,0.2879392413741827,13,0.012863479868714124,,0.07761748272974536
repeater,True,acausal,5-20,0,130,2024-05-10/2025-04-06,331.0988425925926,35.0,0.9169728508880156,0.6771297700851776,2.0,25.0,,,0,,,
repeater,True,acausal,5-20,0,130,2024-05-10/2025-04-06,331.0988425925926,35.0,0.9169728508880156,0.6771297700851776,25.0,50.0,,,1,,,
repeater,True,acausal,5-20,0,130,2024-05-10/2025-04-06,331.0988425925926,35.0,0.9169728508880156,0.6771297700851776,50.0,100.0,,,3,,,
repeater,True,acausal,5-20,0,130,2024-05-10/2025-04-06,331.0988425925926,35.0,0.9169728508880156,0.6771297700851776,100.0,200.0,-0.520125725912483,5.333097110604722,7,0.011502824619507922,-0.8941464020662304,0.03317922861328666
repeater,True,acausal,5-20,0,130,2024-05-10/2025-04-06,331.0988425925926,35.0,0.9169728508880156,0.6771297700851776,200.0,400.0,-0.38534207977409396,1.334950863387466,6,0.011090217470750419,,0.06090874428561975
repeater,True,acausal,5-20,0,130,2024-05-10/2025-04-06,331.0988425925926,35.0,0.9169728508880156,0.6771297700851776,400.0,600.0,,,4,,,
repeater,True,acausal,5-20,0,130,2024-05-10/2025-04-06,331.0988425925926,35.0,0.9169728508880156,0.6771297700851776,600.0,850.0,-0.3005128417523484,0.41564516734317264,11,0.012032649436370495,,0.06191701608881667
repeater,True,snr_eq,5-20,0,130,2024-05-10/2025-04-06,331.0988425925926,35.0,0.9169728508880156,0.6771297700851776,2.0,75.0,-0.12916541809081966,0.10451810470532623,34,0.005900703707558647,,0.06542062332082034
repeater,True,snr_eq,5-20,0,130,2024-05-10/2025-04-06,331.0988425925926,35.0,0.9169728508880156,0.6771297700851776,75.0,250.0,-0.0350214265981484,0.04081878504216557,95,0.0074293747420643656,0.009407941331572037,0.052763774591917764
repeater,True,snr_eq,5-20,0,130,2024-05-10/2025-04-06,331.0988425925926,35.0,0.9169728508880156,0.6771297700851776,250.0,550.0,-0.04328803811558324,0.025525612123721994,153,0.008441933935671726,0.02623707519862567,0.09785539564309136
repeater,True,snr_eq,5-20,0,130,2024-05-10/2025-04-06,331.0988425925926,35.0,0.9169728508880156,0.6771297700851776,550.0,850.0,-0.008199108397582899,0.047881576845239436,106,0.009812940265353787,0.10377341536279344,0.07761748272974536
repeater,True,snr_eq,5-20,0,130,2024-05-10/2025-04-06,331.0988425925926,35.0,0.9169728508880156,0.6771297700851776,2.0,25.0,,,2,,,
repeater,True,snr_eq,5-20,0,130,2024-05-10/2025-04-06,331.0988425925926,35.0,0.9169728508880156,0.6771297700851776,25.0,50.0,-0.762509732002843,0.6577312371578791,11,0.005039374866200211,,0.01823659157543684
repeater,True,snr_eq,5-20,0,130,2024-05-10/2025-04-06,331.0988425925926,35.0,0.9169728508880156,0.6771297700851776,50.0,100.0,-0.028335424875139622,0.12007369821049904,41,0.0059885598019858086,0.18427784744719647,0.025170288522337637
repeater,True,snr_eq,5-20,0,130,2024-05-10/2025-04-06,331.0988425925926,35.0,0.9169728508880156,0.6771297700851776,100.0,200.0,0.13652433172339734,0.0924555412861465,54,0.007990396436916887,0.10355656184578206,0.03317922861328666
repeater,True,snr_eq,5-20,0,130,2024-05-10/2025-04-06,331.0988425925926,35.0,0.9169728508880156,0.6771297700851776,200.0,400.0,0.029985074742314634,0.04670326653675239,99,0.007891137404382973,-0.09599688586410408,0.06090874428561975
repeater,True,snr_eq,5-20,0,130,2024-05-10/2025-04-06,331.0988425925926,35.0,0.9169728508880156,0.6771297700851776,400.0,600.0,-0.0047879904668708916,0.05562539630417752,93,0.008657262482403685,0.08668002234316259,0.06509885812265248
repeater,True,snr_eq,5-20,0,130,2024-05-10/2025-04-06,331.0988425925926,35.0,0.9169728508880156,0.6771297700851776,600.0,850.0,-0.05991113613597127,0.06397022614133009,88,0.010025856537064037,0.06831398458788113,0.06191701608881667
repeater,True,main,5-30,125,148,2025-04-06/2025-05-11,35.24469907407408,35.0,0.7859882755893757,0.6679528992234933,2.0,75.0,0.01945112833310296,0.05210388444084141,42,0.006462686843725296,-0.008335907395986253,0.06542062332082034
repeater,True,main,5-30,125,148,2025-04-06/2025-05-11,35.24469907407408,35.0,0.7859882755893757,0.6679528992234933,75.0,250.0,0.004475713712864298,0.0268270635829544,130,0.005039994708154681,-0.06753675456980258,0.052763774591917764
repeater,True,main,5-30,125,148,2025-04-06/2025-05-11,35.24469907407408,35.0,0.7859882755893757,0.6679528992234933,250.0,550.0,-0.025335351211735357,0.011252773241919896,229,0.005076319245430368,0.07304772376405404,0.09785539564309136
repeater,True,main,5-30,125,148,2025-04-06/2025-05-11,35.24469907407408,35.0,0.7859882755893757,0.6679528992234933,550.0,850.0,0.011795238917780638,0.008120602252190894,163,0.0022152489983113294,,0.07761748272974536
repeater,True,main,5-30,125,148,2025-04-06/2025-05-11,35.24469907407408,35.0,0.7859882755893757,0.6679528992234933,2.0,25.0,-0.7677433602872682,0.7255971279005958,6,0.0039512934100972685,0.48180771513559806,0.029146549077424776
repeater,True,main,5-30,125,148,2025-04-06/2025-05-11,35.24469907407408,35.0,0.7859882755893757,0.6679528992234933,25.0,50.0,0.4353276108512267,0.34072500890802304,14,0.00444238574094598,-0.46265342833445455,0.01823659157543684
repeater,True,main,5-30,125,148,2025-04-06/2025-05-11,35.24469907407408,35.0,0.7859882755893757,0.6679528992234933,50.0,100.0,-0.04938940833966201,0.026773246693540392,31,0.0011822568610342856,0.05823454808949843,0.025170288522337637
repeater,True,main,5-30,125,148,2025-04-06/2025-05-11,35.24469907407408,35.0,0.7859882755893757,0.6679528992234933,100.0,200.0,-0.18971628276337033,0.052558395593390664,75,0.00485785580956462,0.04621702667726019,0.03317922861328666
repeater,True,main,5-30,125,148,2025-04-06/2025-05-11,35.24469907407408,35.0,0.7859882755893757,0.6679528992234933,200.0,400.0,-0.03483564976196407,0.023531841020845993,149,0.004877826939684892,-0.010169292678659953,0.06090874428561975
repeater,True,main,5-30,125,148,2025-04-06/2025-05-11,35.24469907407408,35.0,0.7859882755893757,0.6679528992234933,400.0,600.0,-0.14977894393697988,0.028598166518671076,144,0.004967071093276288,-0.08861707408216933,0.06509885812265248
repeater,True,main,5-30,125,148,2025-04-06/2025-05-11,35.24469907407408,35.0,0.7859882755893757,0.6679528992234933,600.0,850.0,0.030690999116380353,0.013445810676920142,143,0.0025709793436647127,,0.06191701608881667
repeater,True,acausal,5-30,125,148,2025-04-06/2025-05-11,35.24469907407408,35.0,0.7859882755893757,0.6679528992234933,2.0,75.0,,,3,,,
repeater,True,acausal,5-30,125,148,2025-04-06/2025-05-11,35.24469907407408,35.0,0.7859882755893757,0.6679528992234933,75.0,250.0,,,1,,,
repeater,True,acausal,5-30,125,148,2025-04-06/2025-05-11,35.24469907407408,35.0,0.7859882755893757,0.6679528992234933,250.0,550.0,,,1,,,
repeater,True,acausal,5-30,125,148,2025-04-06/2025-05-11,35.24469907407408,35.0,0.7859882755893757,0.6679528992234933,550.0,850.0,,,0,,,
repeater,True,acausal,5-30,125,148,2025-04-06/2025-05-11,35.24469907407408,35.0,0.7859882755893757,0.6679528992234933,2.0,25.0,,,0,,,
repeater,True,acausal,5-30,125,148,2025-04-06/2025-05-11,35.24469907407408,35.0,0.7859882755893757,0.6679528992234933,25.0,50.0,,,1,,,
repeater,True,acausal,5-30,125,148,2025-04-06/2025-05-11,35.24469907407408,35.0,0.7859882755893757,0.6679528992234933,50.0,100.0,,,3,,,
repeater,True,acausal,5-30,125,148,2025-04-06/2025-05-11,35.24469907407408,35.0,0.7859882755893757,0.6679528992234933,100.0,200.0,,,0,,,
repeater,True,acausal,5-30,125,148,2025-04-06/2025-05-11,35.24469907407408,35.0,0.7859882755893757,0.6679528992234933,200.0,400.0,,,0,,,
repeater,True,acausal,5-30,125,148,2025-04-06/2025-05-11,35.24469907407408,35.0,0.7859882755893757,0.6679528992234933,400.0,600.0,,,1,,,
repeater,True,acausal,5-30,125,148,2025-04-06/2025-05-11,35.24469907407408,35.0,0.7859882755893757,0.6679528992234933,600.0,850.0,,,0,,,
repeater,True,snr_eq,5-30,125,148,2025-04-06/2025-05-11,35.24469907407408,35.0,0.7859882755893757,0.6679528992234933,2.0,75.0,0.051598386570978275,0.047454246218516204,42,0.006418990745879173,-0.15932847359780242,0.06542062332082034
repeater,True,snr_eq,5-30,125,148,2025-04-06/2025-05-11,35.24469907407408,35.0,0.7859882755893757,0.6679528992234933,75.0,250.0,-0.01450188602069433,0.02688372483662442,131,0.00495840539008504,-0.06041544175855448,0.052763774591917764
repeater,True,snr_eq,5-30,125,148,2025-04-06/2025-05-11,35.24469907407408,35.0,0.7859882755893757,0.6679528992234933,250.0,550.0,-0.026862840692361147,0.010684756454299879,228,0.005078248063611157,0.07281681768640193,0.09785539564309136
repeater,True,snr_eq,5-30,125,148,2025-04-06/2025-05-11,35.24469907407408,35.0,0.7859882755893757,0.6679528992234933,550.0,850.0,0.006039009832718479,0.007986278845570084,158,0.0020823914137846223,,0.07761748272974536
repeater,True,snr_eq,5-30,125,148,2025-04-06/2025-05-11,35.24469907407408,35.0,0.7859882755893757,0.6679528992234933,2.0,25.0,-0.7658225173301848,0.7275979555406565,6,0.0039491598198671965,0.48180771513559806,0.029146549077424776
repeater,True,snr_eq,5-30,125,148,2025-04-06/2025-05-11,35.24469907407408,35.0,0.7859882755893757,0.6679528992234933,25.0,50.0,0.4217926008806234,0.3451125539185409,14,0.004465743884955727,-0.4566753639453828,0.01823659157543684
repeater,True,snr_eq,5-30,125,148,2025-04-06/2025-05-11,35.24469907407408,35.0,0.7859882755893757,0.6679528992234933,50.0,100.0,-0.04763193172902882,0.02626364264540814,30,0.0012097795718273125,0.05437131275685351,0.025170288522337637
repeater,True,snr_eq,5-30,125,148,2025-04-06/2025-05-11,35.24469907407408,35.0,0.7859882755893757,0.6679528992234933,100.0,200.0,-0.23827036881987507,0.053448743099203465,75,0.004672083903286477,0.05370142522817545,0.03317922861328666
repeater,True,snr_eq,5-30,125,148,2025-04-06/2025-05-11,35.24469907407408,35.0,0.7859882755893757,0.6679528992234933,200.0,400.0,-0.018828303652188114,0.02095555352560346,151,0.00481377332715232,-0.013396914089231592,0.06090874428561975
repeater,True,snr_eq,5-30,125,148,2025-04-06/2025-05-11,35.24469907407408,35.0,0.7859882755893757,0.6679528992234933,400.0,600.0,-0.15324854772726587,0.030082630271030565,142,0.004938817861070819,-0.08806025466371561,0.06509885812265248
repeater,True,snr_eq,5-30,125,148,2025-04-06/2025-05-11,35.24469907407408,35.0,0.7859882755893757,0.6679528992234933,600.0,850.0,0.02840453430031654,0.012629628803870203,140,0.0025721530949200464,,0.06191701608881667
repeater,True,main,5-20,125,148,2025-04-06/2025-05-11,35.24469907407408,35.0,0.7859882755893757,0.6679528992234933,2.0,75.0,-0.09578266414376224,0.04838058974987953,56,0.007024064675735202,0.19292623531296793,0.06542062332082034
repeater,True,main,5-20,125,148,2025-04-06/2025-05-11,35.24469907407408,35.0,0.7859882755893757,0.6679528992234933,75.0,250.0,-0.05161807308242403,0.026822557234320227,137,0.005483815439441827,0.02921380158487026,0.052763774591917764
repeater,True,main,5-20,125,148,2025-04-06/2025-05-11,35.24469907407408,35.0,0.7859882755893757,0.6679528992234933,250.0,550.0,-0.011406371695312369,0.01206029150279905,246,0.005220010047963019,-0.03141391317198191,0.09785539564309136
repeater,True,main,5-20,125,148,2025-04-06/2025-05-11,35.24469907407408,35.0,0.7859882755893757,0.6679528992234933,550.0,850.0,0.016380618275995264,0.021762476988561315,234,0.007543512055292909,0.03595536568794848,0.07761748272974536
repeater,True,main,5-20,125,148,2025-04-06/2025-05-11,35.24469907407408,35.0,0.7859882755893757,0.6679528992234933,2.0,25.0,-0.2016578114119691,0.216866877427174,18,0.005572734414242599,0.447426319609333,0.029146549077424776
repeater,True,main,5-20,125,148,2025-04-06/2025-05-11,35.24469907407408,35.0,0.7859882755893757,0.6679528992234933,25.0,50.0,0.5621290995407635,0.17295790707984568,14,0.0027385023633307738,-0.19824511375278667,0.01823659157543684
repeater,True,main,5-20,125,148,2025-04-06/2025-05-11,35.24469907407408,35.0,0.7859882755893757,0.6679528992234933,50.0,100.0,-0.2036868841385096,0.09823524077194454,42,0.005319258548098807,0.4203926489047511,0.025170288522337637
repeater,True,main,5-20,125,148,2025-04-06/2025-05-11,35.24469907407408,35.0,0.7859882755893757,0.6679528992234933,100.0,200.0,-0.21906017362895275,0.07130703774283534,77,0.005474826295895375,-0.12769494489204086,0.03317922861328666
repeater,True,main,5-20,125,148,2025-04-06/2025-05-11,35.24469907407408,35.0,0.7859882755893757,0.6679528992234933,200.0,400.0,0.0006690778277654822,0.025485371233290866,158,0.005629983535173226,0.014973242046630326,0.06090874428561975
repeater,True,main,5-20,125,148,2025-04-06/2025-05-11,35.24469907407408,35.0,0.7859882755893757,0.6679528992234933,400.0,600.0,-0.01266409814892145,0.03137418013885583,169,0.0057610666775452,-0.0661181248089257,0.06509885812265248
repeater,True,main,5-20,125,148,2025-04-06/2025-05-11,35.24469907407408,35.0,0.7859882755893757,0.6679528992234933,600.0,850.0,0.01052110822859141,0.029715753736029072,193,0.00736608592895171,0.11937168986437977,0.06191701608881667
repeater,True,acausal,5-20,125,148,2025-04-06/2025-05-11,35.24469907407408,35.0,0.7859882755893757,0.6679528992234933,2.0,75.0,0.3434499952412266,1.7507231356036153,8,0.004965206324291624,,0.06542062332082034
repeater,True,acausal,5-20,125,148,2025-04-06/2025-05-11,35.24469907407408,35.0,0.7859882755893757,0.6679528992234933,75.0,250.0,,,3,,,
repeater,True,acausal,5-20,125,148,2025-04-06/2025-05-11,35.24469907407408,35.0,0.7859882755893757,0.6679528992234933,250.0,550.0,-0.07916708363716599,0.08262552002505415,29,0.011102530492726496,0.24146441190606,0.09785539564309136
repeater,True,acausal,5-20,125,148,2025-04-06/2025-05-11,35.24469907407408,35.0,0.7859882755893757,0.6679528992234933,550.0,850.0,0.2782489577639095,0.16877200097378697,35,0.008574974559434213,-0.15428447675986862,0.07761748272974536
repeater,True,acausal,5-20,125,148,2025-04-06/2025-05-11,35.24469907407408,35.0,0.7859882755893757,0.6679528992234933,2.0,25.0,,,0,,,
repeater,True,acausal,5-20,125,148,2025-04-06/2025-05-11,35.24469907407408,35.0,0.7859882755893757,0.6679528992234933,25.0,50.0,,,2,,,
repeater,True,acausal,5-20,125,148,2025-04-06/2025-05-11,35.24469907407408,35.0,0.7859882755893757,0.6679528992234933,50.0,100.0,0.9305007541227398,1.1738661298932032,7,0.0034535978763888435,-0.7097124284884863,0.025170288522337637
repeater,True,acausal,5-20,125,148,2025-04-06/2025-05-11,35.24469907407408,35.0,0.7859882755893757,0.6679528992234933,100.0,200.0,,,1,,,
repeater,True,acausal,5-20,125,148,2025-04-06/2025-05-11,35.24469907407408,35.0,0.7859882755893757,0.6679528992234933,200.0,400.0,-0.07678334344951415,0.5421913820815494,13,0.01402062619501828,,0.06090874428561975
repeater,True,acausal,5-20,125,148,2025-04-06/2025-05-11,35.24469907407408,35.0,0.7859882755893757,0.6679528992234933,400.0,600.0,-0.19774901708103487,0.14109043848178598,19,0.008788488331585213,0.17708414053903151,0.06509885812265248
repeater,True,acausal,5-20,125,148,2025-04-06/2025-05-11,35.24469907407408,35.0,0.7859882755893757,0.6679528992234933,600.0,850.0,0.3414382965040008,0.17486212057225053,33,0.007772533208121257,-0.28294288888113933,0.06191701608881667
repeater,True,snr_eq,5-20,125,148,2025-04-06/2025-05-11,35.24469907407408,35.0,0.7859882755893757,0.6679528992234933,2.0,75.0,-0.14474276436198724,0.05285107064885412,56,0.006996517796011336,0.05067114215812879,0.06542062332082034
repeater,True,snr_eq,5-20,125,148,2025-04-06/2025-05-11,35.24469907407408,35.0,0.7859882755893757,0.6679528992234933,75.0,250.0,-0.0517588918556239,0.027744132771392205,136,0.005487489316235717,0.031671734826018344,0.052763774591917764
repeater,True,snr_eq,5-20,125,148,2025-04-06/2025-05-11,35.24469907407408,35.0,0.7859882755893757,0.6679528992234933,250.0,550.0,-0.013465901897840827,0.012483166695784788,245,0.005333969071671122,-0.030224173146776667,0.09785539564309136
repeater,True,snr_eq,5-20,125,148,2025-04-06/2025-05-11,35.24469907407408,35.0,0.7859882755893757,0.6679528992234933,550.0,850.0,0.01955253912195046,0.023246829506815586,235,0.007535170105854886,0.03576019308335454,0.07761748272974536
repeater,True,snr_eq,5-20,125,148,2025-04-06/2025-05-11,35.24469907407408,35.0,0.7859882755893757,0.6679528992234933,2.0,25.0,-0.329689360284066,0.2514684663130354,18,0.0069445119492327475,0.4355754213250025,0.029146549077424776
repeater,True,snr_eq,5-20,125,148,2025-04-06/2025-05-11,35.24469907407408,35.0,0.7859882755893757,0.6679528992234933,25.0,50.0,0.06454075951641632,0.44599749343820827,16,0.005748792747335567,-0.4250843554749617,0.01823659157543684
repeater,True,snr_eq,5-20,125,148,2025-04-06/2025-05-11,35.24469907407408,35.0,0.7859882755893757,0.6679528992234933,50.0,100.0,-0.19418220933748534,0.10243737382984917,41,0.005283284468401657,0.40391272801490347,0.025170288522337637
repeater,True,snr_eq,5-20,125,148,2025-04-06/2025-05-11,35.24469907407408,35.0,0.7859882755893757,0.6679528992234933,100.0,200.0,-0.20847669819708958,0.0701226052095168,77,0.005429022425792016,-0.12592591619588328,0.03317922861328666
repeater,True,snr_eq,5-20,125,148,2025-04-06/2025-05-11,35.24469907407408,35.0,0.7859882755893757,0.6679528992234933,200.0,400.0,0.0049322687160293244,0.02660772995687515,157,0.0058505551527942325,0.02248145493608926,0.06090874428561975
repeater,True,snr_eq,5-20,125,148,2025-04-06/2025-05-11,35.24469907407408,35.0,0.7859882755893757,0.6679528992234933,400.0,600.0,-0.012205809654391511,0.031221280067413704,169,0.005743559553729104,-0.0661181248089257,0.06509885812265248
repeater,True,snr_eq,5-20,125,148,2025-04-06/2025-05-11,35.24469907407408,35.0,0.7859882755893757,0.6679528992234933,600.0,850.0,0.014832370510135749,0.030802719676501455,194,0.007363795451583669,0.11937168986437977,0.06191701608881667
repeater,True,main,5-30,26,176,2024-09-01/2025-07-01,302.76752314814814,63.0,0.8528463165078962,0.6643771925074048,2.0,75.0,0.07197751493047244,0.048808048865473935,27,0.002188615350211336,,0.06542062332082034
repeater,True,main,5-30,26,176,2024-09-01/2025-07-01,302.76752314814814,63.0,0.8528463165078962,0.6643771925074048,75.0,250.0,-0.008052967846970596,0.007163582762075539,118,0.0011620655815343342,0.004226935037717319,0.052763774591917764
repeater,True,main,5-30,26,176,2024-09-01/2025-07-01,302.76752314814814,63.0,0.8528463165078962,0.6643771925074048,250.0,550.0,-0.003360408068069317,0.002094711240047812,206,0.0008849083204454726,-0.004361601164208022,0.09785539564309136
repeater,True,main,5-30,26,176,2024-09-01/2025-07-01,302.76752314814814,63.0,0.8528463165078962,0.6643771925074048,550.0,850.0,-0.012074141243024365,0.0037217204297267104,217,0.001245021208055962,0.010256757532519627,0.07761748272974536
repeater,True,main,5-30,26,176,2024-09-01/2025-07-01,302.76752314814814,63.0,0.8528463165078962,0.6643771925074048,2.0,25.0,,,0,,,
repeater,True,main,5-30,26,176,2024-09-01/2025-07-01,302.76752314814814,63.0,0.8528463165078962,0.6643771925074048,25.0,50.0,0.7245230544974579,0.2422125262774096,9,0.0011674603280894637,-0.10865009600792733,0.01823659157543684
repeater,True,main,5-30,26,176,2024-09-01/2025-07-01,302.76752314814814,63.0,0.8528463165078962,0.6643771925074048,50.0,100.0,0.011590939099470223,0.04157213983580175,20,0.001049777279301619,0.003393695207662517,0.025170288522337637
repeater,True,main,5-30,26,176,2024-09-01/2025-07-01,302.76752314814814,63.0,0.8528463165078962,0.6643771925074048,100.0,200.0,0.003396245278113614,0.01931611073151684,74,0.001449610278787951,0.01251838213144683,0.03317922861328666
repeater,True,main,5-30,26,176,2024-09-01/2025-07-01,302.76752314814814,63.0,0.8528463165078962,0.6643771925074048,200.0,400.0,0.0017832163540241845,0.003929505590803094,138,0.0008488620483497481,4.108234862295537e-05,0.06090874428561975
repeater,True,main,5-30,26,176,2024-09-01/2025-07-01,302.76752314814814,63.0,0.8528463165078962,0.6643771925074048,400.0,600.0,0.005340731231953868,0.00453489613407049,133,0.0008802687397308612,0.0022797070519544223,0.06509885812265248
repeater,True,main,5-30,26,176,2024-09-01/2025-07-01,302.76752314814814,63.0,0.8528463165078962,0.6643771925074048,600.0,850.0,-0.01914797261184448,0.00490152279250529,186,0.0011865020045519628,0.006829557200062146,0.06191701608881667
repeater,True,acausal,5-30,26,176,2024-09-01/2025-07-01,302.76752314814814,63.0,0.8528463165078962,0.6643771925074048,2.0,75.0,-0.03828750881290188,0.42397060209397053,21,0.008650368770424506,,0.06542062332082034
repeater,True,acausal,5-30,26,176,2024-09-01/2025-07-01,302.76752314814814,63.0,0.8528463165078962,0.6643771925074048,75.0,250.0,,,0,,,
repeater,True,acausal,5-30,26,176,2024-09-01/2025-07-01,302.76752314814814,63.0,0.8528463165078962,0.6643771925074048,250.0,550.0,0.07077749851543509,0.1289441059688584,33,0.01611301289713344,,0.09785539564309136
repeater,True,acausal,5-30,26,176,2024-09-01/2025-07-01,302.76752314814814,63.0,0.8528463165078962,0.6643771925074048,550.0,850.0,-0.17304223296322926,0.022072579654743935,192,0.007355478985858946,0.17755503043271917,0.07761748272974536
repeater,True,acausal,5-30,26,176,2024-09-01/2025-07-01,302.76752314814814,63.0,0.8528463165078962,0.6643771925074048,2.0,25.0,,,0,,,
repeater,True,acausal,5-30,26,176,2024-09-01/2025-07-01,302.76752314814814,63.0,0.8528463165078962,0.6643771925074048,25.0,50.0,-4.01917113513459,2.0950371153040637,9,0.006080470204577657,,0.01823659157543684
repeater,True,acausal,5-30,26,176,2024-09-01/2025-07-01,302.76752314814814,63.0,0.8528463165078962,0.6643771925074048,50.0,100.0,-0.358434316632742,1.0453679791229171,12,0.008358564766750877,,0.025170288522337637
repeater,True,acausal,5-30,26,176,2024-09-01/2025-07-01,302.76752314814814,63.0,0.8528463165078962,0.6643771925074048,100.0,200.0,,,0,,,
repeater,True,acausal,5-30,26,176,2024-09-01/2025-07-01,302.76752314814814,63.0,0.8528463165078962,0.6643771925074048,200.0,400.0,-0.46268227807069995,20.376528236260206,6,0.0007999969171714435,,0.06090874428561975
repeater,True,acausal,5-30,26,176,2024-09-01/2025-07-01,302.76752314814814,63.0,0.8528463165078962,0.6643771925074048,400.0,600.0,0.2946711776914696,0.10074774009367972,52,0.011923687193958034,-0.3867369539066313,0.06509885812265248
repeater,True,acausal,5-30,26,176,2024-09-01/2025-07-01,302.76752314814814,63.0,0.8528463165078962,0.6643771925074048,600.0,850.0,-0.1859432197994472,0.029092028462189584,164,0.007614035593292049,0.2782780692380381,0.06191701608881667
repeater,True,snr_eq,5-30,26,176,2024-09-01/2025-07-01,302.76752314814814,63.0,0.8528463165078962,0.6643771925074048,2.0,75.0,0.052606244011370325,0.04187968990848906,25,0.0018625859513462769,,0.06542062332082034
repeater,True,snr_eq,5-30,26,176,2024-09-01/2025-07-01,302.76752314814814,63.0,0.8528463165078962,0.6643771925074048,75.0,250.0,-0.005751023387213158,0.00909106564314796,116,0.001434383873821088,0.008437898985288841,0.052763774591917764
repeater,True,snr_eq,5-30,26,176,2024-09-01/2025-07-01,302.76752314814814,63.0,0.8528463165078962,0.6643771925074048,250.0,550.0,-0.003107323819385954,0.002165161804877033,203,0.000906108326285491,-0.0039492577721378635,0.09785539564309136
repeater,True,snr_eq,5-30,26,176,2024-09-01/2025-07-01,302.76752314814814,63.0,0.8528463165078962,0.6643771925074048,550.0,850.0,-0.009769018306462932,0.003804722582257016,219,0.001267650000598688,0.008555170257174454,0.07761748272974536
repeater,True,snr_eq,5-30,26,176,2024-09-01/2025-07-01,302.76752314814814,63.0,0.8528463165078962,0.6643771925074048,2.0,25.0,,,0,,,
repeater,True,snr_eq,5-30,26,176,2024-09-01/2025-07-01,302.76752314814814,63.0,0.8528463165078962,0.6643771925074048,25.0,50.0,0.36561455563924894,0.2099999361288528,12,0.002350609201203452,-0.04364212485179498,0.01823659157543684
repeater,True,snr_eq,5-30,26,176,2024-09-01/2025-07-01,302.76752314814814,63.0,0.8528463165078962,0.6643771925074048,50.0,100.0,-0.0015338791980485076,0.028863346960159693,20,0.000881138758140239,-0.0023321525038641705,0.025170288522337637
repeater,True,snr_eq,5-30,26,176,2024-09-01/2025-07-01,302.76752314814814,63.0,0.8528463165078962,0.6643771925074048,100.0,200.0,0.0036406064159512945,0.01995921106380423,69,0.0014777660656059798,0.015583436053608467,0.03317922861328666
repeater,True,snr_eq,5-30,26,176,2024-09-01/2025-07-01,302.76752314814814,63.0,0.8528463165078962,0.6643771925074048,200.0,400.0,0.0048740221979076,0.004035583757673114,135,0.0008996065355549273,-0.0011215847614543097,0.06090874428561975
repeater,True,snr_eq,5-30,26,176,2024-09-01/2025-07-01,302.76752314814814,63.0,0.8528463165078962,0.6643771925074048,400.0,600.0,0.0049124808765795185,0.004645210484425496,132,0.0009298661803598479,-0.001092689888446602,0.06509885812265248
repeater,True,snr_eq,5-30,26,176,2024-09-01/2025-07-01,302.76752314814814,63.0,0.8528463165078962,0.6643771925074048,600.0,850.0,-0.018002604876915632,0.005627437598101403,191,0.001289564730737871,0.006153093556578348,0.06191701608881667
repeater,True,main,5-20,26,176,2024-09-01/2025-07-01,302.76752314814814,63.0,0.8528463165078962,0.6643771925074048,2.0,75.0,-0.020941228789531592,0.023918859990615188,40,0.002671486715012263,0.016302276976461395,0.06542062332082034
repeater,True,main,5-20,26,176,2024-09-01/2025-07-01,302.76752314814814,63.0,0.8528463165078962,0.6643771925074048,75.0,250.0,0.000629614328524195,0.008839953736022579,109,0.00183900367043516,0.010882875133541924,0.052763774591917764
repeater,True,main,5-20,26,176,2024-09-01/2025-07-01,302.76752314814814,63.0,0.8528463165078962,0.6643771925074048,250.0,550.0,0.014023511525222533,0.0037686384841416082,217,0.0014181168600494133,0.0032584894247598287,0.09785539564309136
repeater,True,main,5-20,26,176,2024-09-01/2025-07-01,302.76752314814814,63.0,0.8528463165078962,0.6643771925074048,550.0,850.0,-0.002422052403889764,0.004030279854086748,227,0.001374904753202776,-0.0026785564672407915,0.07761748272974536
repeater,True,main,5-20,26,176,2024-09-01/2025-07-01,302.76752314814814,63.0,0.8528463165078962,0.6643771925074048,2.0,25.0,0.0730903053696494,0.11338898946670625,10,0.002990035799458106,0.028917224904158854,0.029146549077424776
repeater,True,main,5-20,26,176,2024-09-01/2025-07-01,302.76752314814814,63.0,0.8528463165078962,0.6643771925074048,25.0,50.0,0.526945099080351,0.10368020154048464,13,0.0013269195720010789,0.002828144837926717,0.01823659157543684
repeater,True,main,5-20,26,176,2024-09-01/2025-07-01,302.76752314814814,63.0,0.8528463165078962,0.6643771925074048,50.0,100.0,0.030266232968212813,0.024577157710924308,20,0.0006648936216340693,-0.026814169418916903,0.025170288522337637
repeater,True,main,5-20,26,176,2024-09-01/2025-07-01,302.76752314814814,63.0,0.8528463165078962,0.6643771925074048,100.0,200.0,0.08156021848361837,0.027859137980524366,71,0.002202510863823617,0.03434415883503654,0.03317922861328666
repeater,True,main,5-20,26,176,2024-09-01/2025-07-01,302.76752314814814,63.0,0.8528463165078962,0.6643771925074048,200.0,400.0,-0.001743328302048376,0.007852893418879923,140,0.001492795693138419,-0.0208856510060842,0.06090874428561975
repeater,True,main,5-20,26,176,2024-09-01/2025-07-01,302.76752314814814,63.0,0.8528463165078962,0.6643771925074048,400.0,600.0,-0.005527239042544786,0.005418378085354245,154,0.0013423418024714037,-0.0038333564720359715,0.06509885812265248
repeater,True,main,5-20,26,176,2024-09-01/2025-07-01,302.76752314814814,63.0,0.8528463165078962,0.6643771925074048,600.0,850.0,-0.006361642339189788,0.005216289548910431,187,0.0014421528052155276,0.007416344248153835,0.06191701608881667
repeater,True,acausal,5-20,26,176,2024-09-01/2025-07-01,302.76752314814814,63.0,0.8528463165078962,0.6643771925074048,2.0,75.0,3.954921033513743,0.5577384013836454,7,0.001307020179784349,,0.06542062332082034
repeater,True,acausal,5-20,26,176,2024-09-01/2025-07-01,302.76752314814814,63.0,0.8528463165078962,0.6643771925074048,75.0,250.0,0.39490441280599975,1.3578668490135752,6,0.0001984596499270452,,0.052763774591917764
repeater,True,acausal,5-20,26,176,2024-09-01/2025-07-01,302.76752314814814,63.0,0.8528463165078962,0.6643771925074048,250.0,550.0,0.1977004787884672,0.02955972251760364,176,0.009269541491256651,,0.09785539564309136
repeater,True,acausal,5-20,26,176,2024-09-01/2025-07-01,302.76752314814814,63.0,0.8528463165078962,0.6643771925074048,550.0,850.0,0.062305730472303346,0.032752660928867305,205,0.009402079804191393,0.027598990751645354,0.07761748272974536
repeater,True,acausal,5-20,26,176,2024-09-01/2025-07-01,302.76752314814814,63.0,0.8528463165078962,0.6643771925074048,2.0,25.0,,,0,,,
repeater,True,acausal,5-20,26,176,2024-09-01/2025-07-01,302.76752314814814,63.0,0.8528463165078962,0.6643771925074048,25.0,50.0,,,0,,,
repeater,True,acausal,5-20,26,176,2024-09-01/2025-07-01,302.76752314814814,63.0,0.8528463165078962,0.6643771925074048,50.0,100.0,0.36724471214124116,1.1882119861257303,9,0.005176580140774106,,0.025170288522337637
repeater,True,acausal,5-20,26,176,2024-09-01/2025-07-01,302.76752314814814,63.0,0.8528463165078962,0.6643771925074048,100.0,200.0,36.62993629636655,9.525647973100885,8,0.002473166038285091,,0.03317922861328666
repeater,True,acausal,5-20,26,176,2024-09-01/2025-07-01,302.76752314814814,63.0,0.8528463165078962,0.6643771925074048,200.0,400.0,-0.11287581272070817,0.1683549630841627,59,0.008037073346931442,,0.06090874428561975
repeater,True,acausal,5-20,26,176,2024-09-01/2025-07-01,302.76752314814814,63.0,0.8528463165078962,0.6643771925074048,400.0,600.0,0.35851189535226125,0.037894559071923434,146,0.00828811668514496,-0.16345568704554772,0.06509885812265248
repeater,True,acausal,5-20,26,176,2024-09-01/2025-07-01,302.76752314814814,63.0,0.8528463165078962,0.6643771925074048,600.0,850.0,0.2825291723714499,0.03358209073955602,176,0.007720146268966263,-0.12021649476426975,0.06191701608881667
repeater,True,snr_eq,5-20,26,176,2024-09-01/2025-07-01,302.76752314814814,63.0,0.8528463165078962,0.6643771925074048,2.0,75.0,-0.02641565528219639,0.025924527097036763,41,0.0026912558495158913,0.014676981993280172,0.06542062332082034
repeater,True,snr_eq,5-20,26,176,2024-09-01/2025-07-01,302.76752314814814,63.0,0.8528463165078962,0.6643771925074048,75.0,250.0,0.01908462497736915,0.014018896198517601,112,0.0024144498179861167,0.01254036630416297,0.052763774591917764
repeater,True,snr_eq,5-20,26,176,2024-09-01/2025-07-01,302.76752314814814,63.0,0.8528463165078962,0.6643771925074048,250.0,550.0,0.013826112139351336,0.0038138166970301036,214,0.0015367142650356347,0.005425400678618695,0.09785539564309136
repeater,True,snr_eq,5-20,26,176,2024-09-01/2025-07-01,302.76752314814814,63.0,0.8528463165078962,0.6643771925074048,550.0,850.0,-0.0011650314050869173,0.004385652009501625,231,0.001579926417018914,-0.004074961535276271,0.07761748272974536
repeater,True,snr_eq,5-20,26,176,2024-09-01/2025-07-01,302.76752314814814,63.0,0.8528463165078962,0.6643771925074048,2.0,25.0,0.07607502277012561,0.10289520357081053,10,0.002780406217446466,0.029534905537229685,0.029146549077424776
repeater,True,snr_eq,5-20,26,176,2024-09-01/2025-07-01,302.76752314814814,63.0,0.8528463165078962,0.6643771925074048,25.0,50.0,0.34563160402310594,0.09464573563401549,11,0.0010605636728131947,0.059131670008907955,0.01823659157543684
repeater,True,snr_eq,5-20,26,176,2024-09-01/2025-07-01,302.76752314814814,63.0,0.8528463165078962,0.6643771925074048,50.0,100.0,0.051054985296959954,0.03210685493473501,23,0.0012146970711062804,-0.0276193252005511,0.025170288522337637
repeater,True,snr_eq,5-20,26,176,2024-09-01/2025-07-01,302.76752314814814,63.0,0.8528463165078962,0.6643771925074048,100.0,200.0,0.08124873739659348,0.02984983120204237,71,0.0023574135766774927,0.026164112087127423,0.03317922861328666
repeater,True,snr_eq,5-20,26,176,2024-09-01/2025-07-01,302.76752314814814,63.0,0.8528463165078962,0.6643771925074048,200.0,400.0,-0.00979384605252158,0.010154565249200402,141,0.0020282943966524756,-0.013537174971869662,0.06090874428561975
repeater,True,snr_eq,5-20,26,176,2024-09-01/2025-07-01,302.76752314814814,63.0,0.8528463165078962,0.6643771925074048,400.0,600.0,-0.007150647368748366,0.005595063994585422,153,0.0013944302576335066,-0.007134599697934538,0.06509885812265248
repeater,True,snr_eq,5-20,26,176,2024-09-01/2025-07-01,302.76752314814814,63.0,0.8528463165078962,0.6643771925074048,600.0,850.0,-0.007509429788628301,0.006403167236826368,188,0.0015884453064131203,0.0085164192822955,0.06191701608881667
repeater,True,main,5-30,0,18,2024-05-10/2024-07-08,58.83377314814815,59.0,0.944962093153242,0.6305350981812141,2.0,75.0,-0.07459554734455941,0.27806947370441604,29,0.00902260331790243,,0.06542062332082034
repeater,True,main,5-30,0,18,2024-05-10/2024-07-08,58.83377314814815,59.0,0.944962093153242,0.6305350981812141,75.0,250.0,-0.040429643902909956,0.0417439382431235,106,0.007084237117549493,-0.06757887277244438,0.052763774591917764
repeater,True,main,5-30,0,18,2024-05-10/2024-07-08,58.83377314814815,59.0,0.944962093153242,0.6305350981812141,250.0,550.0,0.04847579275875381,0.025297628941989544,153,0.008273097693241834,-0.04087001879791362,0.09785539564309136
repeater,True,main,5-30,0,18,2024-05-10/2024-07-08,58.83377314814815,59.0,0.944962093153242,0.6305350981812141,550.0,850.0,0.04261102703382408,0.04588080245086167,126,0.010666378717939004,-0.02856467220285709,0.07761748272974536
repeater,True,main,5-30,0,18,2024-05-10/2024-07-08,58.83377314814815,59.0,0.944962093153242,0.6305350981812141,2.0,25.0,,,0,,,
repeater,True,main,5-30,0,18,2024-05-10/2024-07-08,58.83377314814815,59.0,0.944962093153242,0.6305350981812141,25.0,50.0,0.3478519345540801,0.4232383259373057,6,0.0009579121914113004,-0.6589548811196259,0.01823659157543684
repeater,True,main,5-30,0,18,2024-05-10/2024-07-08,58.83377314814815,59.0,0.944962093153242,0.6305350981812141,50.0,100.0,-0.38883080436369555,0.14052614520909318,38,0.006339783207819114,-0.06845101966026196,0.025170288522337637
repeater,True,main,5-30,0,18,2024-05-10/2024-07-08,58.83377314814815,59.0,0.944962093153242,0.6305350981812141,100.0,200.0,-0.1410760212733525,0.10198506014110882,64,0.0077370240880163315,0.001305122441382805,0.03317922861328666
repeater,True,main,5-30,0,18,2024-05-10/2024-07-08,58.83377314814815,59.0,0.944962093153242,0.6305350981812141,200.0,400.0,0.003346330577365267,0.03303365015835295,101,0.006589246138307944,0.04879837664723565,0.06090874428561975
repeater,True,main,5-30,0,18,2024-05-10/2024-07-08,58.83377314814815,59.0,0.944962093153242,0.6305350981812141,400.0,600.0,0.1578240469925834,0.06363288170007027,93,0.00960474250427788,0.07610423884971292,0.06509885812265248
repeater,True,main,5-30,0,18,2024-05-10/2024-07-08,58.83377314814815,59.0,0.944962093153242,0.6305350981812141,600.0,850.0,0.09194432115076423,0.06098779641336129,110,0.010603872252797417,-0.20858399151831716,0.06191701608881667
repeater,True,acausal,5-30,0,18,2024-05-10/2024-07-08,58.83377314814815,59.0,0.944962093153242,0.6305350981812141,2.0,75.0,,,0,,,
repeater,True,acausal,5-30,0,18,2024-05-10/2024-07-08,58.83377314814815,59.0,0.944962093153242,0.6305350981812141,75.0,250.0,0.018622591637344397,0.44028827662453696,7,0.009811338789821098,,0.052763774591917764
repeater,True,acausal,5-30,0,18,2024-05-10/2024-07-08,58.83377314814815,59.0,0.944962093153242,0.6305350981812141,250.0,550.0,,,2,,,
repeater,True,acausal,5-30,0,18,2024-05-10/2024-07-08,58.83377314814815,59.0,0.944962093153242,0.6305350981812141,550.0,850.0,-0.0032818265567438553,0.17901930959973303,26,0.010163435904947114,,0.07761748272974536
repeater,True,acausal,5-30,0,18,2024-05-10/2024-07-08,58.83377314814815,59.0,0.944962093153242,0.6305350981812141,2.0,25.0,,,0,,,
repeater,True,acausal,5-30,0,18,2024-05-10/2024-07-08,58.83377314814815,59.0,0.944962093153242,0.6305350981812141,25.0,50.0,,,0,,,
repeater,True,acausal,5-30,0,18,2024-05-10/2024-07-08,58.83377314814815,59.0,0.944962093153242,0.6305350981812141,50.0,100.0,,,1,,,
repeater,True,acausal,5-30,0,18,2024-05-10/2024-07-08,58.83377314814815,59.0,0.944962093153242,0.6305350981812141,100.0,200.0,0.17637896611206197,0.458021613347801,6,0.00959228588576242,,0.03317922861328666
repeater,True,acausal,5-30,0,18,2024-05-10/2024-07-08,58.83377314814815,59.0,0.944962093153242,0.6305350981812141,200.0,400.0,,,1,,,
repeater,True,acausal,5-30,0,18,2024-05-10/2024-07-08,58.83377314814815,59.0,0.944962093153242,0.6305350981812141,400.0,600.0,,,1,,,
repeater,True,acausal,5-30,0,18,2024-05-10/2024-07-08,58.83377314814815,59.0,0.944962093153242,0.6305350981812141,600.0,850.0,-0.0032818265567438553,0.17901930959973303,26,0.010163435904947114,,0.06191701608881667
repeater,True,snr_eq,5-30,0,18,2024-05-10/2024-07-08,58.83377314814815,59.0,0.944962093153242,0.6305350981812141,2.0,75.0,-0.44179076524095645,0.26744901858477527,26,0.008102868773581965,,0.06542062332082034
repeater,True,snr_eq,5-30,0,18,2024-05-10/2024-07-08,58.83377314814815,59.0,0.944962093153242,0.6305350981812141,75.0,250.0,0.02244597602003044,0.04906699490451049,81,0.0075811826873696956,-0.13310352025118602,0.052763774591917764
repeater,True,snr_eq,5-30,0,18,2024-05-10/2024-07-08,58.83377314814815,59.0,0.944962093153242,0.6305350981812141,250.0,550.0,0.06159405160084326,0.02978595537904462,120,0.008714436400648324,-0.015316095502733235,0.09785539564309136
repeater,True,snr_eq,5-30,0,18,2024-05-10/2024-07-08,58.83377314814815,59.0,0.944962093153242,0.6305350981812141,550.0,850.0,0.07000815394756635,0.051911933832698,116,0.011078120454102187,-0.09642234225519451,0.07761748272974536
repeater,True,snr_eq,5-30,0,18,2024-05-10/2024-07-08,58.83377314814815,59.0,0.944962093153242,0.6305350981812141,2.0,25.0,,,0,,,
repeater,True,snr_eq,5-30,0,18,2024-05-10/2024-07-08,58.83377314814815,59.0,0.944962093153242,0.6305350981812141,25.0,50.0,2.5106556553247525,2.808218811809198,8,0.008638636453490306,,0.01823659157543684
repeater,True,snr_eq,5-30,0,18,2024-05-10/2024-07-08,58.83377314814815,59.0,0.944962093153242,0.6305350981812141,50.0,100.0,-0.3917321346557402,0.1475741995708425,32,0.006149708038087868,0.13231471451432766,0.025170288522337637
repeater,True,snr_eq,5-30,0,18,2024-05-10/2024-07-08,58.83377314814815,59.0,0.944962093153242,0.6305350981812141,100.0,200.0,0.0443563878621655,0.12060954133515907,51,0.008500130090641076,-0.018546766910708844,0.03317922861328666
repeater,True,snr_eq,5-30,0,18,2024-05-10/2024-07-08,58.83377314814815,59.0,0.944962093153242,0.6305350981812141,200.0,400.0,0.06024615389061249,0.04551614336147549,88,0.008103454641620836,0.031901462824004974,0.06090874428561975
repeater,True,snr_eq,5-30,0,18,2024-05-10/2024-07-08,58.83377314814815,59.0,0.944962093153242,0.6305350981812141,400.0,600.0,-0.019615766401418253,0.06242118318306509,62,0.00902835056566344,0.0619469338140289,0.06509885812265248
repeater,True,snr_eq,5-30,0,18,2024-05-10/2024-07-08,58.83377314814815,59.0,0.944962093153242,0.6305350981812141,600.0,850.0,0.042120906755788966,0.06964257355555645,102,0.01131982067045645,-0.23490997917463297,0.06191701608881667
repeater,True,main,5-20,0,18,2024-05-10/2024-07-08,58.83377314814815,59.0,0.944962093153242,0.6305350981812141,2.0,75.0,-0.05064587142988664,0.2494359431376641,31,0.010703797683248856,,0.06542062332082034
repeater,True,main,5-20,0,18,2024-05-10/2024-07-08,58.83377314814815,59.0,0.944962093153242,0.6305350981812141,75.0,250.0,0.05368474416846378,0.05713852231106341,109,0.009840813231568863,0.017560516580256844,0.052763774591917764
repeater,True,main,5-20,0,18,2024-05-10/2024-07-08,58.83377314814815,59.0,0.944962093153242,0.6305350981812141,250.0,550.0,0.016197019563840686,0.03091453174371283,173,0.010288880876208627,-0.07002493513563432,0.09785539564309136
repeater,True,main,5-20,0,18,2024-05-10/2024-07-08,58.83377314814815,59.0,0.944962093153242,0.6305350981812141,550.0,850.0,0.08383521766746295,0.04352998796444048,143,0.010752507565251413,-0.09056799742745539,0.07761748272974536
repeater,True,main,5-20,0,18,2024-05-10/2024-07-08,58.83377314814815,59.0,0.944962093153242,0.6305350981812141,2.0,25.0,,,1,,,
repeater,True,main,5-20,0,18,2024-05-10/2024-07-08,58.83377314814815,59.0,0.944962093153242,0.6305350981812141,25.0,50.0,3.0849587909313785,2.795215614968726,9,0.01062519369366097,,0.01823659157543684
repeater,True,main,5-20,0,18,2024-05-10/2024-07-08,58.83377314814815,59.0,0.944962093153242,0.6305350981812141,50.0,100.0,-0.468253827212566,0.15045371410848044,42,0.008837157834656932,0.5342299474860535,0.025170288522337637
repeater,True,main,5-20,0,18,2024-05-10/2024-07-08,58.83377314814815,59.0,0.944962093153242,0.6305350981812141,100.0,200.0,0.011260719275272614,0.14261305826254536,62,0.01059850614163816,-0.3667600060970355,0.03317922861328666
repeater,True,main,5-20,0,18,2024-05-10/2024-07-08,58.83377314814815,59.0,0.944962093153242,0.6305350981812141,200.0,400.0,0.0025261138760296906,0.04723046514034529,111,0.009731163498476168,0.08734979785779641,0.06090874428561975
repeater,True,main,5-20,0,18,2024-05-10/2024-07-08,58.83377314814815,59.0,0.944962093153242,0.6305350981812141,400.0,600.0,-0.05284808909077603,0.05614224578829617,120,0.01052854036178762,-0.0635015016904329,0.06509885812265248
repeater,True,main,5-20,0,18,2024-05-10/2024-07-08,58.83377314814815,59.0,0.944962093153242,0.6305350981812141,600.0,850.0,0.09356330398738558,0.06898867902267028,111,0.01078880801421928,-0.08928111849718434,0.06191701608881667
repeater,True,acausal,5-20,0,18,2024-05-10/2024-07-08,58.83377314814815,59.0,0.944962093153242,0.6305350981812141,2.0,75.0,,,3,,,
repeater,True,acausal,5-20,0,18,2024-05-10/2024-07-08,58.83377314814815,59.0,0.944962093153242,0.6305350981812141,75.0,250.0,-0.07906451023963999,0.8064710066873525,10,0.007983177412928118,,0.052763774591917764
repeater,True,acausal,5-20,0,18,2024-05-10/2024-07-08,58.83377314814815,59.0,0.944962093153242,0.6305350981812141,250.0,550.0,0.01281253074634986,0.4712456864214271,13,0.00928133272004258,,0.09785539564309136
repeater,True,acausal,5-20,0,18,2024-05-10/2024-07-08,58.83377314814815,59.0,0.944962093153242,0.6305350981812141,550.0,850.0,0.12003183685335006,0.1320425944181646,27,0.01065922629550395,,0.07761748272974536
repeater,True,acausal,5-20,0,18,2024-05-10/2024-07-08,58.83377314814815,59.0,0.944962093153242,0.6305350981812141,2.0,25.0,,,2,,,
repeater,True,acausal,5-20,0,18,2024-05-10/2024-07-08,58.83377314814815,59.0,0.944962093153242,0.6305350981812141,25.0,50.0,,,0,,,
repeater,True,acausal,5-20,0,18,2024-05-10/2024-07-08,58.83377314814815,59.0,0.944962093153242,0.6305350981812141,50.0,100.0,,,4,,,
repeater,True,acausal,5-20,0,18,2024-05-10/2024-07-08,58.83377314814815,59.0,0.944962093153242,0.6305350981812141,100.0,200.0,-0.025518522395210536,0.6946711262432379,7,0.00948980660154109,,0.03317922861328666
repeater,True,acausal,5-20,0,18,2024-05-10/2024-07-08,58.83377314814815,59.0,0.944962093153242,0.6305350981812141,200.0,400.0,1.3091877320542469,3.8447100454374765,9,0.007869620622353713,,0.06090874428561975
repeater,True,acausal,5-20,0,18,2024-05-10/2024-07-08,58.83377314814815,59.0,0.944962093153242,0.6305350981812141,400.0,600.0,,,5,,,
repeater,True,acausal,5-20,0,18,2024-05-10/2024-07-08,58.83377314814815,59.0,0.944962093153242,0.6305350981812141,600.0,850.0,0.04958599509155486,0.1646741168632049,26,0.010752891718154859,,0.06191701608881667
repeater,True,snr_eq,5-20,0,18,2024-05-10/2024-07-08,58.83377314814815,59.0,0.944962093153242,0.6305350981812141,2.0,75.0,-0.02851472440913492,0.22693862942499166,30,0.008731115721528642,,0.06542062332082034
repeater,True,snr_eq,5-20,0,18,2024-05-10/2024-07-08,58.83377314814815,59.0,0.944962093153242,0.6305350981812141,75.0,250.0,0.004090184402267559,0.06507405844515972,99,0.009680947180013853,-0.023512615825290822,0.052763774591917764
repeater,True,snr_eq,5-20,0,18,2024-05-10/2024-07-08,58.83377314814815,59.0,0.944962093153242,0.6305350981812141,250.0,550.0,0.03579380341765932,0.03137170449879555,151,0.010526153736079095,-0.09206706739377377,0.09785539564309136
repeater,True,snr_eq,5-20,0,18,2024-05-10/2024-07-08,58.83377314814815,59.0,0.944962093153242,0.6305350981812141,550.0,850.0,-0.0037801847120854963,0.0493537918763871,130,0.010569789587410755,0.02808141895432458,0.07761748272974536
repeater,True,snr_eq,5-20,0,18,2024-05-10/2024-07-08,58.83377314814815,59.0,0.944962093153242,0.6305350981812141,2.0,25.0,,,1,,,
repeater,True,snr_eq,5-20,0,18,2024-05-10/2024-07-08,58.83377314814815,59.0,0.944962093153242,0.6305350981812141,25.0,50.0,-0.48864178957365445,1.9331317592855635,8,0.0064427885765150385,,0.01823659157543684
repeater,True,snr_eq,5-20,0,18,2024-05-10/2024-07-08,58.83377314814815,59.0,0.944962093153242,0.6305350981812141,50.0,100.0,-0.08142163775831766,0.14965548884054722,40,0.009545395986708975,0.1687504580231938,0.025170288522337637
repeater,True,snr_eq,5-20,0,18,2024-05-10/2024-07-08,58.83377314814815,59.0,0.944962093153242,0.6305350981812141,100.0,200.0,0.039705307262835575,0.11913290464233782,60,0.009438204623992289,0.03494076330230879,0.03317922861328666
repeater,True,snr_eq,5-20,0,18,2024-05-10/2024-07-08,58.83377314814815,59.0,0.944962093153242,0.6305350981812141,200.0,400.0,0.04386817708420024,0.06298810549672625,91,0.010178499774002234,0.025356629415772255,0.06090874428561975
repeater,True,snr_eq,5-20,0,18,2024-05-10/2024-07-08,58.83377314814815,59.0,0.944962093153242,0.6305350981812141,400.0,600.0,0.05042955064886292,0.06431422713735258,108,0.010659883440731254,0.037362050150808825,0.06509885812265248
repeater,True,snr_eq,5-20,0,18,2024-05-10/2024-07-08,58.83377314814815,59.0,0.944962093153242,0.6305350981812141,600.0,850.0,0.017423139110224382,0.07842824840473842,102,0.010690874225158378,-0.18641223965871664,0.06191701608881667
repeater,True,main,5-30,25,176,2024-09-01/2025-07-01,302.9914699074074,63.0,0.817851061140602,0.6268839594565632,2.0,75.0,0.06465920827126448,0.06196977636334227,24,0.0017926146361380156,,0.06542062332082034
repeater,True,main,5-30,25,176,2024-09-01/2025-07-01,302.9914699074074,63.0,0.817851061140602,0.6268839594565632,75.0,250.0,0.00939302390644289,0.008982665355012262,117,0.0016224327411232988,0.010357672745866669,0.052763774591917764
repeater,True,main,5-30,25,176,2024-09-01/2025-07-01,302.9914699074074,63.0,0.817851061140602,0.6268839594565632,250.0,550.0,0.03234786462654017,0.0030279004214102687,236,0.0012481475240135676,-0.021364992294952836,0.09785539564309136
repeater,True,main,5-30,25,176,2024-09-01/2025-07-01,302.9914699074074,63.0,0.817851061140602,0.6268839594565632,550.0,850.0,0.004415793922460243,0.00477100092704169,235,0.0015893729193583559,0.006532566423618865,0.07761748272974536
repeater,True,main,5-30,25,176,2024-09-01/2025-07-01,302.9914699074074,63.0,0.817851061140602,0.6268839594565632,2.0,25.0,,,0,,,
repeater,True,main,5-30,25,176,2024-09-01/2025-07-01,302.9914699074074,63.0,0.817851061140602,0.6268839594565632,25.0,50.0,0.10912641837139886,0.8325071183006484,9,0.002480021569886753,,0.01823659157543684
repeater,True,main,5-30,25,176,2024-09-01/2025-07-01,302.9914699074074,63.0,0.817851061140602,0.6268839594565632,50.0,100.0,-0.22022849541158648,0.025491814867839312,22,0.0007487316240675807,0.08317121707512257,0.025170288522337637
repeater,True,main,5-30,25,176,2024-09-01/2025-07-01,302.9914699074074,63.0,0.817851061140602,0.6268839594565632,100.0,200.0,-0.02506633122242428,0.02221805330464159,71,0.0017155490706609903,0.010081485429967608,0.03317922861328666
repeater,True,main,5-30,25,176,2024-09-01/2025-07-01,302.9914699074074,63.0,0.817851061140602,0.6268839594565632,200.0,400.0,0.02254489054652781,0.0054198625272568884,146,0.001364314359603357,-0.04635603818168241,0.06090874428561975
repeater,True,main,5-30,25,176,2024-09-01/2025-07-01,302.9914699074074,63.0,0.817851061140602,0.6268839594565632,400.0,600.0,-0.007322963776065601,0.006925218661059292,163,0.0014561786969458953,0.004099292517109502,0.06509885812265248
repeater,True,main,5-30,25,176,2024-09-01/2025-07-01,302.9914699074074,63.0,0.817851061140602,0.6268839594565632,600.0,850.0,-0.0091027910741588,0.005803914355644941,200,0.0015002794125202898,0.0008219758217520563,0.06191701608881667
repeater,True,acausal,5-30,25,176,2024-09-01/2025-07-01,302.9914699074074,63.0,0.817851061140602,0.6268839594565632,2.0,75.0,-0.19045238494671668,0.5962464003485902,18,0.010542113590126462,,0.06542062332082034
repeater,True,acausal,5-30,25,176,2024-09-01/2025-07-01,302.9914699074074,63.0,0.817851061140602,0.6268839594565632,75.0,250.0,,,0,,,
repeater,True,acausal,5-30,25,176,2024-09-01/2025-07-01,302.9914699074074,63.0,0.817851061140602,0.6268839594565632,250.0,550.0,0.12047596942630151,0.06849625009797243,42,0.005283241225206146,,0.09785539564309136
repeater,True,acausal,5-30,25,176,2024-09-01/2025-07-01,302.9914699074074,63.0,0.817851061140602,0.6268839594565632,550.0,850.0,-0.16533454362957611,0.02121316176593638,164,0.007368366969460401,0.277340300170713,0.07761748272974536
repeater,True,acausal,5-30,25,176,2024-09-01/2025-07-01,302.9914699074074,63.0,0.817851061140602,0.6268839594565632,2.0,25.0,,,0,,,
repeater,True,acausal,5-30,25,176,2024-09-01/2025-07-01,302.9914699074074,63.0,0.817851061140602,0.6268839594565632,25.0,50.0,,,5,,,
repeater,True,acausal,5-30,25,176,2024-09-01/2025-07-01,302.9914699074074,63.0,0.817851061140602,0.6268839594565632,50.0,100.0,-1.3680046270936725,1.040585499634211,13,0.009983306595121087,,0.025170288522337637
repeater,True,acausal,5-30,25,176,2024-09-01/2025-07-01,302.9914699074074,63.0,0.817851061140602,0.6268839594565632,100.0,200.0,,,0,,,
repeater,True,acausal,5-30,25,176,2024-09-01/2025-07-01,302.9914699074074,63.0,0.817851061140602,0.6268839594565632,200.0,400.0,,,5,,,
repeater,True,acausal,5-30,25,176,2024-09-01/2025-07-01,302.9914699074074,63.0,0.817851061140602,0.6268839594565632,400.0,600.0,0.6242541149589211,0.048416802966807775,62,0.007058187302459313,-0.4347202801851718,0.06509885812265248
repeater,True,acausal,5-30,25,176,2024-09-01/2025-07-01,302.9914699074074,63.0,0.817851061140602,0.6268839594565632,600.0,850.0,-0.16345868171086694,0.03717358366155455,139,0.007612623490935766,0.2701221107290129,0.06191701608881667
repeater,True,snr_eq,5-30,25,176,2024-09-01/2025-07-01,302.9914699074074,63.0,0.817851061140602,0.6268839594565632,2.0,75.0,0.0854155723479711,0.06576815041355924,22,0.002330828874380587,,0.06542062332082034
repeater,True,snr_eq,5-30,25,176,2024-09-01/2025-07-01,302.9914699074074,63.0,0.817851061140602,0.6268839594565632,75.0,250.0,0.025477447381578883,0.011066166820325253,113,0.0018803888685222485,0.02436551266606987,0.052763774591917764
repeater,True,snr_eq,5-30,25,176,2024-09-01/2025-07-01,302.9914699074074,63.0,0.817851061140602,0.6268839594565632,250.0,550.0,0.032455560836864086,0.003620457555634847,229,0.001414925113159694,-0.025926700852921758,0.09785539564309136
repeater,True,snr_eq,5-30,25,176,2024-09-01/2025-07-01,302.9914699074074,63.0,0.817851061140602,0.6268839594565632,550.0,850.0,0.005499497300510365,0.004795968027793625,248,0.001678880648907774,0.004362014555051735,0.07761748272974536
repeater,True,snr_eq,5-30,25,176,2024-09-01/2025-07-01,302.9914699074074,63.0,0.817851061140602,0.6268839594565632,2.0,25.0,,,0,,,
repeater,True,snr_eq,5-30,25,176,2024-09-01/2025-07-01,302.9914699074074,63.0,0.817851061140602,0.6268839594565632,25.0,50.0,-0.026315639404456716,1.0544395352623708,8,0.0025945409364915473,,0.01823659157543684
repeater,True,snr_eq,5-30,25,176,2024-09-01/2025-07-01,302.9914699074074,63.0,0.817851061140602,0.6268839594565632,50.0,100.0,-0.050874898053950526,0.08141152397016146,24,0.0024435710887271045,0.02025042158500414,0.025170288522337637
repeater,True,snr_eq,5-30,25,176,2024-09-01/2025-07-01,302.9914699074074,63.0,0.817851061140602,0.6268839594565632,100.0,200.0,-0.008637059983980616,0.023599913521661905,68,0.0020144165903283875,-0.01467805872300603,0.03317922861328666
repeater,True,snr_eq,5-30,25,176,2024-09-01/2025-07-01,302.9914699074074,63.0,0.817851061140602,0.6268839594565632,200.0,400.0,0.01486992641929743,0.0071212326796901045,146,0.0016172504064221433,-0.027734515828976524,0.06090874428561975
repeater,True,snr_eq,5-30,25,176,2024-09-01/2025-07-01,302.9914699074074,63.0,0.817851061140602,0.6268839594565632,400.0,600.0,-0.007847909915281663,0.007032250640814546,165,0.001616628327483892,0.002288054774028685,0.06509885812265248
repeater,True,snr_eq,5-30,25,176,2024-09-01/2025-07-01,302.9914699074074,63.0,0.817851061140602,0.6268839594565632,600.0,850.0,-0.013042449254418397,0.005794760428373453,203,0.0015518989497653112,0.00271822252800824,0.06191701608881667
repeater,True,main,5-20,25,176,2024-09-01/2025-07-01,302.9914699074074,63.0,0.817851061140602,0.6268839594565632,2.0,75.0,-0.14239682258501507,0.047286088759793156,41,0.0046130529474770815,0.15388754070597754,0.06542062332082034
repeater,True,main,5-20,25,176,2024-09-01/2025-07-01,302.9914699074074,63.0,0.817851061140602,0.6268839594565632,75.0,250.0,-0.0051774847719347926,0.00902573003405878,114,0.001483418390155174,0.0035471562945734196,0.052763774591917764
repeater,True,main,5-20,25,176,2024-09-01/2025-07-01,302.9914699074074,63.0,0.817851061140602,0.6268839594565632,250.0,550.0,0.05607051227910618,0.005808294616695375,229,0.0023723807125832757,-0.008845655594603848,0.09785539564309136
repeater,True,main,5-20,25,176,2024-09-01/2025-07-01,302.9914699074074,63.0,0.817851061140602,0.6268839594565632,550.0,850.0,0.00793084185723272,0.00677107941164376,249,0.002569132312644096,0.015630350449216877,0.07761748272974536
repeater,True,main,5-20,25,176,2024-09-01/2025-07-01,302.9914699074074,63.0,0.817851061140602,0.6268839594565632,2.0,25.0,,,3,,,
repeater,True,main,5-20,25,176,2024-09-01/2025-07-01,302.9914699074074,63.0,0.817851061140602,0.6268839594565632,25.0,50.0,0.7172038960473254,0.19348670958237593,12,0.0014494612777030589,,0.01823659157543684
repeater,True,main,5-20,25,176,2024-09-01/2025-07-01,302.9914699074074,63.0,0.817851061140602,0.6268839594565632,50.0,100.0,0.18036317781887795,0.08772315478520504,36,0.004365546061940423,-0.036156794790951456,0.025170288522337637
repeater,True,main,5-20,25,176,2024-09-01/2025-07-01,302.9914699074074,63.0,0.817851061140602,0.6268839594565632,100.0,200.0,-0.00088122494358171,0.01864367847293943,66,0.001402793580548261,0.03322045781406722,0.03317922861328666
repeater,True,main,5-20,25,176,2024-09-01/2025-07-01,302.9914699074074,63.0,0.817851061140602,0.6268839594565632,200.0,400.0,0.002824430122630413,0.008663655155435723,155,0.0019059323686675957,-0.044764768378073305,0.06090874428561975
repeater,True,main,5-20,25,176,2024-09-01/2025-07-01,302.9914699074074,63.0,0.817851061140602,0.6268839594565632,400.0,600.0,-0.03568886864393274,0.013715586968287579,161,0.0027883751839908356,0.01669754799476235,0.06509885812265248
repeater,True,main,5-20,25,176,2024-09-01/2025-07-01,302.9914699074074,63.0,0.817851061140602,0.6268839594565632,600.0,850.0,0.024085904182521545,0.011405531006249463,204,0.0026480444141394038,0.02407333606006766,0.06191701608881667
repeater,True,acausal,5-20,25,176,2024-09-01/2025-07-01,302.9914699074074,63.0,0.817851061140602,0.6268839594565632,2.0,75.0,2.198652812560318,1.2858635770900408,10,0.005327161720825246,,0.06542062332082034
repeater,True,acausal,5-20,25,176,2024-09-01/2025-07-01,302.9914699074074,63.0,0.817851061140602,0.6268839594565632,75.0,250.0,,,1,,,
repeater,True,acausal,5-20,25,176,2024-09-01/2025-07-01,302.9914699074074,63.0,0.817851061140602,0.6268839594565632,250.0,550.0,0.21735463728791213,0.03235776635696701,152,0.008583284736062508,,0.09785539564309136
repeater,True,acausal,5-20,25,176,2024-09-01/2025-07-01,302.9914699074074,63.0,0.817851061140602,0.6268839594565632,550.0,850.0,-0.07253532166494502,0.027740506990991343,205,0.00901133176299729,0.10920903809521179,0.07761748272974536
repeater,True,acausal,5-20,25,176,2024-09-01/2025-07-01,302.9914699074074,63.0,0.817851061140602,0.6268839594565632,2.0,25.0,,,0,,,
repeater,True,acausal,5-20,25,176,2024-09-01/2025-07-01,302.9914699074074,63.0,0.817851061140602,0.6268839594565632,25.0,50.0,,,0,,,
repeater,True,acausal,5-20,25,176,2024-09-01/2025-07-01,302.9914699074074,63.0,0.817851061140602,0.6268839594565632,50.0,100.0,2.198652812560318,1.2858635770900408,10,0.005327161720825246,,0.025170288522337637
repeater,True,acausal,5-20,25,176,2024-09-01/2025-07-01,302.9914699074074,63.0,0.817851061140602,0.6268839594565632,100.0,200.0,,,1,,,
repeater,True,acausal,5-20,25,176,2024-09-01/2025-07-01,302.9914699074074,63.0,0.817851061140602,0.6268839594565632,200.0,400.0,-0.07672769019010449,0.2274845410669558,52,0.007516462411401789,,0.06090874428561975
repeater,True,acausal,5-20,25,176,2024-09-01/2025-07-01,302.9914699074074,63.0,0.817851061140602,0.6268839594565632,400.0,600.0,0.2213629840715263,0.037539231788856285,141,0.008707816067466668,-0.13629994807716392,0.06509885812265248
repeater,True,acausal,5-20,25,176,2024-09-01/2025-07-01,302.9914699074074,63.0,0.817851061140602,0.6268839594565632,600.0,850.0,0.10698335253431407,0.03761639172980657,164,0.00815969408072103,-0.10614808843176553,0.06191701608881667
repeater,True,snr_eq,5-20,25,176,2024-09-01/2025-07-01,302.9914699074074,63.0,0.817851061140602,0.6268839594565632,2.0,75.0,-0.04712671953805815,0.0775545490535316,42,0.0047140794083522335,,0.06542062332082034
repeater,True,snr_eq,5-20,25,176,2024-09-01/2025-07-01,302.9914699074074,63.0,0.817851061140602,0.6268839594565632,75.0,250.0,-0.012721072750956174,0.01236714759338189,120,0.0022860548089917773,-0.005956452094056215,0.052763774591917764
repeater,True,snr_eq,5-20,25,176,2024-09-01/2025-07-01,302.9914699074074,63.0,0.817851061140602,0.6268839594565632,250.0,550.0,0.05490799676900379,0.00661501931772051,240,0.002494982093054288,-0.0008762485133414484,0.09785539564309136
repeater,True,snr_eq,5-20,25,176,2024-09-01/2025-07-01,302.9914699074074,63.0,0.817851061140602,0.6268839594565632,550.0,850.0,0.012417801913799978,0.007855180072704044,253,0.002804203012442335,0.012927458331241065,0.07761748272974536
repeater,True,snr_eq,5-20,25,176,2024-09-01/2025-07-01,302.9914699074074,63.0,0.817851061140602,0.6268839594565632,2.0,25.0,,,2,,,
repeater,True,snr_eq,5-20,25,176,2024-09-01/2025-07-01,302.9914699074074,63.0,0.817851061140602,0.6268839594565632,25.0,50.0,0.8193827749688843,0.12018231333177373,14,0.0014364634254885652,-0.5036413257993514,0.01823659157543684
repeater,True,snr_eq,5-20,25,176,2024-09-01/2025-07-01,302.9914699074074,63.0,0.817851061140602,0.6268839594565632,50.0,100.0,0.08699531777475135,0.09018866470598987,35,0.00407156717076269,-0.06575437017566257,0.025170288522337637
repeater,True,snr_eq,5-20,25,176,2024-09-01/2025-07-01,302.9914699074074,63.0,0.817851061140602,0.6268839594565632,100.0,200.0,-0.017119558385017192,0.02346559710588738,67,0.0018817291586087652,0.04509790917053555,0.03317922861328666
repeater,True,snr_eq,5-20,25,176,2024-09-01/2025-07-01,302.9914699074074,63.0,0.817851061140602,0.6268839594565632,200.0,400.0,-0.0010245190079890745,0.0114527234344468,161,0.0026242745576296558,-0.03337900534737141,0.06090874428561975
repeater,True,snr_eq,5-20,25,176,2024-09-01/2025-07-01,302.9914699074074,63.0,0.817851061140602,0.6268839594565632,400.0,600.0,-0.008431862905073402,0.012535550647659648,168,0.002673539157051113,-0.0017056252894833124,0.06509885812265248
repeater,True,snr_eq,5-20,25,176,2024-09-01/2025-07-01,302.9914699074074,63.0,0.817851061140602,0.6268839594565632,600.0,850.0,0.028414061119873504,0.012121245437546278,209,0.002967215119795902,0.0248336371553315,0.06191701608881667
control,False,main,5-30,119,185,2025-04-01/2025-07-27,116.99887731481482,117.0,0.2101735672770996,0.1647765412328835,2.0,75.0,,,5,,,
control,False,main,5-30,119,185,2025-04-01/2025-07-27,116.99887731481482,117.0,0.2101735672770996,0.1647765412328835,75.0,250.0,-0.12054800143576175,0.06836384195608568,15,0.002533266781364031,,0.052763774591917764
control,False,main,5-30,119,185,2025-04-01/2025-07-27,116.99887731481482,117.0,0.2101735672770996,0.1647765412328835,250.0,550.0,-0.21410748357310805,54.27050831550521,6,0.0032485920950676476,,0.09785539564309136
control,False,main,5-30,119,185,2025-04-01/2025-07-27,116.99887731481482,117.0,0.2101735672770996,0.1647765412328835,550.0,850.0,,,1,,,
control,False,main,5-30,119,185,2025-04-01/2025-07-27,116.99887731481482,117.0,0.2101735672770996,0.1647765412328835,2.0,25.0,,,0,,,
control,False,main,5-30,119,185,2025-04-01/2025-07-27,116.99887731481482,117.0,0.2101735672770996,0.1647765412328835,25.0,50.0,,,3,,,
control,False,main,5-30,119,185,2025-04-01/2025-07-27,116.99887731481482,117.0,0.2101735672770996,0.1647765412328835,50.0,100.0,,,3,,,
control,False,main,5-30,119,185,2025-04-01/2025-07-27,116.99887731481482,117.0,0.2101735672770996,0.1647765412328835,100.0,200.0,0.19299209966465558,0.287755006282996,10,0.0016494526959556254,0.16728051446000775,0.03317922861328666
control,False,main,5-30,119,185,2025-04-01/2025-07-27,116.99887731481482,117.0,0.2101735672770996,0.1647765412328835,200.0,400.0,0.6142884497474063,0.06849418573580326,10,0.0028845842249996963,,0.06090874428561975
control,False,main,5-30,119,185,2025-04-01/2025-07-27,116.99887731481482,117.0,0.2101735672770996,0.1647765412328835,400.0,600.0,,,1,,,
control,False,main,5-30,119,185,2025-04-01/2025-07-27,116.99887731481482,117.0,0.2101735672770996,0.1647765412328835,600.0,850.0,,,1,,,
control,False,main,5-20,119,185,2025-04-01/2025-07-27,116.99887731481482,117.0,0.2101735672770996,0.1647765412328835,2.0,75.0,,,1,,,
control,False,main,5-20,119,185,2025-04-01/2025-07-27,116.99887731481482,117.0,0.2101735672770996,0.1647765412328835,75.0,250.0,,,4,,,
control,False,main,5-20,119,185,2025-04-01/2025-07-27,116.99887731481482,117.0,0.2101735672770996,0.1647765412328835,250.0,550.0,-0.5186434689331585,0.6442212732768359,10,0.00989207574340399,,0.09785539564309136
control,False,main,5-20,119,185,2025-04-01/2025-07-27,116.99887731481482,117.0,0.2101735672770996,0.1647765412328835,550.0,850.0,,,4,,,
control,False,main,5-20,119,185,2025-04-01/2025-07-27,116.99887731481482,117.0,0.2101735672770996,0.1647765412328835,2.0,25.0,,,1,,,
control,False,main,5-20,119,185,2025-04-01/2025-07-27,116.99887731481482,117.0,0.2101735672770996,0.1647765412328835,25.0,50.0,,,0,,,
control,False,main,5-20,119,185,2025-04-01/2025-07-27,116.99887731481482,117.0,0.2101735672770996,0.1647765412328835,50.0,100.0,,,1,,,
control,False,main,5-20,119,185,2025-04-01/2025-07-27,116.99887731481482,117.0,0.2101735672770996,0.1647765412328835,100.0,200.0,,,2,,,
control,False,main,5-20,119,185,2025-04-01/2025-07-27,116.99887731481482,117.0,0.2101735672770996,0.1647765412328835,200.0,400.0,-0.5952515779735239,0.5200278053912228,10,0.008661634883739493,,0.06090874428561975
control,False,main,5-20,119,185,2025-04-01/2025-07-27,116.99887731481482,117.0,0.2101735672770996,0.1647765412328835,400.0,600.0,,,1,,,
control,False,main,5-20,119,185,2025-04-01/2025-07-27,116.99887731481482,117.0,0.2101735672770996,0.1647765412328835,600.0,850.0,,,4,,,
control,False,main,5-30,53,83,2024-12-29/2025-02-11,44.006458333333335,43.25,-0.0165661408512371,-0.2563573470888101,2.0,75.0,,,4,,,
control,False,main,5-30,53,83,2024-12-29/2025-02-11,44.006458333333335,43.25,-0.0165661408512371,-0.2563573470888101,75.0,250.0,,,0,,,
control,False,main,5-30,53,83,2024-12-29/2025-02-11,44.006458333333335,43.25,-0.0165661408512371,-0.2563573470888101,250.0,550.0,-0.05848019968463894,0.19575761482861928,7,0.0016489622354390495,,0.09785539564309136
control,False,main,5-30,53,83,2024-12-29/2025-02-11,44.006458333333335,43.25,-0.0165661408512371,-0.2563573470888101,550.0,850.0,-0.23049571312246336,0.02661777476295113,65,0.00463992924327292,0.28183647712064824,0.07761748272974536
control,False,main,5-30,53,83,2024-12-29/2025-02-11,44.006458333333335,43.25,-0.0165661408512371,-0.2563573470888101,2.0,25.0,,,1,,,
control,False,main,5-30,53,83,2024-12-29/2025-02-11,44.006458333333335,43.25,-0.0165661408512371,-0.2563573470888101,25.0,50.0,,,1,,,
control,False,main,5-30,53,83,2024-12-29/2025-02-11,44.006458333333335,43.25,-0.0165661408512371,-0.2563573470888101,50.0,100.0,,,2,,,
control,False,main,5-30,53,83,2024-12-29/2025-02-11,44.006458333333335,43.25,-0.0165661408512371,-0.2563573470888101,100.0,200.0,,,0,,,
control,False,main,5-30,53,83,2024-12-29/2025-02-11,44.006458333333335,43.25,-0.0165661408512371,-0.2563573470888101,200.0,400.0,,,2,,,
control,False,main,5-30,53,83,2024-12-29/2025-02-11,44.006458333333335,43.25,-0.0165661408512371,-0.2563573470888101,400.0,600.0,0.13157718854441625,0.20561632851577016,7,0.0015035078242589767,,0.06509885812265248
control,False,main,5-30,53,83,2024-12-29/2025-02-11,44.006458333333335,43.25,-0.0165661408512371,-0.2563573470888101,600.0,850.0,-0.23049571312246336,0.02661777476295113,65,0.00463992924327292,,0.06191701608881667
control,False,main,5-20,53,83,2024-12-29/2025-02-11,44.006458333333335,43.25,-0.0165661408512371,-0.2563573470888101,2.0,75.0,,,2,,,
control,False,main,5-20,53,83,2024-12-29/2025-02-11,44.006458333333335,43.25,-0.0165661408512371,-0.2563573470888101,75.0,250.0,0.4506307660213165,0.13864402869543244,12,0.007112870357584374,-0.19698101252465183,0.052763774591917764
control,False,main,5-20,53,83,2024-12-29/2025-02-11,44.006458333333335,43.25,-0.0165661408512371,-0.2563573470888101,250.0,550.0,0.25176750445715046,0.08437323517234749,17,0.010143788364563321,0.09707589290016556,0.09785539564309136
control,False,main,5-20,53,83,2024-12-29/2025-02-11,44.006458333333335,43.25,-0.0165661408512371,-0.2563573470888101,550.0,850.0,-0.07323137320835064,0.08060005619609963,30,0.010982864286919665,-0.14046630563335824,0.07761748272974536
control,False,main,5-20,53,83,2024-12-29/2025-02-11,44.006458333333335,43.25,-0.0165661408512371,-0.2563573470888101,2.0,25.0,,,1,,,
control,False,main,5-20,53,83,2024-12-29/2025-02-11,44.006458333333335,43.25,-0.0165661408512371,-0.2563573470888101,25.0,50.0,,,0,,,
control,False,main,5-20,53,83,2024-12-29/2025-02-11,44.006458333333335,43.25,-0.0165661408512371,-0.2563573470888101,50.0,100.0,,,3,,,
control,False,main,5-20,53,83,2024-12-29/2025-02-11,44.006458333333335,43.25,-0.0165661408512371,-0.2563573470888101,100.0,200.0,-0.19053996938656975,20.647652348074683,7,0.0074524526716860905,,0.03317922861328666
control,False,main,5-20,53,83,2024-12-29/2025-02-11,44.006458333333335,43.25,-0.0165661408512371,-0.2563573470888101,200.0,400.0,-0.4326255597389731,0.20311400141197664,12,0.008285805018217107,,0.06090874428561975
control,False,main,5-20,53,83,2024-12-29/2025-02-11,44.006458333333335,43.25,-0.0165661408512371,-0.2563573470888101,400.0,600.0,-0.1200267891474769,0.26760483951544906,17,0.012849472752335797,-0.027598075469949454,0.06509885812265248
control,False,main,5-20,53,83,2024-12-29/2025-02-11,44.006458333333335,43.25,-0.0165661408512371,-0.2563573470888101,600.0,850.0,-0.01334496784321985,0.14051627506462222,21,0.010471520030401879,-0.12823910020234816,0.06191701608881667
control,False,main,5-30,64,103,2025-01-19/2025-03-04,44.31270833333333,44.0,-0.2616554197967956,-0.2474117867951632,2.0,75.0,,,0,,,
control,False,main,5-30,64,103,2025-01-19/2025-03-04,44.31270833333333,44.0,-0.2616554197967956,-0.2474117867951632,75.0,250.0,-1.256196859825578,0.2700846578233979,7,0.0046270787836793625,,0.052763774591917764
control,False,main,5-30,64,103,2025-01-19/2025-03-04,44.31270833333333,44.0,-0.2616554197967956,-0.2474117867951632,250.0,550.0,,,4,,,
control,False,main,5-30,64,103,2025-01-19/2025-03-04,44.31270833333333,44.0,-0.2616554197967956,-0.2474117867951632,550.0,850.0,,,2,,,
control,False,main,5-30,64,103,2025-01-19/2025-03-04,44.31270833333333,44.0,-0.2616554197967956,-0.2474117867951632,2.0,25.0,,,0,,,
control,False,main,5-30,64,103,2025-01-19/2025-03-04,44.31270833333333,44.0,-0.2616554197967956,-0.2474117867951632,25.0,50.0,,,0,,,
control,False,main,5-30,64,103,2025-01-19/2025-03-04,44.31270833333333,44.0,-0.2616554197967956,-0.2474117867951632,50.0,100.0,,,1,,,
control,False,main,5-30,64,103,2025-01-19/2025-03-04,44.31270833333333,44.0,-0.2616554197967956,-0.2474117867951632,100.0,200.0,-1.204230760562753,0.5359959814064811,6,0.00487253193809637,,0.03317922861328666
control,False,main,5-30,64,103,2025-01-19/2025-03-04,44.31270833333333,44.0,-0.2616554197967956,-0.2474117867951632,200.0,400.0,,,3,,,
control,False,main,5-30,64,103,2025-01-19/2025-03-04,44.31270833333333,44.0,-0.2616554197967956,-0.2474117867951632,400.0,600.0,,,1,,,
control,False,main,5-30,64,103,2025-01-19/2025-03-04,44.31270833333333,44.0,-0.2616554197967956,-0.2474117867951632,600.0,850.0,,,2,,,
control,False,main,5-20,64,103,2025-01-19/2025-03-04,44.31270833333333,44.0,-0.2616554197967956,-0.2474117867951632,2.0,75.0,,,2,,,
control,False,main,5-20,64,103,2025-01-19/2025-03-04,44.31270833333333,44.0,-0.2616554197967956,-0.2474117867951632,75.0,250.0,0.25141966494169116,0.5895032101715566,10,0.01386066712526606,,0.052763774591917764
control,False,main,5-20,64,103,2025-01-19/2025-03-04,44.31270833333333,44.0,-0.2616554197967956,-0.2474117867951632,250.0,550.0,-0.046693571747381465,0.16419029017611292,21,0.013607066022076838,,0.09785539564309136
control,False,main,5-20,64,103,2025-01-19/2025-03-04,44.31270833333333,44.0,-0.2616554197967956,-0.2474117867951632,550.0,850.0,0.09604177102503027,0.24135894494430013,12,0.008624673904243213,,0.07761748272974536
control,False,main,5-20,64,103,2025-01-19/2025-03-04,44.31270833333333,44.0,-0.2616554197967956,-0.2474117867951632,2.0,25.0,,,0,,,
control,False,main,5-20,64,103,2025-01-19/2025-03-04,44.31270833333333,44.0,-0.2616554197967956,-0.2474117867951632,25.0,50.0,,,2,,,
control,False,main,5-20,64,103,2025-01-19/2025-03-04,44.31270833333333,44.0,-0.2616554197967956,-0.2474117867951632,50.0,100.0,,,0,,,
control,False,main,5-20,64,103,2025-01-19/2025-03-04,44.31270833333333,44.0,-0.2616554197967956,-0.2474117867951632,100.0,200.0,0.7279975944731439,0.7874542733619999,9,0.012674495083270456,,0.03317922861328666
control,False,main,5-20,64,103,2025-01-19/2025-03-04,44.31270833333333,44.0,-0.2616554197967956,-0.2474117867951632,200.0,400.0,-0.20564110634041693,0.21384849528023958,13,0.012296913993818447,,0.06090874428561975
control,False,main,5-20,64,103,2025-01-19/2025-03-04,44.31270833333333,44.0,-0.2616554197967956,-0.2474117867951632,400.0,600.0,-0.4530709488977911,1.8851448406782592,9,0.013604844532714057,,0.06509885812265248
control,False,main,5-20,64,103,2025-01-19/2025-03-04,44.31270833333333,44.0,-0.2616554197967956,-0.2474117867951632,600.0,850.0,0.09604177102503027,0.24135894494430013,12,0.008624673904243213,,0.06191701608881667
control,False,main,5-30,61,140,2025-01-10/2025-04-16,95.81232638888888,96.0,0.2145478796571104,-0.1533532999635588,2.0,75.0,,,1,,,
control,False,main,5-30,61,140,2025-01-10/2025-04-16,95.81232638888888,96.0,0.2145478796571104,-0.1533532999635588,75.0,250.0,,,1,,,
control,False,main,5-30,61,140,2025-01-10/2025-04-16,95.81232638888888,96.0,0.2145478796571104,-0.1533532999635588,250.0,550.0,,,4,,,
control,False,main,5-30,61,140,2025-01-10/2025-04-16,95.81232638888888,96.0,0.2145478796571104,-0.1533532999635588,550.0,850.0,,,2,,,
control,False,main,5-30,61,140,2025-01-10/2025-04-16,95.81232638888888,96.0,0.2145478796571104,-0.1533532999635588,2.0,25.0,,,0,,,
control,False,main,5-30,61,140,2025-01-10/2025-04-16,95.81232638888888,96.0,0.2145478796571104,-0.1533532999635588,25.0,50.0,,,1,,,
control,False,main,5-30,61,140,2025-01-10/2025-04-16,95.81232638888888,96.0,0.2145478796571104,-0.1533532999635588,50.0,100.0,,,1,,,
control,False,main,5-30,61,140,2025-01-10/2025-04-16,95.81232638888888,96.0,0.2145478796571104,-0.1533532999635588,100.0,200.0,,,0,,,
control,False,main,5-30,61,140,2025-01-10/2025-04-16,95.81232638888888,96.0,0.2145478796571104,-0.1533532999635588,200.0,400.0,,,1,,,
control,False,main,5-30,61,140,2025-01-10/2025-04-16,95.81232638888888,96.0,0.2145478796571104,-0.1533532999635588,400.0,600.0,,,3,,,
control,False,main,5-30,61,140,2025-01-10/2025-04-16,95.81232638888888,96.0,0.2145478796571104,-0.1533532999635588,600.0,850.0,,,2,,,
control,False,main,5-20,61,140,2025-01-10/2025-04-16,95.81232638888888,96.0,0.2145478796571104,-0.1533532999635588,2.0,75.0,,,1,,,
control,False,main,5-20,61,140,2025-01-10/2025-04-16,95.81232638888888,96.0,0.2145478796571104,-0.1533532999635588,75.0,250.0,0.04322606146517374,0.3742522499772878,8,0.008422417542805873,,0.052763774591917764
control,False,main,5-20,61,140,2025-01-10/2025-04-16,95.81232638888888,96.0,0.2145478796571104,-0.1533532999635588,250.0,550.0,,,0,,,
control,False,main,5-20,61,140,2025-01-10/2025-04-16,95.81232638888888,96.0,0.2145478796571104,-0.1533532999635588,550.0,850.0,0.012835648368863022,0.3989122743112029,6,0.012090381316619487,,0.07761748272974536
control,False,main,5-20,61,140,2025-01-10/2025-04-16,95.81232638888888,96.0,0.2145478796571104,-0.1533532999635588,2.0,25.0,,,0,,,
control,False,main,5-20,61,140,2025-01-10/2025-04-16,95.81232638888888,96.0,0.2145478796571104,-0.1533532999635588,25.0,50.0,,,0,,,
control,False,main,5-20,61,140,2025-01-10/2025-04-16,95.81232638888888,96.0,0.2145478796571104,-0.1533532999635588,50.0,100.0,,,5,,,
control,False,main,5-20,61,140,2025-01-10/2025-04-16,95.81232638888888,96.0,0.2145478796571104,-0.1533532999635588,100.0,200.0,,,4,,,
control,False,main,5-20,61,140,2025-01-10/2025-04-16,95.81232638888888,96.0,0.2145478796571104,-0.1533532999635588,200.0,400.0,,,0,,,
control,False,main,5-20,61,140,2025-01-10/2025-04-16,95.81232638888888,96.0,0.2145478796571104,-0.1533532999635588,400.0,600.0,,,1,,,
control,False,main,5-20,61,140,2025-01-10/2025-04-16,95.81232638888888,96.0,0.2145478796571104,-0.1533532999635588,600.0,850.0,,,5,,,
control,False,main,5-30,100,134,2025-03-04/2025-04-10,36.99189814814815,37.0,-0.1777362430910519,0.12601347404682,2.0,75.0,,,1,,,
control,False,main,5-30,100,134,2025-03-04/2025-04-10,36.99189814814815,37.0,-0.1777362430910519,0.12601347404682,75.0,250.0,,,1,,,
control,False,main,5-30,100,134,2025-03-04/2025-04-10,36.99189814814815,37.0,-0.1777362430910519,0.12601347404682,250.0,550.0,,,1,,,
control,False,main,5-30,100,134,2025-03-04/2025-04-10,36.99189814814815,37.0,-0.1777362430910519,0.12601347404682,550.0,850.0,0.48998780602825187,0.15249519226054212,22,0.007159988999586416,,0.07761748272974536
control,False,main,5-30,100,134,2025-03-04/2025-04-10,36.99189814814815,37.0,-0.1777362430910519,0.12601347404682,2.0,25.0,,,0,,,
control,False,main,5-30,100,134,2025-03-04/2025-04-10,36.99189814814815,37.0,-0.1777362430910519,0.12601347404682,25.0,50.0,,,0,,,
control,False,main,5-30,100,134,2025-03-04/2025-04-10,36.99189814814815,37.0,-0.1777362430910519,0.12601347404682,50.0,100.0,,,1,,,
control,False,main,5-30,100,134,2025-03-04/2025-04-10,36.99189814814815,37.0,-0.1777362430910519,0.12601347404682,100.0,200.0,,,1,,,
control,False,main,5-30,100,134,2025-03-04/2025-04-10,36.99189814814815,37.0,-0.1777362430910519,0.12601347404682,200.0,400.0,,,0,,,
control,False,main,5-30,100,134,2025-03-04/2025-04-10,36.99189814814815,37.0,-0.1777362430910519,0.12601347404682,400.0,600.0,,,1,,,
control,False,main,5-30,100,134,2025-03-04/2025-04-10,36.99189814814815,37.0,-0.1777362430910519,0.12601347404682,600.0,850.0,0.48998780602825187,0.15249519226054212,22,0.007159988999586416,,0.06191701608881667
control,False,main,5-20,100,134,2025-03-04/2025-04-10,36.99189814814815,37.0,-0.1777362430910519,0.12601347404682,2.0,75.0,,,2,,,
control,False,main,5-20,100,134,2025-03-04/2025-04-10,36.99189814814815,37.0,-0.1777362430910519,0.12601347404682,75.0,250.0,,,2,,,
control,False,main,5-20,100,134,2025-03-04/2025-04-10,36.99189814814815,37.0,-0.1777362430910519,0.12601347404682,250.0,550.0,,,5,,,
control,False,main,5-20,100,134,2025-03-04/2025-04-10,36.99189814814815,37.0,-0.1777362430910519,0.12601347404682,550.0,850.0,0.2812852820776861,0.13880299942089974,11,0.007758904780897743,,0.07761748272974536
control,False,main,5-20,100,134,2025-03-04/2025-04-10,36.99189814814815,37.0,-0.1777362430910519,0.12601347404682,2.0,25.0,,,2,,,
control,False,main,5-20,100,134,2025-03-04/2025-04-10,36.99189814814815,37.0,-0.1777362430910519,0.12601347404682,25.0,50.0,,,0,,,
control,False,main,5-20,100,134,2025-03-04/2025-04-10,36.99189814814815,37.0,-0.1777362430910519,0.12601347404682,50.0,100.0,,,1,,,
control,False,main,5-20,100,134,2025-03-04/2025-04-10,36.99189814814815,37.0,-0.1777362430910519,0.12601347404682,100.0,200.0,,,1,,,
control,False,main,5-20,100,134,2025-03-04/2025-04-10,36.99189814814815,37.0,-0.1777362430910519,0.12601347404682,200.0,400.0,,,1,,,
control,False,main,5-20,100,134,2025-03-04/2025-04-10,36.99189814814815,37.0,-0.1777362430910519,0.12601347404682,400.0,600.0,,,4,,,
control,False,main,5-20,100,134,2025-03-04/2025-04-10,36.99189814814815,37.0,-0.1777362430910519,0.12601347404682,600.0,850.0,0.2812852820776861,0.13880299942089974,11,0.007758904780897743,,0.06191701608881667
control,False,main,5-30,7,166,2024-06-09/2025-06-07,362.9401157407408,3.0,0.0080840918349535,0.2910186109819792,2.0,75.0,,,2,,,
control,False,main,5-30,7,166,2024-06-09/2025-06-07,362.9401157407408,3.0,0.0080840918349535,0.2910186109819792,75.0,250.0,-0.04865883357506084,1.2551902878041308,7,0.006945602868561954,,0.052763774591917764
control,False,main,5-30,7,166,2024-06-09/2025-06-07,362.9401157407408,3.0,0.0080840918349535,0.2910186109819792,250.0,550.0,-0.3145326765722171,0.08581736255731438,38,0.007121459517630462,,0.09785539564309136
control,False,main,5-30,7,166,2024-06-09/2025-06-07,362.9401157407408,3.0,0.0080840918349535,0.2910186109819792,550.0,850.0,-0.08220459822295006,0.027465916674934508,119,0.0060502695899153115,0.12553018291326568,0.07761748272974536
control,False,main,5-30,7,166,2024-06-09/2025-06-07,362.9401157407408,3.0,0.0080840918349535,0.2910186109819792,2.0,25.0,,,1,,,
control,False,main,5-30,7,166,2024-06-09/2025-06-07,362.9401157407408,3.0,0.0080840918349535,0.2910186109819792,25.0,50.0,,,0,,,
control,False,main,5-30,7,166,2024-06-09/2025-06-07,362.9401157407408,3.0,0.0080840918349535,0.2910186109819792,50.0,100.0,,,1,,,
control,False,main,5-30,7,166,2024-06-09/2025-06-07,362.9401157407408,3.0,0.0080840918349535,0.2910186109819792,100.0,200.0,-0.2634589679563281,2.3087112233565246,6,0.006572595111001182,,0.03317922861328666
control,False,main,5-30,7,166,2024-06-09/2025-06-07,362.9401157407408,3.0,0.0080840918349535,0.2910186109819792,200.0,400.0,,,4,,,
control,False,main,5-30,7,166,2024-06-09/2025-06-07,362.9401157407408,3.0,0.0080840918349535,0.2910186109819792,400.0,600.0,-0.42792631473325937,0.06272893534337462,47,0.006323871944764962,0.14852967370511827,0.06509885812265248
control,False,main,5-30,7,166,2024-06-09/2025-06-07,362.9401157407408,3.0,0.0080840918349535,0.2910186109819792,600.0,850.0,-0.09747944055737376,0.03883190762575547,107,0.006082575649916125,0.3049562925429732,0.06191701608881667
control,False,main,5-20,7,166,2024-06-09/2025-06-07,362.9401157407408,3.0,0.0080840918349535,0.2910186109819792,2.0,75.0,,,1,,,
control,False,main,5-20,7,166,2024-06-09/2025-06-07,362.9401157407408,3.0,0.0080840918349535,0.2910186109819792,75.0,250.0,0.06490556089786333,0.06558874866331947,40,0.005760925485716731,-0.3052248023732785,0.052763774591917764
control,False,main,5-20,7,166,2024-06-09/2025-06-07,362.9401157407408,3.0,0.0080840918349535,0.2910186109819792,250.0,550.0,0.0384701914702571,0.029670236521178724,76,0.005666998709653021,0.1907444945874288,0.09785539564309136
control,False,main,5-20,7,166,2024-06-09/2025-06-07,362.9401157407408,3.0,0.0080840918349535,0.2910186109819792,550.0,850.0,0.02846395442700468,0.010942005497760383,115,0.002346646608122687,-0.060174171150987416,0.07761748272974536
control,False,main,5-20,7,166,2024-06-09/2025-06-07,362.9401157407408,3.0,0.0080840918349535,0.2910186109819792,2.0,25.0,,,1,,,
control,False,main,5-20,7,166,2024-06-09/2025-06-07,362.9401157407408,3.0,0.0080840918349535,0.2910186109819792,25.0,50.0,,,0,,,
control,False,main,5-20,7,166,2024-06-09/2025-06-07,362.9401157407408,3.0,0.0080840918349535,0.2910186109819792,50.0,100.0,0.6957455771172366,2.1108433415878216,7,0.0022805534344163287,,0.025170288522337637
control,False,main,5-20,7,166,2024-06-09/2025-06-07,362.9401157407408,3.0,0.0080840918349535,0.2910186109819792,100.0,200.0,-1.5192515272500349,0.3483718094212049,25,0.0035992227500615016,0.08617820554656014,0.03317922861328666
control,False,main,5-20,7,166,2024-06-09/2025-06-07,362.9401157407408,3.0,0.0080840918349535,0.2910186109819792,200.0,400.0,-0.08717362732580865,0.06282633417507089,30,0.005356743331547403,-0.09752514764097854,0.06090874428561975
control,False,main,5-20,7,166,2024-06-09/2025-06-07,362.9401157407408,3.0,0.0080840918349535,0.2910186109819792,400.0,600.0,-0.25383747854588445,0.034286915099776646,62,0.005650269987695459,-0.18003848138146283,0.06509885812265248
control,False,main,5-20,7,166,2024-06-09/2025-06-07,362.9401157407408,3.0,0.0080840918349535,0.2910186109819792,600.0,850.0,-0.16172820297464904,0.0340225469269806,117,0.004821978599532004,0.23742296461389048,0.06191701608881667
control,False,main,5-30,1,124,2024-05-12/2025-04-06,329.07689814814813,37.0,0.144648331885632,0.2039642952049053,2.0,75.0,,,0,,,
control,False,main,5-30,1,124,2024-05-12/2025-04-06,329.07689814814813,37.0,0.144648331885632,0.2039642952049053,75.0,250.0,,,4,,,
control,False,main,5-30,1,124,2024-05-12/2025-04-06,329.07689814814813,37.0,0.144648331885632,0.2039642952049053,250.0,550.0,,,2,,,
control,False,main,5-30,1,124,2024-05-12/2025-04-06,329.07689814814813,37.0,0.144648331885632,0.2039642952049053,550.0,850.0,,,4,,,
control,False,main,5-30,1,124,2024-05-12/2025-04-06,329.07689814814813,37.0,0.144648331885632,0.2039642952049053,2.0,25.0,,,0,,,
control,False,main,5-30,1,124,2024-05-12/2025-04-06,329.07689814814813,37.0,0.144648331885632,0.2039642952049053,25.0,50.0,,,0,,,
control,False,main,5-30,1,124,2024-05-12/2025-04-06,329.07689814814813,37.0,0.144648331885632,0.2039642952049053,50.0,100.0,,,0,,,
control,False,main,5-30,1,124,2024-05-12/2025-04-06,329.07689814814813,37.0,0.144648331885632,0.2039642952049053,100.0,200.0,,,4,,,
control,False,main,5-30,1,124,2024-05-12/2025-04-06,329.07689814814813,37.0,0.144648331885632,0.2039642952049053,200.0,400.0,,,0,,,
control,False,main,5-30,1,124,2024-05-12/2025-04-06,329.07689814814813,37.0,0.144648331885632,0.2039642952049053,400.0,600.0,,,3,,,
control,False,main,5-30,1,124,2024-05-12/2025-04-06,329.07689814814813,37.0,0.144648331885632,0.2039642952049053,600.0,850.0,,,3,,,
control,False,main,5-20,1,124,2024-05-12/2025-04-06,329.07689814814813,37.0,0.144648331885632,0.2039642952049053,2.0,75.0,,,3,,,
control,False,main,5-20,1,124,2024-05-12/2025-04-06,329.07689814814813,37.0,0.144648331885632,0.2039642952049053,75.0,250.0,-0.2656208435476078,0.09066595786180334,21,0.007464310670819328,0.20318325525839628,0.052763774591917764
control,False,main,5-20,1,124,2024-05-12/2025-04-06,329.07689814814813,37.0,0.144648331885632,0.2039642952049053,250.0,550.0,0.037910318300152235,0.1362505926951406,20,0.011128051379881628,,0.09785539564309136
control,False,main,5-20,1,124,2024-05-12/2025-04-06,329.07689814814813,37.0,0.144648331885632,0.2039642952049053,550.0,850.0,0.8072902696740955,0.20935627091769438,6,0.003145266611582981,,0.07761748272974536
control,False,main,5-20,1,124,2024-05-12/2025-04-06,329.07689814814813,37.0,0.144648331885632,0.2039642952049053,2.0,25.0,,,0,,,
control,False,main,5-20,1,124,2024-05-12/2025-04-06,329.07689814814813,37.0,0.144648331885632,0.2039642952049053,25.0,50.0,,,0,,,
control,False,main,5-20,1,124,2024-05-12/2025-04-06,329.07689814814813,37.0,0.144648331885632,0.2039642952049053,50.0,100.0,-0.04173385044796139,1.640885978041765,6,0.003875779495468777,-0.19243483108009732,0.025170288522337637
control,False,main,5-20,1,124,2024-05-12/2025-04-06,329.07689814814813,37.0,0.144648331885632,0.2039642952049053,100.0,200.0,0.0764129895820565,1.3860358457950046,10,0.00803716433510406,0.6571540663071295,0.03317922861328666
control,False,main,5-20,1,124,2024-05-12/2025-04-06,329.07689814814813,37.0,0.144648331885632,0.2039642952049053,200.0,400.0,0.06359047778898974,0.09126632062070243,24,0.008953508849382725,-0.17217497140197885,0.06090874428561975
control,False,main,5-20,1,124,2024-05-12/2025-04-06,329.07689814814813,37.0,0.144648331885632,0.2039642952049053,400.0,600.0,,,4,,,
control,False,main,5-20,1,124,2024-05-12/2025-04-06,329.07689814814813,37.0,0.144648331885632,0.2039642952049053,600.0,850.0,0.8072902696740955,0.20935627091769438,6,0.003145266611582981,,0.06191701608881667
control,False,main,5-30,124,190,2025-04-06/2025-08-06,121.76697916666669,122.0,-0.1740899366584736,-0.1692392640636396,2.0,75.0,,,1,,,
control,False,main,5-30,124,190,2025-04-06/2025-08-06,121.76697916666669,122.0,-0.1740899366584736,-0.1692392640636396,75.0,250.0,-1.920594624964914,3.3347954102656887,6,0.008034412040750455,,0.052763774591917764
control,False,main,5-30,124,190,2025-04-06/2025-08-06,121.76697916666669,122.0,-0.1740899366584736,-0.1692392640636396,250.0,550.0,,,2,,,
control,False,main,5-30,124,190,2025-04-06/2025-08-06,121.76697916666669,122.0,-0.1740899366584736,-0.1692392640636396,550.0,850.0,-0.11930954420972803,0.2141766618664863,6,0.0011610496569284421,,0.07761748272974536
control,False,main,5-30,124,190,2025-04-06/2025-08-06,121.76697916666669,122.0,-0.1740899366584736,-0.1692392640636396,2.0,25.0,,,0,,,
control,False,main,5-30,124,190,2025-04-06/2025-08-06,121.76697916666669,122.0,-0.1740899366584736,-0.1692392640636396,25.0,50.0,,,1,,,
control,False,main,5-30,124,190,2025-04-06/2025-08-06,121.76697916666669,122.0,-0.1740899366584736,-0.1692392640636396,50.0,100.0,,,0,,,
control,False,main,5-30,124,190,2025-04-06/2025-08-06,121.76697916666669,122.0,-0.1740899366584736,-0.1692392640636396,100.0,200.0,,,1,,,
control,False,main,5-30,124,190,2025-04-06/2025-08-06,121.76697916666669,122.0,-0.1740899366584736,-0.1692392640636396,200.0,400.0,0.3811635925510412,4.2818522113946536,6,0.010445755096517684,,0.06090874428561975
control,False,main,5-30,124,190,2025-04-06/2025-08-06,121.76697916666669,122.0,-0.1740899366584736,-0.1692392640636396,400.0,600.0,,,3,,,
control,False,main,5-30,124,190,2025-04-06/2025-08-06,121.76697916666669,122.0,-0.1740899366584736,-0.1692392640636396,600.0,850.0,,,5,,,
control,False,main,5-20,124,190,2025-04-06/2025-08-06,121.76697916666669,122.0,-0.1740899366584736,-0.1692392640636396,2.0,75.0,,,4,,,
control,False,main,5-20,124,190,2025-04-06/2025-08-06,121.76697916666669,122.0,-0.1740899366584736,-0.1692392640636396,75.0,250.0,-0.019656485069654495,0.30918347313945416,6,0.007330345146772737,-0.10488748865597065,0.052763774591917764
control,False,main,5-20,124,190,2025-04-06/2025-08-06,121.76697916666669,122.0,-0.1740899366584736,-0.1692392640636396,250.0,550.0,-1.0425728360585274,0.22102046099375994,10,0.004614666479416164,-0.09171403643488042,0.09785539564309136
control,False,main,5-20,124,190,2025-04-06/2025-08-06,121.76697916666669,122.0,-0.1740899366584736,-0.1692392640636396,550.0,850.0,-0.09889377048479037,0.1257389215783913,13,0.010369700877599329,0.24448383634657136,0.07761748272974536
control,False,main,5-20,124,190,2025-04-06/2025-08-06,121.76697916666669,122.0,-0.1740899366584736,-0.1692392640636396,2.0,25.0,,,0,,,
control,False,main,5-20,124,190,2025-04-06/2025-08-06,121.76697916666669,122.0,-0.1740899366584736,-0.1692392640636396,25.0,50.0,,,3,,,
control,False,main,5-20,124,190,2025-04-06/2025-08-06,121.76697916666669,122.0,-0.1740899366584736,-0.1692392640636396,50.0,100.0,,,2,,,
control,False,main,5-20,124,190,2025-04-06/2025-08-06,121.76697916666669,122.0,-0.1740899366584736,-0.1692392640636396,100.0,200.0,,,3,,,
control,False,main,5-20,124,190,2025-04-06/2025-08-06,121.76697916666669,122.0,-0.1740899366584736,-0.1692392640636396,200.0,400.0,-0.14522067641295922,0.4114733420211613,12,0.009795034303900439,,0.06090874428561975
control,False,main,5-20,124,190,2025-04-06/2025-08-06,121.76697916666669,122.0,-0.1740899366584736,-0.1692392640636396,400.0,600.0,,,4,,,
control,False,main,5-20,124,190,2025-04-06/2025-08-06,121.76697916666669,122.0,-0.1740899366584736,-0.1692392640636396,600.0,850.0,0.04549592743871928,0.19108456132478724,9,0.009612421961298202,,0.06191701608881667
control,False,main,5-30,93,119,2025-03-02/2025-04-01,30.07,30.0,-0.1946688227709188,0.1960607797095429,2.0,75.0,,,2,,,
control,False,main,5-30,93,119,2025-03-02/2025-04-01,30.07,30.0,-0.1946688227709188,0.1960607797095429,75.0,250.0,,,4,,,
control,False,main,5-30,93,119,2025-03-02/2025-04-01,30.07,30.0,-0.1946688227709188,0.1960607797095429,250.0,550.0,,,5,,,
control,False,main,5-30,93,119,2025-03-02/2025-04-01,30.07,30.0,-0.1946688227709188,0.1960607797095429,550.0,850.0,,,1,,,
control,False,main,5-30,93,119,2025-03-02/2025-04-01,30.07,30.0,-0.1946688227709188,0.1960607797095429,2.0,25.0,,,1,,,
control,False,main,5-30,93,119,2025-03-02/2025-04-01,30.07,30.0,-0.1946688227709188,0.1960607797095429,25.0,50.0,,,1,,,
control,False,main,5-30,93,119,2025-03-02/2025-04-01,30.07,30.0,-0.1946688227709188,0.1960607797095429,50.0,100.0,,,2,,,
control,False,main,5-30,93,119,2025-03-02/2025-04-01,30.07,30.0,-0.1946688227709188,0.1960607797095429,100.0,200.0,,,2,,,
control,False,main,5-30,93,119,2025-03-02/2025-04-01,30.07,30.0,-0.1946688227709188,0.1960607797095429,200.0,400.0,,,2,,,
control,False,main,5-30,93,119,2025-03-02/2025-04-01,30.07,30.0,-0.1946688227709188,0.1960607797095429,400.0,600.0,,,4,,,
control,False,main,5-30,93,119,2025-03-02/2025-04-01,30.07,30.0,-0.1946688227709188,0.1960607797095429,600.0,850.0,,,0,,,
control,False,main,5-20,93,119,2025-03-02/2025-04-01,30.07,30.0,-0.1946688227709188,0.1960607797095429,2.0,75.0,,,3,,,
control,False,main,5-20,93,119,2025-03-02/2025-04-01,30.07,30.0,-0.1946688227709188,0.1960607797095429,75.0,250.0,,,1,,,
control,False,main,5-20,93,119,2025-03-02/2025-04-01,30.07,30.0,-0.1946688227709188,0.1960607797095429,250.0,550.0,,,5,,,
control,False,main,5-20,93,119,2025-03-02/2025-04-01,30.07,30.0,-0.1946688227709188,0.1960607797095429,550.0,850.0,-0.08110080462206673,0.2955118456529911,11,0.009117204607806333,,0.07761748272974536
control,False,main,5-20,93,119,2025-03-02/2025-04-01,30.07,30.0,-0.1946688227709188,0.1960607797095429,2.0,25.0,,,0,,,
control,False,main,5-20,93,119,2025-03-02/2025-04-01,30.07,30.0,-0.1946688227709188,0.1960607797095429,25.0,50.0,,,1,,,
control,False,main,5-20,93,119,2025-03-02/2025-04-01,30.07,30.0,-0.1946688227709188,0.1960607797095429,50.0,100.0,,,2,,,
control,False,main,5-20,93,119,2025-03-02/2025-04-01,30.07,30.0,-0.1946688227709188,0.1960607797095429,100.0,200.0,,,1,,,
control,False,main,5-20,93,119,2025-03-02/2025-04-01,30.07,30.0,-0.1946688227709188,0.1960607797095429,200.0,400.0,,,3,,,
control,False,main,5-20,93,119,2025-03-02/2025-04-01,30.07,30.0,-0.1946688227709188,0.1960607797095429,400.0,600.0,,,3,,,
control,False,main,5-20,93,119,2025-03-02/2025-04-01,30.07,30.0,-0.1946688227709188,0.1960607797095429,600.0,850.0,-0.41930811771114357,0.38978726989103624,10,0.008415281933493026,,0.06191701608881667
control,False,main,5-30,27,164,2024-09-01/2025-06-02,273.99717592592594,92.0,-0.2729629946031955,-0.2016115443893775,2.0,75.0,,,3,,,
control,False,main,5-30,27,164,2024-09-01/2025-06-02,273.99717592592594,92.0,-0.2729629946031955,-0.2016115443893775,75.0,250.0,,,1,,,
control,False,main,5-30,27,164,2024-09-01/2025-06-02,273.99717592592594,92.0,-0.2729629946031955,-0.2016115443893775,250.0,550.0,,,2,,,
control,False,main,5-30,27,164,2024-09-01/2025-06-02,273.99717592592594,92.0,-0.2729629946031955,-0.2016115443893775,550.0,850.0,0.2557677652104296,154.34803572977987,6,0.06855973826119242,,0.07761748272974536
control,False,main,5-30,27,164,2024-09-01/2025-06-02,273.99717592592594,92.0,-0.2729629946031955,-0.2016115443893775,2.0,25.0,,,3,,,
control,False,main,5-30,27,164,2024-09-01/2025-06-02,273.99717592592594,92.0,-0.2729629946031955,-0.2016115443893775,25.0,50.0,,,0,,,
control,False,main,5-30,27,164,2024-09-01/2025-06-02,273.99717592592594,92.0,-0.2729629946031955,-0.2016115443893775,50.0,100.0,,,0,,,
control,False,main,5-30,27,164,2024-09-01/2025-06-02,273.99717592592594,92.0,-0.2729629946031955,-0.2016115443893775,100.0,200.0,,,0,,,
control,False,main,5-30,27,164,2024-09-01/2025-06-02,273.99717592592594,92.0,-0.2729629946031955,-0.2016115443893775,200.0,400.0,,,2,,,
control,False,main,5-30,27,164,2024-09-01/2025-06-02,273.99717592592594,92.0,-0.2729629946031955,-0.2016115443893775,400.0,600.0,,,2,,,
control,False,main,5-30,27,164,2024-09-01/2025-06-02,273.99717592592594,92.0,-0.2729629946031955,-0.2016115443893775,600.0,850.0,,,5,,,
control,False,main,5-20,27,164,2024-09-01/2025-06-02,273.99717592592594,92.0,-0.2729629946031955,-0.2016115443893775,2.0,75.0,,,2,,,
control,False,main,5-20,27,164,2024-09-01/2025-06-02,273.99717592592594,92.0,-0.2729629946031955,-0.2016115443893775,75.0,250.0,,,4,,,
control,False,main,5-20,27,164,2024-09-01/2025-06-02,273.99717592592594,92.0,-0.2729629946031955,-0.2016115443893775,250.0,550.0,-0.05526724425408875,0.2636787449128767,7,0.011418441359783286,-0.08182853155071394,0.09785539564309136
control,False,main,5-20,27,164,2024-09-01/2025-06-02,273.99717592592594,92.0,-0.2729629946031955,-0.2016115443893775,550.0,850.0,-0.020046153650012246,0.16699564098189568,7,0.007986027089257795,-0.008206498142896297,0.07761748272974536
control,False,main,5-20,27,164,2024-09-01/2025-06-02,273.99717592592594,92.0,-0.2729629946031955,-0.2016115443893775,2.0,25.0,,,1,,,
control,False,main,5-20,27,164,2024-09-01/2025-06-02,273.99717592592594,92.0,-0.2729629946031955,-0.2016115443893775,25.0,50.0,,,0,,,
control,False,main,5-20,27,164,2024-09-01/2025-06-02,273.99717592592594,92.0,-0.2729629946031955,-0.2016115443893775,50.0,100.0,,,3,,,
control,False,main,5-20,27,164,2024-09-01/2025-06-02,273.99717592592594,92.0,-0.2729629946031955,-0.2016115443893775,100.0,200.0,,,2,,,
control,False,main,5-20,27,164,2024-09-01/2025-06-02,273.99717592592594,92.0,-0.2729629946031955,-0.2016115443893775,200.0,400.0,,,4,,,
control,False,main,5-20,27,164,2024-09-01/2025-06-02,273.99717592592594,92.0,-0.2729629946031955,-0.2016115443893775,400.0,600.0,,,5,,,
control,False,main,5-20,27,164,2024-09-01/2025-06-02,273.99717592592594,92.0,-0.2729629946031955,-0.2016115443893775,600.0,850.0,,,5,,,
control,False,main,5-30,3,195,2024-05-22/2026-01-06,593.5596643518519,137.0,0.2556517400733986,0.1374723072428916,2.0,75.0,,,1,,,
control,False,main,5-30,3,195,2024-05-22/2026-01-06,593.5596643518519,137.0,0.2556517400733986,0.1374723072428916,75.0,250.0,,,3,,,
control,False,main,5-30,3,195,2024-05-22/2026-01-06,593.5596643518519,137.0,0.2556517400733986,0.1374723072428916,250.0,550.0,,,1,,,
control,False,main,5-30,3,195,2024-05-22/2026-01-06,593.5596643518519,137.0,0.2556517400733986,0.1374723072428916,550.0,850.0,,,0,,,
control,False,main,5-30,3,195,2024-05-22/2026-01-06,593.5596643518519,137.0,0.2556517400733986,0.1374723072428916,2.0,25.0,,,1,,,
control,False,main,5-30,3,195,2024-05-22/2026-01-06,593.5596643518519,137.0,0.2556517400733986,0.1374723072428916,25.0,50.0,,,0,,,
control,False,main,5-30,3,195,2024-05-22/2026-01-06,593.5596643518519,137.0,0.2556517400733986,0.1374723072428916,50.0,100.0,,,0,,,
control,False,main,5-30,3,195,2024-05-22/2026-01-06,593.5596643518519,137.0,0.2556517400733986,0.1374723072428916,100.0,200.0,,,2,,,
control,False,main,5-30,3,195,2024-05-22/2026-01-06,593.5596643518519,137.0,0.2556517400733986,0.1374723072428916,200.0,400.0,,,2,,,
control,False,main,5-30,3,195,2024-05-22/2026-01-06,593.5596643518519,137.0,0.2556517400733986,0.1374723072428916,400.0,600.0,,,0,,,
control,False,main,5-30,3,195,2024-05-22/2026-01-06,593.5596643518519,137.0,0.2556517400733986,0.1374723072428916,600.0,850.0,,,0,,,
control,False,main,5-20,3,195,2024-05-22/2026-01-06,593.5596643518519,137.0,0.2556517400733986,0.1374723072428916,2.0,75.0,,,2,,,
control,False,main,5-20,3,195,2024-05-22/2026-01-06,593.5596643518519,137.0,0.2556517400733986,0.1374723072428916,75.0,250.0,,,5,,,
control,False,main,5-20,3,195,2024-05-22/2026-01-06,593.5596643518519,137.0,0.2556517400733986,0.1374723072428916,250.0,550.0,-0.3045773619284854,0.4534431050784111,6,0.008724259726565365,,0.09785539564309136
control,False,main,5-20,3,195,2024-05-22/2026-01-06,593.5596643518519,137.0,0.2556517400733986,0.1374723072428916,550.0,850.0,,,4,,,
control,False,main,5-20,3,195,2024-05-22/2026-01-06,593.5596643518519,137.0,0.2556517400733986,0.1374723072428916,2.0,25.0,,,0,,,
control,False,main,5-20,3,195,2024-05-22/2026-01-06,593.5596643518519,137.0,0.2556517400733986,0.1374723072428916,25.0,50.0,,,1,,,
control,False,main,5-20,3,195,2024-05-22/2026-01-06,593.5596643518519,137.0,0.2556517400733986,0.1374723072428916,50.0,100.0,,,1,,,
control,False,main,5-20,3,195,2024-05-22/2026-01-06,593.5596643518519,137.0,0.2556517400733986,0.1374723072428916,100.0,200.0,,,5,,,
control,False,main,5-20,3,195,2024-05-22/2026-01-06,593.5596643518519,137.0,0.2556517400733986,0.1374723072428916,200.0,400.0,,,1,,,
control,False,main,5-20,3,195,2024-05-22/2026-01-06,593.5596643518519,137.0,0.2556517400733986,0.1374723072428916,400.0,600.0,-0.30617830178831,0.41046304029115105,6,0.008073228542771227,,0.06509885812265248
control,False,main,5-20,3,195,2024-05-22/2026-01-06,593.5596643518519,137.0,0.2556517400733986,0.1374723072428916,600.0,850.0,,,3,,,
control,False,main,5-30,78,115,2025-02-04/2025-03-25,49.27974537037037,49.0,-0.1614861525335913,0.1672325883710252,2.0,75.0,,,0,,,
control,False,main,5-30,78,115,2025-02-04/2025-03-25,49.27974537037037,49.0,-0.1614861525335913,0.1672325883710252,75.0,250.0,,,1,,,
control,False,main,5-30,78,115,2025-02-04/2025-03-25,49.27974537037037,49.0,-0.1614861525335913,0.1672325883710252,250.0,550.0,,,1,,,
control,False,main,5-30,78,115,2025-02-04/2025-03-25,49.27974537037037,49.0,-0.1614861525335913,0.1672325883710252,550.0,850.0,,,3,,,
control,False,main,5-30,78,115,2025-02-04/2025-03-25,49.27974537037037,49.0,-0.1614861525335913,0.1672325883710252,2.0,25.0,,,0,,,
control,False,main,5-30,78,115,2025-02-04/2025-03-25,49.27974537037037,49.0,-0.1614861525335913,0.1672325883710252,25.0,50.0,,,0,,,
control,False,main,5-30,78,115,2025-02-04/2025-03-25,49.27974537037037,49.0,-0.1614861525335913,0.1672325883710252,50.0,100.0,,,1,,,
control,False,main,5-30,78,115,2025-02-04/2025-03-25,49.27974537037037,49.0,-0.1614861525335913,0.1672325883710252,100.0,200.0,,,0,,,
control,False,main,5-30,78,115,2025-02-04/2025-03-25,49.27974537037037,49.0,-0.1614861525335913,0.1672325883710252,200.0,400.0,,,0,,,
control,False,main,5-30,78,115,2025-02-04/2025-03-25,49.27974537037037,49.0,-0.1614861525335913,0.1672325883710252,400.0,600.0,,,2,,,
control,False,main,5-30,78,115,2025-02-04/2025-03-25,49.27974537037037,49.0,-0.1614861525335913,0.1672325883710252,600.0,850.0,,,2,,,
control,False,main,5-20,78,115,2025-02-04/2025-03-25,49.27974537037037,49.0,-0.1614861525335913,0.1672325883710252,2.0,75.0,,,3,,,
control,False,main,5-20,78,115,2025-02-04/2025-03-25,49.27974537037037,49.0,-0.1614861525335913,0.1672325883710252,75.0,250.0,,,3,,,
control,False,main,5-20,78,115,2025-02-04/2025-03-25,49.27974537037037,49.0,-0.1614861525335913,0.1672325883710252,250.0,550.0,-0.030239203747911864,0.2558012499811765,6,0.007373733080596046,0.07516495361970772,0.09785539564309136
control,False,main,5-20,78,115,2025-02-04/2025-03-25,49.27974537037037,49.0,-0.1614861525335913,0.1672325883710252,550.0,850.0,-0.08175822888602105,4.1147381883347505,6,0.00908596420403582,0.05174820114785676,0.07761748272974536
control,False,main,5-20,78,115,2025-02-04/2025-03-25,49.27974537037037,49.0,-0.1614861525335913,0.1672325883710252,2.0,25.0,,,1,,,
control,False,main,5-20,78,115,2025-02-04/2025-03-25,49.27974537037037,49.0,-0.1614861525335913,0.1672325883710252,25.0,50.0,,,0,,,
control,False,main,5-20,78,115,2025-02-04/2025-03-25,49.27974537037037,49.0,-0.1614861525335913,0.1672325883710252,50.0,100.0,,,2,,,
control,False,main,5-20,78,115,2025-02-04/2025-03-25,49.27974537037037,49.0,-0.1614861525335913,0.1672325883710252,100.0,200.0,,,3,,,
control,False,main,5-20,78,115,2025-02-04/2025-03-25,49.27974537037037,49.0,-0.1614861525335913,0.1672325883710252,200.0,400.0,,,3,,,
control,False,main,5-20,78,115,2025-02-04/2025-03-25,49.27974537037037,49.0,-0.1614861525335913,0.1672325883710252,400.0,600.0,,,3,,,
control,False,main,5-20,78,115,2025-02-04/2025-03-25,49.27974537037037,49.0,-0.1614861525335913,0.1672325883710252,600.0,850.0,-0.08175822888602105,4.1147381883347505,6,0.00908596420403582,0.18919250754658035,0.06191701608881667
control,False,main,5-30,2,32,2024-05-13/2024-09-19,129.4962847222222,129.0,0.2704600494470966,0.3003631066927122,2.0,75.0,,,0,,,
control,False,main,5-30,2,32,2024-05-13/2024-09-19,129.4962847222222,129.0,0.2704600494470966,0.3003631066927122,75.0,250.0,,,3,,,
control,False,main,5-30,2,32,2024-05-13/2024-09-19,129.4962847222222,129.0,0.2704600494470966,0.3003631066927122,250.0,550.0,-0.05049541628948988,0.19288782845206895,9,0.010560937018176774,,0.09785539564309136
control,False,main,5-30,2,32,2024-05-13/2024-09-19,129.4962847222222,129.0,0.2704600494470966,0.3003631066927122,550.0,850.0,-0.01224365389591276,0.07073707841180993,20,0.0073260771537817316,0.006310584167330861,0.07761748272974536
control,False,main,5-30,2,32,2024-05-13/2024-09-19,129.4962847222222,129.0,0.2704600494470966,0.3003631066927122,2.0,25.0,,,0,,,
control,False,main,5-30,2,32,2024-05-13/2024-09-19,129.4962847222222,129.0,0.2704600494470966,0.3003631066927122,25.0,50.0,,,0,,,
control,False,main,5-30,2,32,2024-05-13/2024-09-19,129.4962847222222,129.0,0.2704600494470966,0.3003631066927122,50.0,100.0,,,1,,,
control,False,main,5-30,2,32,2024-05-13/2024-09-19,129.4962847222222,129.0,0.2704600494470966,0.3003631066927122,100.0,200.0,,,0,,,
control,False,main,5-30,2,32,2024-05-13/2024-09-19,129.4962847222222,129.0,0.2704600494470966,0.3003631066927122,200.0,400.0,-0.38105308475186594,0.40438533424763345,7,0.0094471057392572,,0.06090874428561975
control,False,main,5-30,2,32,2024-05-13/2024-09-19,129.4962847222222,129.0,0.2704600494470966,0.3003631066927122,400.0,600.0,-0.11030485208156601,0.288969561497349,7,0.009317088089146268,,0.06509885812265248
control,False,main,5-30,2,32,2024-05-13/2024-09-19,129.4962847222222,129.0,0.2704600494470966,0.3003631066927122,600.0,850.0,-0.1203327206347095,0.09680139940771831,17,0.007047252598326866,,0.06191701608881667
control,False,main,5-20,2,32,2024-05-13/2024-09-19,129.4962847222222,129.0,0.2704600494470966,0.3003631066927122,2.0,75.0,-0.05780853257273214,0.11043686062050682,25,0.0061665371735737905,-0.19459517335148296,0.06542062332082034
control,False,main,5-20,2,32,2024-05-13/2024-09-19,129.4962847222222,129.0,0.2704600494470966,0.3003631066927122,75.0,250.0,-0.2743956285554847,0.08022086358350612,37,0.006599696803750826,-0.06625978871666667,0.052763774591917764
control,False,main,5-20,2,32,2024-05-13/2024-09-19,129.4962847222222,129.0,0.2704600494470966,0.3003631066927122,250.0,550.0,-0.03826340457843999,0.04214139242089111,86,0.00879470764742735,0.1501392045211373,0.09785539564309136
control,False,main,5-20,2,32,2024-05-13/2024-09-19,129.4962847222222,129.0,0.2704600494470966,0.3003631066927122,550.0,850.0,-0.006183290900025672,0.04729668060409973,94,0.009292473381474316,-0.06128522783134751,0.07761748272974536
control,False,main,5-20,2,32,2024-05-13/2024-09-19,129.4962847222222,129.0,0.2704600494470966,0.3003631066927122,2.0,25.0,,,2,,,
control,False,main,5-20,2,32,2024-05-13/2024-09-19,129.4962847222222,129.0,0.2704600494470966,0.3003631066927122,25.0,50.0,-1.4515179964199918,1.0071102428355132,7,0.002127968824083846,,0.01823659157543684
control,False,main,5-20,2,32,2024-05-13/2024-09-19,129.4962847222222,129.0,0.2704600494470966,0.3003631066927122,50.0,100.0,0.9841687604245068,0.1005963794896407,32,0.00535527959561341,-0.5184237586190499,0.025170288522337637
control,False,main,5-20,2,32,2024-05-13/2024-09-19,129.4962847222222,129.0,0.2704600494470966,0.3003631066927122,100.0,200.0,-0.1405322269604066,0.19702833535537206,19,0.008403131945127346,0.006172950446794427,0.03317922861328666
control,False,main,5-20,2,32,2024-05-13/2024-09-19,129.4962847222222,129.0,0.2704600494470966,0.3003631066927122,200.0,400.0,-0.020661595094661915,0.07523316926899405,47,0.007392803375553304,0.02062899141659433,0.06090874428561975
control,False,main,5-20,2,32,2024-05-13/2024-09-19,129.4962847222222,129.0,0.2704600494470966,0.3003631066927122,400.0,600.0,-0.14344829497865724,0.07117236137005231,59,0.009379030648217188,0.07638306656222497,0.06509885812265248
control,False,main,5-20,2,32,2024-05-13/2024-09-19,129.4962847222222,129.0,0.2704600494470966,0.3003631066927122,600.0,850.0,0.022792558866488098,0.06473599882935589,77,0.009295888139028256,0.032923406787143,0.06191701608881667
control,False,main,5-30,17,143,2024-07-05/2025-04-23,292.40239583333334,74.0,0.2944549764483796,0.2581982389659062,2.0,75.0,,,0,,,
control,False,main,5-30,17,143,2024-07-05/2025-04-23,292.40239583333334,74.0,0.2944549764483796,0.2581982389659062,75.0,250.0,,,3,,,
control,False,main,5-30,17,143,2024-07-05/2025-04-23,292.40239583333334,74.0,0.2944549764483796,0.2581982389659062,250.0,550.0,,,5,,,
control,False,main,5-30,17,143,2024-07-05/2025-04-23,292.40239583333334,74.0,0.2944549764483796,0.2581982389659062,550.0,850.0,-0.4637571191520567,35.57783158780131,7,0.004120685378562966,,0.07761748272974536
control,False,main,5-30,17,143,2024-07-05/2025-04-23,292.40239583333334,74.0,0.2944549764483796,0.2581982389659062,2.0,25.0,,,0,,,
control,False,main,5-30,17,143,2024-07-05/2025-04-23,292.40239583333334,74.0,0.2944549764483796,0.2581982389659062,25.0,50.0,,,0,,,
control,False,main,5-30,17,143,2024-07-05/2025-04-23,292.40239583333334,74.0,0.2944549764483796,0.2581982389659062,50.0,100.0,,,0,,,
control,False,main,5-30,17,143,2024-07-05/2025-04-23,292.40239583333334,74.0,0.2944549764483796,0.2581982389659062,100.0,200.0,,,3,,,
control,False,main,5-30,17,143,2024-07-05/2025-04-23,292.40239583333334,74.0,0.2944549764483796,0.2581982389659062,200.0,400.0,,,2,,,
control,False,main,5-30,17,143,2024-07-05/2025-04-23,292.40239583333334,74.0,0.2944549764483796,0.2581982389659062,400.0,600.0,,,3,,,
control,False,main,5-30,17,143,2024-07-05/2025-04-23,292.40239583333334,74.0,0.2944549764483796,0.2581982389659062,600.0,850.0,-0.4637571191520567,35.57783158780131,7,0.004120685378562966,,0.06191701608881667
control,False,main,5-20,17,143,2024-07-05/2025-04-23,292.40239583333334,74.0,0.2944549764483796,0.2581982389659062,2.0,75.0,,,0,,,
control,False,main,5-20,17,143,2024-07-05/2025-04-23,292.40239583333334,74.0,0.2944549764483796,0.2581982389659062,75.0,250.0,,,0,,,
control,False,main,5-20,17,143,2024-07-05/2025-04-23,292.40239583333334,74.0,0.2944549764483796,0.2581982389659062,250.0,550.0,0.119544613596392,0.1881984660677703,24,0.006672370392558147,,0.09785539564309136
control,False,main,5-20,17,143,2024-07-05/2025-04-23,292.40239583333334,74.0,0.2944549764483796,0.2581982389659062,550.0,850.0,-0.05550093080019926,0.0910213414195195,94,0.008789346768288795,,0.07761748272974536
control,False,main,5-20,17,143,2024-07-05/2025-04-23,292.40239583333334,74.0,0.2944549764483796,0.2581982389659062,2.0,25.0,,,0,,,
control,False,main,5-20,17,143,2024-07-05/2025-04-23,292.40239583333334,74.0,0.2944549764483796,0.2581982389659062,25.0,50.0,,,0,,,
control,False,main,5-20,17,143,2024-07-05/2025-04-23,292.40239583333334,74.0,0.2944549764483796,0.2581982389659062,50.0,100.0,,,0,,,
control,False,main,5-20,17,143,2024-07-05/2025-04-23,292.40239583333334,74.0,0.2944549764483796,0.2581982389659062,100.0,200.0,,,0,,,
control,False,main,5-20,17,143,2024-07-05/2025-04-23,292.40239583333334,74.0,0.2944549764483796,0.2581982389659062,200.0,400.0,,,1,,,
control,False,main,5-20,17,143,2024-07-05/2025-04-23,292.40239583333334,74.0,0.2944549764483796,0.2581982389659062,400.0,600.0,0.427235479871608,0.076572043669042,23,0.004894860181171861,,0.06509885812265248
control,False,main,5-20,17,143,2024-07-05/2025-04-23,292.40239583333334,74.0,0.2944549764483796,0.2581982389659062,600.0,850.0,-0.05550093080019926,0.0910213414195195,94,0.008789346768288795,,0.06191701608881667
control,False,main,5-30,57,74,2024-12-30/2025-01-24,24.60957175925926,24.25,-0.1549445762891077,-0.1659510430135548,2.0,75.0,,,0,,,
control,False,main,5-30,57,74,2024-12-30/2025-01-24,24.60957175925926,24.25,-0.1549445762891077,-0.1659510430135548,75.0,250.0,,,2,,,
control,False,main,5-30,57,74,2024-12-30/2025-01-24,24.60957175925926,24.25,-0.1549445762891077,-0.1659510430135548,250.0,550.0,,,0,,,
control,False,main,5-30,57,74,2024-12-30/2025-01-24,24.60957175925926,24.25,-0.1549445762891077,-0.1659510430135548,550.0,850.0,,,5,,,
control,False,main,5-30,57,74,2024-12-30/2025-01-24,24.60957175925926,24.25,-0.1549445762891077,-0.1659510430135548,2.0,25.0,,,0,,,
control,False,main,5-30,57,74,2024-12-30/2025-01-24,24.60957175925926,24.25,-0.1549445762891077,-0.1659510430135548,25.0,50.0,,,0,,,
control,False,main,5-30,57,74,2024-12-30/2025-01-24,24.60957175925926,24.25,-0.1549445762891077,-0.1659510430135548,50.0,100.0,,,0,,,
control,False,main,5-30,57,74,2024-12-30/2025-01-24,24.60957175925926,24.25,-0.1549445762891077,-0.1659510430135548,100.0,200.0,,,1,,,
control,False,main,5-30,57,74,2024-12-30/2025-01-24,24.60957175925926,24.25,-0.1549445762891077,-0.1659510430135548,200.0,400.0,,,1,,,
control,False,main,5-30,57,74,2024-12-30/2025-01-24,24.60957175925926,24.25,-0.1549445762891077,-0.1659510430135548,400.0,600.0,,,0,,,
control,False,main,5-30,57,74,2024-12-30/2025-01-24,24.60957175925926,24.25,-0.1549445762891077,-0.1659510430135548,600.0,850.0,,,5,,,
control,False,main,5-20,57,74,2024-12-30/2025-01-24,24.60957175925926,24.25,-0.1549445762891077,-0.1659510430135548,2.0,75.0,,,0,,,
control,False,main,5-20,57,74,2024-12-30/2025-01-24,24.60957175925926,24.25,-0.1549445762891077,-0.1659510430135548,75.0,250.0,0.10732208507679851,4.987607408120584,6,0.006965866469345818,-0.2511893391256972,0.052763774591917764
control,False,main,5-20,57,74,2024-12-30/2025-01-24,24.60957175925926,24.25,-0.1549445762891077,-0.1659510430135548,250.0,550.0,-0.4709691453571847,0.3220935678813567,15,0.010422906080596948,,0.09785539564309136
control,False,main,5-20,57,74,2024-12-30/2025-01-24,24.60957175925926,24.25,-0.1549445762891077,-0.1659510430135548,550.0,850.0,-0.1451812042397865,0.2249614600666574,15,0.007313019693443425,,0.07761748272974536
control,False,main,5-20,57,74,2024-12-30/2025-01-24,24.60957175925926,24.25,-0.1549445762891077,-0.1659510430135548,2.0,25.0,,,0,,,
control,False,main,5-20,57,74,2024-12-30/2025-01-24,24.60957175925926,24.25,-0.1549445762891077,-0.1659510430135548,25.0,50.0,,,0,,,
control,False,main,5-20,57,74,2024-12-30/2025-01-24,24.60957175925926,24.25,-0.1549445762891077,-0.1659510430135548,50.0,100.0,,,3,,,
control,False,main,5-20,57,74,2024-12-30/2025-01-24,24.60957175925926,24.25,-0.1549445762891077,-0.1659510430135548,100.0,200.0,,,0,,,
control,False,main,5-20,57,74,2024-12-30/2025-01-24,24.60957175925926,24.25,-0.1549445762891077,-0.1659510430135548,200.0,400.0,0.031906250378874935,0.20766762506437908,11,0.009787778671935171,,0.06090874428561975
control,False,main,5-20,57,74,2024-12-30/2025-01-24,24.60957175925926,24.25,-0.1549445762891077,-0.1659510430135548,400.0,600.0,-0.9220366928154035,0.22325531519910932,7,0.0059922063104661215,,0.06509885812265248
control,False,main,5-20,57,74,2024-12-30/2025-01-24,24.60957175925926,24.25,-0.1549445762891077,-0.1659510430135548,600.0,850.0,-0.1451812042397865,0.2249614600666574,15,0.007313019693443425,,0.06191701608881667
control,False,main,5-30,164,203,2025-06-02/2026-01-17,228.2346990740741,136.0,-0.2692120658678997,-0.2669409989517613,2.0,75.0,,,0,,,
control,False,main,5-30,164,203,2025-06-02/2026-01-17,228.2346990740741,136.0,-0.2692120658678997,-0.2669409989517613,75.0,250.0,,,1,,,
control,False,main,5-30,164,203,2025-06-02/2026-01-17,228.2346990740741,136.0,-0.2692120658678997,-0.2669409989517613,250.0,550.0,-0.010749296134557095,0.07829542220067194,14,0.009330540289007672,0.10341318133403146,0.09785539564309136
control,False,main,5-30,164,203,2025-06-02/2026-01-17,228.2346990740741,136.0,-0.2692120658678997,-0.2669409989517613,550.0,850.0,-0.27176892202202946,0.14359347362856525,10,0.005719521510395066,,0.07761748272974536
control,False,main,5-30,164,203,2025-06-02/2026-01-17,228.2346990740741,136.0,-0.2692120658678997,-0.2669409989517613,2.0,25.0,,,0,,,
control,False,main,5-30,164,203,2025-06-02/2026-01-17,228.2346990740741,136.0,-0.2692120658678997,-0.2669409989517613,25.0,50.0,,,0,,,
control,False,main,5-30,164,203,2025-06-02/2026-01-17,228.2346990740741,136.0,-0.2692120658678997,-0.2669409989517613,50.0,100.0,,,0,,,
control,False,main,5-30,164,203,2025-06-02/2026-01-17,228.2346990740741,136.0,-0.2692120658678997,-0.2669409989517613,100.0,200.0,,,1,,,
control,False,main,5-30,164,203,2025-06-02/2026-01-17,228.2346990740741,136.0,-0.2692120658678997,-0.2669409989517613,200.0,400.0,0.3109223038487539,0.44855525114852385,8,0.008431744843187207,,0.06090874428561975
control,False,main,5-30,164,203,2025-06-02/2026-01-17,228.2346990740741,136.0,-0.2692120658678997,-0.2669409989517613,400.0,600.0,0.17418785721726437,0.3339793079302902,7,0.008285394573932955,,0.06509885812265248
control,False,main,5-30,164,203,2025-06-02/2026-01-17,228.2346990740741,136.0,-0.2692120658678997,-0.2669409989517613,600.0,850.0,-0.152022876185608,0.1536136945131958,9,0.005447850606379933,,0.06191701608881667
control,False,main,5-20,164,203,2025-06-02/2026-01-17,228.2346990740741,136.0,-0.2692120658678997,-0.2669409989517613,2.0,75.0,0.18280038746037708,0.3467687031030672,25,0.009095031538359695,,0.06542062332082034
control,False,main,5-20,164,203,2025-06-02/2026-01-17,228.2346990740741,136.0,-0.2692120658678997,-0.2669409989517613,75.0,250.0,0.2692360760680366,0.07023162209425528,23,0.0030356893149677227,-0.0005107447609966144,0.052763774591917764
control,False,main,5-20,164,203,2025-06-02/2026-01-17,228.2346990740741,136.0,-0.2692120658678997,-0.2669409989517613,250.0,550.0,-0.015042532986435526,0.06260695743381388,59,0.008990530120216327,0.06787905099506025,0.09785539564309136
control,False,main,5-20,164,203,2025-06-02/2026-01-17,228.2346990740741,136.0,-0.2692120658678997,-0.2669409989517613,550.0,850.0,-0.10214920609058141,0.036840642905695484,102,0.007844642783547738,,0.07761748272974536
control,False,main,5-20,164,203,2025-06-02/2026-01-17,228.2346990740741,136.0,-0.2692120658678997,-0.2669409989517613,2.0,25.0,,,3,,,
control,False,main,5-20,164,203,2025-06-02/2026-01-17,228.2346990740741,136.0,-0.2692120658678997,-0.2669409989517613,25.0,50.0,5.97510948504517,2.7074160967041423,8,0.0077208381097534015,,0.01823659157543684
control,False,main,5-20,164,203,2025-06-02/2026-01-17,228.2346990740741,136.0,-0.2692120658678997,-0.2669409989517613,50.0,100.0,0.6339783250752147,0.5196128922442822,13,0.0034824566369129756,0.5203146667910451,0.025170288522337637
control,False,main,5-20,164,203,2025-06-02/2026-01-17,228.2346990740741,136.0,-0.2692120658678997,-0.2669409989517613,100.0,200.0,0.2692360760680366,0.07023162209425528,23,0.0030356893149677227,,0.03317922861328666
control,False,main,5-20,164,203,2025-06-02/2026-01-17,228.2346990740741,136.0,-0.2692120658678997,-0.2669409989517613,200.0,400.0,-0.042347358030233345,0.13514885364774296,25,0.009384341416325421,,0.06090874428561975
control,False,main,5-20,164,203,2025-06-02/2026-01-17,228.2346990740741,136.0,-0.2692120658678997,-0.2669409989517613,400.0,600.0,0.14076078239474937,0.059348437807539754,52,0.00938315369048197,0.006533580959153635,0.06509885812265248
control,False,main,5-20,164,203,2025-06-02/2026-01-17,228.2346990740741,136.0,-0.2692120658678997,-0.2669409989517613,600.0,850.0,-0.08973187472694538,0.0538094593157424,85,0.007348733005152393,,0.06191701608881667
control,False,main,5-30,7,64,2024-06-09/2025-01-19,223.56469907407407,142.0,0.2386610350962334,0.1293971733863382,2.0,75.0,-0.6283733845266912,0.16176858029868854,16,0.004955303485844573,,0.06542062332082034
control,False,main,5-30,7,64,2024-06-09/2025-01-19,223.56469907407407,142.0,0.2386610350962334,0.1293971733863382,75.0,250.0,,,4,,,
control,False,main,5-30,7,64,2024-06-09/2025-01-19,223.56469907407407,142.0,0.2386610350962334,0.1293971733863382,250.0,550.0,0.10418098702652058,0.01716403566392461,18,0.001281753864189539,,0.09785539564309136
control,False,main,5-30,7,64,2024-06-09/2025-01-19,223.56469907407407,142.0,0.2386610350962334,0.1293971733863382,550.0,850.0,0.17838165001954465,0.008429807957922104,137,0.0013764721347181283,,0.07761748272974536
control,False,main,5-30,7,64,2024-06-09/2025-01-19,223.56469907407407,142.0,0.2386610350962334,0.1293971733863382,2.0,25.0,,,0,,,
control,False,main,5-30,7,64,2024-06-09/2025-01-19,223.56469907407407,142.0,0.2386610350962334,0.1293971733863382,25.0,50.0,-1.0627524806897959,0.3722385689695977,6,0.0005867695931665757,,0.01823659157543684
control,False,main,5-30,7,64,2024-06-09/2025-01-19,223.56469907407407,142.0,0.2386610350962334,0.1293971733863382,50.0,100.0,0.40718933108836436,0.36613841650687057,12,0.005415099575979317,-0.30321739026315364,0.025170288522337637
control,False,main,5-30,7,64,2024-06-09/2025-01-19,223.56469907407407,142.0,0.2386610350962334,0.1293971733863382,100.0,200.0,,,3,,,
control,False,main,5-30,7,64,2024-06-09/2025-01-19,223.56469907407407,142.0,0.2386610350962334,0.1293971733863382,200.0,400.0,0.09478292067945075,0.7564911550225927,8,0.003707631175693959,,0.06090874428561975
control,False,main,5-30,7,64,2024-06-09/2025-01-19,223.56469907407407,142.0,0.2386610350962334,0.1293971733863382,400.0,600.0,-0.6582243805245437,0.13395478042253606,25,0.005323690795585124,0.2728019971732717,0.06509885812265248
control,False,main,5-30,7,64,2024-06-09/2025-01-19,223.56469907407407,142.0,0.2386610350962334,0.1293971733863382,600.0,850.0,0.18750491036070432,0.008781434967881125,133,0.0014760934046345214,,0.06191701608881667
control,False,main,5-20,7,64,2024-06-09/2025-01-19,223.56469907407407,142.0,0.2386610350962334,0.1293971733863382,2.0,75.0,,,0,,,
control,False,main,5-20,7,64,2024-06-09/2025-01-19,223.56469907407407,142.0,0.2386610350962334,0.1293971733863382,75.0,250.0,0.030738890594180387,0.16198943061739085,20,0.007668785780640944,-0.28063747222859425,0.052763774591917764
control,False,main,5-20,7,64,2024-06-09/2025-01-19,223.56469907407407,142.0,0.2386610350962334,0.1293971733863382,250.0,550.0,-0.13154226104701983,0.018287058612303383,117,0.00650001192169755,0.18661032403446437,0.09785539564309136
control,False,main,5-20,7,64,2024-06-09/2025-01-19,223.56469907407407,142.0,0.2386610350962334,0.1293971733863382,550.0,850.0,0.05639272111173655,0.0221091433968487,60,0.0024476962700685735,,0.07761748272974536
control,False,main,5-20,7,64,2024-06-09/2025-01-19,223.56469907407407,142.0,0.2386610350962334,0.1293971733863382,2.0,25.0,,,0,,,
control,False,main,5-20,7,64,2024-06-09/2025-01-19,223.56469907407407,142.0,0.2386610350962334,0.1293971733863382,25.0,50.0,,,0,,,
control,False,main,5-20,7,64,2024-06-09/2025-01-19,223.56469907407407,142.0,0.2386610350962334,0.1293971733863382,50.0,100.0,,,4,,,
control,False,main,5-20,7,64,2024-06-09/2025-01-19,223.56469907407407,142.0,0.2386610350962334,0.1293971733863382,100.0,200.0,-0.9098492374613161,10.12037000737371,16,0.006112823725517873,,0.03317922861328666
control,False,main,5-20,7,64,2024-06-09/2025-01-19,223.56469907407407,142.0,0.2386610350962334,0.1293971733863382,200.0,400.0,-0.4314878038136778,0.0446992816437754,70,0.005719115281361388,,0.06090874428561975
control,False,main,5-20,7,64,2024-06-09/2025-01-19,223.56469907407407,142.0,0.2386610350962334,0.1293971733863382,400.0,600.0,-0.1017501829020932,0.05508505178187505,54,0.005692087139846822,,0.06509885812265248
control,False,main,5-20,7,64,2024-06-09/2025-01-19,223.56469907407407,142.0,0.2386610350962334,0.1293971733863382,600.0,850.0,0.09359773995419923,0.021709545480115437,53,0.0021844488686292244,,0.06191701608881667
control,False,main,5-30,3,54,2024-05-22/2024-12-30,221.4838078703704,143.25,-0.3386252563916571,-0.2808039042269772,2.0,75.0,,,1,,,
control,False,main,5-30,3,54,2024-05-22/2024-12-30,221.4838078703704,143.25,-0.3386252563916571,-0.2808039042269772,75.0,250.0,,,1,,,
control,False,main,5-30,3,54,2024-05-22/2024-12-30,221.4838078703704,143.25,-0.3386252563916571,-0.2808039042269772,250.0,550.0,3.2905520777056525,157.39217402027472,7,0.04764322741812217,,0.09785539564309136
control,False,main,5-30,3,54,2024-05-22/2024-12-30,221.4838078703704,143.25,-0.3386252563916571,-0.2808039042269772,550.0,850.0,0.3522018001183083,0.6607336772567841,8,0.018956579136269178,,0.07761748272974536
control,False,main,5-30,3,54,2024-05-22/2024-12-30,221.4838078703704,143.25,-0.3386252563916571,-0.2808039042269772,2.0,25.0,,,0,,,
control,False,main,5-30,3,54,2024-05-22/2024-12-30,221.4838078703704,143.25,-0.3386252563916571,-0.2808039042269772,25.0,50.0,,,1,,,
control,False,main,5-30,3,54,2024-05-22/2024-12-30,221.4838078703704,143.25,-0.3386252563916571,-0.2808039042269772,50.0,100.0,,,0,,,
control,False,main,5-30,3,54,2024-05-22/2024-12-30,221.4838078703704,143.25,-0.3386252563916571,-0.2808039042269772,100.0,200.0,,,1,,,
control,False,main,5-30,3,54,2024-05-22/2024-12-30,221.4838078703704,143.25,-0.3386252563916571,-0.2808039042269772,200.0,400.0,3.656081246120469,393.4174565594496,6,0.05108738141502772,,0.06090874428561975
control,False,main,5-30,3,54,2024-05-22/2024-12-30,221.4838078703704,143.25,-0.3386252563916571,-0.2808039042269772,400.0,600.0,,,1,,,
control,False,main,5-30,3,54,2024-05-22/2024-12-30,221.4838078703704,143.25,-0.3386252563916571,-0.2808039042269772,600.0,850.0,0.3522018001183083,0.6607336772567841,8,0.018956579136269178,,0.06191701608881667
control,False,main,5-20,3,54,2024-05-22/2024-12-30,221.4838078703704,143.25,-0.3386252563916571,-0.2808039042269772,2.0,75.0,,,1,,,
control,False,main,5-20,3,54,2024-05-22/2024-12-30,221.4838078703704,143.25,-0.3386252563916571,-0.2808039042269772,75.0,250.0,,,0,,,
control,False,main,5-20,3,54,2024-05-22/2024-12-30,221.4838078703704,143.25,-0.3386252563916571,-0.2808039042269772,250.0,550.0,0.03333552435772499,0.07387628648459461,12,0.005671908238594356,,0.09785539564309136
control,False,main,5-20,3,54,2024-05-22/2024-12-30,221.4838078703704,143.25,-0.3386252563916571,-0.2808039042269772,550.0,850.0,,,3,,,
control,False,main,5-20,3,54,2024-05-22/2024-12-30,221.4838078703704,143.25,-0.3386252563916571,-0.2808039042269772,2.0,25.0,,,1,,,
control,False,main,5-20,3,54,2024-05-22/2024-12-30,221.4838078703704,143.25,-0.3386252563916571,-0.2808039042269772,25.0,50.0,,,0,,,
control,False,main,5-20,3,54,2024-05-22/2024-12-30,221.4838078703704,143.25,-0.3386252563916571,-0.2808039042269772,50.0,100.0,,,0,,,
control,False,main,5-20,3,54,2024-05-22/2024-12-30,221.4838078703704,143.25,-0.3386252563916571,-0.2808039042269772,100.0,200.0,,,0,,,
control,False,main,5-20,3,54,2024-05-22/2024-12-30,221.4838078703704,143.25,-0.3386252563916571,-0.2808039042269772,200.0,400.0,-0.4825756728042401,13.719766845728635,7,0.0009228748107978633,,0.06090874428561975
control,False,main,5-20,3,54,2024-05-22/2024-12-30,221.4838078703704,143.25,-0.3386252563916571,-0.2808039042269772,400.0,600.0,-0.07191444223682418,57.87435804322252,6,0.005989268232187291,0.09839016837294186,0.06509885812265248
control,False,main,5-20,3,54,2024-05-22/2024-12-30,221.4838078703704,143.25,-0.3386252563916571,-0.2808039042269772,600.0,850.0,,,2,,,
control,False,main,5-30,8,148,2024-06-19/2025-05-11,326.4970486111111,40.0,-0.1151045872901097,0.0851451772999374,2.0,75.0,,,2,,,
control,False,main,5-30,8,148,2024-06-19/2025-05-11,326.4970486111111,40.0,-0.1151045872901097,0.0851451772999374,75.0,250.0,-4.238594026057947,3.2324526594801832,6,0.00594741836447515,,0.052763774591917764
control,False,main,5-30,8,148,2024-06-19/2025-05-11,326.4970486111111,40.0,-0.1151045872901097,0.0851451772999374,250.0,550.0,,,3,,,
control,False,main,5-30,8,148,2024-06-19/2025-05-11,326.4970486111111,40.0,-0.1151045872901097,0.0851451772999374,550.0,850.0,,,1,,,
control,False,main,5-30,8,148,2024-06-19/2025-05-11,326.4970486111111,40.0,-0.1151045872901097,0.0851451772999374,2.0,25.0,,,1,,,
control,False,main,5-30,8,148,2024-06-19/2025-05-11,326.4970486111111,40.0,-0.1151045872901097,0.0851451772999374,25.0,50.0,,,0,,,
control,False,main,5-30,8,148,2024-06-19/2025-05-11,326.4970486111111,40.0,-0.1151045872901097,0.0851451772999374,50.0,100.0,,,1,,,
control,False,main,5-30,8,148,2024-06-19/2025-05-11,326.4970486111111,40.0,-0.1151045872901097,0.0851451772999374,100.0,200.0,-4.238594026057947,3.2324526594801832,6,0.00594741836447515,,0.03317922861328666
control,False,main,5-30,8,148,2024-06-19/2025-05-11,326.4970486111111,40.0,-0.1151045872901097,0.0851451772999374,200.0,400.0,,,2,,,
control,False,main,5-30,8,148,2024-06-19/2025-05-11,326.4970486111111,40.0,-0.1151045872901097,0.0851451772999374,400.0,600.0,,,2,,,
control,False,main,5-30,8,148,2024-06-19/2025-05-11,326.4970486111111,40.0,-0.1151045872901097,0.0851451772999374,600.0,850.0,,,0,,,
control,False,main,5-20,8,148,2024-06-19/2025-05-11,326.4970486111111,40.0,-0.1151045872901097,0.0851451772999374,2.0,75.0,,,0,,,
control,False,main,5-20,8,148,2024-06-19/2025-05-11,326.4970486111111,40.0,-0.1151045872901097,0.0851451772999374,75.0,250.0,,,1,,,
control,False,main,5-20,8,148,2024-06-19/2025-05-11,326.4970486111111,40.0,-0.1151045872901097,0.0851451772999374,250.0,550.0,,,5,,,
control,False,main,5-20,8,148,2024-06-19/2025-05-11,326.4970486111111,40.0,-0.1151045872901097,0.0851451772999374,550.0,850.0,,,3,,,
control,False,main,5-20,8,148,2024-06-19/2025-05-11,326.4970486111111,40.0,-0.1151045872901097,0.0851451772999374,2.0,25.0,,,0,,,
control,False,main,5-20,8,148,2024-06-19/2025-05-11,326.4970486111111,40.0,-0.1151045872901097,0.0851451772999374,25.0,50.0,,,0,,,
control,False,main,5-20,8,148,2024-06-19/2025-05-11,326.4970486111111,40.0,-0.1151045872901097,0.0851451772999374,50.0,100.0,,,0,,,
control,False,main,5-20,8,148,2024-06-19/2025-05-11,326.4970486111111,40.0,-0.1151045872901097,0.0851451772999374,100.0,200.0,,,1,,,
control,False,main,5-20,8,148,2024-06-19/2025-05-11,326.4970486111111,40.0,-0.1151045872901097,0.0851451772999374,200.0,400.0,,,1,,,
control,False,main,5-20,8,148,2024-06-19/2025-05-11,326.4970486111111,40.0,-0.1151045872901097,0.0851451772999374,400.0,600.0,,,4,,,
control,False,main,5-20,8,148,2024-06-19/2025-05-11,326.4970486111111,40.0,-0.1151045872901097,0.0851451772999374,600.0,850.0,,,3,,,
control,False,main,5-30,45,144,2024-10-31/2025-05-04,185.00752314814812,181.0,-0.2365566246430642,-0.1335258056887702,2.0,75.0,,,2,,,
control,False,main,5-30,45,144,2024-10-31/2025-05-04,185.00752314814812,181.0,-0.2365566246430642,-0.1335258056887702,75.0,250.0,4.777054052626311,3.507513528265396,7,0.04819195877449073,,0.052763774591917764
control,False,main,5-30,45,144,2024-10-31/2025-05-04,185.00752314814812,181.0,-0.2365566246430642,-0.1335258056887702,250.0,550.0,,,4,,,
control,False,main,5-30,45,144,2024-10-31/2025-05-04,185.00752314814812,181.0,-0.2365566246430642,-0.1335258056887702,550.0,850.0,,,3,,,
control,False,main,5-30,45,144,2024-10-31/2025-05-04,185.00752314814812,181.0,-0.2365566246430642,-0.1335258056887702,2.0,25.0,,,0,,,
control,False,main,5-30,45,144,2024-10-31/2025-05-04,185.00752314814812,181.0,-0.2365566246430642,-0.1335258056887702,25.0,50.0,,,0,,,
control,False,main,5-30,45,144,2024-10-31/2025-05-04,185.00752314814812,181.0,-0.2365566246430642,-0.1335258056887702,50.0,100.0,,,5,,,
control,False,main,5-30,45,144,2024-10-31/2025-05-04,185.00752314814812,181.0,-0.2365566246430642,-0.1335258056887702,100.0,200.0,,,4,,,
control,False,main,5-30,45,144,2024-10-31/2025-05-04,185.00752314814812,181.0,-0.2365566246430642,-0.1335258056887702,200.0,400.0,,,3,,,
control,False,main,5-30,45,144,2024-10-31/2025-05-04,185.00752314814812,181.0,-0.2365566246430642,-0.1335258056887702,400.0,600.0,,,4,,,
control,False,main,5-30,45,144,2024-10-31/2025-05-04,185.00752314814812,181.0,-0.2365566246430642,-0.1335258056887702,600.0,850.0,,,0,,,
control,False,main,5-20,45,144,2024-10-31/2025-05-04,185.00752314814812,181.0,-0.2365566246430642,-0.1335258056887702,2.0,75.0,,,3,,,
control,False,main,5-20,45,144,2024-10-31/2025-05-04,185.00752314814812,181.0,-0.2365566246430642,-0.1335258056887702,75.0,250.0,,,1,,,
control,False,main,5-20,45,144,2024-10-31/2025-05-04,185.00752314814812,181.0,-0.2365566246430642,-0.1335258056887702,250.0,550.0,0.055143975390758104,0.1614358301943305,6,0.006672866144056228,,0.09785539564309136
control,False,main,5-20,45,144,2024-10-31/2025-05-04,185.00752314814812,181.0,-0.2365566246430642,-0.1335258056887702,550.0,850.0,,,4,,,
control,False,main,5-20,45,144,2024-10-31/2025-05-04,185.00752314814812,181.0,-0.2365566246430642,-0.1335258056887702,2.0,25.0,,,1,,,
control,False,main,5-20,45,144,2024-10-31/2025-05-04,185.00752314814812,181.0,-0.2365566246430642,-0.1335258056887702,25.0,50.0,,,0,,,
control,False,main,5-20,45,144,2024-10-31/2025-05-04,185.00752314814812,181.0,-0.2365566246430642,-0.1335258056887702,50.0,100.0,,,3,,,
control,False,main,5-20,45,144,2024-10-31/2025-05-04,185.00752314814812,181.0,-0.2365566246430642,-0.1335258056887702,100.0,200.0,,,0,,,
control,False,main,5-20,45,144,2024-10-31/2025-05-04,185.00752314814812,181.0,-0.2365566246430642,-0.1335258056887702,200.0,400.0,,,4,,,
control,False,main,5-20,45,144,2024-10-31/2025-05-04,185.00752314814812,181.0,-0.2365566246430642,-0.1335258056887702,400.0,600.0,,,2,,,
control,False,main,5-20,45,144,2024-10-31/2025-05-04,185.00752314814812,181.0,-0.2365566246430642,-0.1335258056887702,600.0,850.0,,,4,,,
control,False,main,5-30,71,131,2025-01-23/2025-04-06,73.4853125,73.0,-0.1968689677062324,-0.1343125004414496,2.0,75.0,,,3,,,
control,False,main,5-30,71,131,2025-01-23/2025-04-06,73.4853125,73.0,-0.1968689677062324,-0.1343125004414496,75.0,250.0,0.01699271525386953,0.04831343575359702,37,0.004360885264687401,0.06571825244360352,0.052763774591917764
control,False,main,5-30,71,131,2025-01-23/2025-04-06,73.4853125,73.0,-0.1968689677062324,-0.1343125004414496,250.0,550.0,0.11565655181526376,89.7049535900674,6,0.005523695063104208,-0.09042723795242437,0.09785539564309136
control,False,main,5-30,71,131,2025-01-23/2025-04-06,73.4853125,73.0,-0.1968689677062324,-0.1343125004414496,550.0,850.0,0.26492082281349016,0.4244249247996554,8,0.003084093868641826,,0.07761748272974536
control,False,main,5-30,71,131,2025-01-23/2025-04-06,73.4853125,73.0,-0.1968689677062324,-0.1343125004414496,2.0,25.0,,,1,,,
control,False,main,5-30,71,131,2025-01-23/2025-04-06,73.4853125,73.0,-0.1968689677062324,-0.1343125004414496,25.0,50.0,,,0,,,
control,False,main,5-30,71,131,2025-01-23/2025-04-06,73.4853125,73.0,-0.1968689677062324,-0.1343125004414496,50.0,100.0,,,5,,,
control,False,main,5-30,71,131,2025-01-23/2025-04-06,73.4853125,73.0,-0.1968689677062324,-0.1343125004414496,100.0,200.0,0.04868667136131757,0.06874353310150916,28,0.004330036119205894,0.05650512426312908,0.03317922861328666
control,False,main,5-30,71,131,2025-01-23/2025-04-06,73.4853125,73.0,-0.1968689677062324,-0.1343125004414496,200.0,400.0,-0.49137597718519477,0.7917718615542552,8,0.004097720679898509,,0.06090874428561975
control,False,main,5-30,71,131,2025-01-23/2025-04-06,73.4853125,73.0,-0.1968689677062324,-0.1343125004414496,400.0,600.0,,,5,,,
control,False,main,5-30,71,131,2025-01-23/2025-04-06,73.4853125,73.0,-0.1968689677062324,-0.1343125004414496,600.0,850.0,0.26492082281349016,0.4244249247996554,8,0.003084093868641826,,0.06191701608881667
control,False,main,5-20,71,131,2025-01-23/2025-04-06,73.4853125,73.0,-0.1968689677062324,-0.1343125004414496,2.0,75.0,0.23235464935228867,1.0777997136158548,6,0.004628969809932331,,0.06542062332082034
control,False,main,5-20,71,131,2025-01-23/2025-04-06,73.4853125,73.0,-0.1968689677062324,-0.1343125004414496,75.0,250.0,0.03411838289008922,0.17067426622731535,32,0.014039550517278773,,0.052763774591917764
control,False,main,5-20,71,131,2025-01-23/2025-04-06,73.4853125,73.0,-0.1968689677062324,-0.1343125004414496,250.0,550.0,-0.4170513806172394,0.13291267527242315,15,0.009730231908302186,,0.09785539564309136
control,False,main,5-20,71,131,2025-01-23/2025-04-06,73.4853125,73.0,-0.1968689677062324,-0.1343125004414496,550.0,850.0,0.19506641645147393,0.4086302188292935,6,0.004192895289959559,-0.42715785113957083,0.07761748272974536
control,False,main,5-20,71,131,2025-01-23/2025-04-06,73.4853125,73.0,-0.1968689677062324,-0.1343125004414496,2.0,25.0,,,0,,,
control,False,main,5-20,71,131,2025-01-23/2025-04-06,73.4853125,73.0,-0.1968689677062324,-0.1343125004414496,25.0,50.0,,,1,,,
control,False,main,5-20,71,131,2025-01-23/2025-04-06,73.4853125,73.0,-0.1968689677062324,-0.1343125004414496,50.0,100.0,0.41431987250177654,0.26084502241782587,12,0.00923349962195359,-0.1346751715842554,0.025170288522337637
control,False,main,5-20,71,131,2025-01-23/2025-04-06,73.4853125,73.0,-0.1968689677062324,-0.1343125004414496,100.0,200.0,-0.4805242350526276,0.3449076987687744,19,0.013991759048648281,-0.6486792045088886,0.03317922861328666
control,False,main,5-20,71,131,2025-01-23/2025-04-06,73.4853125,73.0,-0.1968689677062324,-0.1343125004414496,200.0,400.0,-0.10605224065021114,0.12810906550278414,13,0.010583034007688473,,0.06090874428561975
control,False,main,5-20,71,131,2025-01-23/2025-04-06,73.4853125,73.0,-0.1968689677062324,-0.1343125004414496,400.0,600.0,-0.20154603535977647,3.8795178590727604,10,0.0093611527302857,,0.06509885812265248
control,False,main,5-20,71,131,2025-01-23/2025-04-06,73.4853125,73.0,-0.1968689677062324,-0.1343125004414496,600.0,850.0,-0.6710858661956973,1.688464582727747,6,0.009970240742971807,,0.06191701608881667
control,False,main,5-30,122,198,2025-04-06/2026-01-13,282.3892476851852,83.0,-0.286430643501082,0.2116335591479077,2.0,75.0,,,1,,,
control,False,main,5-30,122,198,2025-04-06/2026-01-13,282.3892476851852,83.0,-0.286430643501082,0.2116335591479077,75.0,250.0,,,1,,,
control,False,main,5-30,122,198,2025-04-06/2026-01-13,282.3892476851852,83.0,-0.286430643501082,0.2116335591479077,250.0,550.0,,,3,,,
control,False,main,5-30,122,198,2025-04-06/2026-01-13,282.3892476851852,83.0,-0.286430643501082,0.2116335591479077,550.0,850.0,0.13826353407175276,117.10920272233952,6,0.0036688875365193142,,0.07761748272974536
control,False,main,5-30,122,198,2025-04-06/2026-01-13,282.3892476851852,83.0,-0.286430643501082,0.2116335591479077,2.0,25.0,,,0,,,
control,False,main,5-30,122,198,2025-04-06/2026-01-13,282.3892476851852,83.0,-0.286430643501082,0.2116335591479077,25.0,50.0,,,0,,,
control,False,main,5-30,122,198,2025-04-06/2026-01-13,282.3892476851852,83.0,-0.286430643501082,0.2116335591479077,50.0,100.0,,,1,,,
control,False,main,5-30,122,198,2025-04-06/2026-01-13,282.3892476851852,83.0,-0.286430643501082,0.2116335591479077,100.0,200.0,,,1,,,
control,False,main,5-30,122,198,2025-04-06/2026-01-13,282.3892476851852,83.0,-0.286430643501082,0.2116335591479077,200.0,400.0,,,2,,,
control,False,main,5-30,122,198,2025-04-06/2026-01-13,282.3892476851852,83.0,-0.286430643501082,0.2116335591479077,400.0,600.0,,,1,,,
control,False,main,5-30,122,198,2025-04-06/2026-01-13,282.3892476851852,83.0,-0.286430643501082,0.2116335591479077,600.0,850.0,0.13826353407175276,117.10920272233952,6,0.0036688875365193142,,0.06191701608881667
control,False,main,5-20,122,198,2025-04-06/2026-01-13,282.3892476851852,83.0,-0.286430643501082,0.2116335591479077,2.0,75.0,0.08964581302585957,0.4569692542982496,9,0.008615943380508848,,0.06542062332082034
control,False,main,5-20,122,198,2025-04-06/2026-01-13,282.3892476851852,83.0,-0.286430643501082,0.2116335591479077,75.0,250.0,0.06842935422511459,0.13969433227215972,11,0.007632117629712559,0.05163074810103104,0.052763774591917764
control,False,main,5-20,122,198,2025-04-06/2026-01-13,282.3892476851852,83.0,-0.286430643501082,0.2116335591479077,250.0,550.0,0.05719393877195075,0.06808967771780347,61,0.011270286320059155,0.17182444231578106,0.09785539564309136
control,False,main,5-20,122,198,2025-04-06/2026-01-13,282.3892476851852,83.0,-0.286430643501082,0.2116335591479077,550.0,850.0,0.055200029625637234,0.05690893883199506,66,0.00938652153855676,-0.24123727728727842,0.07761748272974536
control,False,main,5-20,122,198,2025-04-06/2026-01-13,282.3892476851852,83.0,-0.286430643501082,0.2116335591479077,2.0,25.0,,,2,,,
control,False,main,5-20,122,198,2025-04-06/2026-01-13,282.3892476851852,83.0,-0.286430643501082,0.2116335591479077,25.0,50.0,,,0,,,
control,False,main,5-20,122,198,2025-04-06/2026-01-13,282.3892476851852,83.0,-0.286430643501082,0.2116335591479077,50.0,100.0,-0.24588152630883237,0.6881813878159372,9,0.009227460582363161,,0.025170288522337637
control,False,main,5-20,122,198,2025-04-06/2026-01-13,282.3892476851852,83.0,-0.286430643501082,0.2116335591479077,100.0,200.0,-0.07822874113363472,0.6457347512296342,6,0.007280833626593738,,0.03317922861328666
control,False,main,5-20,122,198,2025-04-06/2026-01-13,282.3892476851852,83.0,-0.286430643501082,0.2116335591479077,200.0,400.0,-0.4287998445968376,0.1570038327079387,33,0.010956226414414467,0.43230560133446616,0.06090874428561975
control,False,main,5-20,122,198,2025-04-06/2026-01-13,282.3892476851852,83.0,-0.286430643501082,0.2116335591479077,400.0,600.0,0.16183730076258138,0.08793969992231027,43,0.011052040057570987,-0.3597048009754391,0.06509885812265248
control,False,main,5-20,122,198,2025-04-06/2026-01-13,282.3892476851852,83.0,-0.286430643501082,0.2116335591479077,600.0,850.0,-0.017662848132726925,0.06749284067648154,54,0.008555716487467616,0.07516387273744742,0.06191701608881667
control,False,main,5-30,92,201,2025-03-01/2026-01-15,319.73665509259257,45.0,-0.2399776743279358,-0.2133949785499214,2.0,75.0,,,0,,,
control,False,main,5-30,92,201,2025-03-01/2026-01-15,319.73665509259257,45.0,-0.2399776743279358,-0.2133949785499214,75.0,250.0,,,0,,,
control,False,main,5-30,92,201,2025-03-01/2026-01-15,319.73665509259257,45.0,-0.2399776743279358,-0.2133949785499214,250.0,550.0,,,1,,,
control,False,main,5-30,92,201,2025-03-01/2026-01-15,319.73665509259257,45.0,-0.2399776743279358,-0.2133949785499214,550.0,850.0,,,4,,,
control,False,main,5-30,92,201,2025-03-01/2026-01-15,319.73665509259257,45.0,-0.2399776743279358,-0.2133949785499214,2.0,25.0,,,0,,,
control,False,main,5-30,92,201,2025-03-01/2026-01-15,319.73665509259257,45.0,-0.2399776743279358,-0.2133949785499214,25.0,50.0,,,0,,,
control,False,main,5-30,92,201,2025-03-01/2026-01-15,319.73665509259257,45.0,-0.2399776743279358,-0.2133949785499214,50.0,100.0,,,0,,,
control,False,main,5-30,92,201,2025-03-01/2026-01-15,319.73665509259257,45.0,-0.2399776743279358,-0.2133949785499214,100.0,200.0,,,0,,,
control,False,main,5-30,92,201,2025-03-01/2026-01-15,319.73665509259257,45.0,-0.2399776743279358,-0.2133949785499214,200.0,400.0,,,0,,,
control,False,main,5-30,92,201,2025-03-01/2026-01-15,319.73665509259257,45.0,-0.2399776743279358,-0.2133949785499214,400.0,600.0,,,3,,,
control,False,main,5-30,92,201,2025-03-01/2026-01-15,319.73665509259257,45.0,-0.2399776743279358,-0.2133949785499214,600.0,850.0,,,2,,,
control,False,main,5-20,92,201,2025-03-01/2026-01-15,319.73665509259257,45.0,-0.2399776743279358,-0.2133949785499214,2.0,75.0,,,3,,,
control,False,main,5-20,92,201,2025-03-01/2026-01-15,319.73665509259257,45.0,-0.2399776743279358,-0.2133949785499214,75.0,250.0,,,4,,,
control,False,main,5-20,92,201,2025-03-01/2026-01-15,319.73665509259257,45.0,-0.2399776743279358,-0.2133949785499214,250.0,550.0,0.011137558269754263,0.17614831112068208,14,0.011222402453113702,,0.09785539564309136
control,False,main,5-20,92,201,2025-03-01/2026-01-15,319.73665509259257,45.0,-0.2399776743279358,-0.2133949785499214,550.0,850.0,-0.23825213014479776,0.2148870817628879,7,0.008475648967739953,,0.07761748272974536
control,False,main,5-20,92,201,2025-03-01/2026-01-15,319.73665509259257,45.0,-0.2399776743279358,-0.2133949785499214,2.0,25.0,,,1,,,
control,False,main,5-20,92,201,2025-03-01/2026-01-15,319.73665509259257,45.0,-0.2399776743279358,-0.2133949785499214,25.0,50.0,,,0,,,
control,False,main,5-20,92,201,2025-03-01/2026-01-15,319.73665509259257,45.0,-0.2399776743279358,-0.2133949785499214,50.0,100.0,,,2,,,
control,False,main,5-20,92,201,2025-03-01/2026-01-15,319.73665509259257,45.0,-0.2399776743279358,-0.2133949785499214,100.0,200.0,,,4,,,
control,False,main,5-20,92,201,2025-03-01/2026-01-15,319.73665509259257,45.0,-0.2399776743279358,-0.2133949785499214,200.0,400.0,,,3,,,
control,False,main,5-20,92,201,2025-03-01/2026-01-15,319.73665509259257,45.0,-0.2399776743279358,-0.2133949785499214,400.0,600.0,-0.485850771688747,0.23329644912381228,11,0.009068959793618247,-0.14816601355320566,0.06509885812265248
control,False,main,5-20,92,201,2025-03-01/2026-01-15,319.73665509259257,45.0,-0.2399776743279358,-0.2133949785499214,600.0,850.0,-0.23825213014479776,0.2148870817628879,7,0.008475648967739953,,0.06191701608881667
control,False,main,5-30,110,142,2025-03-22/2025-04-22,30.95332175925926,31.0,-0.2072209356966296,0.2466003956354994,2.0,75.0,,,0,,,
control,False,main,5-30,110,142,2025-03-22/2025-04-22,30.95332175925926,31.0,-0.2072209356966296,0.2466003956354994,75.0,250.0,,,2,,,
control,False,main,5-30,110,142,2025-03-22/2025-04-22,30.95332175925926,31.0,-0.2072209356966296,0.2466003956354994,250.0,550.0,,,4,,,
control,False,main,5-30,110,142,2025-03-22/2025-04-22,30.95332175925926,31.0,-0.2072209356966296,0.2466003956354994,550.0,850.0,,,2,,,
control,False,main,5-30,110,142,2025-03-22/2025-04-22,30.95332175925926,31.0,-0.2072209356966296,0.2466003956354994,2.0,25.0,,,0,,,
control,False,main,5-30,110,142,2025-03-22/2025-04-22,30.95332175925926,31.0,-0.2072209356966296,0.2466003956354994,25.0,50.0,,,0,,,
control,False,main,5-30,110,142,2025-03-22/2025-04-22,30.95332175925926,31.0,-0.2072209356966296,0.2466003956354994,50.0,100.0,,,0,,,
control,False,main,5-30,110,142,2025-03-22/2025-04-22,30.95332175925926,31.0,-0.2072209356966296,0.2466003956354994,100.0,200.0,,,2,,,
control,False,main,5-30,110,142,2025-03-22/2025-04-22,30.95332175925926,31.0,-0.2072209356966296,0.2466003956354994,200.0,400.0,,,3,,,
control,False,main,5-30,110,142,2025-03-22/2025-04-22,30.95332175925926,31.0,-0.2072209356966296,0.2466003956354994,400.0,600.0,,,1,,,
control,False,main,5-30,110,142,2025-03-22/2025-04-22,30.95332175925926,31.0,-0.2072209356966296,0.2466003956354994,600.0,850.0,,,2,,,
control,False,main,5-20,110,142,2025-03-22/2025-04-22,30.95332175925926,31.0,-0.2072209356966296,0.2466003956354994,2.0,75.0,,,3,,,
control,False,main,5-20,110,142,2025-03-22/2025-04-22,30.95332175925926,31.0,-0.2072209356966296,0.2466003956354994,75.0,250.0,-0.1387088149426575,0.12159871901975249,14,0.005462328647944859,0.2590833478042954,0.052763774591917764
control,False,main,5-20,110,142,2025-03-22/2025-04-22,30.95332175925926,31.0,-0.2072209356966296,0.2466003956354994,250.0,550.0,,,4,,,
control,False,main,5-20,110,142,2025-03-22/2025-04-22,30.95332175925926,31.0,-0.2072209356966296,0.2466003956354994,550.0,850.0,-0.11400409986731459,0.10796903999148355,15,0.009838074446555775,,0.07761748272974536
control,False,main,5-20,110,142,2025-03-22/2025-04-22,30.95332175925926,31.0,-0.2072209356966296,0.2466003956354994,2.0,25.0,,,0,,,
control,False,main,5-20,110,142,2025-03-22/2025-04-22,30.95332175925926,31.0,-0.2072209356966296,0.2466003956354994,25.0,50.0,,,0,,,
control,False,main,5-20,110,142,2025-03-22/2025-04-22,30.95332175925926,31.0,-0.2072209356966296,0.2466003956354994,50.0,100.0,,,5,,,
control,False,main,5-20,110,142,2025-03-22/2025-04-22,30.95332175925926,31.0,-0.2072209356966296,0.2466003956354994,100.0,200.0,-0.30459829702430924,0.6604037861275833,6,0.0030999965338310274,-0.029587295272952358,0.03317922861328666
control,False,main,5-20,110,142,2025-03-22/2025-04-22,30.95332175925926,31.0,-0.2072209356966296,0.2466003956354994,200.0,400.0,0.04429857656204468,0.5517406453283275,9,0.008600339940200258,,0.06090874428561975
control,False,main,5-20,110,142,2025-03-22/2025-04-22,30.95332175925926,31.0,-0.2072209356966296,0.2466003956354994,400.0,600.0,,,4,,,
control,False,main,5-20,110,142,2025-03-22/2025-04-22,30.95332175925926,31.0,-0.2072209356966296,0.2466003956354994,600.0,850.0,-0.14210133196510538,0.11299003855965732,13,0.009083243004645844,,0.06191701608881667
control,False,main,5-30,42,72,2024-10-20/2025-01-23,94.85239583333332,94.25,0.0118644007596112,-0.2627821374715072,2.0,75.0,,,0,,,
control,False,main,5-30,42,72,2024-10-20/2025-01-23,94.85239583333332,94.25,0.0118644007596112,-0.2627821374715072,75.0,250.0,,,1,,,
control,False,main,5-30,42,72,2024-10-20/2025-01-23,94.85239583333332,94.25,0.0118644007596112,-0.2627821374715072,250.0,550.0,,,1,,,
control,False,main,5-30,42,72,2024-10-20/2025-01-23,94.85239583333332,94.25,0.0118644007596112,-0.2627821374715072,550.0,850.0,,,4,,,
control,False,main,5-30,42,72,2024-10-20/2025-01-23,94.85239583333332,94.25,0.0118644007596112,-0.2627821374715072,2.0,25.0,,,0,,,
control,False,main,5-30,42,72,2024-10-20/2025-01-23,94.85239583333332,94.25,0.0118644007596112,-0.2627821374715072,25.0,50.0,,,0,,,
control,False,main,5-30,42,72,2024-10-20/2025-01-23,94.85239583333332,94.25,0.0118644007596112,-0.2627821374715072,50.0,100.0,,,0,,,
control,False,main,5-30,42,72,2024-10-20/2025-01-23,94.85239583333332,94.25,0.0118644007596112,-0.2627821374715072,100.0,200.0,,,1,,,
control,False,main,5-30,42,72,2024-10-20/2025-01-23,94.85239583333332,94.25,0.0118644007596112,-0.2627821374715072,200.0,400.0,,,0,,,
control,False,main,5-30,42,72,2024-10-20/2025-01-23,94.85239583333332,94.25,0.0118644007596112,-0.2627821374715072,400.0,600.0,,,1,,,
control,False,main,5-30,42,72,2024-10-20/2025-01-23,94.85239583333332,94.25,0.0118644007596112,-0.2627821374715072,600.0,850.0,,,4,,,
control,False,main,5-20,42,72,2024-10-20/2025-01-23,94.85239583333332,94.25,0.0118644007596112,-0.2627821374715072,2.0,75.0,,,2,,,
control,False,main,5-20,42,72,2024-10-20/2025-01-23,94.85239583333332,94.25,0.0118644007596112,-0.2627821374715072,75.0,250.0,,,4,,,
control,False,main,5-20,42,72,2024-10-20/2025-01-23,94.85239583333332,94.25,0.0118644007596112,-0.2627821374715072,250.0,550.0,-0.01936042020261429,0.06767144279013593,15,0.006861109119587253,-0.06305602301922932,0.09785539564309136
control,False,main,5-20,42,72,2024-10-20/2025-01-23,94.85239583333332,94.25,0.0118644007596112,-0.2627821374715072,550.0,850.0,-0.29650534393248745,0.12109590311711638,11,0.010959093197831032,,0.07761748272974536
control,False,main,5-20,42,72,2024-10-20/2025-01-23,94.85239583333332,94.25,0.0118644007596112,-0.2627821374715072,2.0,25.0,,,2,,,
control,False,main,5-20,42,72,2024-10-20/2025-01-23,94.85239583333332,94.25,0.0118644007596112,-0.2627821374715072,25.0,50.0,,,0,,,
control,False,main,5-20,42,72,2024-10-20/2025-01-23,94.85239583333332,94.25,0.0118644007596112,-0.2627821374715072,50.0,100.0,,,1,,,
control,False,main,5-20,42,72,2024-10-20/2025-01-23,94.85239583333332,94.25,0.0118644007596112,-0.2627821374715072,100.0,200.0,,,1,,,
control,False,main,5-20,42,72,2024-10-20/2025-01-23,94.85239583333332,94.25,0.0118644007596112,-0.2627821374715072,200.0,400.0,-0.3522737968622375,0.17183160626454533,10,0.00762169369327001,,0.06090874428561975
control,False,main,5-20,42,72,2024-10-20/2025-01-23,94.85239583333332,94.25,0.0118644007596112,-0.2627821374715072,400.0,600.0,0.2085377052932449,0.31163516365234656,9,0.007381290911692665,,0.06509885812265248
control,False,main,5-20,42,72,2024-10-20/2025-01-23,94.85239583333332,94.25,0.0118644007596112,-0.2627821374715072,600.0,850.0,-0.3493925738954422,0.27645446702999243,9,0.012171875272635841,,0.06191701608881667
control,False,main,5-30,28,140,2024-09-02/2025-04-16,226.39949074074076,140.0,0.2115985897010727,0.1852725539419756,2.0,75.0,,,1,,,
control,False,main,5-30,28,140,2024-09-02/2025-04-16,226.39949074074076,140.0,0.2115985897010727,0.1852725539419756,75.0,250.0,,,1,,,
control,False,main,5-30,28,140,2024-09-02/2025-04-16,226.39949074074076,140.0,0.2115985897010727,0.1852725539419756,250.0,550.0,,,5,,,
control,False,main,5-30,28,140,2024-09-02/2025-04-16,226.39949074074076,140.0,0.2115985897010727,0.1852725539419756,550.0,850.0,,,4,,,
control,False,main,5-30,28,140,2024-09-02/2025-04-16,226.39949074074076,140.0,0.2115985897010727,0.1852725539419756,2.0,25.0,,,0,,,
control,False,main,5-30,28,140,2024-09-02/2025-04-16,226.39949074074076,140.0,0.2115985897010727,0.1852725539419756,25.0,50.0,,,0,,,
control,False,main,5-30,28,140,2024-09-02/2025-04-16,226.39949074074076,140.0,0.2115985897010727,0.1852725539419756,50.0,100.0,,,1,,,
control,False,main,5-30,28,140,2024-09-02/2025-04-16,226.39949074074076,140.0,0.2115985897010727,0.1852725539419756,100.0,200.0,,,0,,,
control,False,main,5-30,28,140,2024-09-02/2025-04-16,226.39949074074076,140.0,0.2115985897010727,0.1852725539419756,200.0,400.0,,,3,,,
control,False,main,5-30,28,140,2024-09-02/2025-04-16,226.39949074074076,140.0,0.2115985897010727,0.1852725539419756,400.0,600.0,,,5,,,
control,False,main,5-30,28,140,2024-09-02/2025-04-16,226.39949074074076,140.0,0.2115985897010727,0.1852725539419756,600.0,850.0,,,2,,,
control,False,main,5-20,28,140,2024-09-02/2025-04-16,226.39949074074076,140.0,0.2115985897010727,0.1852725539419756,2.0,75.0,,,4,,,
control,False,main,5-20,28,140,2024-09-02/2025-04-16,226.39949074074076,140.0,0.2115985897010727,0.1852725539419756,75.0,250.0,,,3,,,
control,False,main,5-20,28,140,2024-09-02/2025-04-16,226.39949074074076,140.0,0.2115985897010727,0.1852725539419756,250.0,550.0,,,1,,,
control,False,main,5-20,28,140,2024-09-02/2025-04-16,226.39949074074076,140.0,0.2115985897010727,0.1852725539419756,550.0,850.0,,,5,,,
control,False,main,5-20,28,140,2024-09-02/2025-04-16,226.39949074074076,140.0,0.2115985897010727,0.1852725539419756,2.0,25.0,,,0,,,
control,False,main,5-20,28,140,2024-09-02/2025-04-16,226.39949074074076,140.0,0.2115985897010727,0.1852725539419756,25.0,50.0,,,3,,,
control,False,main,5-20,28,140,2024-09-02/2025-04-16,226.39949074074076,140.0,0.2115985897010727,0.1852725539419756,50.0,100.0,,,1,,,
control,False,main,5-20,28,140,2024-09-02/2025-04-16,226.39949074074076,140.0,0.2115985897010727,0.1852725539419756,100.0,200.0,,,1,,,
control,False,main,5-20,28,140,2024-09-02/2025-04-16,226.39949074074076,140.0,0.2115985897010727,0.1852725539419756,200.0,400.0,,,3,,,
control,False,main,5-20,28,140,2024-09-02/2025-04-16,226.39949074074076,140.0,0.2115985897010727,0.1852725539419756,400.0,600.0,,,2,,,
control,False,main,5-20,28,140,2024-09-02/2025-04-16,226.39949074074076,140.0,0.2115985897010727,0.1852725539419756,600.0,850.0,,,3,,,
control,False,main,5-30,63,126,2025-01-16/2025-04-06,79.52114583333334,80.0,-0.1514662568849696,-0.1700057931452836,2.0,75.0,,,0,,,
control,False,main,5-30,63,126,2025-01-16/2025-04-06,79.52114583333334,80.0,-0.1514662568849696,-0.1700057931452836,75.0,250.0,,,1,,,
control,False,main,5-30,63,126,2025-01-16/2025-04-06,79.52114583333334,80.0,-0.1514662568849696,-0.1700057931452836,250.0,550.0,,,1,,,
control,False,main,5-30,63,126,2025-01-16/2025-04-06,79.52114583333334,80.0,-0.1514662568849696,-0.1700057931452836,550.0,850.0,,,1,,,
control,False,main,5-30,63,126,2025-01-16/2025-04-06,79.52114583333334,80.0,-0.1514662568849696,-0.1700057931452836,2.0,25.0,,,0,,,
control,False,main,5-30,63,126,2025-01-16/2025-04-06,79.52114583333334,80.0,-0.1514662568849696,-0.1700057931452836,25.0,50.0,,,0,,,
control,False,main,5-30,63,126,2025-01-16/2025-04-06,79.52114583333334,80.0,-0.1514662568849696,-0.1700057931452836,50.0,100.0,,,0,,,
control,False,main,5-30,63,126,2025-01-16/2025-04-06,79.52114583333334,80.0,-0.1514662568849696,-0.1700057931452836,100.0,200.0,,,1,,,
control,False,main,5-30,63,126,2025-01-16/2025-04-06,79.52114583333334,80.0,-0.1514662568849696,-0.1700057931452836,200.0,400.0,,,1,,,
control,False,main,5-30,63,126,2025-01-16/2025-04-06,79.52114583333334,80.0,-0.1514662568849696,-0.1700057931452836,400.0,600.0,,,0,,,
control,False,main,5-30,63,126,2025-01-16/2025-04-06,79.52114583333334,80.0,-0.1514662568849696,-0.1700057931452836,600.0,850.0,,,1,,,
control,False,main,5-20,63,126,2025-01-16/2025-04-06,79.52114583333334,80.0,-0.1514662568849696,-0.1700057931452836,2.0,75.0,,,3,,,
control,False,main,5-20,63,126,2025-01-16/2025-04-06,79.52114583333334,80.0,-0.1514662568849696,-0.1700057931452836,75.0,250.0,,,5,,,
control,False,main,5-20,63,126,2025-01-16/2025-04-06,79.52114583333334,80.0,-0.1514662568849696,-0.1700057931452836,250.0,550.0,,,4,,,
control,False,main,5-20,63,126,2025-01-16/2025-04-06,79.52114583333334,80.0,-0.1514662568849696,-0.1700057931452836,550.0,850.0,,,4,,,
control,False,main,5-20,63,126,2025-01-16/2025-04-06,79.52114583333334,80.0,-0.1514662568849696,-0.1700057931452836,2.0,25.0,,,0,,,
control,False,main,5-20,63,126,2025-01-16/2025-04-06,79.52114583333334,80.0,-0.1514662568849696,-0.1700057931452836,25.0,50.0,,,2,,,
control,False,main,5-20,63,126,2025-01-16/2025-04-06,79.52114583333334,80.0,-0.1514662568849696,-0.1700057931452836,50.0,100.0,,,2,,,
control,False,main,5-20,63,126,2025-01-16/2025-04-06,79.52114583333334,80.0,-0.1514662568849696,-0.1700057931452836,100.0,200.0,,,4,,,
control,False,main,5-20,63,126,2025-01-16/2025-04-06,79.52114583333334,80.0,-0.1514662568849696,-0.1700057931452836,200.0,400.0,,,3,,,
control,False,main,5-20,63,126,2025-01-16/2025-04-06,79.52114583333334,80.0,-0.1514662568849696,-0.1700057931452836,400.0,600.0,,,1,,,
control,False,main,5-20,63,126,2025-01-16/2025-04-06,79.52114583333334,80.0,-0.1514662568849696,-0.1700057931452836,600.0,850.0,,,4,,,
control,False,main,5-30,56,75,2024-12-30/2025-02-03,35.110983796296296,34.25,0.2685582703954722,0.2290597497903582,2.0,75.0,-0.044127467257935905,0.11101212951000933,21,0.00438652630136408,0.017213799155649693,0.06542062332082034
control,False,main,5-30,56,75,2024-12-30/2025-02-03,35.110983796296296,34.25,0.2685582703954722,0.2290597497903582,75.0,250.0,-0.1021139359853402,0.05799188824934471,17,0.0022479515759135306,0.05427534341580193,0.052763774591917764
control,False,main,5-30,56,75,2024-12-30/2025-02-03,35.110983796296296,34.25,0.2685582703954722,0.2290597497903582,250.0,550.0,-0.011438676231361982,0.0438603865403953,20,0.005184011928435557,,0.09785539564309136
control,False,main,5-30,56,75,2024-12-30/2025-02-03,35.110983796296296,34.25,0.2685582703954722,0.2290597497903582,550.0,850.0,-0.016279589615441663,119.50770027708822,8,0.003786167789902538,,0.07761748272974536
control,False,main,5-30,56,75,2024-12-30/2025-02-03,35.110983796296296,34.25,0.2685582703954722,0.2290597497903582,2.0,25.0,,,2,,,
control,False,main,5-30,56,75,2024-12-30/2025-02-03,35.110983796296296,34.25,0.2685582703954722,0.2290597497903582,25.0,50.0,,,5,,,
control,False,main,5-30,56,75,2024-12-30/2025-02-03,35.110983796296296,34.25,0.2685582703954722,0.2290597497903582,50.0,100.0,-0.07361459153666218,0.16359035429545113,17,0.003736331867827213,0.0053690078372374385,0.025170288522337637
control,False,main,5-30,56,75,2024-12-30/2025-02-03,35.110983796296296,34.25,0.2685582703954722,0.2290597497903582,100.0,200.0,-0.1537937505295193,0.12351103548085615,12,0.001872013279491727,0.15986226839796874,0.03317922861328666
control,False,main,5-30,56,75,2024-12-30/2025-02-03,35.110983796296296,34.25,0.2685582703954722,0.2290597497903582,200.0,400.0,-0.11476107929356029,0.02303984123729698,12,0.0016231329990527238,0.09272460119082367,0.06090874428561975
control,False,main,5-30,56,75,2024-12-30/2025-02-03,35.110983796296296,34.25,0.2685582703954722,0.2290597497903582,400.0,600.0,0.27008697942153076,0.16477728640985717,8,0.004721067843222332,,0.06509885812265248
control,False,main,5-30,56,75,2024-12-30/2025-02-03,35.110983796296296,34.25,0.2685582703954722,0.2290597497903582,600.0,850.0,-0.016279589615441663,119.50770027708822,8,0.003786167789902538,,0.06191701608881667
control,False,main,5-20,56,75,2024-12-30/2025-02-03,35.110983796296296,34.25,0.2685582703954722,0.2290597497903582,2.0,75.0,,,0,,,
control,False,main,5-20,56,75,2024-12-30/2025-02-03,35.110983796296296,34.25,0.2685582703954722,0.2290597497903582,75.0,250.0,-0.53583773380018,5.573481748440786,8,0.002578253892637576,,0.052763774591917764
control,False,main,5-20,56,75,2024-12-30/2025-02-03,35.110983796296296,34.25,0.2685582703954722,0.2290597497903582,250.0,550.0,-0.22789952052170404,0.39114841427099384,16,0.004209488520864792,,0.09785539564309136
control,False,main,5-20,56,75,2024-12-30/2025-02-03,35.110983796296296,34.25,0.2685582703954722,0.2290597497903582,550.0,850.0,0.06626495937256223,0.14269614150296847,10,0.0022885297893164925,,0.07761748272974536
control,False,main,5-20,56,75,2024-12-30/2025-02-03,35.110983796296296,34.25,0.2685582703954722,0.2290597497903582,2.0,25.0,,,0,,,
control,False,main,5-20,56,75,2024-12-30/2025-02-03,35.110983796296296,34.25,0.2685582703954722,0.2290597497903582,25.0,50.0,,,0,,,
control,False,main,5-20,56,75,2024-12-30/2025-02-03,35.110983796296296,34.25,0.2685582703954722,0.2290597497903582,50.0,100.0,,,1,,,
control,False,main,5-20,56,75,2024-12-30/2025-02-03,35.110983796296296,34.25,0.2685582703954722,0.2290597497903582,100.0,200.0,-0.1420120475754591,5.530119029252601,8,0.007704790728852129,,0.03317922861328666
control,False,main,5-20,56,75,2024-12-30/2025-02-03,35.110983796296296,34.25,0.2685582703954722,0.2290597497903582,200.0,400.0,-0.309919474510166,0.8862449361021169,14,0.003210731513867936,,0.06090874428561975
control,False,main,5-20,56,75,2024-12-30/2025-02-03,35.110983796296296,34.25,0.2685582703954722,0.2290597497903582,400.0,600.0,0.26374527719552887,0.9979427572527589,9,0.007930174401151416,,0.06509885812265248
control,False,main,5-20,56,75,2024-12-30/2025-02-03,35.110983796296296,34.25,0.2685582703954722,0.2290597497903582,600.0,850.0,-1.862962572103428,3.4356418560887185,6,0.0039020740935214594,,0.06191701608881667
control,False,main,5-30,139,184,2025-04-16/2025-07-26,100.70438657407408,101.0,0.2643792600510076,0.2509557101140685,2.0,75.0,,,3,,,
control,False,main,5-30,139,184,2025-04-16/2025-07-26,100.70438657407408,101.0,0.2643792600510076,0.2509557101140685,75.0,250.0,,,2,,,
control,False,main,5-30,139,184,2025-04-16/2025-07-26,100.70438657407408,101.0,0.2643792600510076,0.2509557101140685,250.0,550.0,-0.21294276650150093,0.047278337985914076,9,0.002138531708307718,,0.09785539564309136
control,False,main,5-30,139,184,2025-04-16/2025-07-26,100.70438657407408,101.0,0.2643792600510076,0.2509557101140685,550.0,850.0,0.06927638613566259,2.1801893111815764,6,0.011888058657127595,,0.07761748272974536
control,False,main,5-30,139,184,2025-04-16/2025-07-26,100.70438657407408,101.0,0.2643792600510076,0.2509557101140685,2.0,25.0,,,0,,,
control,False,main,5-30,139,184,2025-04-16/2025-07-26,100.70438657407408,101.0,0.2643792600510076,0.2509557101140685,25.0,50.0,,,0,,,
control,False,main,5-30,139,184,2025-04-16/2025-07-26,100.70438657407408,101.0,0.2643792600510076,0.2509557101140685,50.0,100.0,,,4,,,
control,False,main,5-30,139,184,2025-04-16/2025-07-26,100.70438657407408,101.0,0.2643792600510076,0.2509557101140685,100.0,200.0,,,1,,,
control,False,main,5-30,139,184,2025-04-16/2025-07-26,100.70438657407408,101.0,0.2643792600510076,0.2509557101140685,200.0,400.0,,,1,,,
control,False,main,5-30,139,184,2025-04-16/2025-07-26,100.70438657407408,101.0,0.2643792600510076,0.2509557101140685,400.0,600.0,-0.18927603409368074,0.053354494503509445,8,0.0022560599516394343,,0.06509885812265248
control,False,main,5-30,139,184,2025-04-16/2025-07-26,100.70438657407408,101.0,0.2643792600510076,0.2509557101140685,600.0,850.0,0.06927638613566259,2.1801893111815764,6,0.011888058657127595,,0.06191701608881667
control,False,main,5-20,139,184,2025-04-16/2025-07-26,100.70438657407408,101.0,0.2643792600510076,0.2509557101140685,2.0,75.0,-0.7850750086889015,0.5217905991454361,11,0.006590007419505355,,0.06542062332082034
control,False,main,5-20,139,184,2025-04-16/2025-07-26,100.70438657407408,101.0,0.2643792600510076,0.2509557101140685,75.0,250.0,,,2,,,
control,False,main,5-20,139,184,2025-04-16/2025-07-26,100.70438657407408,101.0,0.2643792600510076,0.2509557101140685,250.0,550.0,0.25782423141882765,0.26850635534534983,10,0.012880511118887085,,0.09785539564309136
control,False,main,5-20,139,184,2025-04-16/2025-07-26,100.70438657407408,101.0,0.2643792600510076,0.2509557101140685,550.0,850.0,-0.8075180413256029,0.7233227530683156,7,0.008150563115527532,,0.07761748272974536
control,False,main,5-20,139,184,2025-04-16/2025-07-26,100.70438657407408,101.0,0.2643792600510076,0.2509557101140685,2.0,25.0,,,0,,,
control,False,main,5-20,139,184,2025-04-16/2025-07-26,100.70438657407408,101.0,0.2643792600510076,0.2509557101140685,25.0,50.0,-2.696480279669125,3.001815543201217,7,0.006125750347079105,,0.01823659157543684
control,False,main,5-20,139,184,2025-04-16/2025-07-26,100.70438657407408,101.0,0.2643792600510076,0.2509557101140685,50.0,100.0,,,4,,,
control,False,main,5-20,139,184,2025-04-16/2025-07-26,100.70438657407408,101.0,0.2643792600510076,0.2509557101140685,100.0,200.0,,,1,,,
control,False,main,5-20,139,184,2025-04-16/2025-07-26,100.70438657407408,101.0,0.2643792600510076,0.2509557101140685,200.0,400.0,,,3,,,
control,False,main,5-20,139,184,2025-04-16/2025-07-26,100.70438657407408,101.0,0.2643792600510076,0.2509557101140685,400.0,600.0,0.9125891649966603,0.2175765846400578,8,0.007056556325179625,,0.06509885812265248
control,False,main,5-20,139,184,2025-04-16/2025-07-26,100.70438657407408,101.0,0.2643792600510076,0.2509557101140685,600.0,850.0,-0.8075180413256029,0.7233227530683156,7,0.008150563115527532,,0.06191701608881667
control,False,main,5-30,81,189,2025-02-08/2025-07-31,172.20645833333333,173.0,0.2379992840800524,0.1216780365690499,2.0,75.0,,,0,,,
control,False,main,5-30,81,189,2025-02-08/2025-07-31,172.20645833333333,173.0,0.2379992840800524,0.1216780365690499,75.0,250.0,,,0,,,
control,False,main,5-30,81,189,2025-02-08/2025-07-31,172.20645833333333,173.0,0.2379992840800524,0.1216780365690499,250.0,550.0,0.23411245698920877,0.07046559719260896,22,0.005600391796147658,,0.09785539564309136
control,False,main,5-30,81,189,2025-02-08/2025-07-31,172.20645833333333,173.0,0.2379992840800524,0.1216780365690499,550.0,850.0,0.5774344386373873,0.06242027270809297,67,0.005599098029759033,,0.07761748272974536
control,False,main,5-30,81,189,2025-02-08/2025-07-31,172.20645833333333,173.0,0.2379992840800524,0.1216780365690499,2.0,25.0,,,0,,,
control,False,main,5-30,81,189,2025-02-08/2025-07-31,172.20645833333333,173.0,0.2379992840800524,0.1216780365690499,25.0,50.0,,,0,,,
control,False,main,5-30,81,189,2025-02-08/2025-07-31,172.20645833333333,173.0,0.2379992840800524,0.1216780365690499,50.0,100.0,,,0,,,
control,False,main,5-30,81,189,2025-02-08/2025-07-31,172.20645833333333,173.0,0.2379992840800524,0.1216780365690499,100.0,200.0,,,0,,,
control,False,main,5-30,81,189,2025-02-08/2025-07-31,172.20645833333333,173.0,0.2379992840800524,0.1216780365690499,200.0,400.0,,,5,,,
control,False,main,5-30,81,189,2025-02-08/2025-07-31,172.20645833333333,173.0,0.2379992840800524,0.1216780365690499,400.0,600.0,-0.0338925913782245,0.051287557653860276,25,0.006196842935028407,-0.12412638825193832,0.06509885812265248
control,False,main,5-30,81,189,2025-02-08/2025-07-31,172.20645833333333,173.0,0.2379992840800524,0.1216780365690499,600.0,850.0,0.6496911201099059,0.055279770559231264,57,0.0043358012736221295,,0.06191701608881667
control,False,main,5-20,81,189,2025-02-08/2025-07-31,172.20645833333333,173.0,0.2379992840800524,0.1216780365690499,2.0,75.0,-0.0773380937217623,1.2580427051394203,8,0.00792279476278516,,0.06542062332082034
control,False,main,5-20,81,189,2025-02-08/2025-07-31,172.20645833333333,173.0,0.2379992840800524,0.1216780365690499,75.0,250.0,,,3,,,
control,False,main,5-20,81,189,2025-02-08/2025-07-31,172.20645833333333,173.0,0.2379992840800524,0.1216780365690499,250.0,550.0,0.08342261203884685,0.07775187325120199,32,0.012319544975070854,-0.2103205131020215,0.09785539564309136
control,False,main,5-20,81,189,2025-02-08/2025-07-31,172.20645833333333,173.0,0.2379992840800524,0.1216780365690499,550.0,850.0,0.14323349248805237,0.07177330967763533,89,0.010621646479100954,-0.03752033009575733,0.07761748272974536
control,False,main,5-20,81,189,2025-02-08/2025-07-31,172.20645833333333,173.0,0.2379992840800524,0.1216780365690499,2.0,25.0,,,0,,,
control,False,main,5-20,81,189,2025-02-08/2025-07-31,172.20645833333333,173.0,0.2379992840800524,0.1216780365690499,25.0,50.0,,,2,,,
control,False,main,5-20,81,189,2025-02-08/2025-07-31,172.20645833333333,173.0,0.2379992840800524,0.1216780365690499,50.0,100.0,3.143837373867874,2.406350595994657,6,0.005497495133248821,,0.025170288522337637
control,False,main,5-20,81,189,2025-02-08/2025-07-31,172.20645833333333,173.0,0.2379992840800524,0.1216780365690499,100.0,200.0,,,3,,,
control,False,main,5-20,81,189,2025-02-08/2025-07-31,172.20645833333333,173.0,0.2379992840800524,0.1216780365690499,200.0,400.0,0.27708104004165074,0.2976469110794326,9,0.01306835583697368,,0.06090874428561975
control,False,main,5-20,81,189,2025-02-08/2025-07-31,172.20645833333333,173.0,0.2379992840800524,0.1216780365690499,400.0,600.0,0.3241987449561686,0.09146740519458543,38,0.011440324657987387,-0.06058479047722257,0.06509885812265248
control,False,main,5-20,81,189,2025-02-08/2025-07-31,172.20645833333333,173.0,0.2379992840800524,0.1216780365690499,600.0,850.0,0.45114246776138717,0.05920672792167311,73,0.007414614198601236,-0.3845018096764719,0.06191701608881667
control,False,main,5-30,147,196,2025-05-11/2026-01-06,240.03717592592596,125.0,0.2419805553534114,0.3283662236938868,2.0,75.0,,,0,,,
control,False,main,5-30,147,196,2025-05-11/2026-01-06,240.03717592592596,125.0,0.2419805553534114,0.3283662236938868,75.0,250.0,,,0,,,
control,False,main,5-30,147,196,2025-05-11/2026-01-06,240.03717592592596,125.0,0.2419805553534114,0.3283662236938868,250.0,550.0,-0.057550919061636695,134.97331318513537,9,0.00601422636837396,,0.09785539564309136
control,False,main,5-30,147,196,2025-05-11/2026-01-06,240.03717592592596,125.0,0.2419805553534114,0.3283662236938868,550.0,850.0,-0.06753601052930609,0.2760421168145694,7,0.009276486139635554,,0.07761748272974536
control,False,main,5-30,147,196,2025-05-11/2026-01-06,240.03717592592596,125.0,0.2419805553534114,0.3283662236938868,2.0,25.0,,,0,,,
control,False,main,5-30,147,196,2025-05-11/2026-01-06,240.03717592592596,125.0,0.2419805553534114,0.3283662236938868,25.0,50.0,,,0,,,
control,False,main,5-30,147,196,2025-05-11/2026-01-06,240.03717592592596,125.0,0.2419805553534114,0.3283662236938868,50.0,100.0,,,0,,,
control,False,main,5-30,147,196,2025-05-11/2026-01-06,240.03717592592596,125.0,0.2419805553534114,0.3283662236938868,100.0,200.0,,,0,,,
control,False,main,5-30,147,196,2025-05-11/2026-01-06,240.03717592592596,125.0,0.2419805553534114,0.3283662236938868,200.0,400.0,,,0,,,
control,False,main,5-30,147,196,2025-05-11/2026-01-06,240.03717592592596,125.0,0.2419805553534114,0.3283662236938868,400.0,600.0,0.03780958419497517,38.79505789155677,10,0.006038238099377513,,0.06509885812265248
control,False,main,5-30,147,196,2025-05-11/2026-01-06,240.03717592592596,125.0,0.2419805553534114,0.3283662236938868,600.0,850.0,-0.23335467528412493,124.86367993301671,6,0.00960549903802544,,0.06191701608881667
control,False,main,5-20,147,196,2025-05-11/2026-01-06,240.03717592592596,125.0,0.2419805553534114,0.3283662236938868,2.0,75.0,0.6130278224550112,0.6776009142699341,6,0.0022972017018400613,,0.06542062332082034
control,False,main,5-20,147,196,2025-05-11/2026-01-06,240.03717592592596,125.0,0.2419805553534114,0.3283662236938868,75.0,250.0,,,3,,,
control,False,main,5-20,147,196,2025-05-11/2026-01-06,240.03717592592596,125.0,0.2419805553534114,0.3283662236938868,250.0,550.0,-0.8871133037366995,0.06626606048495272,28,0.003957162608802898,,0.09785539564309136
control,False,main,5-20,147,196,2025-05-11/2026-01-06,240.03717592592596,125.0,0.2419805553534114,0.3283662236938868,550.0,850.0,0.17653809597109807,0.14913634403456344,15,0.009070280739412018,-0.1178553602819492,0.07761748272974536
control,False,main,5-20,147,196,2025-05-11/2026-01-06,240.03717592592596,125.0,0.2419805553534114,0.3283662236938868,2.0,25.0,,,0,,,
control,False,main,5-20,147,196,2025-05-11/2026-01-06,240.03717592592596,125.0,0.2419805553534114,0.3283662236938868,25.0,50.0,,,1,,,
control,False,main,5-20,147,196,2025-05-11/2026-01-06,240.03717592592596,125.0,0.2419805553534114,0.3283662236938868,50.0,100.0,,,5,,,
control,False,main,5-20,147,196,2025-05-11/2026-01-06,240.03717592592596,125.0,0.2419805553534114,0.3283662236938868,100.0,200.0,,,0,,,
control,False,main,5-20,147,196,2025-05-11/2026-01-06,240.03717592592596,125.0,0.2419805553534114,0.3283662236938868,200.0,400.0,,,3,,,
control,False,main,5-20,147,196,2025-05-11/2026-01-06,240.03717592592596,125.0,0.2419805553534114,0.3283662236938868,400.0,600.0,-0.8871133037366995,0.06626606048495272,28,0.003957162608802898,,0.06509885812265248
control,False,main,5-20,147,196,2025-05-11/2026-01-06,240.03717592592596,125.0,0.2419805553534114,0.3283662236938868,600.0,850.0,0.17653809597109807,0.14913634403456344,15,0.009070280739412018,,0.06191701608881667
control,False,main,5-30,17,132,2024-07-05/2025-04-08,276.83622685185185,89.0,0.2376386004260513,-0.2834295715354142,2.0,75.0,,,0,,,
control,False,main,5-30,17,132,2024-07-05/2025-04-08,276.83622685185185,89.0,0.2376386004260513,-0.2834295715354142,75.0,250.0,,,4,,,
control,False,main,5-30,17,132,2024-07-05/2025-04-08,276.83622685185185,89.0,0.2376386004260513,-0.2834295715354142,250.0,550.0,0.1452421668036137,0.12382392206984143,14,0.0016848989544251153,,0.09785539564309136
control,False,main,5-30,17,132,2024-07-05/2025-04-08,276.83622685185185,89.0,0.2376386004260513,-0.2834295715354142,550.0,850.0,,,0,,,
control,False,main,5-30,17,132,2024-07-05/2025-04-08,276.83622685185185,89.0,0.2376386004260513,-0.2834295715354142,2.0,25.0,,,0,,,
control,False,main,5-30,17,132,2024-07-05/2025-04-08,276.83622685185185,89.0,0.2376386004260513,-0.2834295715354142,25.0,50.0,,,0,,,
control,False,main,5-30,17,132,2024-07-05/2025-04-08,276.83622685185185,89.0,0.2376386004260513,-0.2834295715354142,50.0,100.0,,,0,,,
control,False,main,5-30,17,132,2024-07-05/2025-04-08,276.83622685185185,89.0,0.2376386004260513,-0.2834295715354142,100.0,200.0,,,1,,,
control,False,main,5-30,17,132,2024-07-05/2025-04-08,276.83622685185185,89.0,0.2376386004260513,-0.2834295715354142,200.0,400.0,-14.10452165722155,10.364494101305805,6,0.005627511022634549,,0.06090874428561975
control,False,main,5-30,17,132,2024-07-05/2025-04-08,276.83622685185185,89.0,0.2376386004260513,-0.2834295715354142,400.0,600.0,0.8223084211783629,0.3709469451314719,11,0.0014829488572232583,,0.06509885812265248
control,False,main,5-30,17,132,2024-07-05/2025-04-08,276.83622685185185,89.0,0.2376386004260513,-0.2834295715354142,600.0,850.0,,,0,,,
control,False,main,5-20,17,132,2024-07-05/2025-04-08,276.83622685185185,89.0,0.2376386004260513,-0.2834295715354142,2.0,75.0,,,5,,,
control,False,main,5-20,17,132,2024-07-05/2025-04-08,276.83622685185185,89.0,0.2376386004260513,-0.2834295715354142,75.0,250.0,-0.29121021520602985,0.131859913576748,15,0.011539997315509538,0.41296125584587506,0.052763774591917764
control,False,main,5-20,17,132,2024-07-05/2025-04-08,276.83622685185185,89.0,0.2376386004260513,-0.2834295715354142,250.0,550.0,0.2511969064721659,0.0738246132138985,14,0.009205645876033392,-0.21184454451981502,0.09785539564309136
control,False,main,5-20,17,132,2024-07-05/2025-04-08,276.83622685185185,89.0,0.2376386004260513,-0.2834295715354142,550.0,850.0,-0.10818400693970662,0.13103583639466146,21,0.010635223198987067,0.34281746013289005,0.07761748272974536
control,False,main,5-20,17,132,2024-07-05/2025-04-08,276.83622685185185,89.0,0.2376386004260513,-0.2834295715354142,2.0,25.0,,,0,,,
control,False,main,5-20,17,132,2024-07-05/2025-04-08,276.83622685185185,89.0,0.2376386004260513,-0.2834295715354142,25.0,50.0,,,3,,,
control,False,main,5-20,17,132,2024-07-05/2025-04-08,276.83622685185185,89.0,0.2376386004260513,-0.2834295715354142,50.0,100.0,-0.18655890344689144,4.493519574705569,6,0.004955684671190939,1.1181436518504677,0.025170288522337637
control,False,main,5-20,17,132,2024-07-05/2025-04-08,276.83622685185185,89.0,0.2376386004260513,-0.2834295715354142,100.0,200.0,-0.09331414472327294,3.8113126059809668,6,0.014398267957751027,-0.13526196052565845,0.03317922861328666
control,False,main,5-20,17,132,2024-07-05/2025-04-08,276.83622685185185,89.0,0.2376386004260513,-0.2834295715354142,200.0,400.0,0.03359349660063444,0.17801865782561935,14,0.009262117273318956,-0.08873808679988471,0.06090874428561975
control,False,main,5-20,17,132,2024-07-05/2025-04-08,276.83622685185185,89.0,0.2376386004260513,-0.2834295715354142,400.0,600.0,-0.2785275713492866,0.25440538938982266,8,0.010771363114533288,-0.19848700549616202,0.06509885812265248
control,False,main,5-20,17,132,2024-07-05/2025-04-08,276.83622685185185,89.0,0.2376386004260513,-0.2834295715354142,600.0,850.0,-0.09658935717902263,0.10250293161832674,16,0.00621774029340391,0.2683873833044142,0.06191701608881667
control,False,main,5-30,110,201,2025-03-22/2026-01-15,299.4693287037037,66.0,0.1810887898162474,-0.1382502417826505,2.0,75.0,,,0,,,
control,False,main,5-30,110,201,2025-03-22/2026-01-15,299.4693287037037,66.0,0.1810887898162474,-0.1382502417826505,75.0,250.0,,,3,,,
control,False,main,5-30,110,201,2025-03-22/2026-01-15,299.4693287037037,66.0,0.1810887898162474,-0.1382502417826505,250.0,550.0,,,0,,,
control,False,main,5-30,110,201,2025-03-22/2026-01-15,299.4693287037037,66.0,0.1810887898162474,-0.1382502417826505,550.0,850.0,-1.0752904467521225,1.0464562714932002,6,0.007311040609187889,,0.07761748272974536
control,False,main,5-30,110,201,2025-03-22/2026-01-15,299.4693287037037,66.0,0.1810887898162474,-0.1382502417826505,2.0,25.0,,,0,,,
control,False,main,5-30,110,201,2025-03-22/2026-01-15,299.4693287037037,66.0,0.1810887898162474,-0.1382502417826505,25.0,50.0,,,0,,,
control,False,main,5-30,110,201,2025-03-22/2026-01-15,299.4693287037037,66.0,0.1810887898162474,-0.1382502417826505,50.0,100.0,,,1,,,
control,False,main,5-30,110,201,2025-03-22/2026-01-15,299.4693287037037,66.0,0.1810887898162474,-0.1382502417826505,100.0,200.0,,,2,,,
control,False,main,5-30,110,201,2025-03-22/2026-01-15,299.4693287037037,66.0,0.1810887898162474,-0.1382502417826505,200.0,400.0,,,0,,,
control,False,main,5-30,110,201,2025-03-22/2026-01-15,299.4693287037037,66.0,0.1810887898162474,-0.1382502417826505,400.0,600.0,,,0,,,
control,False,main,5-30,110,201,2025-03-22/2026-01-15,299.4693287037037,66.0,0.1810887898162474,-0.1382502417826505,600.0,850.0,-1.0752904467521225,1.0464562714932002,6,0.007311040609187889,,0.06191701608881667
control,False,main,5-20,110,201,2025-03-22/2026-01-15,299.4693287037037,66.0,0.1810887898162474,-0.1382502417826505,2.0,75.0,,,2,,,
control,False,main,5-20,110,201,2025-03-22/2026-01-15,299.4693287037037,66.0,0.1810887898162474,-0.1382502417826505,75.0,250.0,-0.15063084917991443,0.3989430718842075,8,0.008651113224431259,,0.052763774591917764
control,False,main,5-20,110,201,2025-03-22/2026-01-15,299.4693287037037,66.0,0.1810887898162474,-0.1382502417826505,250.0,550.0,,,4,,,
control,False,main,5-20,110,201,2025-03-22/2026-01-15,299.4693287037037,66.0,0.1810887898162474,-0.1382502417826505,550.0,850.0,-0.07806043988903144,0.13448464379944822,28,0.00786340433199867,0.33939211131089736,0.07761748272974536
control,False,main,5-20,110,201,2025-03-22/2026-01-15,299.4693287037037,66.0,0.1810887898162474,-0.1382502417826505,2.0,25.0,,,1,,,
control,False,main,5-20,110,201,2025-03-22/2026-01-15,299.4693287037037,66.0,0.1810887898162474,-0.1382502417826505,25.0,50.0,,,1,,,
control,False,main,5-20,110,201,2025-03-22/2026-01-15,299.4693287037037,66.0,0.1810887898162474,-0.1382502417826505,50.0,100.0,,,2,,,
control,False,main,5-20,110,201,2025-03-22/2026-01-15,299.4693287037037,66.0,0.1810887898162474,-0.1382502417826505,100.0,200.0,0.25598214776586287,4.572472596066371,6,0.005672471479506822,,0.03317922861328666
control,False,main,5-20,110,201,2025-03-22/2026-01-15,299.4693287037037,66.0,0.1810887898162474,-0.1382502417826505,200.0,400.0,,,0,,,
control,False,main,5-20,110,201,2025-03-22/2026-01-15,299.4693287037037,66.0,0.1810887898162474,-0.1382502417826505,400.0,600.0,0.08640768167587488,0.4750615573876312,6,0.01276831898294735,,0.06509885812265248
control,False,main,5-20,110,201,2025-03-22/2026-01-15,299.4693287037037,66.0,0.1810887898162474,-0.1382502417826505,600.0,850.0,0.06716667565518444,0.13435478690417874,26,0.006895407648403743,,0.06191701608881667
control,False,main,5-30,61,172,2025-01-10/2025-06-21,161.71975694444444,162.0,0.0324746314618648,0.2211511582944829,2.0,75.0,,,4,,,
control,False,main,5-30,61,172,2025-01-10/2025-06-21,161.71975694444444,162.0,0.0324746314618648,0.2211511582944829,75.0,250.0,,,3,,,
control,False,main,5-30,61,172,2025-01-10/2025-06-21,161.71975694444444,162.0,0.0324746314618648,0.2211511582944829,250.0,550.0,,,2,,,
control,False,main,5-30,61,172,2025-01-10/2025-06-21,161.71975694444444,162.0,0.0324746314618648,0.2211511582944829,550.0,850.0,,,0,,,
control,False,main,5-30,61,172,2025-01-10/2025-06-21,161.71975694444444,162.0,0.0324746314618648,0.2211511582944829,2.0,25.0,,,0,,,
control,False,main,5-30,61,172,2025-01-10/2025-06-21,161.71975694444444,162.0,0.0324746314618648,0.2211511582944829,25.0,50.0,,,3,,,
control,False,main,5-30,61,172,2025-01-10/2025-06-21,161.71975694444444,162.0,0.0324746314618648,0.2211511582944829,50.0,100.0,,,1,,,
control,False,main,5-30,61,172,2025-01-10/2025-06-21,161.71975694444444,162.0,0.0324746314618648,0.2211511582944829,100.0,200.0,,,3,,,
control,False,main,5-30,61,172,2025-01-10/2025-06-21,161.71975694444444,162.0,0.0324746314618648,0.2211511582944829,200.0,400.0,,,0,,,
control,False,main,5-30,61,172,2025-01-10/2025-06-21,161.71975694444444,162.0,0.0324746314618648,0.2211511582944829,400.0,600.0,,,2,,,
control,False,main,5-30,61,172,2025-01-10/2025-06-21,161.71975694444444,162.0,0.0324746314618648,0.2211511582944829,600.0,850.0,,,0,,,
control,False,main,5-20,61,172,2025-01-10/2025-06-21,161.71975694444444,162.0,0.0324746314618648,0.2211511582944829,2.0,75.0,,,2,,,
control,False,main,5-20,61,172,2025-01-10/2025-06-21,161.71975694444444,162.0,0.0324746314618648,0.2211511582944829,75.0,250.0,,,1,,,
control,False,main,5-20,61,172,2025-01-10/2025-06-21,161.71975694444444,162.0,0.0324746314618648,0.2211511582944829,250.0,550.0,,,3,,,
control,False,main,5-20,61,172,2025-01-10/2025-06-21,161.71975694444444,162.0,0.0324746314618648,0.2211511582944829,550.0,850.0,0.45701122731653765,0.2131727455995224,11,0.008649600455867872,,0.07761748272974536
control,False,main,5-20,61,172,2025-01-10/2025-06-21,161.71975694444444,162.0,0.0324746314618648,0.2211511582944829,2.0,25.0,,,0,,,
control,False,main,5-20,61,172,2025-01-10/2025-06-21,161.71975694444444,162.0,0.0324746314618648,0.2211511582944829,25.0,50.0,,,1,,,
control,False,main,5-20,61,172,2025-01-10/2025-06-21,161.71975694444444,162.0,0.0324746314618648,0.2211511582944829,50.0,100.0,,,1,,,
control,False,main,5-20,61,172,2025-01-10/2025-06-21,161.71975694444444,162.0,0.0324746314618648,0.2211511582944829,100.0,200.0,,,1,,,
control,False,main,5-20,61,172,2025-01-10/2025-06-21,161.71975694444444,162.0,0.0324746314618648,0.2211511582944829,200.0,400.0,,,3,,,
control,False,main,5-20,61,172,2025-01-10/2025-06-21,161.71975694444444,162.0,0.0324746314618648,0.2211511582944829,400.0,600.0,,,0,,,
control,False,main,5-20,61,172,2025-01-10/2025-06-21,161.71975694444444,162.0,0.0324746314618648,0.2211511582944829,600.0,850.0,0.45701122731653765,0.2131727455995224,11,0.008649600455867872,,0.06191701608881667
control,False,main,5-30,0,59,2024-05-10/2025-01-07,242.2198263888889,124.0,-0.2946166036661635,-0.1816156587931291,2.0,75.0,,,0,,,
control,False,main,5-30,0,59,2024-05-10/2025-01-07,242.2198263888889,124.0,-0.2946166036661635,-0.1816156587931291,75.0,250.0,0.13605833726116154,0.21683147759010768,8,0.004829905907210887,,0.052763774591917764
control,False,main,5-30,0,59,2024-05-10/2025-01-07,242.2198263888889,124.0,-0.2946166036661635,-0.1816156587931291,250.0,550.0,,,2,,,
control,False,main,5-30,0,59,2024-05-10/2025-01-07,242.2198263888889,124.0,-0.2946166036661635,-0.1816156587931291,550.0,850.0,-0.03152177495702361,0.8887528572327176,6,0.004098850753935936,,0.07761748272974536
control,False,main,5-30,0,59,2024-05-10/2025-01-07,242.2198263888889,124.0,-0.2946166036661635,-0.1816156587931291,2.0,25.0,,,0,,,
control,False,main,5-30,0,59,2024-05-10/2025-01-07,242.2198263888889,124.0,-0.2946166036661635,-0.1816156587931291,25.0,50.0,,,0,,,
control,False,main,5-30,0,59,2024-05-10/2025-01-07,242.2198263888889,124.0,-0.2946166036661635,-0.1816156587931291,50.0,100.0,,,1,,,
control,False,main,5-30,0,59,2024-05-10/2025-01-07,242.2198263888889,124.0,-0.2946166036661635,-0.1816156587931291,100.0,200.0,,,5,,,
control,False,main,5-30,0,59,2024-05-10/2025-01-07,242.2198263888889,124.0,-0.2946166036661635,-0.1816156587931291,200.0,400.0,,,3,,,
control,False,main,5-30,0,59,2024-05-10/2025-01-07,242.2198263888889,124.0,-0.2946166036661635,-0.1816156587931291,400.0,600.0,,,3,,,
control,False,main,5-30,0,59,2024-05-10/2025-01-07,242.2198263888889,124.0,-0.2946166036661635,-0.1816156587931291,600.0,850.0,,,4,,,
control,False,main,5-20,0,59,2024-05-10/2025-01-07,242.2198263888889,124.0,-0.2946166036661635,-0.1816156587931291,2.0,75.0,,,2,,,
control,False,main,5-20,0,59,2024-05-10/2025-01-07,242.2198263888889,124.0,-0.2946166036661635,-0.1816156587931291,75.0,250.0,0.15455366737232348,0.17241794143618464,10,0.008076833080836288,,0.052763774591917764
control,False,main,5-20,0,59,2024-05-10/2025-01-07,242.2198263888889,124.0,-0.2946166036661635,-0.1816156587931291,250.0,550.0,0.21400276873420762,0.12028696761593823,14,0.009755465932209231,0.2011711173847296,0.09785539564309136
control,False,main,5-20,0,59,2024-05-10/2025-01-07,242.2198263888889,124.0,-0.2946166036661635,-0.1816156587931291,550.0,850.0,0.19826911879111953,0.10978108547986451,9,0.006655578829639296,,0.07761748272974536
control,False,main,5-20,0,59,2024-05-10/2025-01-07,242.2198263888889,124.0,-0.2946166036661635,-0.1816156587931291,2.0,25.0,,,2,,,
control,False,main,5-20,0,59,2024-05-10/2025-01-07,242.2198263888889,124.0,-0.2946166036661635,-0.1816156587931291,25.0,50.0,,,0,,,
control,False,main,5-20,0,59,2024-05-10/2025-01-07,242.2198263888889,124.0,-0.2946166036661635,-0.1816156587931291,50.0,100.0,,,0,,,
control,False,main,5-20,0,59,2024-05-10/2025-01-07,242.2198263888889,124.0,-0.2946166036661635,-0.1816156587931291,100.0,200.0,0.054966392050084856,0.7738216816178428,8,0.00854653283887563,,0.03317922861328666
control,False,main,5-20,0,59,2024-05-10/2025-01-07,242.2198263888889,124.0,-0.2946166036661635,-0.1816156587931291,200.0,400.0,-0.08324943877747888,0.22613616543145845,11,0.009151202983750112,,0.06090874428561975
control,False,main,5-20,0,59,2024-05-10/2025-01-07,242.2198263888889,124.0,-0.2946166036661635,-0.1816156587931291,400.0,600.0,-0.4298016849413608,0.5574965652014775,8,0.011174115030996589,,0.06509885812265248
control,False,main,5-20,0,59,2024-05-10/2025-01-07,242.2198263888889,124.0,-0.2946166036661635,-0.1816156587931291,600.0,850.0,0.35704414327329465,0.3440779887251061,6,0.0053364931633322525,,0.06191701608881667
control,False,main,5-30,31,53,2024-09-02/2024-12-29,117.14776620370372,118.0,-0.2136785839458981,-0.1893389464305652,2.0,75.0,,,4,,,
control,False,main,5-30,31,53,2024-09-02/2024-12-29,117.14776620370372,118.0,-0.2136785839458981,-0.1893389464305652,75.0,250.0,,,2,,,
control,False,main,5-30,31,53,2024-09-02/2024-12-29,117.14776620370372,118.0,-0.2136785839458981,-0.1893389464305652,250.0,550.0,,,3,,,
control,False,main,5-30,31,53,2024-09-02/2024-12-29,117.14776620370372,118.0,-0.2136785839458981,-0.1893389464305652,550.0,850.0,0.07279017985613741,0.4911458688660412,10,0.00966709297226639,,0.07761748272974536
control,False,main,5-30,31,53,2024-09-02/2024-12-29,117.14776620370372,118.0,-0.2136785839458981,-0.1893389464305652,2.0,25.0,,,0,,,
control,False,main,5-30,31,53,2024-09-02/2024-12-29,117.14776620370372,118.0,-0.2136785839458981,-0.1893389464305652,25.0,50.0,,,0,,,
control,False,main,5-30,31,53,2024-09-02/2024-12-29,117.14776620370372,118.0,-0.2136785839458981,-0.1893389464305652,50.0,100.0,,,5,,,
control,False,main,5-30,31,53,2024-09-02/2024-12-29,117.14776620370372,118.0,-0.2136785839458981,-0.1893389464305652,100.0,200.0,,,1,,,
control,False,main,5-30,31,53,2024-09-02/2024-12-29,117.14776620370372,118.0,-0.2136785839458981,-0.1893389464305652,200.0,400.0,,,1,,,
control,False,main,5-30,31,53,2024-09-02/2024-12-29,117.14776620370372,118.0,-0.2136785839458981,-0.1893389464305652,400.0,600.0,,,2,,,
control,False,main,5-30,31,53,2024-09-02/2024-12-29,117.14776620370372,118.0,-0.2136785839458981,-0.1893389464305652,600.0,850.0,0.07279017985613741,0.4911458688660412,10,0.00966709297226639,,0.06191701608881667
control,False,main,5-20,31,53,2024-09-02/2024-12-29,117.14776620370372,118.0,-0.2136785839458981,-0.1893389464305652,2.0,75.0,,,2,,,
control,False,main,5-20,31,53,2024-09-02/2024-12-29,117.14776620370372,118.0,-0.2136785839458981,-0.1893389464305652,75.0,250.0,0.34758148581986337,3.646317413386678,10,0.0033415729375575985,,0.052763774591917764
control,False,main,5-20,31,53,2024-09-02/2024-12-29,117.14776620370372,118.0,-0.2136785839458981,-0.1893389464305652,250.0,550.0,-0.006655783520843238,0.08789704149098118,10,0.004646431343650275,,0.09785539564309136
control,False,main,5-20,31,53,2024-09-02/2024-12-29,117.14776620370372,118.0,-0.2136785839458981,-0.1893389464305652,550.0,850.0,-0.06943746494773743,0.1315486530183883,10,0.005398563687743594,-0.28697487085083195,0.07761748272974536
control,False,main,5-20,31,53,2024-09-02/2024-12-29,117.14776620370372,118.0,-0.2136785839458981,-0.1893389464305652,2.0,25.0,,,0,,,
control,False,main,5-20,31,53,2024-09-02/2024-12-29,117.14776620370372,118.0,-0.2136785839458981,-0.1893389464305652,25.0,50.0,,,2,,,
control,False,main,5-20,31,53,2024-09-02/2024-12-29,117.14776620370372,118.0,-0.2136785839458981,-0.1893389464305652,50.0,100.0,,,1,,,
control,False,main,5-20,31,53,2024-09-02/2024-12-29,117.14776620370372,118.0,-0.2136785839458981,-0.1893389464305652,100.0,200.0,0.1238741975280695,0.40243697408976276,12,0.009569260920578682,-0.4018187828789552,0.03317922861328666
control,False,main,5-20,31,53,2024-09-02/2024-12-29,117.14776620370372,118.0,-0.2136785839458981,-0.1893389464305652,200.0,400.0,,,3,,,
control,False,main,5-20,31,53,2024-09-02/2024-12-29,117.14776620370372,118.0,-0.2136785839458981,-0.1893389464305652,400.0,600.0,-1.0677613608620975,0.38006714828872157,9,0.008125612178413986,,0.06509885812265248
control,False,main,5-20,31,53,2024-09-02/2024-12-29,117.14776620370372,118.0,-0.2136785839458981,-0.1893389464305652,600.0,850.0,-0.06943746494773743,0.1315486530183883,10,0.005398563687743594,,0.06191701608881667
control,False,main,5-30,31,199,2024-09-02/2026-01-15,499.2585300925926,134.25,0.2889497551457415,0.2020724315988667,2.0,75.0,,,2,,,
control,False,main,5-30,31,199,2024-09-02/2026-01-15,499.2585300925926,134.25,0.2889497551457415,0.2020724315988667,75.0,250.0,,,4,,,
control,False,main,5-30,31,199,2024-09-02/2026-01-15,499.2585300925926,134.25,0.2889497551457415,0.2020724315988667,250.0,550.0,-1.9620467682163738,3.146130556615488,8,0.06926441338060314,,0.09785539564309136
control,False,main,5-30,31,199,2024-09-02/2026-01-15,499.2585300925926,134.25,0.2889497551457415,0.2020724315988667,550.0,850.0,,,4,,,
control,False,main,5-30,31,199,2024-09-02/2026-01-15,499.2585300925926,134.25,0.2889497551457415,0.2020724315988667,2.0,25.0,,,0,,,
control,False,main,5-30,31,199,2024-09-02/2026-01-15,499.2585300925926,134.25,0.2889497551457415,0.2020724315988667,25.0,50.0,,,0,,,
control,False,main,5-30,31,199,2024-09-02/2026-01-15,499.2585300925926,134.25,0.2889497551457415,0.2020724315988667,50.0,100.0,,,2,,,
control,False,main,5-30,31,199,2024-09-02/2026-01-15,499.2585300925926,134.25,0.2889497551457415,0.2020724315988667,100.0,200.0,,,3,,,
control,False,main,5-30,31,199,2024-09-02/2026-01-15,499.2585300925926,134.25,0.2889497551457415,0.2020724315988667,200.0,400.0,,,4,,,
control,False,main,5-30,31,199,2024-09-02/2026-01-15,499.2585300925926,134.25,0.2889497551457415,0.2020724315988667,400.0,600.0,-2.500972571139412,5.4747020099098815,7,0.09561516690026839,,0.06509885812265248
control,False,main,5-30,31,199,2024-09-02/2026-01-15,499.2585300925926,134.25,0.2889497551457415,0.2020724315988667,600.0,850.0,,,2,,,
control,False,main,5-20,31,199,2024-09-02/2026-01-15,499.2585300925926,134.25,0.2889497551457415,0.2020724315988667,2.0,75.0,,,2,,,
control,False,main,5-20,31,199,2024-09-02/2026-01-15,499.2585300925926,134.25,0.2889497551457415,0.2020724315988667,75.0,250.0,,,3,,,
control,False,main,5-20,31,199,2024-09-02/2026-01-15,499.2585300925926,134.25,0.2889497551457415,0.2020724315988667,250.0,550.0,0.0887161168458002,0.1789657727666261,10,0.00949553963752556,,0.09785539564309136
control,False,main,5-20,31,199,2024-09-02/2026-01-15,499.2585300925926,134.25,0.2889497551457415,0.2020724315988667,550.0,850.0,-0.03272449846125908,0.13194906068516823,17,0.011088716525516547,,0.07761748272974536
control,False,main,5-20,31,199,2024-09-02/2026-01-15,499.2585300925926,134.25,0.2889497551457415,0.2020724315988667,2.0,25.0,,,0,,,
control,False,main,5-20,31,199,2024-09-02/2026-01-15,499.2585300925926,134.25,0.2889497551457415,0.2020724315988667,25.0,50.0,,,0,,,
control,False,main,5-20,31,199,2024-09-02/2026-01-15,499.2585300925926,134.25,0.2889497551457415,0.2020724315988667,50.0,100.0,,,3,,,
control,False,main,5-20,31,199,2024-09-02/2026-01-15,499.2585300925926,134.25,0.2889497551457415,0.2020724315988667,100.0,200.0,,,2,,,
control,False,main,5-20,31,199,2024-09-02/2026-01-15,499.2585300925926,134.25,0.2889497551457415,0.2020724315988667,200.0,400.0,-0.19510333157761306,0.517816555238138,6,0.0030771016014887213,-0.16102750904209664,0.06090874428561975
control,False,main,5-20,31,199,2024-09-02/2026-01-15,499.2585300925926,134.25,0.2889497551457415,0.2020724315988667,400.0,600.0,-0.037995466020082205,0.26619058523071915,11,0.012358552171290008,-0.13890157078689452,0.06509885812265248
control,False,main,5-20,31,199,2024-09-02/2026-01-15,499.2585300925926,134.25,0.2889497551457415,0.2020724315988667,600.0,850.0,0.5889162377402806,0.27490053606196363,10,0.007790872169778331,,0.06191701608881667
control,False,main,5-30,120,173,2025-04-02/2025-06-26,85.24041666666666,85.0,0.3471119396306065,-0.2530333386805063,2.0,75.0,0.9483466229036708,5.362197725996237,7,0.01769759205883482,,0.06542062332082034
control,False,main,5-30,120,173,2025-04-02/2025-06-26,85.24041666666666,85.0,0.3471119396306065,-0.2530333386805063,75.0,250.0,,,3,,,
control,False,main,5-30,120,173,2025-04-02/2025-06-26,85.24041666666666,85.0,0.3471119396306065,-0.2530333386805063,250.0,550.0,,,1,,,
control,False,main,5-30,120,173,2025-04-02/2025-06-26,85.24041666666666,85.0,0.3471119396306065,-0.2530333386805063,550.0,850.0,,,1,,,
control,False,main,5-30,120,173,2025-04-02/2025-06-26,85.24041666666666,85.0,0.3471119396306065,-0.2530333386805063,2.0,25.0,,,1,,,
control,False,main,5-30,120,173,2025-04-02/2025-06-26,85.24041666666666,85.0,0.3471119396306065,-0.2530333386805063,25.0,50.0,,,1,,,
control,False,main,5-30,120,173,2025-04-02/2025-06-26,85.24041666666666,85.0,0.3471119396306065,-0.2530333386805063,50.0,100.0,,,5,,,
control,False,main,5-30,120,173,2025-04-02/2025-06-26,85.24041666666666,85.0,0.3471119396306065,-0.2530333386805063,100.0,200.0,,,3,,,
control,False,main,5-30,120,173,2025-04-02/2025-06-26,85.24041666666666,85.0,0.3471119396306065,-0.2530333386805063,200.0,400.0,,,1,,,
control,False,main,5-30,120,173,2025-04-02/2025-06-26,85.24041666666666,85.0,0.3471119396306065,-0.2530333386805063,400.0,600.0,,,0,,,
control,False,main,5-30,120,173,2025-04-02/2025-06-26,85.24041666666666,85.0,0.3471119396306065,-0.2530333386805063,600.0,850.0,,,1,,,
control,False,main,5-20,120,173,2025-04-02/2025-06-26,85.24041666666666,85.0,0.3471119396306065,-0.2530333386805063,2.0,75.0,-0.4485544858037202,0.6509961419658366,6,0.008120642683642973,,0.06542062332082034
control,False,main,5-20,120,173,2025-04-02/2025-06-26,85.24041666666666,85.0,0.3471119396306065,-0.2530333386805063,75.0,250.0,,,5,,,
control,False,main,5-20,120,173,2025-04-02/2025-06-26,85.24041666666666,85.0,0.3471119396306065,-0.2530333386805063,250.0,550.0,0.04340519398552629,0.031341977602572665,47,0.004050631601107094,,0.09785539564309136
control,False,main,5-20,120,173,2025-04-02/2025-06-26,85.24041666666666,85.0,0.3471119396306065,-0.2530333386805063,550.0,850.0,0.01691631592412292,0.024225837545435638,217,0.007949829758381313,0.05772964653959297,0.07761748272974536
control,False,main,5-20,120,173,2025-04-02/2025-06-26,85.24041666666666,85.0,0.3471119396306065,-0.2530333386805063,2.0,25.0,,,1,,,
control,False,main,5-20,120,173,2025-04-02/2025-06-26,85.24041666666666,85.0,0.3471119396306065,-0.2530333386805063,25.0,50.0,,,2,,,
control,False,main,5-20,120,173,2025-04-02/2025-06-26,85.24041666666666,85.0,0.3471119396306065,-0.2530333386805063,50.0,100.0,,,3,,,
control,False,main,5-20,120,173,2025-04-02/2025-06-26,85.24041666666666,85.0,0.3471119396306065,-0.2530333386805063,100.0,200.0,,,5,,,
control,False,main,5-20,120,173,2025-04-02/2025-06-26,85.24041666666666,85.0,0.3471119396306065,-0.2530333386805063,200.0,400.0,0.9939676173852532,0.15519711213761112,18,0.0019685156570093958,-0.505489099555646,0.06090874428561975
control,False,main,5-20,120,173,2025-04-02/2025-06-26,85.24041666666666,85.0,0.3471119396306065,-0.2530333386805063,400.0,600.0,-0.31515012268992665,0.04189660354411654,71,0.007787969918847877,0.3316596484981172,0.06509885812265248
control,False,main,5-20,120,173,2025-04-02/2025-06-26,85.24041666666666,85.0,0.3471119396306065,-0.2530333386805063,600.0,850.0,0.061087792538922776,0.036623587548955595,178,0.008185496782235957,-0.011040519567747282,0.06191701608881667
control,False,main,5-30,76,105,2025-02-03/2025-03-04,29.023333333333333,29.0,-0.2092673136486081,0.1508334935369743,2.0,75.0,,,0,,,
control,False,main,5-30,76,105,2025-02-03/2025-03-04,29.023333333333333,29.0,-0.2092673136486081,0.1508334935369743,75.0,250.0,,,3,,,
control,False,main,5-30,76,105,2025-02-03/2025-03-04,29.023333333333333,29.0,-0.2092673136486081,0.1508334935369743,250.0,550.0,,,1,,,
control,False,main,5-30,76,105,2025-02-03/2025-03-04,29.023333333333333,29.0,-0.2092673136486081,0.1508334935369743,550.0,850.0,,,3,,,
control,False,main,5-30,76,105,2025-02-03/2025-03-04,29.023333333333333,29.0,-0.2092673136486081,0.1508334935369743,2.0,25.0,,,0,,,
control,False,main,5-30,76,105,2025-02-03/2025-03-04,29.023333333333333,29.0,-0.2092673136486081,0.1508334935369743,25.0,50.0,,,0,,,
control,False,main,5-30,76,105,2025-02-03/2025-03-04,29.023333333333333,29.0,-0.2092673136486081,0.1508334935369743,50.0,100.0,,,1,,,
control,False,main,5-30,76,105,2025-02-03/2025-03-04,29.023333333333333,29.0,-0.2092673136486081,0.1508334935369743,100.0,200.0,,,2,,,
control,False,main,5-30,76,105,2025-02-03/2025-03-04,29.023333333333333,29.0,-0.2092673136486081,0.1508334935369743,200.0,400.0,,,0,,,
control,False,main,5-30,76,105,2025-02-03/2025-03-04,29.023333333333333,29.0,-0.2092673136486081,0.1508334935369743,400.0,600.0,,,2,,,
control,False,main,5-30,76,105,2025-02-03/2025-03-04,29.023333333333333,29.0,-0.2092673136486081,0.1508334935369743,600.0,850.0,,,2,,,
control,False,main,5-20,76,105,2025-02-03/2025-03-04,29.023333333333333,29.0,-0.2092673136486081,0.1508334935369743,2.0,75.0,,,1,,,
control,False,main,5-20,76,105,2025-02-03/2025-03-04,29.023333333333333,29.0,-0.2092673136486081,0.1508334935369743,75.0,250.0,0.3355867828489009,1.0851154844364916,8,0.008229690516174743,,0.052763774591917764
control,False,main,5-20,76,105,2025-02-03/2025-03-04,29.023333333333333,29.0,-0.2092673136486081,0.1508334935369743,250.0,550.0,-0.08820239214682012,0.07930336108277003,12,0.00896152619378224,0.19437780125230777,0.09785539564309136
control,False,main,5-20,76,105,2025-02-03/2025-03-04,29.023333333333333,29.0,-0.2092673136486081,0.1508334935369743,550.0,850.0,,,3,,,
control,False,main,5-20,76,105,2025-02-03/2025-03-04,29.023333333333333,29.0,-0.2092673136486081,0.1508334935369743,2.0,25.0,,,0,,,
control,False,main,5-20,76,105,2025-02-03/2025-03-04,29.023333333333333,29.0,-0.2092673136486081,0.1508334935369743,25.0,50.0,,,1,,,
control,False,main,5-20,76,105,2025-02-03/2025-03-04,29.023333333333333,29.0,-0.2092673136486081,0.1508334935369743,50.0,100.0,,,0,,,
control,False,main,5-20,76,105,2025-02-03/2025-03-04,29.023333333333333,29.0,-0.2092673136486081,0.1508334935369743,100.0,200.0,-0.1757182581959651,1.9493847859874829,7,0.003923924685482515,,0.03317922861328666
control,False,main,5-20,76,105,2025-02-03/2025-03-04,29.023333333333333,29.0,-0.2092673136486081,0.1508334935369743,200.0,400.0,-0.21160804187444193,0.7767681256771232,8,0.010781513829221295,,0.06090874428561975
control,False,main,5-20,76,105,2025-02-03/2025-03-04,29.023333333333333,29.0,-0.2092673136486081,0.1508334935369743,400.0,600.0,,,5,,,
control,False,main,5-20,76,105,2025-02-03/2025-03-04,29.023333333333333,29.0,-0.2092673136486081,0.1508334935369743,600.0,850.0,,,3,,,
control,False,main,5-30,75,142,2025-02-03/2025-04-22,77.73055555555555,78.0,0.2059216890338245,0.182764174144378,2.0,75.0,,,4,,,
control,False,main,5-30,75,142,2025-02-03/2025-04-22,77.73055555555555,78.0,0.2059216890338245,0.182764174144378,75.0,250.0,,,4,,,
control,False,main,5-30,75,142,2025-02-03/2025-04-22,77.73055555555555,78.0,0.2059216890338245,0.182764174144378,250.0,550.0,,,2,,,
control,False,main,5-30,75,142,2025-02-03/2025-04-22,77.73055555555555,78.0,0.2059216890338245,0.182764174144378,550.0,850.0,,,0,,,
control,False,main,5-30,75,142,2025-02-03/2025-04-22,77.73055555555555,78.0,0.2059216890338245,0.182764174144378,2.0,25.0,,,0,,,
control,False,main,5-30,75,142,2025-02-03/2025-04-22,77.73055555555555,78.0,0.2059216890338245,0.182764174144378,25.0,50.0,,,0,,,
control,False,main,5-30,75,142,2025-02-03/2025-04-22,77.73055555555555,78.0,0.2059216890338245,0.182764174144378,50.0,100.0,,,5,,,
control,False,main,5-30,75,142,2025-02-03/2025-04-22,77.73055555555555,78.0,0.2059216890338245,0.182764174144378,100.0,200.0,,,3,,,
control,False,main,5-30,75,142,2025-02-03/2025-04-22,77.73055555555555,78.0,0.2059216890338245,0.182764174144378,200.0,400.0,,,1,,,
control,False,main,5-30,75,142,2025-02-03/2025-04-22,77.73055555555555,78.0,0.2059216890338245,0.182764174144378,400.0,600.0,,,1,,,
control,False,main,5-30,75,142,2025-02-03/2025-04-22,77.73055555555555,78.0,0.2059216890338245,0.182764174144378,600.0,850.0,,,0,,,
control,False,main,5-20,75,142,2025-02-03/2025-04-22,77.73055555555555,78.0,0.2059216890338245,0.182764174144378,2.0,75.0,,,0,,,
control,False,main,5-20,75,142,2025-02-03/2025-04-22,77.73055555555555,78.0,0.2059216890338245,0.182764174144378,75.0,250.0,,,4,,,
control,False,main,5-20,75,142,2025-02-03/2025-04-22,77.73055555555555,78.0,0.2059216890338245,0.182764174144378,250.0,550.0,0.1250922011602664,0.14992811774323817,10,0.009494365479924195,,0.09785539564309136
control,False,main,5-20,75,142,2025-02-03/2025-04-22,77.73055555555555,78.0,0.2059216890338245,0.182764174144378,550.0,850.0,,,4,,,
control,False,main,5-20,75,142,2025-02-03/2025-04-22,77.73055555555555,78.0,0.2059216890338245,0.182764174144378,2.0,25.0,,,0,,,
control,False,main,5-20,75,142,2025-02-03/2025-04-22,77.73055555555555,78.0,0.2059216890338245,0.182764174144378,25.0,50.0,,,0,,,
control,False,main,5-20,75,142,2025-02-03/2025-04-22,77.73055555555555,78.0,0.2059216890338245,0.182764174144378,50.0,100.0,,,0,,,
control,False,main,5-20,75,142,2025-02-03/2025-04-22,77.73055555555555,78.0,0.2059216890338245,0.182764174144378,100.0,200.0,,,3,,,
control,False,main,5-20,75,142,2025-02-03/2025-04-22,77.73055555555555,78.0,0.2059216890338245,0.182764174144378,200.0,400.0,,,5,,,
control,False,main,5-20,75,142,2025-02-03/2025-04-22,77.73055555555555,78.0,0.2059216890338245,0.182764174144378,400.0,600.0,0.5691742764664678,0.45399732384890457,7,0.0071740610954861405,,0.06509885812265248
control,False,main,5-20,75,142,2025-02-03/2025-04-22,77.73055555555555,78.0,0.2059216890338245,0.182764174144378,600.0,850.0,,,3,,,
