time,latitude,longitude,depth,mag,magType,nst,gap,dmin,rms,net,id,updated,place,type,horizontalError,depthError,magError,magNst,status,locationSource,magSource
2025-09-30T08:11:21.020Z,35.919834136963,-120.46633148193,4.7199997901917,0.34,md,6,174,0.01889,0.02,nc,nc75242846,2025-09-30T08:37:19.420Z,"4 km NW of Parkfield, CA",earthquake,1,1.98000002,0.16,2,automatic,nc,nc
2025-09-28T22:51:49.550Z,35.965831756592,-120.52183532715,7.5199999809265,1.73,md,26,48,0.02293,0.05,nc,nc75243137,2025-09-29T00:17:19.710Z,"11 km NW of Parkfield, CA",earthquake,0.29,0.349999994,0.2,15,automatic,nc,nc
2025-09-26T14:28:19.200Z,36.0625,-120.63233184815,2.0499999523163,1.4,md,16,131,0.02996,0.07,nc,nc75242272,2025-09-26T15:17:18.901Z,"25 km E of San Ardo, CA",earthquake,0.36,1.09000003,0.25,5,automatic,nc,nc
2025-09-25T16:53:26.900Z,36.004333333333,-120.5655,1.5,-0.26,md,0,236,0.02397,0.08,nc,nc75241927,2025-09-30T21:23:03.173Z,"17 km NW of Parkfield, CA",earthquake,1.21,1.79,0.107,2,reviewed,nc,nc
2025-09-25T04:33:08.050Z,36.0945,-120.668,6.66,1.08,md,39,120,0.06357,0.11,nc,nc75241672,2025-10-01T07:12:21.090Z,"23 km ENE of San Ardo, CA",earthquake,0.25,0.4,0.168,13,reviewed,nc,nc
2025-09-23T22:09:12.120Z,35.997,-120.56233333333,0.33,0.62,md,18,79,0.02426,0.08,nc,nc75241127,2025-09-29T18:48:28.504Z,"16 km NW of Parkfield, CA",earthquake,0.14,0.28,0.2,7,reviewed,nc,nc
2025-09-23T21:25:03.900Z,36.040166666667,-120.5875,4.84,0.93,md,25,85,0.02943,0.11,nc,nc75241097,2025-09-29T18:24:19.972Z,"21 km NW of Parkfield, CA",earthquake,0.26,0.4,0.158,10,reviewed,nc,nc
2025-09-23T09:07:28.350Z,35.999833333333,-120.56433333333,2.59,1.71,md,44,78,0.02443,0.12,nc,nc75240832,2025-09-29T19:42:18.991Z,"16 km NW of Parkfield, CA",earthquake,0.18,0.36,0.219,27,reviewed,nc,nc
2025-09-22T09:39:03.210Z,35.994833333333,-120.557,0.67,0.27,md,16,89,0.02203,0.09,nc,nc75240487,2025-09-26T22:32:17.993Z,"16 km NW of Parkfield, CA",earthquake,0.19,0.28,0.368,4,reviewed,nc,nc
2025-09-20T21:43:31.180Z,36.021166666667,-120.58216666667,3.65,0.87,md,32,79,0.03875,0.05,nc,nc75239987,2025-09-27T06:37:20.593Z,"19 km NW of Parkfield, CA",earthquake,0.16,0.32,0.155,15,reviewed,nc,nc
2025-09-19T19:57:24.540Z,35.859333333333,-120.31383333333,9.74,1.12,md,26,70,0.0334,0.06,nc,nc75239627,2025-09-26T17:07:16.730Z,"11 km ESE of Parkfield, CA",earthquake,0.3,0.37,0.034,7,reviewed,nc,nc
2025-09-17T19:21:17.620Z,36.0465,-120.60633333333,4.12,1.72,md,34,61,0.02373,0.08,nc,nc75238887,2025-09-25T02:07:18.702Z,"23 km NW of Parkfield, CA",earthquake,0.2,0.31,0.24,26,reviewed,nc,nc
2025-09-17T14:59:22.380Z,35.965666666667,-120.51033333333,4.02,0.76,md,14,74,0.03259,0.34,nc,nc75238797,2025-09-25T21:37:35.413Z,"10 km NW of Parkfield, CA",earthquake,0.81,1.6,0.154,5,reviewed,nc,nc
2025-09-16T17:30:36.890Z,36.071833333333,-120.21166666667,9.41,0.94,md,15,135,0.05248,0.09,nc,nc75238462,2025-09-24T00:08:26.873Z,"11 km NW of Avenal, CA",earthquake,0.66,0.75,0.142,7,reviewed,nc,nc
2025-09-14T02:00:41.010Z,36.002166666667,-120.56683333333,6.48,0.81,md,17,124,0.031,0.07,nc,nc75237587,2025-09-17T23:07:18.360Z,"17 km NW of Parkfield, CA",earthquake,0.28,0.34,0.149,7,reviewed,nc,nc
2025-09-13T23:07:19.330Z,36.064833333333,-120.60616666667,6.89,0.7,md,22,201,0.009007,0.13,nc,nc75237527,2025-09-23T23:51:49.320Z,"24 km WSW of Coalinga, CA",earthquake,0.85,0.8,0.284,8,reviewed,nc,nc
2025-09-13T02:07:10.600Z,36.053833333333,-120.204,7.25,1.08,md,24,112,0.04443,0.07,nc,nc75237157,2025-09-23T23:57:18.264Z,"9 km NW of Avenal, CA",earthquake,0.23,0.32,0.133,5,reviewed,nc,nc
2025-09-13T00:11:21.360Z,35.854833333333,-120.39,3.25,0.4,md,16,174,0.03794,0.05,nc,nc75237107,2025-09-23T23:18:02.067Z,"6 km SE of Parkfield, CA",earthquake,0.7,1.33,0.025,2,reviewed,nc,nc
2025-09-12T22:47:52.130Z,36.068666666667,-120.20666666667,8.14,0.99,md,19,93,0.04776,0.08,nc,nc75237067,2025-09-23T22:58:54.689Z,"10 km NW of Avenal, CA",earthquake,0.34,0.43,0.085,6,reviewed,nc,nc
2025-09-12T18:55:08.070Z,36.036833333333,-120.5995,3.55,1,md,23,114,0.03202,0.07,nc,nc75236997,2025-09-23T22:28:42.539Z,"22 km NW of Parkfield, CA",earthquake,0.27,0.5,0.182,12,reviewed,nc,nc
2025-09-12T02:51:55.740Z,35.946666666667,-120.49616666667,3.76,-0.27,md,11,95,0.009815,0.05,nc,nc75236732,2025-09-23T11:03:10.269Z,"8 km NW of Parkfield, CA",earthquake,0.36,0.49,,1,reviewed,nc,nc
2025-09-11T23:30:52.850Z,36.017333333333,-120.58116666667,1.47,0.9,md,17,115,0.03698,0.06,nc,nc75236632,2025-09-23T10:32:18.411Z,"19 km NW of Parkfield, CA",earthquake,0.24,0.8,0.017,4,reviewed,nc,nc
2025-09-11T20:53:47.510Z,35.728,-120.26233333333,4.68,2.7,md,63,82,0.01049,0.11,nc,nc75236562,2025-12-03T03:58:05.040Z,"3 km ENE of Cholame, CA",earthquake,0.18,0.41,0.093,61,reviewed,nc,nc
2025-09-10T19:13:33.230Z,36.027,-120.60033333333,1.62,0.46,md,17,104,0.04185,0.11,nc,nc75236047,2025-09-21T23:17:20.099Z,"21 km NW of Parkfield, CA",earthquake,0.28,1.31,0.411,4,reviewed,nc,nc
2025-09-08T22:23:56.590Z,35.921166666667,-120.47016666667,3.18,0.31,md,19,139,0.01939,0.08,nc,nc75235152,2025-09-19T18:47:19.430Z,"4 km NW of Parkfield, CA",earthquake,0.27,0.46,0.257,6,reviewed,nc,nc
2025-09-07T21:54:55.410Z,35.972166666667,-120.528,6.97,1.5,md,38,55,0.01367,0.07,nc,nc75234682,2025-09-18T19:07:19.202Z,"12 km NW of Parkfield, CA",earthquake,0.19,0.24,0.241,20,reviewed,nc,nc
2025-09-06T12:11:04.450Z,36.01,-120.57533333333,2.63,-0.05,md,16,106,0.0314,0.08,nc,nc75233902,2025-09-16T21:07:48.606Z,"18 km NW of Parkfield, CA",earthquake,0.26,0.69,0.023,3,reviewed,nc,nc
2025-09-05T06:07:49.730Z,35.766333333333,-120.3085,4.43,0.9,md,27,129,0.008341,0.04,nc,nc75233317,2025-09-12T18:07:19.320Z,"5 km NNW of Cholame, CA",earthquake,0.47,0.3,0.08,7,reviewed,nc,nc
2025-09-03T09:50:05.280Z,35.922833333333,-120.47183333333,4.72,0.99,md,25,72,0.02382,0.09,nc,nc75232587,2025-09-10T23:51:02.531Z,"5 km NW of Parkfield, CA",earthquake,0.28,0.38,0.328,10,reviewed,nc,nc
2025-09-03T04:29:50.940Z,35.992333333333,-120.55266666667,3.77,0.9,md,23,63,0.01788,0.05,nc,nc75232507,2025-09-11T22:12:48.600Z,"15 km NW of Parkfield, CA",earthquake,0.18,0.2,0.13,8,reviewed,nc,nc
2025-09-02T11:57:57.810Z,36.012666666667,-120.57366666667,2.06,-0.05,md,10,155,0.03022,0.04,nc,nc75232077,2025-09-11T21:46:06.761Z,"18 km NW of Parkfield, CA",earthquake,0.32,1,,1,reviewed,nc,nc
2025-09-02T07:27:26.000Z,36.017,-120.585,2.41,0.81,md,19,109,0.03995,0.07,nc,nc75231922,2025-09-11T18:40:31.477Z,"19 km NW of Parkfield, CA",earthquake,0.3,0.71,0.319,8,reviewed,nc,nc
2025-09-01T11:13:34.650Z,35.999666666667,-120.56316666667,3.02,1.71,md,43,46,0.02363,0.12,nc,nc75231602,2025-09-10T23:32:18.825Z,"16 km NW of Parkfield, CA",earthquake,0.2,0.32,0.211,24,reviewed,nc,nc
2025-08-30T23:32:08.320Z,36.037333333333,-120.59733333333,4.05,1.61,md,40,47,0.03142,0.08,nc,nc75230997,2025-09-09T19:17:18.466Z,"21 km NW of Parkfield, CA",earthquake,0.23,0.31,0.254,27,reviewed,nc,nc
2025-08-28T03:23:19.160Z,35.745,-120.30466666667,4.93,0.95,md,36,113,0.0132,0.14,nc,nc75229667,2025-09-07T00:07:19.400Z,"3 km NNW of Cholame, CA",earthquake,0.34,0.41,0.105,8,reviewed,nc,nc
2025-08-27T17:04:35.320Z,35.7615,-120.25216666667,4.6,1.32,md,21,166,0.03084,0.06,nc,nc75229437,2025-09-04T15:57:17.038Z,"6 km NE of Cholame, CA",earthquake,1.02,0.81,0.226,7,reviewed,nc,nc
2025-08-26T20:31:57.150Z,35.86,-120.40516666667,3.65,0.34,md,14,183,0.02179,0.05,nc,nc75229102,2025-09-04T00:07:21.109Z,"5 km SSE of Parkfield, CA",earthquake,0.96,0.47,0.034,3,reviewed,nc,nc
2025-08-25T11:54:26.870Z,36.002666666667,-120.569,5.23,0.68,md,17,93,0.02711,0.08,nc,nc75228502,2025-08-25T18:07:59.979Z,"17 km NW of Parkfield, CA",earthquake,0.34,0.44,0.121,4,reviewed,nc,nc
2025-08-25T00:57:43.900Z,36.061333333333,-120.20383333333,8.68,0.92,md,24,80,0.04431,0.12,nc,nc75004078,2025-09-02T22:27:19.964Z,"9 km NW of Avenal, CA",earthquake,0.26,0.35,0.116,5,reviewed,nc,nc
2025-08-23T11:51:26.190Z,35.793333333333,-120.61283333333,11.23,0.65,md,21,135,0.1307,0.05,nc,nc75227672,2025-08-25T20:15:41.399Z,"9 km ENE of San Miguel, CA",earthquake,0.56,1.48,0.107,6,reviewed,nc,nc
2025-08-19T16:56:31.130Z,36.0655,-120.638,2.41,1.04,md,26,122,0.03404,0.11,nc,nc75225857,2025-08-26T19:56:20.762Z,"25 km ENE of San Ardo, CA",earthquake,0.29,0.78,0.183,12,reviewed,nc,nc
2025-08-19T10:02:19.160Z,35.744166666667,-120.286,5.84,1.51,md,35,109,0.02241,0.07,nc,nc75225767,2025-08-26T18:01:58.550Z,"3 km NNE of Cholame, CA",earthquake,0.23,0.32,0.286,17,reviewed,nc,nc
2025-08-17T04:34:21.840Z,36.064,-120.2045,9.14,1.44,md,28,84,0.04516,0.06,nc,nc75224917,2025-08-22T20:15:02.724Z,"10 km NW of Avenal, CA",earthquake,0.23,0.37,0.13,10,reviewed,nc,nc
2025-08-16T14:22:15.820Z,36.065666666667,-120.20616666667,8.32,0.96,md,23,177,0.04675,0.08,nc,nc75224572,2025-08-22T18:12:15.161Z,"10 km NW of Avenal, CA",earthquake,0.56,0.63,0.134,7,reviewed,nc,nc
2025-08-15T19:55:38.130Z,35.785,-120.32383333333,3.7,0.75,md,22,160,0.02997,0.05,nc,nc75224232,2025-08-20T22:24:29.492Z,"7 km  of Cholame, CA",earthquake,0.84,0.4,0.17,6,reviewed,nc,nc
2025-08-12T03:03:52.760Z,35.9945,-120.553,3.48,0.18,md,11,82,0.01995,0.08,nc,nc75222087,2025-08-19T06:04:16.699Z,"15 km NW of Parkfield, CA",earthquake,0.39,0.81,0.363,2,reviewed,nc,nc
2025-08-11T07:02:48.650Z,36.032,-120.6065,-0.54,0.88,md,25,77,0.03767,0.07,nc,nc75221627,2025-08-18T21:59:07.545Z,"22 km NW of Parkfield, CA",earthquake,0.2,0.78,0.175,10,reviewed,nc,nc
2025-08-08T14:31:40.340Z,36.046,-120.49183333333,5.85,0.8,md,19,136,0.05148,0.06,nc,nc75220737,2025-08-14T06:54:57.022Z,"16 km WSW of Coalinga, CA",earthquake,0.34,0.9,0.165,5,reviewed,nc,nc
2025-08-07T09:05:09.400Z,36.003,-120.56666666667,2.86,0.81,md,18,94,0.0252,0.07,nc,nc75220337,2025-08-13T05:42:57.657Z,"17 km NW of Parkfield, CA",earthquake,0.32,0.46,0.239,6,reviewed,nc,nc
2025-08-06T00:44:23.200Z,36.038666666667,-120.60016666667,3.02,0.93,md,17,113,0.03025,0.06,nc,nc75219782,2025-08-08T21:57:09.863Z,"22 km NNW of Parkfield, CA",earthquake,0.29,0.63,0.085,6,reviewed,nc,nc
2025-08-05T16:33:13.610Z,36.030666666667,-120.609,-0.37,0.26,md,13,127,0.03945,0.05,nc,nc75219597,2025-08-08T20:43:15.634Z,"22 km NW of Parkfield, CA",earthquake,0.51,1.01,0.013,3,reviewed,nc,nc
2025-08-04T19:37:54.610Z,36.0465,-120.62366666667,4.5,0.78,md,15,152,0.03149,0.07,nc,nc75219152,2025-08-06T23:57:22.128Z,"24 km NW of Parkfield, CA",earthquake,0.46,0.57,0.321,4,reviewed,nc,nc
2025-08-04T10:08:34.320Z,35.9215,-120.478,5.1,-0.02,md,12,95,0.01276,0.07,nc,nc75218967,2025-08-06T23:41:14.747Z,"5 km NW of Parkfield, CA",earthquake,0.57,1.16,0.076,2,reviewed,nc,nc
2025-08-03T09:44:45.990Z,35.934666666667,-120.48516666667,4.68,0.41,md,18,106,0.01624,0.06,nc,nc75218567,2025-08-06T22:42:52.498Z,"6 km NW of Parkfield, CA",earthquake,0.32,0.37,0.127,5,reviewed,nc,nc
2025-08-02T10:14:54.030Z,35.9965,-120.55766666667,2.17,0.76,md,16,89,0.02139,0.07,nc,nc75218262,2025-08-06T20:20:33.835Z,"16 km NW of Parkfield, CA",earthquake,0.24,0.53,0.028,4,reviewed,nc,nc
2025-08-01T18:34:07.180Z,36.065833333333,-120.246,9.73,1.72,md,32,100,0.06327,0.07,nc,nc75217992,2025-08-01T22:25:14.810Z,"13 km NW of Avenal, CA",earthquake,0.25,0.44,0.143,18,reviewed,nc,nc
2025-07-31T01:51:00.140Z,35.992166666667,-120.5575,3.67,1.27,md,29,66,0.01833,0.15,nc,nc75217202,2025-08-05T23:56:06.010Z,"15 km NW of Parkfield, CA",earthquake,0.31,0.43,0.266,13,reviewed,nc,nc
2025-07-31T00:46:00.090Z,35.992333333333,-120.55916666667,3.32,1.29,md,29,67,0.025,0.13,nc,nc75217187,2025-08-05T23:29:34.573Z,"16 km NW of Parkfield, CA",earthquake,0.24,0.48,0.247,11,reviewed,nc,nc
2025-07-31T00:08:41.730Z,35.753833333333,-120.32283333333,6.57,1.44,md,30,108,0.01299,0.08,nc,nc75217177,2025-07-31T23:14:37.170Z,"4 km NNW of Cholame, CA",earthquake,0.35,0.49,0.249,14,reviewed,nc,nc
2025-07-30T14:55:03.190Z,35.963833333333,-120.5075,3.18,0.04,md,12,78,0.01186,0.06,nc,nc75216952,2025-07-31T23:42:13.754Z,"10 km NNW of Parkfield, CA",earthquake,0.3,0.57,0.37,2,reviewed,nc,nc
2025-07-30T12:59:29.970Z,35.9695,-120.52983333333,6.55,0.76,md,27,57,0.01647,0.06,nc,nc75216917,2025-08-05T23:13:53.810Z,"12 km NW of Parkfield, CA",earthquake,0.34,0.22,0.163,10,reviewed,nc,nc
2025-07-29T16:12:51.220Z,36.042666666667,-120.61716666667,2.37,0.86,md,17,92,0.03114,0.09,nc,nc75216602,2025-08-05T15:32:13.463Z,"23 km NW of Parkfield, CA",earthquake,0.38,1.16,0.117,7,reviewed,nc,nc
2025-07-29T11:57:38.180Z,35.874166666667,-120.417,5.23,0.54,md,21,130,0.01774,0.05,nc,nc75216497,2025-08-05T17:03:51.526Z,"3 km SSE of Parkfield, CA",earthquake,0.35,0.45,0.186,6,reviewed,nc,nc
2025-07-29T04:15:31.370Z,36.000666666667,-120.563,0.99,0.35,md,15,98,0.02311,0.07,nc,nc75216437,2025-08-05T21:55:01.089Z,"16 km NW of Parkfield, CA",earthquake,0.22,0.37,0.171,3,reviewed,nc,nc
2025-07-29T02:03:42.490Z,36.002,-120.55333333333,3.86,0.39,md,9,89,0.01545,0.04,nc,nc75216387,2025-08-06T00:10:47.952Z,"16 km NNW of Parkfield, CA",earthquake,0.38,0.77,0.159,3,reviewed,nc,nc
2025-07-28T04:43:57.600Z,36.010666666667,-120.57933333333,3,0.56,md,17,142,0.03466,0.14,nc,nc75216062,2025-08-04T20:06:37.731Z,"18 km NW of Parkfield, CA",earthquake,0.5,0.88,0.555,6,reviewed,nc,nc
2025-07-27T13:00:09.880Z,35.9925,-120.55616666667,4.11,0.84,md,28,65,0.0184,0.07,nc,nc75215797,2025-08-04T17:33:42.810Z,"15 km NW of Parkfield, CA",earthquake,0.25,0.23,0.073,9,reviewed,nc,nc
2025-07-27T05:04:05.540Z,36.0945,-120.68466666667,4.87,0.8,md,29,126,0.0534,0.13,nc,nc75215652,2025-07-31T23:50:16.674Z,"21 km ENE of San Ardo, CA",earthquake,0.38,0.61,0.222,11,reviewed,nc,nc
2025-07-26T14:45:25.430Z,36.014333333333,-120.57883333333,1.05,0.85,md,20,112,0.03458,0.05,nc,nc75215337,2025-08-01T19:26:31.027Z,"18 km NW of Parkfield, CA",earthquake,0.27,0.76,0.062,5,reviewed,nc,nc
2025-07-26T10:21:06.680Z,36.021333333333,-120.58483333333,3.48,1,md,27,116,0.04086,0.07,nc,nc75215257,2025-08-01T15:43:15.097Z,"19 km NW of Parkfield, CA",earthquake,0.22,0.37,0.108,9,reviewed,nc,nc
2025-07-25T12:41:22.020Z,36.020833333333,-120.5815,3.89,1.53,md,32,108,0.03813,0.06,nc,nc75214892,2025-08-01T00:21:33.860Z,"19 km NNW of Parkfield, CA",earthquake,0.24,0.4,0.338,19,reviewed,nc,nc
2025-07-25T03:24:02.120Z,35.972333333333,-120.52333333333,3.19,0.79,md,21,60,0.01068,0.06,nc,nc75214742,2025-07-31T23:34:10.984Z,"12 km NW of Parkfield, CA",earthquake,0.23,0.39,0.122,6,reviewed,nc,nc
2025-07-25T02:11:15.870Z,35.9715,-120.52216666667,2.55,0.58,md,16,66,0.0107,0.06,nc,nc75214722,2025-07-31T23:21:06.190Z,"12 km NNW of Parkfield, CA",earthquake,0.25,0.4,0.038,4,reviewed,nc,nc
2025-07-24T17:06:23.380Z,35.879166666667,-120.22366666667,10.03,1.53,md,31,95,0.1067,0.1,nc,nc75214497,2025-07-31T20:53:23.950Z,"16 km SW of Avenal, CA",earthquake,0.3,0.61,0.089,7,reviewed,nc,nc
2025-07-22T18:57:43.230Z,35.836333333333,-120.57666666667,8.67,0.98,md,26,103,0.04399,0.06,nc,nc75213632,2025-07-30T23:08:07.840Z,"14 km ENE of San Miguel, CA",earthquake,0.24,0.61,0.119,9,reviewed,nc,nc
2025-07-22T09:00:40.350Z,36.027,-120.60816666667,2.98,0.61,md,16,145,0.05859,0.09,nc,nc75213342,2025-07-30T21:13:46.793Z,"21 km NW of Parkfield, CA",earthquake,0.55,1.18,0.253,4,reviewed,nc,nc
2025-07-16T11:00:25.900Z,35.927833333333,-120.472,4.03,-0.06,md,14,103,0.01883,0.04,nc,nc75210737,2025-07-22T22:36:11.147Z,"5 km NW of Parkfield, CA",earthquake,0.37,0.58,0.064,3,reviewed,nc,nc
2025-07-15T13:48:09.490Z,35.8085,-120.4325,8.38,0.36,md,17,208,0.06762,0.05,nc,nc75210187,2025-07-21T18:48:32.963Z,"10 km SSW of Parkfield, CA",earthquake,0.52,0.84,0.132,3,reviewed,nc,nc
2025-07-14T03:30:01.650Z,35.988833333333,-120.54233333333,2.64,-0.04,md,11,111,0.02106,0.08,nc,nc75209587,2025-07-23T18:41:09.135Z,"14 km NNW of Parkfield, CA",earthquake,0.3,0.75,0.216,2,reviewed,nc,nc
2025-07-13T20:15:04.760Z,36.032666666667,-120.6035,5.11,1.04,md,33,154,0.05208,0.12,nc,nc75209452,2025-07-22T23:10:18.630Z,"22 km NW of Parkfield, CA",earthquake,0.39,0.59,0.173,14,reviewed,nc,nc
2025-07-13T11:53:34.700Z,35.991666666667,-120.5495,4.06,1.57,md,35,72,0.02057,0.05,nc,nc75209172,2025-07-22T16:47:24.098Z,"15 km NW of Parkfield, CA",earthquake,0.18,0.26,0.339,22,reviewed,nc,nc
2025-07-12T05:05:05.250Z,36.0345,-120.59883333333,4.95,2.22,md,68,45,0.0343,0.13,nc,nc75208642,2025-07-22T18:57:19.101Z,"21 km NNW of Parkfield, CA",earthquake,0.2,0.33,0.144,53,reviewed,nc,nc
2025-07-11T02:16:09.860Z,35.939,-120.4895,9.48,3.15,ml,73,49,0.01636,0.1,nc,nc75208107,2025-09-20T22:28:11.040Z,"7 km NW of Parkfield, CA",earthquake,0.14,0.2,0.19,58,reviewed,nc,nc
2025-07-09T21:41:42.760Z,35.971166666667,-120.5295,5.84,0.62,md,15,78,0.01524,0.06,nc,nc75207657,2025-07-10T16:57:43.662Z,"12 km NW of Parkfield, CA",earthquake,0.36,0.58,0.001,3,reviewed,nc,nc
2025-07-08T23:34:15.380Z,35.926666666667,-120.47783333333,9.63,2.83,md,72,45,0.0206,0.12,nc,nc75207262,2025-09-12T16:23:12.040Z,"5 km NW of Parkfield, CA",earthquake,0.16,0.24,0.108,61,reviewed,nc,nc
2025-07-08T10:43:07.160Z,36.0325,-120.59383333333,8.23,2.25,md,59,52,0.05179,0.12,nc,nc75207012,2025-07-17T00:42:18.028Z,"21 km NNW of Parkfield, CA",earthquake,0.22,0.38,0.084,36,reviewed,nc,nc
2025-07-04T17:59:14.420Z,36.059666666667,-120.21033333333,8.72,0.95,md,21,129,0.04946,0.08,nc,nc75205387,2025-07-04T23:35:47.288Z,"10 km NW of Avenal, CA",earthquake,0.53,0.6,0.038,7,reviewed,nc,nc
2025-07-04T11:50:10.780Z,36.098833333333,-120.66433333333,6.65,0.56,md,17,161,0.06281,0.08,nc,nc75204386,2025-07-09T17:29:35.273Z,"23 km E of San Ardo, CA",earthquake,0.42,0.62,0.21,5,reviewed,nc,nc
2025-07-03T07:30:28.840Z,36.005333333333,-120.57316666667,3.74,0.67,md,20,97,0.02992,0.07,nc,nc75203906,2025-07-09T00:27:40.339Z,"17 km NW of Parkfield, CA",earthquake,0.26,0.57,0.158,6,reviewed,nc,nc
2025-07-03T04:29:50.570Z,35.969333333333,-120.529,7.44,0.55,md,18,56,0.01607,0.06,nc,nc75203851,2025-07-08T22:57:11.480Z,"12 km NW of Parkfield, CA",earthquake,0.4,0.4,0.084,5,reviewed,nc,nc
2025-07-01T11:26:53.940Z,35.993833333333,-120.55483333333,5.13,1.86,md,53,45,0.02145,0.14,nc,nc75203051,2025-07-07T20:07:17.671Z,"15 km NW of Parkfield, CA",earthquake,0.22,0.29,0.18,31,reviewed,nc,nc
2025-06-30T08:10:33.220Z,35.962166666667,-120.50466666667,3.61,-0.32,md,13,79,0.009021,0.07,nc,nc75003783,2025-07-07T22:19:50.763Z,"10 km NNW of Parkfield, CA",earthquake,0.24,0.44,,1,reviewed,nc,nc
2025-06-30T06:59:41.330Z,35.786166666667,-120.331,4.05,0.96,md,23,159,0.0339,0.04,nc,nc75202461,2025-07-02T04:38:31.921Z,"8 km NNW of Cholame, CA",earthquake,0.67,0.33,0.179,6,reviewed,nc,nc
2025-06-30T04:12:15.320Z,35.937666666667,-120.49233333333,9.95,1.08,md,34,56,0.01902,0.07,nc,nc75202401,2025-07-01T23:04:08.160Z,"7 km NW of Parkfield, CA",earthquake,0.26,0.25,0.241,14,reviewed,nc,nc
2025-06-29T02:59:35.370Z,36.079,-120.21733333333,10.9,0.72,md,17,140,0.05878,0.06,nc,nc75202021,2025-07-03T15:51:59.941Z,"12 km NNW of Avenal, CA",earthquake,0.84,0.87,0.045,3,reviewed,nc,nc
2025-06-28T22:22:17.740Z,35.923,-120.4715,4.09,-0.11,md,12,102,0.01733,0.07,nc,nc75201911,2025-07-01T06:55:53.029Z,"5 km NW of Parkfield, CA",earthquake,0.48,0.97,,1,reviewed,nc,nc
2025-06-27T13:42:34.580Z,36.033666666667,-120.59716666667,3.08,0.94,md,28,70,0.03508,0.09,nc,nc75201331,2025-06-30T20:37:16.749Z,"21 km NNW of Parkfield, CA",earthquake,0.28,0.56,0.171,10,reviewed,nc,nc
2025-06-27T11:21:49.910Z,35.92,-120.46833333333,4.49,0.27,md,19,88,0.01755,0.09,nc,nc75201271,2025-07-01T09:55:17.489Z,"4 km NW of Parkfield, CA",earthquake,0.31,0.43,0.165,5,reviewed,nc,nc
2025-06-27T06:47:01.720Z,36.066666666667,-120.20566666667,8.25,1.08,md,27,91,0.04654,0.07,nc,nc75201161,2025-07-01T09:41:42.628Z,"10 km NNW of Avenal, CA",earthquake,0.41,0.39,0.08,6,reviewed,nc,nc
2025-06-26T21:32:59.350Z,36.030333333333,-120.58916666667,3.58,1.53,md,31,46,0.03881,0.06,nc,nc75201031,2025-06-27T04:52:17.594Z,"20 km NNW of Parkfield, CA",earthquake,0.22,0.42,0.284,15,reviewed,nc,nc
2025-06-25T04:57:58.040Z,36.069666666667,-120.331,4.04,-0.17,md,9,201,0.04203,0.05,nc,nc75200201,2025-06-26T23:02:39.204Z,"8 km S of Coalinga, CA",earthquake,1.38,1.67,0.125,2,reviewed,nc,nc
2025-06-24T19:49:37.910Z,35.938166666667,-120.48066666667,9.55,0.24,md,15,78,0.0112,0.08,nc,nc75200011,2025-06-25T07:07:16.754Z,"6 km NNW of Parkfield, CA",earthquake,0.6,0.88,0.216,2,reviewed,nc,nc
2025-06-22T09:41:09.340Z,36.033,-120.604,3.41,0.19,md,7,204,0.05948,0.04,nc,nc75198826,2025-06-23T23:07:16.946Z,"22 km NW of Parkfield, CA",earthquake,0.87,1.2,0.362,2,reviewed,nc,nc
2025-06-21T16:21:59.280Z,36.042,-120.613,7.26,2.41,md,71,47,0.03002,0.12,nc,nc75198581,2025-06-26T21:42:20.571Z,"23 km NW of Parkfield, CA",earthquake,0.2,0.31,0.128,51,reviewed,nc,nc
2025-06-21T12:22:02.210Z,35.9355,-120.49066666667,10.22,2.28,md,67,48,0.01902,0.1,nc,nc75198496,2025-06-25T02:07:19.670Z,"7 km NW of Parkfield, CA",earthquake,0.17,0.21,0.137,46,reviewed,nc,nc
2025-06-19T06:04:47.940Z,35.943,-120.49366666667,9.89,0.86,md,35,61,0.01361,0.08,nc,nc75197506,2025-06-20T23:52:17.147Z,"7 km NW of Parkfield, CA",earthquake,0.24,0.25,0.285,11,reviewed,nc,nc
2025-06-19T00:47:39.380Z,35.943166666667,-120.493,9.97,0.72,md,25,68,0.01353,0.08,nc,nc75197436,2025-06-20T23:47:19.104Z,"7 km NW of Parkfield, CA",earthquake,0.48,0.34,0.225,9,reviewed,nc,nc
2025-06-18T23:06:16.500Z,35.941666666667,-120.49183333333,9.96,2.38,md,72,59,0.01518,0.08,nc,nc75197406,2025-06-19T23:12:16.482Z,"7 km NW of Parkfield, CA",earthquake,0.13,0.13,0.145,57,reviewed,nc,nc
2025-06-18T22:56:24.160Z,35.941833333333,-120.49166666667,10.28,3.35,ml,74,48,0.01505,0.08,nc,nc75197401,2025-09-02T21:23:38.040Z,"7 km NW of Parkfield, CA",earthquake,0.12,0.18,0.176,107,reviewed,nc,nc
2025-06-16T16:50:12.020Z,36.081833333333,-120.25,6.27,1.03,md,22,187,0.07489,0.06,nc,nc75196456,2025-06-16T18:00:08.128Z,"12 km SE of Coalinga, CA",earthquake,0.31,0.31,0.078,7,reviewed,nc,nc
2025-06-16T16:49:20.500Z,36.075666666667,-120.24766666667,6.33,0.93,md,12,180,0.05444,0.02,nc,nc75196446,2025-06-16T17:56:05.830Z,"12 km SE of Coalinga, CA",earthquake,0.28,0.38,0.016,4,reviewed,nc,nc
2025-06-16T16:48:24.570Z,36.079333333333,-120.24833333333,6.49,1.02,md,19,109,0.05074,0.07,nc,nc75196436,2025-06-17T22:23:14.277Z,"12 km SE of Coalinga, CA",earthquake,0.24,0.38,0.094,7,reviewed,nc,nc
2025-06-12T00:36:38.240Z,35.952833333333,-120.44533333333,4.82,0.02,md,10,166,0.01801,0.11,nc,nc75194511,2025-06-13T22:22:21.696Z,"6 km  of Parkfield, CA",earthquake,0.89,1.44,,1,reviewed,nc,nc
2025-06-11T19:48:32.930Z,36,-120.561,1.96,0.83,md,21,118,0.02189,0.11,nc,nc75194406,2025-06-13T21:32:36.612Z,"16 km NW of Parkfield, CA",earthquake,0.3,0.77,0.298,6,reviewed,nc,nc
2025-06-09T16:21:16.680Z,35.966,-120.514,1.89,-0.4,md,11,83,0.01403,0.05,nc,nc75193331,2025-06-10T18:37:26.770Z,"11 km NNW of Parkfield, CA",earthquake,0.25,0.45,,1,reviewed,nc,nc
2025-06-08T20:16:23.070Z,35.727666666667,-120.31233333333,11.33,0.95,md,22,212,0.08758,0.03,nc,nc75192876,2025-06-11T22:57:26.204Z,"2 km NW of Cholame, CA",earthquake,1.46,0.77,0.175,5,reviewed,nc,nc
2025-06-08T00:26:46.490Z,36.060333333333,-120.202,9.17,1.65,md,31,79,0.04276,0.08,nc,nc75192516,2025-06-11T21:56:24.390Z,"9 km NW of Avenal, CA",earthquake,0.26,0.36,0.129,14,reviewed,nc,nc
2025-06-07T15:09:29.810Z,36.024666666667,-120.58683333333,4.77,1.16,md,29,112,0.04347,0.09,nc,nc75192331,2025-06-11T00:52:28.210Z,"20 km NNW of Parkfield, CA",earthquake,0.31,0.46,0.195,10,reviewed,nc,nc
2025-06-07T10:56:57.400Z,36.048166666667,-120.2185,7.92,0.87,md,17,99,0.0568,0.03,nc,nc75192221,2025-06-11T07:31:17.742Z,"9 km NW of Avenal, CA",earthquake,0.28,0.48,0.044,3,reviewed,nc,nc
2025-06-07T06:26:07.950Z,36.0585,-120.21516666667,7.34,1.02,md,24,114,0.05334,0.08,nc,nc75192156,2025-06-11T00:19:42.877Z,"10 km NW of Avenal, CA",earthquake,0.27,0.44,0.038,5,reviewed,nc,nc
2025-06-07T05:44:54.040Z,35.733166666667,-120.30233333333,12.33,1.09,md,26,132,0.02516,0.07,nc,nc75192131,2025-06-10T23:37:59.071Z,"1 km  of Cholame, CA",earthquake,0.35,0.5,0.109,8,reviewed,nc,nc
2025-06-05T16:20:53.780Z,36.07,-120.21383333333,8.65,0.94,md,22,131,0.05372,0.09,nc,nc75191391,2025-06-05T17:52:16.155Z,"11 km NW of Avenal, CA",earthquake,0.58,0.55,0.147,7,reviewed,nc,nc
2025-06-04T08:11:17.220Z,36.050333333333,-120.22033333333,8.12,1.12,md,22,100,0.05796,0.04,nc,nc75190811,2025-06-09T23:40:37.790Z,"10 km NW of Avenal, CA",earthquake,0.34,0.45,0.015,4,reviewed,nc,nc
2025-06-02T23:41:13.010Z,36.010666666667,-120.575,2.11,1.88,md,31,78,0.03115,0.09,nc,nc75190261,2025-06-09T17:47:08.080Z,"18 km NW of Parkfield, CA",earthquake,0.26,0.65,0.162,14,reviewed,nc,nc
2025-06-02T21:01:51.740Z,36.050166666667,-120.61,5.57,0.67,md,22,94,0.02171,0.05,nc,nc75190206,2025-06-09T16:02:44.938Z,"23 km NNW of Parkfield, CA",earthquake,0.24,0.41,0.041,3,reviewed,nc,nc
2025-06-02T20:49:38.770Z,36.049833333333,-120.61283333333,5.67,1.7,md,36,89,0.02325,0.08,nc,nc75190196,2025-06-09T19:30:39.360Z,"23 km NNW of Parkfield, CA",earthquake,0.22,0.32,0.198,20,reviewed,nc,nc
2025-06-02T02:20:19.860Z,36.004666666667,-120.5675,2.8,0.81,md,19,97,0.02549,0.07,nc,nc75189796,2025-06-05T14:52:18.833Z,"17 km NW of Parkfield, CA",earthquake,0.25,0.59,0.434,8,reviewed,nc,nc
2025-05-31T09:59:21.440Z,35.990666666667,-120.54933333333,3.05,0.75,md,21,53,0.02137,0.07,nc,nc75189041,2025-06-05T11:27:19.363Z,"15 km NW of Parkfield, CA",earthquake,0.25,0.48,0.16,7,reviewed,nc,nc
2025-05-30T23:25:35.040Z,35.787166666667,-120.34433333333,8.47,0.73,md,26,110,0.04165,0.04,nc,nc75188866,2025-06-04T22:37:19.817Z,"8 km NNW of Cholame, CA",earthquake,0.77,0.35,0.22,7,reviewed,nc,nc
2025-05-29T16:21:29.400Z,36.047666666667,-120.61616666667,3.64,0.61,md,18,82,0.02659,0.07,nc,nc75188246,2025-06-04T21:07:18.167Z,"23 km NNW of Parkfield, CA",earthquake,0.32,0.64,0.294,7,reviewed,nc,nc
2025-05-29T10:42:31.050Z,36.053833333333,-120.21616666667,7.41,1.15,md,28,71,0.05427,0.09,nc,nc75188156,2025-06-04T00:37:15.956Z,"10 km NW of Avenal, CA",earthquake,0.25,0.44,0.064,7,reviewed,nc,nc
2025-05-29T10:09:22.240Z,36.049833333333,-120.61316666667,4.3,2.57,md,73,47,0.02341,0.16,nc,nc75188136,2025-08-16T21:54:10.040Z,"23 km NNW of Parkfield, CA",earthquake,0.2,0.38,0.116,65,reviewed,nc,nc
2025-05-27T22:36:38.280Z,36.038166666667,-120.607,2.29,0.79,md,19,72,0.03181,0.07,nc,nc75187401,2025-06-03T00:49:25.216Z,"22 km NW of Parkfield, CA",earthquake,0.34,0.83,0.2,8,reviewed,nc,nc
2025-05-27T17:51:43.950Z,36.022333333333,-120.58616666667,2.93,0.62,md,20,116,0.04219,0.07,nc,nc75187291,2025-06-03T00:22:18.230Z,"20 km NW of Parkfield, CA",earthquake,0.27,0.76,0.301,4,reviewed,nc,nc
2025-05-27T12:14:48.880Z,35.980666666667,-120.54666666667,3.35,1.75,md,43,40,0.007399,0.07,nc,nc75187191,2025-06-03T13:32:17.532Z,"14 km NW of Parkfield, CA",earthquake,0.21,0.24,0.241,27,reviewed,nc,nc
2025-05-26T21:11:26.250Z,36.073833333333,-120.64966666667,1.62,0.46,md,15,163,0.04362,0.08,nc,nc75186941,2025-06-02T15:36:44.512Z,"24 km E of San Ardo, CA",earthquake,0.45,2.24,0.106,7,reviewed,nc,nc
2025-05-26T08:02:50.660Z,36.0225,-120.584,3.75,0.91,md,30,78,0.04058,0.06,nc,nc75186601,2025-05-30T22:17:19.875Z,"19 km NNW of Parkfield, CA",earthquake,0.26,0.34,0.3,13,reviewed,nc,nc
2025-05-25T13:32:11.500Z,36.034666666667,-120.59433333333,3.47,0.9,md,21,73,0.0341,0.08,nc,nc75186266,2025-05-30T19:37:18.775Z,"21 km NNW of Parkfield, CA",earthquake,0.32,0.6,0.367,9,reviewed,nc,nc
2025-05-24T19:27:47.000Z,36.065333333333,-120.21616666667,7.82,0.64,md,18,174,0.0547,0.07,nc,nc75186006,2025-05-24T23:52:19.773Z,"10 km NW of Avenal, CA",earthquake,0.45,0.53,0.268,3,reviewed,nc,nc
2025-05-24T17:10:17.330Z,36.093666666667,-120.222,7.63,1.11,md,18,209,0.06905,0.05,nc,nc75185926,2025-05-31T13:57:17.169Z,"13 km NNW of Avenal, CA",earthquake,0.62,0.36,0.08,6,reviewed,nc,nc
2025-05-24T06:19:00.140Z,35.858333333333,-120.311,9.61,0.49,md,20,143,0.03458,0.04,nc,nc75185766,2025-05-29T20:47:19.762Z,"12 km ESE of Parkfield, CA",earthquake,0.41,0.5,0.103,4,reviewed,nc,nc
2025-05-23T17:43:12.380Z,35.8585,-120.306,9.28,1.94,md,41,50,0.03801,0.11,nc,nc75185551,2025-05-29T19:07:20.089Z,"12 km ESE of Parkfield, CA",earthquake,0.24,0.34,0.168,24,reviewed,nc,nc
2025-05-23T13:26:02.250Z,36.021666666667,-120.59033333333,2.64,0.11,md,16,110,0.04316,0.07,nc,nc75185451,2025-05-28T23:28:55.746Z,"20 km NW of Parkfield, CA",earthquake,0.36,1.02,0.13,4,reviewed,nc,nc
2025-05-23T13:24:59.970Z,36.022666666667,-120.58716666667,2.34,0.51,md,15,151,0.04306,0.08,nc,nc75185446,2025-05-28T23:27:57.849Z,"20 km NW of Parkfield, CA",earthquake,0.37,1.39,0.176,4,reviewed,nc,nc
2025-05-22T12:58:01.530Z,36.032,-120.645,2.54,1.12,md,20,152,0.05398,0.08,nc,nc75184916,2025-05-29T15:07:18.488Z,"23 km E of San Ardo, CA",earthquake,0.69,0.9,0.347,8,reviewed,nc,nc
2025-05-22T04:40:03.150Z,36.009833333333,-120.57166666667,2.14,0.79,md,17,108,0.02842,0.07,nc,nc75184786,2025-05-29T09:07:20.166Z,"18 km NW of Parkfield, CA",earthquake,0.29,0.89,0.093,5,reviewed,nc,nc
2025-05-21T06:35:13.980Z,35.749,-120.304,12.19,0.86,md,26,121,0.009472,0.13,nc,nc75184391,2025-05-23T11:52:17.420Z,"3 km  of Cholame, CA",earthquake,0.5,0.34,0.255,8,reviewed,nc,nc
2025-05-21T01:33:09.000Z,36.037,-120.60166666667,3.38,1.02,md,27,110,0.03205,0.07,nc,nc75184291,2025-05-29T06:52:18.211Z,"22 km NNW of Parkfield, CA",earthquake,0.31,0.46,0.257,10,reviewed,nc,nc
2025-05-21T00:15:34.300Z,36.063166666667,-120.2065,10.23,1.07,md,16,125,0.04665,0.07,nc,nc75184276,2025-05-28T07:17:19.950Z,"10 km NW of Avenal, CA",earthquake,0.77,0.8,0.139,2,reviewed,nc,nc
2025-05-19T14:56:11.660Z,36.0115,-120.57183333333,4.25,2,md,43,44,0.02863,0.1,nc,nc75184437,2025-05-27T22:32:17.421Z,"18 km NW of Parkfield, CA",earthquake,0.23,0.29,0.198,27,reviewed,nc,nc
2025-05-19T12:50:42.840Z,35.927166666667,-120.47566666667,9.62,1.89,md,44,45,0.01857,0.06,nc,nc75184387,2025-05-27T21:32:17.039Z,"5 km NW of Parkfield, CA",earthquake,0.19,0.21,0.196,28,reviewed,nc,nc
2025-05-19T07:46:45.270Z,36.049833333333,-120.21783333333,8.37,1.15,md,25,67,0.05602,0.06,nc,nc75184277,2025-05-23T03:42:17.182Z,"9 km NW of Avenal, CA",earthquake,0.34,0.55,0.059,9,reviewed,nc,nc
2025-05-18T20:08:06.580Z,36.048666666667,-120.21616666667,7.07,0.89,md,21,100,0.05486,0.11,nc,nc75184127,2025-05-23T00:52:18.201Z,"9 km NW of Avenal, CA",earthquake,0.37,0.58,0.227,8,reviewed,nc,nc
2025-05-18T06:44:05.760Z,36.048833333333,-120.208,8.21,1.01,md,24,65,0.04831,0.06,nc,nc75183892,2025-05-22T22:17:20.062Z,"9 km NW of Avenal, CA",earthquake,0.24,0.36,0.112,9,reviewed,nc,nc
2025-05-16T21:37:58.590Z,35.943,-120.47,5.08,-0.08,md,11,96,0.003941,0.16,nc,nc75183107,2025-05-21T22:04:08.993Z,"6 km NNW of Parkfield, CA",earthquake,0.65,1.92,,1,reviewed,nc,nc
2025-05-16T10:49:31.610Z,36.008833333333,-120.57116666667,3.86,0.83,md,19,106,0.02802,0.06,nc,nc75182797,2025-05-21T19:07:15.184Z,"18 km NW of Parkfield, CA",earthquake,0.3,0.52,0.046,6,reviewed,nc,nc
2025-05-16T10:30:30.280Z,36.008666666667,-120.56983333333,4.08,0.7,md,17,107,0.02695,0.04,nc,nc75182792,2025-05-21T18:21:54.027Z,"17 km NW of Parkfield, CA",earthquake,0.31,0.49,0.155,6,reviewed,nc,nc
2025-05-15T03:36:21.100Z,35.967833333333,-120.51166666667,2.79,0.37,md,15,78,0.01238,0.05,nc,nc75182232,2025-05-20T21:18:44.625Z,"11 km NNW of Parkfield, CA",earthquake,0.28,0.5,0.03,4,reviewed,nc,nc
2025-05-15T00:07:24.040Z,35.955833333333,-120.49716666667,5.09,0.49,md,21,69,0.001156,0.08,nc,nc75182147,2025-05-20T20:57:18.359Z,"9 km NNW of Parkfield, CA",earthquake,0.33,0.46,0.12,7,reviewed,nc,nc
2025-05-13T12:21:15.790Z,36.049333333333,-120.61983333333,-0.6,0.8,md,17,104,0.02729,0.06,nc,nc75181487,2025-05-20T22:22:17.037Z,"24 km NW of Parkfield, CA",earthquake,0.3,0.58,0.292,7,reviewed,nc,nc
2025-05-12T19:47:29.600Z,35.909166666667,-120.5735,10.63,0.66,md,19,203,0.04428,0.05,nc,nc75181227,2025-05-19T23:55:41.984Z,"13 km WNW of Parkfield, CA",earthquake,0.7,0.34,0.02,5,reviewed,nc,nc
2025-05-11T14:09:32.080Z,35.999833333333,-120.56233333333,1.44,0.82,md,24,86,0.02294,0.08,nc,nc75179826,2025-05-19T23:17:20.694Z,"16 km NW of Parkfield, CA",earthquake,0.24,0.48,0.287,9,reviewed,nc,nc
2025-05-11T12:13:11.660Z,36.01,-120.57216666667,0.17,1.07,md,17,118,0.02883,0.08,nc,nc75179786,2025-05-19T23:38:33.681Z,"18 km NW of Parkfield, CA",earthquake,0.16,0.29,0.083,5,reviewed,nc,nc
2025-05-11T09:34:52.630Z,36.058,-120.63883333333,-0.72,1.13,md,19,132,0.0362,0.16,nc,nc75179726,2025-05-20T00:07:20.008Z,"24 km E of San Ardo, CA",earthquake,0.89,1.51,0.14,5,reviewed,nc,nc
2025-05-09T22:38:33.520Z,36.063,-120.6305,0.41,1.04,md,19,139,0.0284,0.14,nc,nc75179101,2025-05-16T18:27:17.989Z,"25 km E of San Ardo, CA",earthquake,0.7,1,0.175,8,reviewed,nc,nc
2025-05-09T04:25:41.170Z,36.05,-120.2135,8.19,1.08,md,26,66,0.05252,0.07,nc,nc75178756,2025-05-15T22:17:17.033Z,"9 km NW of Avenal, CA",earthquake,0.23,0.44,0.108,10,reviewed,nc,nc
2025-05-04T20:08:43.190Z,35.983166666667,-120.52183333333,11.37,0.12,md,14,118,0.006903,0.05,nc,nc75176461,2025-05-13T17:47:18.930Z,"12 km NNW of Parkfield, CA",earthquake,0.56,0.96,0.012,3,reviewed,nc,nc
2025-05-04T19:41:34.520Z,35.9315,-120.47966666667,4.04,-0.1,md,12,106,0.01649,0.05,nc,nc75176451,2025-05-13T17:25:24.369Z,"6 km NW of Parkfield, CA",earthquake,0.37,0.84,0.094,2,reviewed,nc,nc
2025-05-04T16:07:44.650Z,36.044,-120.63,2.38,0.55,md,20,114,0.03693,0.07,nc,nc75176381,2025-05-14T21:57:16.307Z,"24 km NW of Parkfield, CA",earthquake,0.4,1.78,0.296,8,reviewed,nc,nc
2025-05-04T14:37:01.470Z,35.905666666667,-120.425,10.32,0.33,md,21,136,0.0106,0.05,nc,nc75176371,2025-05-13T16:37:16.463Z,"1 km NE of Parkfield, CA",earthquake,0.62,0.52,0.064,4,reviewed,nc,nc
2025-05-02T20:02:46.150Z,36.050333333333,-120.614,3.85,1.17,md,39,65,0.02341,0.09,nc,nc75175481,2025-05-13T16:17:20.348Z,"24 km NNW of Parkfield, CA",earthquake,0.24,0.4,0.205,17,reviewed,nc,nc
2025-05-02T04:49:53.300Z,36.044666666667,-120.61866666667,0.95,0.27,md,16,96,0.0302,0.07,nc,nc75175061,2025-05-12T22:52:23.320Z,"23 km NW of Parkfield, CA",earthquake,0.43,1.29,0.147,5,reviewed,nc,nc
2025-04-30T01:45:47.130Z,35.992666666667,-120.5405,0.54,0.28,md,9,110,0.01701,0.06,nc,nc75173916,2025-05-09T05:42:15.394Z,"14 km NNW of Parkfield, CA",earthquake,0.25,0.47,0.436,3,reviewed,nc,nc
2025-04-27T08:29:32.880Z,35.7435,-120.33616666667,10.28,0.44,md,21,209,0.0273,0.05,nc,nc75172451,2025-05-05T23:52:20.452Z,"4 km NW of Cholame, CA",earthquake,0.92,0.37,0.195,4,reviewed,nc,nc
2025-04-24T12:23:46.650Z,35.754833333333,-120.30683333333,9.42,0.91,md,25,119,0.003238,0.06,nc,nc75170756,2025-04-30T22:32:19.130Z,"4 km  of Cholame, CA",earthquake,0.44,0.42,0.238,9,reviewed,nc,nc
2025-04-23T17:44:23.590Z,36.035,-120.595,3.78,1.43,md,34,47,0.03375,0.06,nc,nc75170361,2025-04-30T21:27:19.687Z,"21 km NNW of Parkfield, CA",earthquake,0.21,0.37,0.356,20,reviewed,nc,nc
2025-04-22T00:51:21.450Z,36.043,-120.611,4.09,0.42,md,17,94,0.02841,0.06,nc,nc75169466,2025-04-29T00:37:16.533Z,"23 km NW of Parkfield, CA",earthquake,0.45,0.67,0.268,6,reviewed,nc,nc
2025-04-21T02:31:46.520Z,36.0065,-120.5685,4.65,0.43,md,17,102,0.02602,0.05,nc,nc75169056,2025-04-28T22:07:17.559Z,"17 km NW of Parkfield, CA",earthquake,0.32,0.38,0.474,5,reviewed,nc,nc
2025-04-18T07:55:55.930Z,36.0015,-120.56266666667,1.23,0.42,md,14,99,0.02255,0.05,nc,nc75167411,2025-04-24T01:07:18.013Z,"16 km NW of Parkfield, CA",earthquake,0.22,0.42,0.086,4,reviewed,nc,nc
2025-04-18T04:05:35.160Z,36.036333333333,-120.60216666667,2.05,0.14,md,17,108,0.03277,0.06,nc,nc75167361,2025-04-24T00:27:17.770Z,"22 km NNW of Parkfield, CA",earthquake,0.38,1.61,0.212,5,reviewed,nc,nc
2025-04-17T04:23:21.740Z,35.976333333333,-120.52766666667,3.52,0.64,md,24,83,0.01152,0.06,nc,nc75166696,2025-04-23T22:07:16.849Z,"12 km NNW of Parkfield, CA",earthquake,0.22,0.26,0.281,7,reviewed,nc,nc
2025-04-16T18:35:17.380Z,35.924333333333,-120.47066666667,3.49,0.22,md,18,97,0.01875,0.07,nc,nc75166426,2025-04-23T18:32:18.445Z,"5 km NW of Parkfield, CA",earthquake,0.37,0.55,0.196,4,reviewed,nc,nc
2025-04-16T17:28:54.170Z,36.0015,-120.5635,4.35,0.68,md,16,93,0.02319,0.06,nc,nc75166411,2025-04-23T18:07:19.264Z,"17 km NW of Parkfield, CA",earthquake,0.27,0.45,0.121,4,reviewed,nc,nc
2025-04-16T17:26:47.540Z,36.002166666667,-120.56416666667,4.45,0.78,md,23,92,0.02348,0.04,nc,nc75166406,2025-04-23T17:52:18.174Z,"17 km NW of Parkfield, CA",earthquake,0.21,0.29,0.18,10,reviewed,nc,nc
2025-04-16T08:19:42.420Z,36.0615,-120.2085,8.42,1.01,md,25,79,0.04809,0.07,nc,nc75166161,2025-04-23T23:57:19.576Z,"10 km NW of Avenal, CA",earthquake,0.32,0.5,0.101,8,reviewed,nc,nc
2025-04-16T06:12:10.260Z,35.982333333333,-120.5365,3.77,-0.17,md,13,92,0.01457,0.04,nc,nc75166111,2025-04-23T03:36:23.609Z,"13 km NW of Parkfield, CA",earthquake,0.27,0.51,0.1,3,reviewed,nc,nc
2025-04-15T17:33:56.880Z,35.971,-120.52183333333,4.23,0.05,md,13,64,0.01095,0.04,nc,nc75165841,2025-04-22T22:22:16.475Z,"11 km NW of Parkfield, CA",earthquake,0.28,0.49,0.343,2,reviewed,nc,nc
2025-04-15T04:24:35.820Z,35.8775,-120.631,12.89,0.33,md,18,269,0.09913,0.07,nc,nc75165656,2025-04-22T17:44:50.427Z,"15 km NE of San Miguel, CA",earthquake,0.95,0.86,0.109,5,reviewed,nc,nc
2025-04-15T04:24:02.290Z,36.0335,-120.59766666667,3.3,0.9,md,25,114,0.03525,0.06,nc,nc75165651,2025-04-22T04:47:21.446Z,"21 km NNW of Parkfield, CA",earthquake,0.21,0.45,0.204,8,reviewed,nc,nc
2025-04-14T19:06:30.250Z,36.039,-120.59683333333,4.34,2.05,md,53,45,0.02975,0.08,nc,nc75165356,2025-05-04T23:41:54.780Z,"22 km NNW of Parkfield, CA",earthquake,0.17,0.28,0.171,45,reviewed,nc,nc
2025-04-14T13:59:07.390Z,36.006666666667,-120.57283333333,3.95,0.04,md,16,101,0.0295,0.07,nc,nc75165156,2025-04-22T01:27:16.105Z,"18 km NW of Parkfield, CA",earthquake,0.3,0.47,0.175,4,reviewed,nc,nc
2025-04-13T09:22:07.040Z,35.888,-120.432,5.23,0.14,md,17,110,0.01048,0.07,nc,nc75164501,2025-04-21T19:42:18.878Z,"1 km SSW of Parkfield, CA",earthquake,0.41,0.6,0.119,4,reviewed,nc,nc
2025-04-13T07:27:38.390Z,36.031333333333,-120.60566666667,-0.74,0.25,md,16,102,0.03818,0.11,nc,nc75164461,2025-04-19T08:17:17.151Z,"22 km NW of Parkfield, CA",earthquake,0.46,1.38,0.321,5,reviewed,nc,nc
2025-04-11T01:56:26.330Z,36.019666666667,-120.5855,1.43,0.22,md,15,147,0.04093,0.08,nc,nc75163341,2025-04-16T21:07:17.573Z,"19 km NW of Parkfield, CA",earthquake,0.42,1.78,0.256,4,reviewed,nc,nc
2025-04-10T20:27:59.080Z,36.0435,-120.621,4.28,0.6,md,14,96,0.03228,0.08,nc,nc75163171,2025-04-16T19:07:17.838Z,"23 km NW of Parkfield, CA",earthquake,0.45,0.99,0.059,6,reviewed,nc,nc
2025-04-10T01:01:44.360Z,36.018833333333,-120.58466666667,4.15,1.42,md,34,75,0.04008,0.09,nc,nc75162676,2025-04-16T00:42:18.510Z,"19 km NW of Parkfield, CA",earthquake,0.26,0.36,0.321,15,reviewed,nc,nc
2025-04-08T21:53:20.900Z,35.9815,-120.53966666667,4.79,0.58,md,12,94,0.01198,0.03,nc,nc75162782,2025-04-16T00:07:17.290Z,"13 km NW of Parkfield, CA",earthquake,0.36,0.62,0.178,3,reviewed,nc,nc
2025-04-08T13:11:32.520Z,36.0005,-120.56066666667,2.27,1.62,md,37,80,0.02144,0.09,nc,nc75162462,2025-04-16T02:27:18.187Z,"16 km NW of Parkfield, CA",earthquake,0.17,0.33,0.3,22,reviewed,nc,nc
2025-04-08T04:09:06.980Z,35.997833333333,-120.557,1.62,0.94,md,20,78,0.02017,0.07,nc,nc75162242,2025-04-15T04:17:20.439Z,"16 km NW of Parkfield, CA",earthquake,0.17,0.33,0.181,7,reviewed,nc,nc
2025-04-06T22:01:14.190Z,36.005333333333,-120.573,1.11,0.53,md,13,101,0.02978,0.07,nc,nc75161557,2025-04-14T22:07:19.990Z,"17 km NW of Parkfield, CA",earthquake,0.27,0.61,0.149,6,reviewed,nc,nc
2025-04-06T14:52:17.940Z,36.000166666667,-120.5585,1.79,0.81,md,18,86,0.02,0.06,nc,nc75161322,2025-04-14T21:22:16.782Z,"16 km NW of Parkfield, CA",earthquake,0.18,0.4,0.465,8,reviewed,nc,nc
2025-04-06T14:24:15.710Z,35.997166666667,-120.56916666667,3.25,1.18,md,36,72,0.02566,0.06,nc,nc75161312,2025-04-14T23:52:15.662Z,"17 km NW of Parkfield, CA",earthquake,0.2,0.24,0.348,17,reviewed,nc,nc
2025-04-06T13:51:22.310Z,36.002,-120.56483333333,2.74,1.62,md,35,79,0.02405,0.07,nc,nc75161302,2025-04-14T20:57:17.504Z,"17 km NW of Parkfield, CA",earthquake,0.19,0.33,0.31,26,reviewed,nc,nc
2025-04-06T12:58:40.860Z,36.001833333333,-120.567,2.51,1.14,md,23,78,0.02578,0.1,nc,nc75161267,2025-04-14T22:52:20.292Z,"17 km NW of Parkfield, CA",earthquake,0.28,0.52,0.379,10,reviewed,nc,nc
2025-04-06T08:23:21.000Z,36.001166666667,-120.56316666667,3.05,1.86,md,45,56,0.02305,0.07,nc,nc75161107,2025-04-14T20:07:19.174Z,"16 km NW of Parkfield, CA",earthquake,0.18,0.24,0.225,32,reviewed,nc,nc
2025-04-06T08:17:09.960Z,35.9995,-120.5645,3.62,1.61,md,46,39,0.02468,0.1,nc,nc75161102,2025-04-14T19:37:16.962Z,"16 km NW of Parkfield, CA",earthquake,0.16,0.26,0.291,30,reviewed,nc,nc
2025-04-06T08:10:07.010Z,35.997833333333,-120.55783333333,1.13,0.02,md,8,121,0.02073,0.07,nc,nc75161097,2025-04-15T23:07:24.879Z,"16 km NW of Parkfield, CA",earthquake,0.36,0.51,0.304,2,reviewed,nc,nc
2025-04-06T06:19:55.500Z,35.998666666667,-120.56133333333,3.59,1.77,md,43,47,0.02274,0.07,nc,nc75161062,2025-04-15T00:47:21.033Z,"16 km NW of Parkfield, CA",earthquake,0.2,0.28,0.293,33,reviewed,nc,nc
2025-04-06T06:12:56.970Z,35.999166666667,-120.56083333333,2.25,1.07,md,25,79,0.02214,0.07,nc,nc75161042,2025-04-12T04:12:18.718Z,"16 km NW of Parkfield, CA",earthquake,0.24,0.45,0.274,11,reviewed,nc,nc
2025-04-06T06:11:18.180Z,35.995,-120.56,3.42,3.17,ml,68,45,0.02162,0.1,nc,nc75161057,2025-06-09T13:38:42.040Z,"16 km NW of Parkfield, CA",earthquake,0.14,0.21,0.177,50,reviewed,nc,nc
2025-04-05T17:53:02.330Z,35.927666666667,-120.477,4.11,-0.14,md,11,103,0.01851,0.06,nc,nc75160677,2025-04-12T03:15:49.105Z,"5 km NW of Parkfield, CA",earthquake,0.44,1.12,0.195,3,reviewed,nc,nc
2025-04-04T06:29:45.940Z,35.993666666667,-120.55566666667,3.34,0.23,md,14,67,0.01947,0.06,nc,nc75159777,2025-04-11T00:12:19.450Z,"15 km NW of Parkfield, CA",earthquake,0.28,0.5,0.352,4,reviewed,nc,nc
2025-04-03T13:47:01.840Z,36.072833333333,-120.2125,8.96,1.56,md,25,90,0.05341,0.07,nc,nc75159307,2025-04-10T01:37:17.564Z,"11 km NNW of Avenal, CA",earthquake,0.28,0.43,0.219,14,reviewed,nc,nc
2025-04-02T15:47:14.420Z,36.000333333333,-120.56266666667,1.55,1.08,md,22,87,0.02299,0.05,nc,nc75158832,2025-04-10T23:17:18.073Z,"16 km NW of Parkfield, CA",earthquake,0.2,0.44,0.232,8,reviewed,nc,nc
2025-04-02T15:46:47.240Z,36.000833333333,-120.56266666667,1.87,1.09,md,23,79,0.0228,0.06,nc,nc75158827,2025-04-10T21:52:18.502Z,"16 km NW of Parkfield, CA",earthquake,0.24,0.56,0.374,11,reviewed,nc,nc
2025-04-01T13:01:47.230Z,36.0415,-120.604,2.87,0.76,md,19,61,0.02798,0.07,nc,nc75158472,2025-04-09T18:07:17.498Z,"22 km NNW of Parkfield, CA",earthquake,0.27,0.72,0.389,9,reviewed,nc,nc
2025-03-29T13:49:32.150Z,36.036666666667,-120.60116666667,3.64,0.1,md,11,116,0.03233,0.03,nc,nc75157222,2025-04-07T22:57:19.177Z,"22 km NNW of Parkfield, CA",earthquake,0.71,1.51,0.08,4,reviewed,nc,nc
2025-03-29T06:46:47.140Z,36.0055,-120.56816666667,3.79,0.75,md,16,100,0.02588,0.07,nc,nc75157117,2025-04-07T22:22:17.938Z,"17 km NW of Parkfield, CA",earthquake,0.28,0.49,0.045,4,reviewed,nc,nc
2025-03-29T06:43:58.360Z,36.004833333333,-120.5715,3.8,0.79,md,16,97,0.02865,0.07,nc,nc75157112,2025-04-07T22:17:22.904Z,"17 km NW of Parkfield, CA",earthquake,0.26,0.43,0.034,7,reviewed,nc,nc
2025-03-29T06:43:47.290Z,36.003833333333,-120.572,3.99,0.79,md,21,94,0.02923,0.07,nc,nc75157107,2025-04-07T23:32:20.418Z,"17 km NW of Parkfield, CA",earthquake,0.25,0.35,0.145,9,reviewed,nc,nc
2025-03-27T05:53:47.440Z,35.988,-120.544,2.11,0,md,11,82,0.01488,0.05,nc,nc75156012,2025-04-04T21:37:19.924Z,"14 km NW of Parkfield, CA",earthquake,0.23,0.49,0.235,4,reviewed,nc,nc
2025-03-25T12:10:39.970Z,36.057666666667,-120.6355,2.27,0.87,md,22,95,0.03374,0.1,nc,nc75154987,2025-04-03T23:12:16.897Z,"25 km E of San Ardo, CA",earthquake,0.29,1.05,0.183,11,reviewed,nc,nc
2025-03-25T12:05:41.890Z,35.982166666667,-120.54533333333,5.83,0.04,md,17,78,0.009243,0.03,nc,nc75154982,2025-04-03T23:07:16.865Z,"14 km NW of Parkfield, CA",earthquake,0.25,0.33,0.227,6,reviewed,nc,nc
2025-03-25T09:43:15.820Z,36.065333333333,-120.62683333333,4.3,1.48,md,43,107,0.02507,0.1,nc,nc75154907,2025-04-04T01:27:18.796Z,"25 km E of San Ardo, CA",earthquake,0.23,0.38,0.254,35,reviewed,nc,nc
2025-03-25T05:19:18.190Z,35.798333333333,-120.50816666667,9.18,0.8,md,38,41,0.07211,0.08,nc,nc75154827,2025-04-03T21:57:19.418Z,"13 km SW of Parkfield, CA",earthquake,0.18,0.62,0.142,14,reviewed,nc,nc
2025-03-25T01:52:28.330Z,36.068333333333,-120.3075,8.98,1.47,md,33,86,0.0535,0.04,nc,nc75154772,2025-03-27T10:47:19.058Z,"9 km SSE of Coalinga, CA",earthquake,0.25,0.35,0.145,15,reviewed,nc,nc
2025-03-24T19:10:29.600Z,35.824333333333,-120.482,10.39,0.38,md,18,251,0.04237,0.06,nc,nc75154582,2025-04-02T12:17:21.966Z,"9 km SW of Parkfield, CA",earthquake,1.13,1.05,0.091,3,reviewed,nc,nc
2025-03-23T07:07:56.780Z,35.863166666667,-120.4045,4.64,1.03,md,31,111,0.03267,0.05,nc,nc75153662,2025-04-01T22:05:14.780Z,"5 km SSE of Parkfield, CA",earthquake,0.32,0.27,0.341,15,reviewed,nc,nc
2025-03-23T00:02:18.260Z,36.0155,-120.57983333333,3.51,1.19,md,28,112,0.03556,0.08,nc,nc75153522,2025-04-02T00:57:17.445Z,"19 km NW of Parkfield, CA",earthquake,0.24,0.46,0.321,15,reviewed,nc,nc
2025-03-22T18:46:02.500Z,35.991666666667,-120.552,3.99,1.52,md,31,58,0.0172,0.06,nc,nc75153337,2025-03-31T19:32:15.793Z,"15 km NW of Parkfield, CA",earthquake,0.21,0.27,0.144,16,reviewed,nc,nc
2025-03-22T01:58:34.520Z,36.029166666667,-120.59066666667,4.39,2.23,md,57,45,0.03981,0.09,nc,nc75153017,2025-03-31T19:07:16.642Z,"20 km NNW of Parkfield, CA",earthquake,0.19,0.27,0.153,47,reviewed,nc,nc
2025-03-20T04:45:51.610Z,35.958333333333,-120.51666666667,9.87,0.95,md,30,57,0.02412,0.07,nc,nc75151882,2025-03-28T05:46:09.390Z,"10 km NW of Parkfield, CA",earthquake,0.27,0.26,0.3,12,reviewed,nc,nc
2025-03-19T02:19:16.920Z,35.991166666667,-120.55283333333,3.59,0.78,md,24,64,0.01673,0.07,nc,nc75151362,2025-03-27T21:53:20.610Z,"15 km NW of Parkfield, CA",earthquake,0.22,0.27,0.413,11,reviewed,nc,nc
2025-03-16T15:55:22.780Z,35.9445,-120.47416666667,0.16,0.02,md,9,93,0.002971,0.12,nc,nc75149606,2025-03-21T09:57:17.953Z,"6 km NNW of Parkfield, CA",earthquake,0.2,0.6,0.074,2,reviewed,nc,nc
2025-03-16T07:22:08.840Z,36.0405,-120.6275,0.07,0.44,md,11,102,0.03797,0.13,nc,nc75149481,2025-03-18T19:17:19.034Z,"24 km NW of Parkfield, CA",earthquake,0.51,2.26,0.167,6,reviewed,nc,nc
2025-03-15T17:02:52.630Z,36.063,-120.6425,0.22,0.44,md,14,144,0.03797,0.09,nc,nc75149191,2025-03-21T08:42:17.438Z,"24 km E of San Ardo, CA",earthquake,0.28,0.61,0.107,5,reviewed,nc,nc
2025-03-14T20:51:06.070Z,35.902666666667,-120.43566666667,10.32,0.37,md,18,119,0.01294,0.07,nc,nc75148851,2025-03-18T22:42:14.492Z,"1 km NNW of Parkfield, CA",earthquake,0.55,0.6,0.114,6,reviewed,nc,nc
2025-03-14T06:20:33.910Z,36.0815,-120.65516666667,0.6,0.61,md,19,127,0.04943,0.07,nc,nc75148441,2025-03-24T18:52:18.415Z,"23 km E of San Ardo, CA",earthquake,0.27,0.7,0.19,9,reviewed,nc,nc
2025-03-14T01:10:52.550Z,36.003833333333,-120.5695,3.06,1.04,md,20,95,0.02724,0.07,nc,nc75148321,2025-03-24T22:27:15.908Z,"17 km NW of Parkfield, CA",earthquake,0.27,0.4,0.324,8,reviewed,nc,nc
2025-03-13T11:01:00.360Z,35.795,-120.50883333333,9.76,0.81,md,22,86,0.07544,0.05,nc,nc75148061,2025-03-18T18:12:19.587Z,"13 km SW of Parkfield, CA",earthquake,0.27,1.08,0.149,9,reviewed,nc,nc
2025-03-13T00:51:40.840Z,36.012333333333,-120.56783333333,2.83,0.62,md,11,118,0.02548,0.04,nc,nc75147866,2025-03-18T19:03:07.891Z,"18 km NNW of Parkfield, CA",earthquake,0.28,0.6,0.282,4,reviewed,nc,nc
2025-03-10T09:01:26.640Z,36.051833333333,-120.21183333333,8.61,0.93,md,22,68,0.05095,0.09,nc,nc75146156,2025-03-19T09:12:16.756Z,"9 km NW of Avenal, CA",earthquake,0.33,0.53,0.23,7,reviewed,nc,nc
2025-03-10T08:57:37.390Z,36.051833333333,-120.215,8.29,0.99,md,19,69,0.0535,0.1,nc,nc75146151,2025-03-18T01:47:17.633Z,"9 km NW of Avenal, CA",earthquake,0.39,0.69,0.073,6,reviewed,nc,nc
2025-03-07T20:10:34.950Z,35.9655,-120.51333333333,1.97,0.11,md,13,89,0.03062,0.05,nc,nc75144661,2025-03-13T18:47:19.485Z,"10 km NNW of Parkfield, CA",earthquake,0.2,0.97,0.182,4,reviewed,nc,nc
2025-03-07T09:30:24.770Z,36.093,-120.25316666667,10.89,0.84,md,20,112,0.03693,0.09,nc,nc75144361,2025-03-08T21:22:17.317Z,"11 km SE of Coalinga, CA",earthquake,0.68,0.56,0.196,6,reviewed,nc,nc
2025-03-07T09:27:36.570Z,36.091333333333,-120.256,11.58,1.69,md,36,87,0.03863,0.07,nc,nc75144356,2025-03-08T23:32:15.166Z,"11 km SE of Coalinga, CA",earthquake,0.22,0.3,0.163,22,reviewed,nc,nc
2025-03-07T06:10:15.790Z,36.044333333333,-120.61016666667,5.29,1.07,md,31,66,0.02692,0.08,nc,nc75144251,2025-03-12T17:32:18.395Z,"23 km NNW of Parkfield, CA",earthquake,0.21,0.33,0.23,15,reviewed,nc,nc
2025-03-07T02:15:48.950Z,35.980666666667,-120.53716666667,3.7,0.43,md,13,90,0.01326,0.03,nc,nc75144146,2025-03-12T00:32:01.361Z,"13 km NW of Parkfield, CA",earthquake,0.26,0.5,0.229,4,reviewed,nc,nc
2025-03-06T21:33:32.160Z,36.040166666667,-120.6165,3.85,0.14,md,9,218,0.03298,0.06,nc,nc75144011,2025-03-17T18:42:16.219Z,"23 km NW of Parkfield, CA",earthquake,0.84,1.63,0.084,4,reviewed,nc,nc
2025-03-06T16:35:16.960Z,36.041,-120.61183333333,5.02,0.62,md,14,93,0.03051,0.08,nc,nc75002733,2025-03-06T19:32:15.595Z,"23 km NW of Parkfield, CA",earthquake,0.45,0.72,0.094,5,reviewed,nc,nc
2025-03-06T12:38:32.100Z,36.041333333333,-120.615,4.92,0.31,md,11,163,0.03137,0.07,nc,nc75143811,2025-03-12T00:37:18.001Z,"23 km NW of Parkfield, CA",earthquake,0.44,1.08,0.136,4,reviewed,nc,nc
2025-03-06T10:11:26.070Z,36.014166666667,-120.58233333333,3.86,0.44,md,14,108,0.03737,0.09,nc,nc75143781,2025-03-12T01:52:19.472Z,"19 km NW of Parkfield, CA",earthquake,0.42,0.74,0.09,5,reviewed,nc,nc
2025-03-06T04:13:34.090Z,36.066666666667,-120.21066666667,7.74,1,md,21,85,0.05052,0.06,nc,nc75143651,2025-03-06T09:47:21.759Z,"10 km NW of Avenal, CA",earthquake,0.2,0.23,0.157,10,reviewed,nc,nc
2025-03-04T20:10:47.500Z,36.095333333333,-120.61083333333,7.32,1.2,md,21,166,0.02901,0.06,nc,nc75142881,2025-03-15T02:12:18.283Z,"23 km W of Coalinga, CA",earthquake,0.29,0.4,0.256,14,reviewed,nc,nc
2025-03-04T13:39:12.180Z,36.056333333333,-120.62833333333,0.75,0.61,md,21,105,0.02887,0.11,nc,nc75142691,2025-03-10T05:47:20.064Z,"25 km NW of Parkfield, CA",earthquake,0.32,0.63,0.373,11,reviewed,nc,nc
2025-03-04T11:25:38.630Z,36.085,-120.61983333333,5.85,1.15,md,16,152,0.02506,0.05,nc,nc75142626,2025-03-14T07:22:18.489Z,"24 km W of Coalinga, CA",earthquake,0.34,0.43,0.256,9,reviewed,nc,nc
2025-03-04T08:51:01.170Z,36.0845,-120.622,6.18,0.58,md,11,173,0.02613,0.03,nc,nc75142576,2025-03-13T00:52:15.369Z,"24 km W of Coalinga, CA",earthquake,0.76,0.58,0.18,6,reviewed,nc,nc
2025-03-04T08:30:27.320Z,36.088666666667,-120.61,6.55,0.67,md,14,184,0.02276,0.03,nc,nc75142571,2025-03-13T00:12:21.095Z,"23 km W of Coalinga, CA",earthquake,0.57,0.42,0.202,8,reviewed,nc,nc
2025-03-04T02:52:05.470Z,36.089,-120.61483333333,7.76,1.79,md,37,139,0.02519,0.07,nc,nc75142451,2025-03-12T07:12:18.347Z,"24 km W of Coalinga, CA",earthquake,0.27,0.3,0.271,28,reviewed,nc,nc
2025-03-04T00:32:10.230Z,36.068333333333,-120.628,2.33,0.35,md,13,156,0.02578,0.21,nc,nc75142396,2025-03-11T21:47:18.981Z,"25 km E of San Ardo, CA",earthquake,0.99,2.13,0.251,5,reviewed,nc,nc
2025-03-04T00:08:58.610Z,36.076166666667,-120.65916666667,3.18,0.82,md,9,165,0.05155,0.06,nc,nc75142386,2025-03-11T21:12:18.770Z,"23 km E of San Ardo, CA",earthquake,0.58,1.47,0.364,2,reviewed,nc,nc
2025-03-03T23:59:40.900Z,36.0955,-120.6035,6.69,0.46,md,9,225,0.02729,0.03,nc,nc75142376,2025-03-12T07:42:19.542Z,"23 km W of Coalinga, CA",earthquake,1.71,0.64,0.077,3,reviewed,nc,nc
2025-03-03T19:26:40.570Z,36.082,-120.6145,5.91,0.96,md,14,208,0.01984,0.08,nc,nc75142281,2025-03-12T10:42:16.698Z,"24 km W of Coalinga, CA",earthquake,0.58,0.57,0.083,7,reviewed,nc,nc
2025-03-03T18:30:37.960Z,35.991666666667,-120.55366666667,11.51,0.14,md,11,168,0.01728,0.04,nc,nc75142271,2025-03-08T22:07:15.602Z,"15 km NW of Parkfield, CA",earthquake,0.66,0.49,0.013,2,reviewed,nc,nc
2025-03-03T17:32:27.340Z,36.087166666667,-120.61666666667,6.15,0.73,md,10,186,0.02472,0.03,nc,nc75142211,2025-03-11T22:37:17.260Z,"24 km W of Coalinga, CA",earthquake,1.08,0.81,0.324,7,reviewed,nc,nc
2025-03-03T03:39:05.740Z,36.091333333333,-120.61266666667,7.13,0.47,md,13,215,0.02615,0.05,nc,nc75141921,2025-03-11T17:27:38.687Z,"23 km W of Coalinga, CA",earthquake,0.79,0.4,0.199,5,reviewed,nc,nc
2025-03-02T18:58:01.050Z,36.067,-120.627,8.75,0.41,md,12,191,0.02503,0.06,nc,nc75141766,2025-03-11T01:12:17.885Z,"25 km W of Coalinga, CA",earthquake,0.98,1.48,0.054,6,reviewed,nc,nc
2025-03-02T13:22:54.270Z,36.088166666667,-120.617,7.95,1.69,md,31,154,0.02564,0.12,nc,nc75141626,2025-03-11T02:07:15.255Z,"24 km W of Coalinga, CA",earthquake,0.47,0.52,0.283,25,reviewed,nc,nc
2025-03-01T19:33:38.110Z,36.006833333333,-120.5735,3.76,0.82,md,17,100,0.03002,0.08,nc,nc75141121,2025-03-08T05:42:19.105Z,"18 km NW of Parkfield, CA",earthquake,0.41,0.65,0.153,6,reviewed,nc,nc
2025-02-28T00:00:10.820Z,36.043666666667,-120.61516666667,3.12,1.1,md,25,90,0.02943,0.07,nc,nc75140226,2025-03-06T02:47:19.003Z,"23 km NW of Parkfield, CA",earthquake,0.28,0.58,0.304,10,reviewed,nc,nc
2025-02-27T01:17:35.120Z,36.092,-120.66933333333,6.53,0.72,md,17,151,0.06362,0.1,nc,nc75139691,2025-03-05T01:37:18.826Z,"23 km E of San Ardo, CA",earthquake,0.56,0.72,0.119,6,reviewed,nc,nc
2025-02-27T01:16:17.830Z,36.087,-120.66533333333,5.64,0.52,md,14,147,0.05889,0.07,nc,nc75139686,2025-03-05T01:22:17.738Z,"23 km E of San Ardo, CA",earthquake,0.54,1.07,0.107,7,reviewed,nc,nc
2025-02-25T23:09:01.500Z,35.989,-120.5535,4.13,-0.2,md,10,103,0.01462,0.05,nc,nc75139121,2025-03-01T11:51:47.387Z,"15 km NW of Parkfield, CA",earthquake,0.32,0.45,0.002,3,reviewed,nc,nc
2025-02-25T12:23:42.200Z,36.003666666667,-120.57016666667,0.62,-0.07,md,12,148,0.0278,0.07,nc,nc75138991,2025-03-05T08:59:20.797Z,"17 km NW of Parkfield, CA",earthquake,0.22,0.42,0.142,4,reviewed,nc,nc
2025-02-25T10:52:31.180Z,35.928833333333,-120.47716666667,3.9,0.66,md,20,66,0.01837,0.06,nc,nc75138926,2025-03-04T23:07:15.823Z,"5 km NW of Parkfield, CA",earthquake,0.24,0.45,0.212,9,reviewed,nc,nc
2025-02-24T04:30:41.700Z,36.000833333333,-120.563,4.42,1.66,md,41,79,0.02305,0.12,nc,nc75138537,2025-03-03T23:40:37.800Z,"16 km NW of Parkfield, CA",earthquake,0.23,0.26,0.316,27,reviewed,nc,nc
2025-02-21T21:03:47.800Z,36.0015,-120.5635,1.35,0.83,md,21,90,0.02319,0.05,nc,nc75136836,2025-03-04T10:27:15.001Z,"17 km NW of Parkfield, CA",earthquake,0.17,0.32,0.287,9,reviewed,nc,nc
2025-02-20T05:43:00.540Z,36.006166666667,-120.5695,2.56,0.04,md,12,101,0.02686,0.1,nc,nc75136447,2025-02-26T00:52:16.256Z,"17 km NW of Parkfield, CA",earthquake,0.4,0.81,0.122,4,reviewed,nc,nc
2025-02-20T02:58:47.060Z,36.0635,-120.639,1.78,0.35,md,13,279,0.03509,0.07,nc,nc75136427,2025-02-25T22:17:19.300Z,"24 km E of San Ardo, CA",earthquake,2.05,2.74,0.017,4,reviewed,nc,nc
2025-02-19T14:45:10.190Z,35.992,-120.54583333333,2.13,-0.04,md,9,126,0.01814,0.03,nc,nc75136127,2025-02-19T19:17:08.580Z,"15 km NNW of Parkfield, CA",earthquake,0.25,0.56,0.278,4,reviewed,nc,nc
2025-02-19T09:34:27.880Z,36.049333333333,-120.20483333333,8.45,1.07,md,26,105,0.04569,0.17,nc,nc75136042,2025-02-19T10:50:31.835Z,"8 km NW of Avenal, CA",earthquake,0.52,0.79,0.136,7,reviewed,nc,nc
2025-02-18T07:44:25.320Z,35.988833333333,-120.54416666667,1.61,0.57,md,17,82,0.01558,0.07,nc,nc75135522,2025-02-24T18:22:18.984Z,"14 km NW of Parkfield, CA",earthquake,0.19,0.37,0.292,8,reviewed,nc,nc
2025-02-18T04:02:47.440Z,35.856833333333,-120.39133333333,4.46,0.21,md,16,146,0.04005,0.05,nc,nc75135467,2025-02-19T16:41:59.265Z,"6 km SSE of Parkfield, CA",earthquake,0.47,0.74,0.278,4,reviewed,nc,nc
2025-02-17T16:42:39.790Z,36.052333333333,-120.61716666667,3.76,1.94,md,52,61,0.02365,0.1,nc,nc75135232,2025-02-25T07:17:22.158Z,"24 km NNW of Parkfield, CA",earthquake,0.22,0.36,0.171,42,reviewed,nc,nc
2025-02-16T20:51:03.330Z,35.8265,-120.38383333333,5.57,0.67,md,29,86,0.02469,0.06,nc,nc75134807,2025-02-17T23:24:04.180Z,"9 km SSE of Parkfield, CA",earthquake,0.36,0.24,0.259,11,reviewed,nc,nc
2025-02-16T19:17:26.740Z,36.068833333333,-120.21,8.63,1.08,md,27,93,0.05043,0.08,nc,nc75134747,2025-02-16T20:36:46.275Z,"10 km NW of Avenal, CA",earthquake,0.19,0.28,0.149,9,reviewed,nc,nc
2025-02-16T17:08:11.400Z,36.0625,-120.20116666667,9,1.1,md,31,83,0.04228,0.08,nc,nc75134697,2025-02-22T00:51:15.220Z,"9 km NNW of Avenal, CA",earthquake,0.25,0.37,0.178,13,reviewed,nc,nc
2025-02-15T20:15:22.400Z,36.032166666667,-120.60316666667,-0.61,0.86,md,13,104,0.037,0.05,nc,nc75134172,2025-02-18T12:17:08.955Z,"21 km NW of Parkfield, CA",earthquake,0.4,0.82,0.206,5,reviewed,nc,nc
2025-02-15T17:16:37.930Z,35.791333333333,-120.34516666667,9.14,2.34,md,51,108,0.03958,0.05,nc,nc75134117,2025-02-20T22:32:16.752Z,"9 km NNW of Cholame, CA",earthquake,0.17,0.27,0.123,47,reviewed,nc,nc
2025-02-15T10:19:04.430Z,36.067333333333,-120.20783333333,8.73,0.97,md,18,86,0.04839,0.07,nc,nc75133877,2025-02-18T23:28:31.190Z,"10 km NW of Avenal, CA",earthquake,0.33,0.44,0.106,7,reviewed,nc,nc
2025-02-15T06:59:48.130Z,36.0795,-120.63183333333,5.98,0.47,md,13,155,0.03079,0.04,nc,nc75133802,2025-02-18T18:16:09.227Z,"25 km E of San Ardo, CA",earthquake,0.47,0.49,0.097,6,reviewed,nc,nc
2025-02-14T16:33:59.810Z,36.058833333333,-120.203,8.63,1.19,md,27,77,0.04349,0.07,nc,nc75133317,2025-02-20T13:01:45.734Z,"9 km NW of Avenal, CA",earthquake,0.32,0.3,0.237,12,reviewed,nc,nc
2025-02-14T13:18:47.040Z,36.081833333333,-120.63266666667,6.18,0.52,md,13,158,0.03229,0.04,nc,nc75133272,2025-02-14T20:22:14.205Z,"25 km E of San Ardo, CA",earthquake,0.6,0.71,0.142,7,reviewed,nc,nc
2025-02-14T05:19:14.600Z,36.066166666667,-120.21483333333,7.89,1.28,md,23,83,0.05376,0.07,nc,nc75133197,2025-02-20T06:16:02.368Z,"10 km NW of Avenal, CA",earthquake,0.24,0.32,0.155,9,reviewed,nc,nc
2025-02-13T00:58:06.920Z,36.008333333333,-120.56866666667,3.88,0.44,md,14,107,0.02601,0.04,nc,nc75132537,2025-02-14T20:36:48.383Z,"17 km NW of Parkfield, CA",earthquake,0.34,0.54,0.189,4,reviewed,nc,nc
2025-02-11T05:27:13.630Z,36.009333333333,-120.57016666667,3.93,0.84,md,20,108,0.02721,0.05,nc,nc75131552,2025-02-14T21:33:33.759Z,"18 km NW of Parkfield, CA",earthquake,0.25,0.29,0.224,13,reviewed,nc,nc
2025-02-11T01:35:47.970Z,36.011666666667,-120.5705,4.23,1.85,md,46,45,0.02757,0.07,nc,nc75131452,2025-02-15T08:41:52.870Z,"18 km NNW of Parkfield, CA",earthquake,0.19,0.22,0.235,38,reviewed,nc,nc
2025-02-11T01:19:36.440Z,35.950666666667,-120.5,12.22,1.18,md,33,64,0.0233,0.08,nc,nc75131437,2025-02-15T08:30:47.960Z,"8 km NW of Parkfield, CA",earthquake,0.47,0.31,0.25,14,reviewed,nc,nc
2025-02-11T00:23:28.150Z,35.946833333333,-120.48733333333,12.33,0.41,md,19,54,0.01269,0.05,nc,nc75131397,2025-02-14T19:45:03.220Z,"7 km NNW of Parkfield, CA",earthquake,0.67,0.53,0.197,6,reviewed,nc,nc
2025-02-08T20:53:42.340Z,35.8915,-120.44233333333,10.1,1.19,md,31,61,0.01017,0.06,nc,nc75130112,2025-02-11T08:20:40.300Z,"1 km WSW of Parkfield, CA",earthquake,0.37,0.27,0.208,17,reviewed,nc,nc
2025-02-08T17:03:03.180Z,35.925666666667,-120.47133333333,3.71,0.28,md,18,99,0.01936,0.08,nc,nc75129957,2025-02-10T19:56:48.149Z,"5 km NW of Parkfield, CA",earthquake,0.3,0.56,0.267,7,reviewed,nc,nc
2025-02-07T12:50:56.980Z,35.987333333333,-120.54666666667,3.91,0.81,md,21,63,0.01348,0.05,nc,nc75128961,2025-02-08T10:04:53.730Z,"14 km NW of Parkfield, CA",earthquake,0.22,0.31,0.061,8,reviewed,nc,nc
2025-02-06T21:30:08.110Z,35.979333333333,-120.537,7.49,1.3,md,24,64,0.01282,0.06,nc,nc75128756,2025-02-08T03:35:33.504Z,"13 km NW of Parkfield, CA",earthquake,0.28,0.34,0.31,10,reviewed,nc,nc
2025-02-06T11:32:28.570Z,36.0695,-120.21783333333,8.17,0.92,md,19,85,0.05677,0.07,nc,nc75128621,2025-02-07T13:58:51.450Z,"11 km NW of Avenal, CA",earthquake,0.3,0.39,0.152,5,reviewed,nc,nc
2025-02-05T23:15:20.090Z,36.076166666667,-120.20416666667,10.23,1.91,md,38,90,0.04817,0.09,nc,nc75128361,2025-02-07T05:42:53.250Z,"10 km NNW of Avenal, CA",earthquake,0.24,0.32,0.177,24,reviewed,nc,nc
2025-02-04T14:42:05.580Z,35.948833333333,-120.38983333333,5.49,0.38,md,15,112,0.02977,0.08,nc,nc75127856,2025-02-06T03:43:22.115Z,"7 km NE of Parkfield, CA",earthquake,0.33,0.65,0.086,4,reviewed,nc,nc
2025-02-04T07:25:07.810Z,35.768333333333,-120.33233333333,5.82,1.11,md,32,114,0.02253,0.09,nc,nc75127761,2025-02-06T06:17:32.370Z,"6 km NNW of Cholame, CA",earthquake,0.27,0.42,0.222,15,reviewed,nc,nc
2025-02-04T05:27:50.300Z,35.990166666667,-120.54933333333,3.73,0.79,md,19,64,0.01581,0.05,nc,nc75127741,2025-02-06T05:51:26.496Z,"15 km NW of Parkfield, CA",earthquake,0.25,0.31,0.245,11,reviewed,nc,nc
2025-02-04T01:08:54.190Z,35.991166666667,-120.54816666667,4.55,2.17,md,42,48,0.01693,0.07,nc,nc75127691,2025-02-05T08:27:17.155Z,"15 km NW of Parkfield, CA",earthquake,0.19,0.21,0.159,33,reviewed,nc,nc
2025-02-03T23:37:39.200Z,36.0045,-120.56416666667,3.55,0.63,md,12,102,0.02287,0.06,nc,nc75127646,2025-02-05T03:06:49.486Z,"17 km NW of Parkfield, CA",earthquake,0.36,0.77,0.222,4,reviewed,nc,nc
2025-02-03T19:37:11.880Z,36.036333333333,-120.59666666667,3.61,1.31,md,23,116,0.03241,0.06,nc,nc75127591,2025-02-05T00:32:08.506Z,"21 km NNW of Parkfield, CA",earthquake,0.29,0.43,0.387,12,reviewed,nc,nc
2025-02-03T07:19:21.530Z,36.038,-120.59783333333,3.49,1.01,md,25,117,0.03077,0.08,nc,nc75127391,2025-02-04T23:12:46.341Z,"22 km NNW of Parkfield, CA",earthquake,0.28,0.45,0.262,13,reviewed,nc,nc
2025-01-28T23:37:08.810Z,36.0735,-120.22183333333,8.7,1.01,md,12,129,0.06086,0.07,nc,nc75124886,2025-01-29T05:17:37.605Z,"11 km NW of Avenal, CA",earthquake,0.47,0.71,0.085,4,reviewed,nc,nc
2025-01-24T08:55:20.460Z,36.056666666667,-120.62466666667,1.67,1.05,md,19,88,0.02606,0.09,nc,nc75122106,2025-01-30T01:19:22.672Z,"25 km NNW of Parkfield, CA",earthquake,0.35,1.04,0.272,16,reviewed,nc,nc
2025-01-24T02:17:17.930Z,36.012833333333,-120.57266666667,2.91,0.68,md,14,114,0.02943,0.05,nc,nc75121971,2025-01-30T01:02:47.033Z,"18 km NNW of Parkfield, CA",earthquake,0.25,0.57,0.197,10,reviewed,nc,nc
2025-01-23T19:56:04.480Z,35.9645,-120.52016666667,10.24,1.87,md,41,60,0.01626,0.06,nc,nc75121816,2025-01-30T00:55:22.840Z,"11 km NW of Parkfield, CA",earthquake,0.16,0.18,0.211,40,reviewed,nc,nc
2025-01-23T10:22:23.420Z,36.062,-120.62366666667,4.97,1.05,md,15,113,0.02328,0.06,nc,nc75121641,2025-01-29T23:42:54.816Z,"25 km NNW of Parkfield, CA",earthquake,0.33,0.58,0.257,9,reviewed,nc,nc
2025-01-22T21:17:00.430Z,36.010833333333,-120.57233333333,2.4,1.31,md,22,110,0.029,0.06,nc,nc75121411,2025-01-29T20:57:09.339Z,"18 km NW of Parkfield, CA",earthquake,0.22,0.52,0.368,18,reviewed,nc,nc
2025-01-22T18:27:35.650Z,36.059833333333,-120.62666666667,4.8,1.67,md,30,96,0.02627,0.1,nc,nc75121356,2025-01-29T20:22:25.320Z,"25 km NNW of Parkfield, CA",earthquake,0.29,0.46,0.311,27,reviewed,nc,nc
2025-01-20T05:24:29.130Z,36.019833333333,-120.57766666667,4.27,2.1,md,36,45,0.03487,0.04,nc,nc75120116,2025-01-29T07:07:18.327Z,"19 km NNW of Parkfield, CA",earthquake,0.15,0.24,0.147,44,reviewed,nc,nc
2025-01-20T05:14:48.490Z,36.0205,-120.57866666667,3.91,1.01,md,20,81,0.03584,0.04,nc,nc75120101,2025-01-28T22:28:46.853Z,"19 km NNW of Parkfield, CA",earthquake,0.2,0.37,0.307,14,reviewed,nc,nc
2025-01-19T20:36:47.960Z,36.065666666667,-120.22466666667,11.56,0.88,md,12,108,0.06157,0.06,nc,nc75119906,2025-01-27T08:18:24.726Z,"11 km NW of Avenal, CA",earthquake,0.47,0.6,0.174,6,reviewed,nc,nc
2025-01-19T18:53:45.480Z,36.061666666667,-120.6255,5.21,2.08,md,45,76,0.0248,0.1,nc,nc75119846,2025-01-28T21:37:35.850Z,"25 km NNW of Parkfield, CA",earthquake,0.2,0.35,0.193,49,reviewed,nc,nc
2025-01-19T15:38:52.020Z,36.0575,-120.62283333333,4.73,0.91,md,15,88,0.02436,0.08,nc,nc75119786,2025-01-28T22:08:40.663Z,"25 km NNW of Parkfield, CA",earthquake,0.29,0.69,0.273,12,reviewed,nc,nc
2025-01-19T06:08:54.080Z,36.064,-120.6205,5.79,2.15,md,46,63,0.02028,0.08,nc,nc75119551,2025-01-27T23:47:17.913Z,"25 km W of Coalinga, CA",earthquake,0.15,0.22,0.108,52,reviewed,nc,nc
2025-01-18T09:39:04.140Z,36.082333333333,-120.21033333333,10.44,1.55,md,20,60,0.05528,0.13,nc,nc75119036,2025-01-25T05:41:00.343Z,"11 km NNW of Avenal, CA",earthquake,0.29,0.38,0.164,15,reviewed,nc,nc
2025-01-16T19:52:54.180Z,35.904,-120.46816666667,9.74,0.28,md,13,112,0.0326,0.09,nc,nc75118146,2025-01-24T20:17:15.290Z,"3 km WNW of Parkfield, CA",earthquake,0.65,1.08,0.084,7,reviewed,nc,nc
2025-01-15T03:00:06.440Z,36.071333333333,-120.62916666667,2.88,1.04,md,15,138,0.02684,0.07,nc,nc75117391,2025-01-23T06:36:24.340Z,"25 km E of San Ardo, CA",earthquake,0.4,0.67,0.258,9,reviewed,nc,nc
2025-01-10T23:05:32.250Z,36.062333333333,-120.63916666667,-0.72,0.85,md,14,142,0.03542,0.08,nc,nc75115646,2025-01-21T22:36:37.485Z,"24 km E of San Ardo, CA",earthquake,0.36,1.86,0.219,7,reviewed,nc,nc
2025-01-10T17:03:22.120Z,36.0155,-120.571,4.35,1.69,md,24,83,0.02853,0.03,nc,nc75115481,2025-01-21T17:35:43.259Z,"18 km NNW of Parkfield, CA",earthquake,0.16,0.24,0.258,24,reviewed,nc,nc
2025-01-07T17:46:30.720Z,36.037166666667,-120.59683333333,5.22,0.57,md,9,118,0.03158,0.03,nc,nc75114111,2025-01-18T07:39:47.868Z,"21 km NNW of Parkfield, CA",earthquake,0.37,1.08,0.129,6,reviewed,nc,nc
2025-01-05T16:28:16.950Z,36.071,-120.22116666667,10.65,1.03,md,11,126,0.05973,0.07,nc,nc75113161,2025-01-17T08:18:32.743Z,"11 km NW of Avenal, CA",earthquake,0.53,0.7,0.094,8,reviewed,nc,nc
2024-12-30T18:17:32.580Z,35.992666666667,-120.564,3.71,1.79,md,24,68,0.0235,0.21,nc,nc75109821,2025-01-10T23:42:17.884Z,"16 km NW of Parkfield, CA",earthquake,0.38,0.52,0.244,19,reviewed,nc,nc
2024-12-30T04:39:32.700Z,36.0525,-120.61316666667,5.89,1.02,md,16,84,0.02131,0.09,nc,nc75109601,2025-01-10T21:56:12.252Z,"24 km NNW of Parkfield, CA",earthquake,0.43,0.65,0.304,12,reviewed,nc,nc
2024-12-30T04:39:32.700Z,36.0515,-120.6105,6.02,0.98,md,18,60,0.0208,0.07,nc,nc75109596,2025-01-10T21:44:08.500Z,"23 km NNW of Parkfield, CA",earthquake,0.29,0.47,0.065,2,reviewed,nc,nc
2024-12-30T03:21:19.730Z,36.023833333333,-120.59,-0.74,0.81,md,13,73,0.04516,0.13,nc,nc75109571,2025-01-10T22:30:22.020Z,"20 km NW of Parkfield, CA",earthquake,0.33,1.44,0.203,11,reviewed,nc,nc
2024-12-29T01:26:29.780Z,35.955666666667,-120.513,9.95,1.45,md,24,83,0.02546,0.06,nc,nc75109116,2025-01-09T07:37:16.142Z,"10 km NW of Parkfield, CA",earthquake,0.26,0.28,0.262,23,reviewed,nc,nc
2024-12-23T08:16:14.800Z,35.9805,-120.54266666667,3.33,0.96,md,14,81,0.009447,0.05,nc,nc75106936,2025-01-04T01:13:26.177Z,"14 km NW of Parkfield, CA",earthquake,0.23,0.22,0.293,7,reviewed,nc,nc
2024-12-23T07:49:42.620Z,35.980166666667,-120.543,3.28,0.73,md,14,80,0.009026,0.05,nc,nc75106931,2025-01-04T01:03:53.679Z,"14 km NW of Parkfield, CA",earthquake,0.21,0.26,0.26,10,reviewed,nc,nc
2024-12-22T12:09:29.360Z,36.066501617432,-120.66600036621,5.6199998855591,1.33,md,10,151,0.05661,0.04,nc,nc75106666,2024-12-22T12:42:14.617Z,"22 km E of San Ardo, CA",earthquake,0.44,0.74000001,0.26,5,automatic,nc,nc
2024-12-21T06:54:40.180Z,35.923168182373,-120.49250030518,9.7399997711182,1.79,md,25,95,0.01946,0.1,nc,nc75106186,2024-12-21T07:42:16.750Z,"6 km NW of Parkfield, CA",earthquake,0.32,0.419999987,0.13,18,automatic,nc,nc
2024-12-19T00:00:22.060Z,35.980333333333,-120.54033333333,2.49,0.71,md,17,85,0.01088,0.07,nc,nc75105066,2024-12-31T00:34:01.743Z,"13 km NW of Parkfield, CA",earthquake,0.22,0.29,0.128,9,reviewed,nc,nc
2024-12-18T23:51:30.230Z,35.977,-120.52316666667,2.8,0.05,md,12,85,0.007867,0.06,nc,nc75105061,2024-12-31T00:02:53.506Z,"12 km NNW of Parkfield, CA",earthquake,0.3,0.43,0.249,4,reviewed,nc,nc
2024-12-11T06:46:59.250Z,36.001167297363,-120.56066894531,3.8099999427795,2.03,md,27,81,0.02117,0.08,nc,nc75101591,2024-12-11T07:47:17.494Z,"16 km NW of Parkfield, CA",earthquake,0.21,0.310000002,0.21,19,automatic,nc,nc
2024-12-09T17:50:58.170Z,36.001667022705,-120.56133270264,2.0599999427795,0.91,md,10,90,0.02148,0.13,nc,nc75100196,2024-12-09T18:42:15.980Z,"16 km NW of Parkfield, CA",earthquake,0.53,1.03999996,0.07,4,automatic,nc,nc
2024-12-09T17:36:21.130Z,35.994667053223,-120.55400085449,3.2799999713898,1.01,md,9,67,0.02028,0.05,nc,nc75100191,2024-12-09T18:17:16.776Z,"15 km NW of Parkfield, CA",earthquake,0.43,0.699999988,0.13,5,automatic,nc,nc
2024-12-02T22:27:05.850Z,35.951666666667,-120.4915,3.31,0.37,md,16,73,0.006051,0.11,nc,nc75094221,2024-12-05T19:22:16.252Z,"8 km NNW of Parkfield, CA",earthquake,0.34,0.42,0.308,7,reviewed,nc,nc
2024-12-01T22:39:04.950Z,36.05350112915,-120.20566558838,8.1999998092651,1.52,md,11,83,0.04581,0.09,nc,nc75093756,2024-12-02T01:09:28.837Z,"9 km NW of Avenal, CA",earthquake,0.39,0.620000005,0.15,6,automatic,nc,nc
2024-11-28T12:25:12.380Z,36.0685,-120.25733333333,5.88,1.26,md,16,95,0.06037,0.06,nc,nc75092041,2024-12-10T10:23:13.262Z,"12 km SE of Coalinga, CA",earthquake,0.3,0.49,0.045,8,reviewed,nc,nc
2024-11-20T05:27:07.360Z,36.073833333333,-120.21316666667,8.49,1.03,md,15,91,0.05422,0.07,nc,nc75088466,2024-11-26T23:09:27.866Z,"11 km NNW of Avenal, CA",earthquake,0.46,0.51,0.126,6,reviewed,nc,nc
2024-11-18T14:34:45.730Z,35.971666666667,-120.5295,10.48,1.97,md,40,34,0.0282,0.08,nc,nc75087811,2024-11-25T21:22:16.091Z,"12 km NW of Parkfield, CA",earthquake,0.18,0.27,0.182,35,reviewed,nc,nc
2024-11-17T23:08:33.900Z,35.9585,-120.20383333333,7.87,0.84,md,17,96,0.05754,0.11,nc,nc75087561,2024-11-18T21:04:50.402Z,"8 km WSW of Avenal, CA",earthquake,0.3,0.72,0.095,9,reviewed,nc,nc
2024-11-17T00:12:07.860Z,36.000333333333,-120.55833333333,1.45,0.54,md,9,90,0.01981,0.04,nc,nc75087156,2024-11-22T21:17:18.278Z,"16 km NW of Parkfield, CA",earthquake,0.21,0.4,0.063,4,reviewed,nc,nc
2024-11-09T21:34:01.050Z,36.019,-120.582,3.64,1.1,md,23,77,0.03802,0.06,nc,nc75084576,2024-11-16T08:12:16.327Z,"19 km NW of Parkfield, CA",earthquake,0.25,0.5,0.204,13,reviewed,nc,nc
2024-11-09T02:37:41.010Z,36.068166666667,-120.21783333333,8.78,0.95,md,12,84,0.0565,0.07,nc,nc75084261,2024-11-15T08:17:18.262Z,"11 km NW of Avenal, CA",earthquake,0.31,0.47,0.092,5,reviewed,nc,nc
2024-11-08T01:39:43.510Z,36.000166666667,-120.561,1.19,0.6,md,13,86,0.02182,0.06,nc,nc75083781,2024-11-15T01:09:28.246Z,"16 km NW of Parkfield, CA",earthquake,0.2,0.42,0.2,6,reviewed,nc,nc
2024-11-07T07:00:24.280Z,36.011833333333,-120.56983333333,3.77,1.52,md,33,46,0.02704,0.05,nc,nc75083406,2024-11-14T16:37:16.009Z,"18 km NNW of Parkfield, CA",earthquake,0.18,0.21,0.299,30,reviewed,nc,nc
2024-11-06T04:43:52.140Z,36.037666666667,-120.59283333333,4.25,1.67,md,32,76,0.03119,0.06,nc,nc75083106,2024-11-13T16:52:16.268Z,"21 km NNW of Parkfield, CA",earthquake,0.19,0.26,0.28,28,reviewed,nc,nc
2024-10-31T15:56:54.170Z,36.0775,-120.6455,1.12,1.1,md,19,155,0.04088,0.06,nc,nc75081346,2024-11-11T20:07:16.697Z,"24 km E of San Ardo, CA",earthquake,0.25,0.72,0.189,14,reviewed,nc,nc
2024-10-30T15:31:12.660Z,36.0345,-120.21883333333,6.69,0.56,md,9,171,0.0608,0.05,nc,nc75080886,2024-11-02T17:52:17.640Z,"9 km NW of Avenal, CA",earthquake,0.87,0.7,0.275,3,reviewed,nc,nc
2024-10-27T19:44:44.760Z,35.702,-120.25116666667,8.61,1.97,md,42,55,0.02861,0.08,nc,nc75079831,2024-10-31T21:19:31.241Z,"5 km SE of Cholame, CA",earthquake,0.18,0.35,0.125,32,reviewed,nc,nc
2024-10-27T14:54:22.630Z,35.700333333333,-120.25233333333,8.97,1,md,15,111,0.03032,0.13,nc,nc75079691,2024-10-31T17:34:30.637Z,"5 km SE of Cholame, CA",earthquake,0.44,0.7,0.259,6,reviewed,nc,nc
2024-10-27T01:40:05.600Z,36.066333333333,-120.638,2.07,0.37,md,18,126,0.03397,0.08,nc,nc75079421,2024-11-04T22:09:29.212Z,"25 km E of San Ardo, CA",earthquake,0.39,1.46,0.129,10,reviewed,nc,nc
2024-10-27T00:13:45.810Z,35.701833333333,-120.25183333333,7.7,0.64,md,13,115,0.0288,0.05,nc,nc75079401,2024-10-30T22:09:28.273Z,"5 km SE of Cholame, CA",earthquake,0.29,0.33,0.156,4,reviewed,nc,nc
2024-10-26T20:30:54.380Z,35.707333333333,-120.246,9,1.1,md,23,90,0.02196,0.08,nc,nc75079321,2024-10-31T00:44:30.372Z,"5 km ESE of Cholame, CA",earthquake,0.48,0.34,0.111,12,reviewed,nc,nc
2024-10-23T17:02:29.730Z,36.063,-120.63533333333,0.47,0.81,md,20,120,0.03224,0.07,nc,nc75077756,2024-10-25T00:29:31.585Z,"25 km E of San Ardo, CA",earthquake,0.31,0.77,0.223,12,reviewed,nc,nc
2024-10-20T23:28:36.910Z,35.938166666667,-120.4915,9.32,1.05,md,37,54,0.01818,0.06,nc,nc75076581,2024-10-21T23:09:32.973Z,"7 km NW of Parkfield, CA",earthquake,0.18,0.17,0.176,17,reviewed,nc,nc
2024-10-20T10:39:20.800Z,36.099,-120.4495,6.82,2.43,md,60,41,0.06316,0.22,nc,nc75076376,2024-10-21T05:12:17.277Z,"9 km WSW of Coalinga, CA",earthquake,0.19,0.37,0.127,81,reviewed,nc,nc
2024-10-19T02:32:29.860Z,35.7005,-120.25116666667,9.57,1.38,md,33,55,0.0299,0.14,nc,nc75075986,2024-10-21T22:44:28.792Z,"5 km SE of Cholame, CA",earthquake,0.24,0.36,0.248,17,reviewed,nc,nc
2024-10-17T14:15:30.670Z,35.820166666667,-120.38,6.05,1.63,md,38,57,0.02368,0.1,nc,nc75075471,2024-10-21T23:32:16.135Z,"10 km SSE of Parkfield, CA",earthquake,0.26,0.34,0.214,26,reviewed,nc,nc
2024-10-15T15:46:09.840Z,36.077833333333,-120.20833333333,10.64,2.43,md,48,90,0.05192,0.14,nc,nc75074591,2024-12-26T23:03:58.040Z,"11 km NNW of Avenal, CA",earthquake,0.23,0.3,0.163,56,reviewed,nc,nc
2024-10-15T05:20:29.330Z,35.8825,-120.4305,10.05,1.38,md,31,93,0.005627,0.08,nc,nc75074401,2024-10-17T22:57:14.818Z,"2 km S of Parkfield, CA",earthquake,0.29,0.29,0.257,18,reviewed,nc,nc
2024-10-14T14:19:48.600Z,36.062666666667,-120.20533333333,9,1.03,md,21,82,0.04566,0.11,nc,nc75074171,2024-10-14T18:14:01.494Z,"9 km NW of Avenal, CA",earthquake,0.32,0.41,0.22,9,reviewed,nc,nc
2024-10-10T15:47:06.910Z,35.960166666667,-120.515,4.99,2.05,md,55,43,0.01584,0.08,nc,nc75072711,2024-10-15T18:52:59.880Z,"10 km NW of Parkfield, CA",earthquake,0.13,0.11,0.216,44,reviewed,nc,nc
2024-10-10T06:09:51.770Z,36.089166666667,-120.22766666667,15.57,1.82,md,35,93,0.04586,0.08,nc,nc75072586,2024-10-11T21:38:29.660Z,"13 km NNW of Avenal, CA",earthquake,0.23,0.52,0.227,21,reviewed,nc,nc
2024-10-10T05:31:56.310Z,36.091666666667,-120.22166666667,16.69,2.35,md,50,69,0.0462,0.12,nc,nc75072581,2024-10-11T21:20:24.290Z,"13 km NNW of Avenal, CA",earthquake,0.21,0.42,0.221,45,reviewed,nc,nc
2024-10-09T23:04:10.750Z,36.038,-120.6,3,0.7,md,15,114,0.0309,0.06,nc,nc75072501,2024-10-12T18:46:30.492Z,"22 km NNW of Parkfield, CA",earthquake,0.35,0.62,0.293,6,reviewed,nc,nc
2024-10-07T17:42:27.290Z,35.981,-120.5405,1.88,0.71,md,21,85,0.02133,0.1,nc,nc75071706,2024-10-15T18:28:09.612Z,"13 km NW of Parkfield, CA",earthquake,0.19,0.55,0.176,10,reviewed,nc,nc
2024-10-06T18:38:46.700Z,36.031166666667,-120.607,-0.2,1.44,md,40,58,0.03857,0.14,nc,nc75071276,2024-10-15T18:25:38.913Z,"22 km NW of Parkfield, CA",earthquake,0.16,0.3,0.329,30,reviewed,nc,nc
2024-10-06T14:13:05.260Z,35.995,-120.55483333333,1.16,0.77,md,22,69,0.02062,0.13,nc,nc75071201,2024-10-15T18:10:33.549Z,"15 km NW of Parkfield, CA",earthquake,0.17,0.32,0.316,10,reviewed,nc,nc
2024-10-05T23:14:15.410Z,35.781166666667,-120.336,8.39,1.9,md,45,108,0.03262,0.08,nc,nc75070931,2024-10-12T07:27:54.710Z,"8 km NNW of Cholame, CA",earthquake,0.2,0.34,0.219,32,reviewed,nc,nc
2024-10-05T08:20:47.850Z,36.074,-120.21866666667,8.82,0.99,md,25,89,0.05853,0.07,nc,nc75070631,2024-10-07T23:00:51.896Z,"11 km NW of Avenal, CA",earthquake,0.24,0.36,0.245,9,reviewed,nc,nc
2024-10-05T05:04:25.280Z,36.072,-120.219,8.81,1.21,md,29,87,0.05826,0.08,nc,nc75070581,2024-10-07T22:30:13.714Z,"11 km NW of Avenal, CA",earthquake,0.25,0.35,0.078,10,reviewed,nc,nc
2024-10-04T10:25:45.510Z,35.966,-120.52083333333,7.65,1.28,md,32,47,0.01502,0.06,nc,nc75070206,2024-10-09T06:21:42.700Z,"11 km NW of Parkfield, CA",earthquake,0.19,0.24,0.26,17,reviewed,nc,nc
2024-10-03T18:21:57.410Z,35.987,-120.54016666667,10.06,0.92,md,23,52,0.02215,0.07,nc,nc75070031,2024-10-09T05:19:37.295Z,"14 km NNW of Parkfield, CA",earthquake,0.34,0.42,0.198,13,reviewed,nc,nc
2024-10-03T14:33:04.530Z,36.067333333333,-120.2125,8.33,1.44,md,24,177,0.0521,0.06,nc,nc75069956,2024-10-05T04:55:28.403Z,"10 km NW of Avenal, CA",earthquake,0.38,0.43,0.258,15,reviewed,nc,nc
2024-10-02T20:11:15.450Z,36.081,-120.205,9.48,1.05,md,20,144,0.05083,0.06,nc,nc75069591,2024-10-05T04:34:52.312Z,"11 km NNW of Avenal, CA",earthquake,0.27,0.45,0.207,10,reviewed,nc,nc
2024-10-02T16:36:53.840Z,35.881333333333,-120.43583333333,10.46,0.88,md,26,109,0.008049,0.06,nc,nc75069511,2024-10-04T23:29:53.220Z,"2 km SSW of Parkfield, CA",earthquake,0.35,0.41,0.201,14,reviewed,nc,nc
2024-10-02T11:14:20.710Z,36.090833333333,-120.20133333333,11.18,2.6,md,54,51,0.05367,0.14,nc,nc75069416,2024-12-14T14:49:53.040Z,"12 km NNW of Avenal, CA",earthquake,0.24,0.34,0.132,64,reviewed,nc,nc
2024-10-02T10:50:37.230Z,36.068166666667,-120.22316666667,8.63,0.92,md,14,121,0.06075,0.05,nc,nc75069431,2024-10-04T21:07:47.958Z,"11 km NW of Avenal, CA",earthquake,0.55,0.71,0.018,3,reviewed,nc,nc
2024-10-02T05:42:11.820Z,36.0625,-120.211,8.95,1,md,21,80,0.0502,0.09,nc,nc75069301,2024-10-04T20:33:07.846Z,"10 km NW of Avenal, CA",earthquake,0.29,0.45,0.155,8,reviewed,nc,nc
2024-10-02T04:32:34.090Z,36.0625,-120.206,9.2,1.7,md,26,82,0.04617,0.09,nc,nc75069286,2024-10-04T16:37:30.052Z,"9 km NW of Avenal, CA",earthquake,0.21,0.35,0.314,16,reviewed,nc,nc
2024-10-02T03:51:36.050Z,36.072166666667,-120.21183333333,8.5,0.97,md,18,95,0.0527,0.07,nc,nc75069276,2024-10-04T16:19:55.496Z,"11 km NNW of Avenal, CA",earthquake,0.4,0.59,0.039,7,reviewed,nc,nc
2024-10-02T03:34:48.970Z,36.074333333333,-120.21433333333,8.61,0.67,md,14,136,0.05527,0.06,nc,nc75069271,2024-10-04T15:53:48.311Z,"11 km NNW of Avenal, CA",earthquake,0.54,0.63,0.032,3,reviewed,nc,nc
2024-10-02T02:16:57.660Z,35.934166666667,-120.48733333333,4.97,1.05,md,19,84,0.01781,0.06,nc,nc75069226,2024-10-03T23:46:27.626Z,"6 km NW of Parkfield, CA",earthquake,0.22,0.25,0.082,9,reviewed,nc,nc
2024-10-02T02:06:16.790Z,36.083333333333,-120.20166666667,11.4,3.08,ml,58,49,0.04961,0.13,nc,nc75069216,2024-12-14T14:49:59.040Z,"11 km NNW of Avenal, CA",earthquake,0.18,0.26,0.24,52,reviewed,nc,nc
2024-10-02T01:59:30.030Z,36.07,-120.212,8.06,0.93,md,19,141,0.05227,0.06,nc,nc75069211,2024-10-02T18:39:34.742Z,"10 km NW of Avenal, CA",earthquake,0.33,0.36,0.269,7,reviewed,nc,nc
2024-10-02T01:39:30.890Z,36.073,-120.2165,8.11,0.95,md,15,132,0.05657,0.06,nc,nc75069206,2024-10-03T23:27:52.736Z,"11 km NW of Avenal, CA",earthquake,0.58,0.69,0.058,4,reviewed,nc,nc
2024-10-02T01:33:10.630Z,36.083666666667,-120.202,10.74,1.88,md,22,83,0.05002,0.09,nc,nc75069201,2024-10-03T23:18:49.544Z,"11 km NNW of Avenal, CA",earthquake,0.3,0.44,0.269,22,reviewed,nc,nc
2024-10-02T00:56:54.180Z,36.066,-120.21583333333,8.71,1.03,md,20,82,0.05453,0.13,nc,nc75069196,2024-10-05T04:30:20.806Z,"10 km NW of Avenal, CA",earthquake,0.47,0.75,0.112,7,reviewed,nc,nc
2024-10-02T00:50:38.740Z,36.074666666667,-120.21466666667,8.83,1.25,md,18,91,0.05563,0.07,nc,nc75069191,2024-10-02T18:31:02.798Z,"11 km NNW of Avenal, CA",earthquake,0.45,0.56,0.308,5,reviewed,nc,nc
2024-10-02T00:49:00.210Z,36.062666666667,-120.215,8.18,1.13,md,18,120,0.05344,0.09,nc,nc75069186,2024-10-05T00:57:24.113Z,"10 km NW of Avenal, CA",earthquake,0.41,0.67,0.116,7,reviewed,nc,nc
2024-10-02T00:47:37.460Z,36.068,-120.20216666667,9.53,1.73,md,16,89,0.04406,0.15,nc,nc75069181,2024-10-03T16:10:49.644Z,"10 km NNW of Avenal, CA",earthquake,0.37,0.64,0.06,5,reviewed,nc,nc
2024-10-02T00:45:18.260Z,36.080833333333,-120.20066666667,11.15,4.02,mw,71,36,0.04766,0.17,nc,nc75069176,2025-12-23T16:44:38.686Z,"11 km NNW of Avenal, CA",earthquake,0.18,0.25,,8,reviewed,nc,nc
2024-09-28T04:11:46.860Z,36.078833333333,-120.6525,4.13,1.75,md,36,109,0.04671,0.07,nc,nc75067611,2024-10-01T22:24:53.320Z,"24 km E of San Ardo, CA",earthquake,0.2,0.53,0.232,33,reviewed,nc,nc
2024-09-27T16:16:32.330Z,36.064166666667,-120.2245,6.54,0.91,md,19,171,0.06126,0.08,nc,nc75067406,2024-10-01T09:54:29.018Z,"11 km NW of Avenal, CA",earthquake,0.34,0.51,0.182,7,reviewed,nc,nc
2024-09-23T18:55:10.910Z,35.703166666667,-120.25566666667,8.38,1.08,md,19,108,0.02783,0.07,nc,nc75065886,2024-09-25T15:32:58.000Z,"4 km SE of Cholame, CA",earthquake,0.4,0.46,0.119,6,reviewed,nc,nc
2024-09-23T10:55:35.260Z,36.012666666667,-120.58333333333,-0.74,0.59,md,10,214,0.03729,0.13,nc,nc75065721,2024-09-24T23:33:17.052Z,"19 km NW of Parkfield, CA",earthquake,0.82,0.96,0.508,3,reviewed,nc,nc
2024-09-22T11:20:48.420Z,36.004333333333,-120.56933333333,2.15,0.57,md,18,97,0.02701,0.08,nc,nc75065306,2024-09-24T17:05:56.137Z,"17 km NW of Parkfield, CA",earthquake,0.25,0.74,0.41,11,reviewed,nc,nc
2024-09-22T01:32:38.990Z,35.7025,-120.25466666667,8.46,1.13,md,19,109,0.02836,0.06,nc,nc75065056,2024-09-23T23:40:28.664Z,"4 km SE of Cholame, CA",earthquake,0.28,0.43,0.16,6,reviewed,nc,nc
2024-09-21T06:13:41.680Z,35.805333333333,-120.49933333333,10.94,1.28,md,39,41,0.06335,0.07,nc,nc75064741,2024-09-22T20:57:38.240Z,"12 km SW of Parkfield, CA",earthquake,0.21,0.46,0.318,19,reviewed,nc,nc
2024-09-19T21:25:07.860Z,35.972,-120.52016666667,2.99,0.62,md,19,50,0.009376,0.06,nc,nc75064116,2024-09-19T23:23:39.338Z,"11 km NNW of Parkfield, CA",earthquake,0.19,0.3,0.283,9,reviewed,nc,nc
2024-09-18T18:28:44.830Z,35.9695,-120.51533333333,3.01,-0.21,md,9,68,0.01058,0.04,nc,nc75063571,2024-09-19T20:35:49.221Z,"11 km NNW of Parkfield, CA",earthquake,0.28,0.46,0.134,2,reviewed,nc,nc
2024-09-16T19:56:29.040Z,36.09,-120.66533333333,2.62,0.67,md,13,164,0.05988,0.08,nc,nc75062756,2024-09-18T21:54:52.539Z,"23 km E of San Ardo, CA",earthquake,0.51,1.79,0.177,8,reviewed,nc,nc
2024-09-15T06:47:43.900Z,35.863833333333,-120.3235,5.66,0.72,md,16,131,0.03148,0.05,nc,nc75062111,2024-09-18T21:03:08.282Z,"10 km ESE of Parkfield, CA",earthquake,0.26,0.44,0.079,7,reviewed,nc,nc
2024-09-15T02:20:25.710Z,35.866666666667,-120.32116666667,5.32,0.65,md,17,132,0.03488,0.04,nc,nc75062011,2024-09-18T20:22:26.491Z,"11 km ESE of Parkfield, CA",earthquake,0.75,0.57,0.113,5,reviewed,nc,nc
2024-09-14T17:36:05.760Z,36.0035,-120.56116666667,3.96,2.03,md,47,48,0.02077,0.08,nc,nc75061831,2024-09-18T19:09:41.420Z,"17 km NNW of Parkfield, CA",earthquake,0.16,0.22,0.196,38,reviewed,nc,nc
2024-09-13T20:05:19.500Z,35.998333333333,-120.57516666667,1.12,0.54,md,16,84,0.03056,0.12,nc,nc75061446,2024-09-18T15:14:36.366Z,"17 km NW of Parkfield, CA",earthquake,0.23,0.61,0.407,8,reviewed,nc,nc
2024-09-13T14:38:01.480Z,36.0015,-120.55833333333,4.14,1.28,md,28,82,0.0193,0.08,nc,nc75061361,2024-09-18T00:43:52.670Z,"16 km NNW of Parkfield, CA",earthquake,0.2,0.26,0.166,18,reviewed,nc,nc
2024-09-13T14:31:03.010Z,36.000333333333,-120.56116666667,3.82,1.07,md,21,80,0.02188,0.1,nc,nc75061356,2024-09-17T23:13:28.981Z,"16 km NW of Parkfield, CA",earthquake,0.29,0.38,0.294,14,reviewed,nc,nc
2024-09-13T13:13:44.970Z,36.004833333333,-120.56566666667,3.84,1.92,md,44,46,0.024,0.09,nc,nc75061336,2024-09-19T23:18:13.040Z,"17 km NW of Parkfield, CA",earthquake,0.17,0.2,0.266,39,reviewed,nc,nc
2024-09-13T12:21:51.010Z,35.998666666667,-120.56283333333,4.37,2.63,md,64,41,0.0223,0.14,nc,nc75061326,2024-11-21T22:58:56.040Z,"16 km NW of Parkfield, CA",earthquake,0.19,0.22,0.088,66,reviewed,nc,nc
2024-09-13T10:18:13.190Z,35.933833333333,-120.487,8.51,0.64,md,17,85,0.01786,0.05,nc,nc75061306,2024-09-13T23:03:25.565Z,"6 km NW of Parkfield, CA",earthquake,0.37,0.35,0.156,8,reviewed,nc,nc
2024-09-12T06:26:48.820Z,35.817166666667,-120.369,7.96,2.88,md,59,59,0.01832,0.07,nc,nc75060796,2024-11-21T22:58:55.040Z,"11 km SSE of Parkfield, CA",earthquake,0.16,0.19,0.105,94,reviewed,nc,nc
2024-09-11T02:04:25.620Z,36.064166666667,-120.27133333333,8.23,0.55,md,15,102,0.0516,0.07,nc,nc75060306,2024-09-17T23:02:56.390Z,"12 km SSE of Coalinga, CA",earthquake,0.36,0.47,0.391,5,reviewed,nc,nc
2024-09-11T01:33:03.830Z,35.944666666667,-120.47266666667,3.88,-0.07,md,12,106,0.002175,0.17,nc,nc75060301,2024-09-13T07:19:46.543Z,"6 km NNW of Parkfield, CA",earthquake,0.55,1.44,0.078,2,reviewed,nc,nc
2024-09-11T00:51:02.030Z,35.9285,-120.48083333333,5.32,1.5,md,26,50,0.01962,0.11,nc,nc75060296,2024-09-13T19:13:00.770Z,"6 km NW of Parkfield, CA",earthquake,0.28,0.37,0.189,12,reviewed,nc,nc
2024-09-10T19:52:29.440Z,35.980166666667,-120.53516666667,3.31,0.21,md,12,92,0.01451,0.06,nc,nc75060151,2024-09-12T23:51:48.066Z,"13 km NW of Parkfield, CA",earthquake,0.28,0.48,0.51,5,reviewed,nc,nc
2024-09-05T10:51:58.560Z,36.098333333333,-120.66533333333,8.16,1.78,md,46,55,0.06329,0.15,nc,nc75057711,2024-09-11T18:22:55.790Z,"23 km E of San Ardo, CA",earthquake,0.28,0.53,0.222,35,reviewed,nc,nc
2024-09-03T15:04:29.400Z,36.0425,-120.64283333333,1.97,0.67,md,15,149,0.04602,0.07,nc,nc75056951,2024-09-10T17:07:23.270Z,"24 km E of San Ardo, CA",earthquake,0.53,3.18,0.238,9,reviewed,nc,nc
2024-09-02T21:53:43.100Z,36.0575,-120.62366666667,4.42,0.99,md,24,104,0.02496,0.07,nc,nc75056656,2024-09-10T16:35:14.782Z,"25 km NNW of Parkfield, CA",earthquake,0.25,0.46,0.307,12,reviewed,nc,nc
2024-09-02T21:22:00.180Z,36.058666666667,-120.62383333333,5.23,2.2,md,53,77,0.02458,0.09,nc,nc75056646,2024-09-10T15:55:04.930Z,"25 km NNW of Parkfield, CA",earthquake,0.17,0.26,0.145,46,reviewed,nc,nc
2024-09-02T19:45:04.390Z,36.057666666667,-120.63233333333,4.1,2.2,md,52,62,0.03133,0.1,nc,nc75056611,2024-09-07T00:41:21.110Z,"25 km E of San Ardo, CA",earthquake,0.21,0.45,0.156,44,reviewed,nc,nc
2024-09-02T09:00:01.460Z,36.0435,-120.61316666667,0.27,1.01,md,20,69,0.02876,0.06,nc,nc75056386,2024-09-06T20:29:18.877Z,"23 km NW of Parkfield, CA",earthquake,0.24,0.5,0.207,14,reviewed,nc,nc
2024-09-01T21:05:55.820Z,35.964833333333,-120.51916666667,9.56,0.65,md,19,59,0.01571,0.07,nc,nc75056191,2024-09-06T17:04:52.287Z,"11 km NW of Parkfield, CA",earthquake,0.31,0.43,0.122,8,reviewed,nc,nc
2024-09-01T17:01:40.070Z,35.997333333333,-120.5565,4.23,1.46,md,26,77,0.02014,0.07,nc,nc75056131,2024-09-05T22:33:57.680Z,"16 km NW of Parkfield, CA",earthquake,0.23,0.32,0.315,17,reviewed,nc,nc
2024-09-01T11:39:10.490Z,35.996833333333,-120.55666666667,3.73,0.79,md,15,76,0.02055,0.05,nc,nc75056051,2024-09-05T17:29:38.995Z,"16 km NW of Parkfield, CA",earthquake,0.34,0.47,0.232,7,reviewed,nc,nc
2024-09-01T02:37:35.070Z,36.0585,-120.64216666667,3.1,0.53,md,13,113,0.03865,0.12,nc,nc75055911,2024-09-05T16:47:58.456Z,"24 km E of San Ardo, CA",earthquake,0.57,1.35,0.166,9,reviewed,nc,nc
2024-08-31T13:49:42.540Z,36.013166666667,-120.57216666667,5.12,0.83,md,13,116,0.02907,0.03,nc,nc75055671,2025-06-18T23:39:47.378Z,"18 km NNW of Parkfield, CA",earthquake,0.25,0.34,0.395,9,reviewed,nc,nc
2024-08-31T06:04:49.740Z,35.964166666667,-120.5245,10.96,1.29,md,28,49,0.02251,0.05,nc,nc75055526,2024-09-04T17:04:30.143Z,"11 km NW of Parkfield, CA",earthquake,0.19,0.23,0.322,17,reviewed,nc,nc
2024-08-30T15:12:54.580Z,35.965333333333,-120.5195,10.13,2.31,md,56,45,0.01531,0.06,nc,nc75055291,2024-09-04T00:51:31.280Z,"11 km NW of Parkfield, CA",earthquake,0.13,0.17,0.118,50,reviewed,nc,nc
2024-08-28T16:14:51.750Z,36.052166666667,-120.61283333333,8.45,0.88,md,17,81,0.02139,0.08,nc,nc75054526,2024-08-30T23:49:42.500Z,"24 km NNW of Parkfield, CA",earthquake,0.3,0.57,0.274,9,reviewed,nc,nc
2024-08-25T11:01:02.830Z,36.046,-120.6215,6.72,0.54,md,13,101,0.03064,0.08,nc,nc75053181,2024-08-29T21:33:35.937Z,"24 km NW of Parkfield, CA",earthquake,0.44,0.74,0.144,6,reviewed,nc,nc
2024-08-25T09:38:31.030Z,36.0005,-120.557,2.47,1.07,md,23,85,0.01877,0.07,nc,nc75053156,2024-08-29T21:28:04.208Z,"16 km NNW of Parkfield, CA",earthquake,0.18,0.28,0.322,13,reviewed,nc,nc
2024-08-25T00:44:53.780Z,36.046166666667,-120.61866666667,9.22,1.75,md,47,59,0.02902,0.13,nc,nc75052991,2024-08-29T18:48:05.540Z,"24 km NW of Parkfield, CA",earthquake,0.24,0.39,0.218,34,reviewed,nc,nc
2024-08-24T23:42:16.560Z,35.833833333333,-120.54216666667,10.07,0.56,md,22,78,0.06054,0.07,nc,nc75052986,2024-08-26T21:45:35.167Z,"12 km WSW of Parkfield, CA",earthquake,0.25,0.49,0.185,11,reviewed,nc,nc
2024-08-24T09:18:14.310Z,35.829,-120.54716666667,10.21,0.95,md,21,109,0.06659,0.04,nc,nc75052636,2024-08-28T20:24:27.452Z,"13 km WSW of Parkfield, CA",earthquake,0.26,0.67,0.299,3,reviewed,nc,nc
2024-08-24T03:06:48.390Z,35.755833333333,-120.30383333333,10.02,0.67,md,15,189,0.003874,0.03,nc,nc75052551,2024-08-27T23:40:29.008Z,"4 km N of Cholame, CA",earthquake,1.15,0.5,0.227,5,reviewed,nc,nc
2024-08-23T20:41:24.900Z,35.809333333333,-120.3645,5.4,0.75,md,20,125,0.02307,0.04,nc,nc75052421,2024-08-27T22:59:48.873Z,"12 km NNW of Cholame, CA",earthquake,0.5,0.3,0.147,7,reviewed,nc,nc
2024-08-23T20:19:53.960Z,36.029,-120.59783333333,2.05,0.95,md,13,110,0.03975,0.09,nc,nc75052396,2024-08-27T21:51:30.865Z,"21 km NW of Parkfield, CA",earthquake,0.39,1.87,0.06,4,reviewed,nc,nc
2024-08-22T20:00:47.980Z,36.030666666667,-120.59683333333,3.63,0.12,md,11,170,0.03806,0.06,nc,nc75051841,2025-06-18T23:13:08.518Z,"21 km NW of Parkfield, CA",earthquake,0.42,1.17,0.139,5,reviewed,nc,nc
2024-08-22T02:02:22.680Z,35.967833333333,-120.52133333333,10.5,0.92,md,25,44,0.01349,0.04,nc,nc75051566,2024-08-26T22:08:41.664Z,"11 km NW of Parkfield, CA",earthquake,0.23,0.3,0.265,14,reviewed,nc,nc
2024-08-20T06:28:40.480Z,35.980166666667,-120.61933333333,4.03,0.84,md,17,157,0.01015,0.06,nc,nc75050791,2024-08-26T17:26:30.400Z,"19 km NW of Parkfield, CA",earthquake,0.59,0.34,0.457,12,reviewed,nc,nc
2024-08-20T03:59:14.310Z,36.036166666667,-120.60716666667,-0.2,1.8,md,36,57,0.03377,0.13,nc,nc75050721,2024-08-26T17:06:58.440Z,"22 km NW of Parkfield, CA",earthquake,0.22,0.5,0.26,30,reviewed,nc,nc
2024-08-19T15:32:10.590Z,36.018833333333,-120.58583333333,2.72,1.05,md,23,112,0.041,0.08,nc,nc75050516,2024-08-25T20:45:04.468Z,"19 km NW of Parkfield, CA",earthquake,0.21,0.55,0.164,11,reviewed,nc,nc
2024-08-19T07:57:56.170Z,35.866833333333,-120.4635,7.32,0.74,md,19,157,0.01305,0.09,nc,nc75050346,2024-08-23T23:16:14.933Z,"5 km SW of Parkfield, CA",earthquake,0.43,0.57,0.126,10,reviewed,nc,nc
2024-08-16T15:16:14.280Z,35.961833333333,-120.515,10.08,0.94,md,29,46,0.01448,0.08,nc,nc75049151,2024-08-23T00:17:28.930Z,"10 km NW of Parkfield, CA",earthquake,0.29,0.23,0.34,12,reviewed,nc,nc
2024-08-16T13:22:59.960Z,35.884666666667,-120.42683333333,9.58,0.91,md,27,112,0.004576,0.09,nc,nc75049136,2024-08-23T00:06:56.167Z,"2 km S of Parkfield, CA",earthquake,0.36,0.29,0.26,15,reviewed,nc,nc
2024-08-16T11:41:37.810Z,35.970166666667,-120.52833333333,4.97,0.61,md,13,86,0.01936,0.05,nc,nc75049106,2024-08-22T23:41:49.423Z,"12 km NW of Parkfield, CA",earthquake,0.28,0.48,0.23,9,reviewed,nc,nc
2024-08-14T13:45:15.200Z,35.9355,-120.495,9.66,1.7,md,38,75,0.01763,0.1,nc,nc75048241,2024-08-22T01:33:22.310Z,"7 km NW of Parkfield, CA",earthquake,0.18,0.22,0.242,28,reviewed,nc,nc
2024-08-13T20:59:31.720Z,36.029166666667,-120.59383333333,6.81,1.78,md,33,71,0.0396,0.07,nc,nc75047886,2024-08-20T00:15:57.120Z,"21 km NW of Parkfield, CA",earthquake,0.21,0.25,0.287,30,reviewed,nc,nc
2024-08-13T19:49:51.790Z,36.050666666667,-120.61066666667,3.36,1.27,md,22,76,0.02157,0.09,nc,nc75047851,2024-08-19T22:40:23.461Z,"23 km NNW of Parkfield, CA",earthquake,0.25,0.41,0.318,18,reviewed,nc,nc
2024-08-13T10:16:32.330Z,36.0355,-120.595,5.67,0.56,md,7,119,0.03325,0.03,nc,nc75047681,2024-08-19T20:56:25.806Z,"21 km NNW of Parkfield, CA",earthquake,0.61,0.98,0.486,5,reviewed,nc,nc
2024-08-11T18:36:16.630Z,35.7375,-120.293,3.93,1.34,md,21,111,0.02378,0.06,nc,nc75047332,2024-08-19T21:28:23.997Z,"2 km NNE of Cholame, CA",earthquake,0.26,0.6,0.216,13,reviewed,nc,nc
2024-08-10T21:27:59.520Z,36.068666666667,-120.21433333333,8.18,0.92,md,16,190,0.05382,0.1,nc,nc75046837,2024-08-19T21:27:32.033Z,"11 km NW of Avenal, CA",earthquake,0.64,0.47,0.189,7,reviewed,nc,nc
2024-08-09T09:12:50.100Z,35.852,-120.47066666667,5.91,1.08,md,31,52,0.01639,0.18,nc,nc75046117,2024-08-19T22:07:50.091Z,"6 km SW of Parkfield, CA",earthquake,0.31,0.75,0.263,18,reviewed,nc,nc
2024-08-07T20:07:57.140Z,36.080166666667,-120.20566666667,7.31,1.17,md,23,153,0.05093,0.05,nc,nc75045302,2024-08-19T22:07:02.985Z,"11 km NNW of Avenal, CA",earthquake,0.5,0.44,0.173,8,reviewed,nc,nc
2024-08-07T07:00:43.660Z,36.0425,-120.601,3.29,0.57,md,13,114,0.02654,0.04,nc,nc75044822,2024-08-19T22:06:44.533Z,"22 km NNW of Parkfield, CA",earthquake,0.38,0.63,0.288,9,reviewed,nc,nc
2024-08-06T02:59:18.930Z,35.834,-120.54716666667,10.47,1.57,md,50,30,0.0639,0.09,nc,nc75044107,2024-08-19T22:04:38.978Z,"13 km WSW of Parkfield, CA",earthquake,0.13,0.35,0.246,42,reviewed,nc,nc
2024-08-05T05:09:19.900Z,36.024166666667,-120.58383333333,4.52,1.74,md,36,79,0.04101,0.1,nc,nc75043702,2024-08-19T22:03:31.825Z,"20 km NNW of Parkfield, CA",earthquake,0.23,0.32,0.234,34,reviewed,nc,nc
2024-08-04T05:39:08.400Z,35.837166666667,-120.54266666667,10.32,0.82,md,29,37,0.05915,0.06,nc,nc75043302,2024-08-19T22:06:41.556Z,"12 km WSW of Parkfield, CA",earthquake,0.17,0.34,0.187,17,reviewed,nc,nc
2024-08-04T04:15:42.200Z,35.9685,-120.52233333333,10.05,2.22,md,50,48,0.02245,0.08,nc,nc75043287,2024-08-19T22:02:54.794Z,"11 km NW of Parkfield, CA",earthquake,0.15,0.23,0.113,52,reviewed,nc,nc
2024-08-03T13:38:34.700Z,36.0425,-120.62933333333,4.2,0.92,md,20,83,0.03756,0.11,nc,nc75043062,2024-08-19T22:06:34.870Z,"24 km NW of Parkfield, CA",earthquake,0.28,0.67,0.17,12,reviewed,nc,nc
2024-08-02T21:05:35.910Z,35.876,-120.4185,6.15,0.72,md,23,85,0.01486,0.04,nc,nc75042842,2024-08-19T22:02:41.709Z,"3 km SSE of Parkfield, CA",earthquake,0.28,0.23,0.27,12,reviewed,nc,nc
2024-07-23T22:26:35.010Z,35.848833333333,-120.6385,9.96,1.99,md,52,24,0.02553,0.08,nc,nc75038587,2024-07-26T21:54:27.648Z,"12 km NE of San Miguel, CA",earthquake,0.15,0.45,0.183,41,reviewed,nc,nc
2024-07-18T00:22:01.280Z,36.041833333333,-120.61683333333,2.62,0.95,md,20,89,0.03169,0.09,nc,nc75036327,2024-07-20T01:09:26.511Z,"23 km NW of Parkfield, CA",earthquake,0.27,0.93,0.179,11,reviewed,nc,nc
2024-07-16T16:36:11.910Z,35.962666666667,-120.5105,2.35,1.3,md,27,49,0.01162,0.09,nc,nc75035617,2024-07-18T00:06:08.458Z,"10 km NNW of Parkfield, CA",earthquake,0.21,0.32,0.2,16,reviewed,nc,nc
2024-07-16T01:41:55.170Z,36.001,-120.56016666667,4.14,0.79,md,12,95,0.02086,0.09,nc,nc75035387,2024-07-18T00:17:15.510Z,"16 km NW of Parkfield, CA",earthquake,0.38,0.57,0.017,4,reviewed,nc,nc
2024-07-13T09:25:40.110Z,36.043166666667,-120.6245,5.59,1.04,md,38,74,0.03437,0.15,nc,nc75034357,2024-07-18T00:13:35.420Z,"24 km NW of Parkfield, CA",earthquake,0.26,0.46,0.273,20,reviewed,nc,nc
2024-07-12T16:11:11.970Z,35.971333333333,-120.52266666667,10.85,2.11,md,43,43,0.01108,0.07,nc,nc75034052,2024-07-16T21:52:46.810Z,"12 km NW of Parkfield, CA",earthquake,0.16,0.22,0.175,35,reviewed,nc,nc
2024-07-12T03:46:43.610Z,35.9665,-120.5255,10.59,2.68,md,54,42,0.02184,0.1,nc,nc75033892,2024-09-20T16:00:54.040Z,"11 km NW of Parkfield, CA",earthquake,0.16,0.25,0.097,59,reviewed,nc,nc
2024-07-11T18:51:17.740Z,36.012666666667,-120.56916666667,3.81,1.14,md,23,83,0.02659,0.05,nc,nc75033782,2024-07-16T01:26:06.927Z,"18 km NNW of Parkfield, CA",earthquake,0.2,0.28,0.313,14,reviewed,nc,nc
2024-07-11T08:54:42.890Z,36.018166666667,-120.58816666667,1.3,0.55,md,9,116,0.04048,0.09,nc,nc75033602,2024-07-15T21:22:29.171Z,"19 km NW of Parkfield, CA",earthquake,0.44,2.05,0.013,4,reviewed,nc,nc
2024-07-10T20:30:37.960Z,35.955333333333,-120.508,10.22,1.55,md,38,49,0.00778,0.07,nc,nc75033347,2024-07-15T17:31:34.330Z,"9 km NW of Parkfield, CA",earthquake,0.24,0.2,0.301,30,reviewed,nc,nc
2024-07-09T14:25:48.730Z,36.068833333333,-120.634,3.15,0.87,md,16,169,0.03064,0.07,nc,nc75032782,2024-07-12T18:08:15.366Z,"25 km E of San Ardo, CA",earthquake,0.35,0.58,0.262,12,reviewed,nc,nc
2024-07-08T08:30:36.310Z,35.999666666667,-120.558,1.38,0.65,md,11,84,0.01989,0.04,nc,nc75032262,2024-07-11T23:14:55.337Z,"16 km NW of Parkfield, CA",earthquake,0.17,0.35,0.535,7,reviewed,nc,nc
2024-07-07T10:49:34.280Z,36.057833333333,-120.21183333333,8.95,1.06,md,24,75,0.05063,0.09,nc,nc75031892,2024-07-12T19:26:42.981Z,"10 km NW of Avenal, CA",earthquake,0.28,0.39,0.145,11,reviewed,nc,nc
2024-07-06T00:04:58.110Z,36.095166666667,-120.6625,6.72,1.19,md,31,139,0.05981,0.1,nc,nc75031357,2024-07-10T17:51:52.491Z,"23 km E of San Ardo, CA",earthquake,0.26,0.61,0.22,18,reviewed,nc,nc
2024-07-05T08:04:57.020Z,35.957,-120.51566666667,10.05,1.2,md,30,58,0.01395,0.07,nc,nc75031012,2024-07-09T21:48:11.919Z,"10 km NW of Parkfield, CA",earthquake,0.27,0.23,0.239,19,reviewed,nc,nc
2024-07-04T18:16:43.880Z,36.0565,-120.63366666667,8.25,0.96,md,30,119,0.03276,0.13,nc,nc75030772,2024-07-09T16:16:40.815Z,"25 km E of San Ardo, CA",earthquake,0.32,0.59,0.188,18,reviewed,nc,nc
2024-07-04T00:44:14.710Z,35.9985,-120.55883333333,3.56,0.93,md,19,81,0.02106,0.06,nc,nc75030497,2024-07-08T21:57:00.280Z,"16 km NW of Parkfield, CA",earthquake,0.23,0.39,0.276,12,reviewed,nc,nc
2024-07-03T02:54:45.520Z,35.955666666667,-120.51133333333,9.98,1.03,md,31,58,0.01044,0.05,nc,nc75030036,2024-07-05T17:56:23.900Z,"10 km NW of Parkfield, CA",earthquake,0.25,0.19,0.278,16,reviewed,nc,nc
2024-06-30T12:27:32.030Z,36.0645,-120.63216666667,0.4,0.6,md,12,181,0.02947,0.03,nc,nc75029096,2024-07-02T20:58:22.644Z,"25 km E of San Ardo, CA",earthquake,0.28,0.73,0.199,11,reviewed,nc,nc
2024-06-29T04:54:45.990Z,36.003,-120.57333333333,2.31,0.77,md,15,92,0.03043,0.14,nc,nc75028721,2024-07-02T17:28:54.232Z,"17 km NW of Parkfield, CA",earthquake,0.35,0.81,0.16,7,reviewed,nc,nc
2024-06-27T01:05:48.950Z,35.992333333333,-120.54733333333,3.28,0.95,md,14,74,0.01914,0.1,nc,nc75027751,2024-07-01T22:49:40.275Z,"15 km NNW of Parkfield, CA",earthquake,0.38,0.62,0.215,6,reviewed,nc,nc
2024-06-26T15:22:09.160Z,36.0055,-120.573,4.25,0.86,md,16,98,0.02976,0.09,nc,nc75027581,2024-07-01T20:01:49.528Z,"17 km NW of Parkfield, CA",earthquake,0.32,0.53,0.164,10,reviewed,nc,nc
2024-06-25T21:20:11.620Z,36.075,-120.64,5.9,3.24,ml,59,61,0.03603,0.08,nc,nc75027251,2024-09-04T21:57:41.040Z,"25 km E of San Ardo, CA",earthquake,0.16,0.34,0.174,59,reviewed,nc,nc
2024-06-25T18:59:03.330Z,35.7295,-120.31016666667,1.47,0.92,md,19,215,0.04908,0.04,nc,nc75027201,2024-06-26T10:29:41.180Z,"1 km NW of Cholame, CA",earthquake,0.86,2.51,0.1,5,reviewed,nc,nc
2024-06-25T07:21:36.020Z,36.073666666667,-120.65133333333,3.48,1.73,md,34,60,0.04494,0.18,nc,nc75026896,2024-07-01T14:42:14.420Z,"24 km E of San Ardo, CA",earthquake,0.3,0.61,0.292,28,reviewed,nc,nc
2024-06-23T08:51:53.700Z,35.999833333333,-120.5595,1.19,0.8,md,16,85,0.02088,0.04,nc,nc75025812,2024-06-28T21:22:06.260Z,"16 km NW of Parkfield, CA",earthquake,0.17,0.3,0.347,8,reviewed,nc,nc
2024-06-23T03:52:33.640Z,36.0265,-120.60783333333,0.46,0.59,md,17,87,0.04326,0.16,nc,nc75025747,2024-06-28T21:01:59.708Z,"21 km NW of Parkfield, CA",earthquake,0.33,1.16,0.376,8,reviewed,nc,nc
2024-06-23T03:52:07.870Z,36.034166666667,-120.59366666667,3.52,0.99,md,22,121,0.03463,0.06,nc,nc75025737,2024-06-28T20:46:28.190Z,"21 km NNW of Parkfield, CA",earthquake,0.23,0.44,0.231,15,reviewed,nc,nc
2024-06-22T19:26:50.650Z,36.002333333333,-120.56016666667,2.2,1.58,md,28,81,0.02036,0.06,nc,nc75025517,2024-06-28T19:31:03.392Z,"16 km NNW of Parkfield, CA",earthquake,0.17,0.37,0.279,24,reviewed,nc,nc
2024-06-22T10:45:24.990Z,36.045666666667,-120.60616666667,3.76,1.7,md,43,52,0.02447,0.08,nc,nc75025387,2024-06-26T11:39:05.690Z,"23 km NNW of Parkfield, CA",earthquake,0.17,0.29,0.306,36,reviewed,nc,nc
2024-06-19T07:49:04.120Z,35.973833333333,-120.532,9.94,2.52,md,60,36,0.01299,0.09,nc,nc75023827,2024-08-30T18:17:11.040Z,"12 km NW of Parkfield, CA",earthquake,0.12,0.14,0.093,62,reviewed,nc,nc
2024-06-19T02:13:46.830Z,36.073333333333,-120.63633333333,3.65,1.11,md,27,109,0.03284,0.06,nc,nc75023752,2024-06-26T22:45:35.430Z,"25 km E of San Ardo, CA",earthquake,0.18,0.41,0.191,17,reviewed,nc,nc
2024-06-16T03:37:46.130Z,36.075166666667,-120.3265,6.79,0.75,md,13,108,0.04198,0.07,nc,nc75022827,2024-06-24T17:23:12.991Z,"8 km S of Coalinga, CA",earthquake,0.24,0.43,0.161,6,reviewed,nc,nc
2024-06-12T01:58:45.580Z,36.0155,-120.57583333333,3.88,1.57,md,29,117,0.03237,0.05,nc,nc75021072,2024-06-30T19:59:00.670Z,"18 km NNW of Parkfield, CA",earthquake,0.16,0.27,0.311,25,reviewed,nc,nc
2024-06-10T14:27:27.830Z,35.999333333333,-120.5605,1.25,0.73,md,10,92,0.02183,0.06,nc,nc75020332,2024-06-21T19:01:03.912Z,"16 km NW of Parkfield, CA",earthquake,0.22,0.35,0.118,4,reviewed,nc,nc
2024-06-10T01:22:25.040Z,36.004,-120.572,3.46,0.63,md,14,95,0.0292,0.09,nc,nc75020102,2024-06-20T20:07:36.786Z,"17 km NW of Parkfield, CA",earthquake,0.27,0.42,0.341,8,reviewed,nc,nc
2024-06-10T01:20:17.870Z,36.006,-120.56283333333,4.33,0.63,md,6,134,0.02153,0.02,nc,nc75020097,2024-06-20T19:09:20.064Z,"17 km NNW of Parkfield, CA",earthquake,0.32,0.53,0.166,3,reviewed,nc,nc
2024-06-10T01:19:14.660Z,36.007333333333,-120.565,3.63,0.85,md,13,106,0.02311,0.08,nc,nc75020092,2024-06-20T19:04:48.430Z,"17 km NNW of Parkfield, CA",earthquake,0.34,0.51,0.041,6,reviewed,nc,nc
2024-06-09T16:35:44.120Z,35.999833333333,-120.56016666667,2.63,1.85,md,40,46,0.02136,0.09,nc,nc75019887,2024-06-20T16:43:35.776Z,"16 km NW of Parkfield, CA",earthquake,0.18,0.23,0.269,32,reviewed,nc,nc
2024-06-09T14:40:53.120Z,36.000333333333,-120.55966666667,1.41,1.15,md,21,86,0.02078,0.07,nc,nc75019807,2024-06-20T15:16:08.310Z,"16 km NW of Parkfield, CA",earthquake,0.15,0.28,0.357,16,reviewed,nc,nc
2024-06-08T21:38:27.840Z,36.032833333333,-120.59166666667,3.29,0.79,md,15,122,0.03608,0.03,nc,nc75018832,2024-06-19T20:33:06.080Z,"21 km NNW of Parkfield, CA",earthquake,0.28,0.7,0.257,7,reviewed,nc,nc
2024-06-07T10:50:08.750Z,35.867,-120.41,5.47,1.8,md,33,111,0.02688,0.06,nc,nc75017367,2024-06-17T22:12:52.107Z,"4 km SSE of Parkfield, CA",earthquake,0.25,0.21,0.145,27,reviewed,nc,nc
2024-06-07T00:01:36.490Z,36.014166666667,-120.57316666667,2.21,0.8,md,23,81,0.03001,0.04,nc,nc75017277,2024-06-17T21:08:29.488Z,"18 km NNW of Parkfield, CA",earthquake,0.17,0.52,0.243,13,reviewed,nc,nc
2024-06-01T12:19:21.300Z,35.9705,-120.53333333333,5.37,0.68,md,13,83,0.01534,0.06,nc,nc75014212,2024-06-11T21:46:29.931Z,"12 km NW of Parkfield, CA",earthquake,0.27,0.26,0.064,6,reviewed,nc,nc
2024-05-29T08:03:40.730Z,36.098333333333,-120.68033333333,4.06,1.57,md,29,112,0.05612,0.14,nc,nc75013057,2024-06-06T18:42:41.417Z,"22 km ENE of San Ardo, CA",earthquake,0.33,0.66,0.272,22,reviewed,nc,nc
2024-05-26T18:33:36.800Z,35.977833333333,-120.53333333333,6.17,1.72,md,40,34,0.009917,0.05,nc,nc75012366,2024-06-05T00:39:13.525Z,"13 km NW of Parkfield, CA",earthquake,0.19,0.18,0.205,33,reviewed,nc,nc
2024-05-26T04:15:09.970Z,35.940666666667,-120.47066666667,-0.55,0.29,md,11,136,0.006079,0.08,nc,nc75012236,2024-06-04T22:33:38.799Z,"6 km NNW of Parkfield, CA",earthquake,0.3,1.01,0.192,6,reviewed,nc,nc
2024-05-25T04:56:28.150Z,35.9275,-120.48316666667,4.65,1.44,md,22,97,0.0213,0.04,nc,nc75012011,2024-06-04T18:53:03.459Z,"6 km NW of Parkfield, CA",earthquake,0.24,0.31,0.229,15,reviewed,nc,nc
2024-05-22T21:31:27.080Z,35.983166666667,-120.54616666667,2.88,2.03,md,44,41,0.009768,0.13,nc,nc75010721,2024-05-31T01:11:08.932Z,"14 km NW of Parkfield, CA",earthquake,0.22,0.29,0.166,37,reviewed,nc,nc
2024-05-22T15:44:38.780Z,36.037833333333,-120.59783333333,3.94,0.95,md,27,44,0.03094,0.07,nc,nc75010621,2024-05-30T19:10:34.483Z,"22 km NNW of Parkfield, CA",earthquake,0.22,0.35,0.257,17,reviewed,nc,nc
2024-05-20T13:14:51.450Z,35.798166666667,-120.34516666667,3.33,0.31,md,13,173,0.03276,0.03,nc,nc75009656,2024-05-29T20:35:34.883Z,"10 km NNW of Cholame, CA",earthquake,0.97,0.78,0.066,4,reviewed,nc,nc
2024-05-18T17:40:29.650Z,36.086166666667,-120.665,2.22,0.81,md,15,127,0.05838,0.14,nc,nc75008786,2024-05-28T15:37:28.244Z,"23 km E of San Ardo, CA",earthquake,0.65,2.75,0.12,8,reviewed,nc,nc
2024-05-14T03:16:53.640Z,36.043,-120.60533333333,0.03,0.3,md,6,194,0.0268,0.06,nc,nc75006381,2025-04-14T23:34:13.585Z,"22 km NNW of Parkfield, CA",earthquake,0.92,1.69,0.104,4,reviewed,nc,nc
2024-05-13T09:30:29.090Z,35.992166666667,-120.55483333333,4,0.78,md,20,63,0.01315,0.06,nc,nc75005956,2024-05-17T19:50:03.705Z,"15 km NW of Parkfield, CA",earthquake,0.24,0.27,0.332,13,reviewed,nc,nc
2024-05-12T04:29:12.240Z,36.035333333333,-120.60933333333,2.47,1.03,md,26,153,0.03506,0.07,nc,nc75005361,2024-05-16T22:56:17.670Z,"22 km NW of Parkfield, CA",earthquake,0.34,0.63,0.336,16,reviewed,nc,nc
2024-05-11T09:46:31.440Z,36.0375,-120.607,2.19,0.62,md,15,57,0.03245,0.06,nc,nc75004856,2024-05-16T20:40:57.464Z,"22 km NW of Parkfield, CA",earthquake,0.37,1.19,0.32,10,reviewed,nc,nc
2024-05-10T12:29:58.410Z,35.9955,-120.5645,2.76,1.12,md,19,120,0.0211,0.05,nc,nc75004276,2024-05-21T22:47:12.746Z,"16 km NW of Parkfield, CA",earthquake,0.35,0.43,0.332,10,reviewed,nc,nc
2024-05-08T02:51:09.790Z,35.9,-120.43833333333,6.37,0.17,md,13,101,0.01343,0.11,nc,nc75003116,2024-05-14T10:07:16.453Z,"1 km WNW of Parkfield, CA",earthquake,0.53,0.57,0.045,4,reviewed,nc,nc
2024-05-08T01:25:43.140Z,36.030666666667,-120.6045,-0.74,0.94,md,22,101,0.03865,0.09,nc,nc75003091,2024-05-14T10:04:15.988Z,"21 km NW of Parkfield, CA",earthquake,0.2,0.2,0.153,11,reviewed,nc,nc
2024-05-07T04:16:42.560Z,36.001666666667,-120.56166666667,2.25,1.07,md,28,90,0.02174,0.07,nc,nc75002631,2024-05-14T08:25:48.427Z,"16 km NW of Parkfield, CA",earthquake,0.19,0.33,0.277,19,reviewed,nc,nc
2024-05-06T01:23:09.300Z,36.011166666667,-120.57316666667,2.39,-0.24,md,9,154,0.02969,0.06,nc,nc75001966,2024-05-14T08:17:15.207Z,"18 km NW of Parkfield, CA",earthquake,0.46,0.64,0.004,3,reviewed,nc,nc
2024-05-05T16:18:40.630Z,36.039,-120.59766666667,3.76,0.96,md,30,70,0.02977,0.06,nc,nc75001681,2024-05-13T06:18:19.781Z,"22 km NNW of Parkfield, CA",earthquake,0.21,0.32,0.291,19,reviewed,nc,nc
2024-05-03T23:24:28.710Z,36.073833333333,-120.64466666667,2.77,0.95,md,26,125,0.0396,0.08,nc,nc75000696,2024-05-06T18:49:43.154Z,"24 km E of San Ardo, CA",earthquake,0.26,0.75,0.145,15,reviewed,nc,nc
2024-05-03T16:36:20.680Z,35.831333333333,-120.60733333333,9.33,0.83,md,29,53,0.03595,0.07,nc,nc75000471,2024-05-06T18:35:08.199Z,"12 km NE of San Miguel, CA",earthquake,0.19,0.53,0.285,18,reviewed,nc,nc
2024-05-01T14:51:49.940Z,35.908,-120.42866666667,5.34,0.23,md,11,154,0.01366,0.09,nc,nc74043821,2024-05-10T18:10:00.606Z,"1 km NNE of Parkfield, CA",earthquake,0.45,0.73,0.051,4,reviewed,nc,nc
2024-05-01T14:18:40.280Z,35.968833333333,-120.50916666667,2.13,0.29,md,11,97,0.01519,0.07,nc,nc74043806,2024-05-10T11:35:43.276Z,"10 km NNW of Parkfield, CA",earthquake,0.36,0.65,0.068,4,reviewed,nc,nc
