burst_id,drop_id,utc_time,seconds_from_burst_start,gps_max_cc,gps_diff_prev_s,nano_available,nano_file,nano_offset_s,deep_available,deep_file,deep_offset_s,paired_available
0,0,2026-06-16T23:47:09.409500+00:00,0.000000,0.928200,0.000000,1,timeseriesScaler_2026-06-16_23.43.28_UTC_000299.pb,221.409500,1,SAFOD-Deep-10mGL-1000HzFs-2mChDualPulse_2026-06-16T234648Z.h5,21.409500,1
0,1,2026-06-16T23:47:23.100000+00:00,13.690500,0.996900,13.700000,1,timeseriesScaler_2026-06-16_23.43.28_UTC_000299.pb,235.100000,1,SAFOD-Deep-10mGL-1000HzFs-2mChDualPulse_2026-06-16T234648Z.h5,35.100000,1
0,2,2026-06-16T23:47:32.557000+00:00,23.147500,0.919600,9.500000,1,timeseriesScaler_2026-06-16_23.43.28_UTC_000299.pb,244.557000,1,SAFOD-Deep-10mGL-1000HzFs-2mChDualPulse_2026-06-16T234648Z.h5,44.557000,1
0,3,2026-06-16T23:47:41.957000+00:00,32.547500,0.998300,9.400000,1,timeseriesScaler_2026-06-16_23.43.28_UTC_000299.pb,253.957000,1,SAFOD-Deep-10mGL-1000HzFs-2mChDualPulse_2026-06-16T234648Z.h5,53.957000,1
0,4,2026-06-16T23:47:51.841500+00:00,42.432000,0.998800,9.900000,1,timeseriesScaler_2026-06-16_23.43.28_UTC_000299.pb,263.841500,1,SAFOD-Deep-10mGL-1000HzFs-2mChDualPulse_2026-06-16T234748Z.h5,3.841500,1
0,5,2026-06-16T23:48:01.759000+00:00,52.349500,1.000000,9.900000,1,timeseriesScaler_2026-06-16_23.43.28_UTC_000299.pb,273.759000,1,SAFOD-Deep-10mGL-1000HzFs-2mChDualPulse_2026-06-16T234748Z.h5,13.759000,1
0,6,2026-06-16T23:48:10.999000+00:00,61.589500,0.828000,9.200000,1,timeseriesScaler_2026-06-16_23.43.28_UTC_000299.pb,282.999000,1,SAFOD-Deep-10mGL-1000HzFs-2mChDualPulse_2026-06-16T234748Z.h5,22.999000,1
0,7,2026-06-16T23:48:20.509000+00:00,71.099500,0.984200,9.500000,1,timeseriesScaler_2026-06-16_23.43.28_UTC_000299.pb,292.509000,1,SAFOD-Deep-10mGL-1000HzFs-2mChDualPulse_2026-06-16T234748Z.h5,32.509000,1
0,8,2026-06-16T23:48:28.963000+00:00,79.553500,0.993500,8.500000,1,timeseriesScaler_2026-06-16_23.48.28_UTC_000300.pb,0.963000,1,SAFOD-Deep-10mGL-1000HzFs-2mChDualPulse_2026-06-16T234748Z.h5,40.963000,1
0,9,2026-06-16T23:48:37.465000+00:00,88.055500,0.989800,8.500000,1,timeseriesScaler_2026-06-16_23.48.28_UTC_000300.pb,9.465000,1,SAFOD-Deep-10mGL-1000HzFs-2mChDualPulse_2026-06-16T234748Z.h5,49.465000,1
0,10,2026-06-16T23:48:45.465500+00:00,96.056000,0.986500,8.000000,1,timeseriesScaler_2026-06-16_23.48.28_UTC_000300.pb,17.465500,1,SAFOD-Deep-10mGL-1000HzFs-2mChDualPulse_2026-06-16T234748Z.h5,57.465500,1
0,11,2026-06-16T23:48:54.964500+00:00,105.555000,0.986000,9.500000,1,timeseriesScaler_2026-06-16_23.48.28_UTC_000300.pb,26.964500,1,SAFOD-Deep-10mGL-1000HzFs-2mChDualPulse_2026-06-16T234848Z.h5,6.964500,1
0,12,2026-06-16T23:49:03.200500+00:00,113.791000,0.983500,8.200000,1,timeseriesScaler_2026-06-16_23.48.28_UTC_000300.pb,35.200500,1,SAFOD-Deep-10mGL-1000HzFs-2mChDualPulse_2026-06-16T234848Z.h5,15.200500,1
0,13,2026-06-16T23:49:11.758000+00:00,122.348500,0.934100,8.600000,1,timeseriesScaler_2026-06-16_23.48.28_UTC_000300.pb,43.758000,1,SAFOD-Deep-10mGL-1000HzFs-2mChDualPulse_2026-06-16T234848Z.h5,23.758000,1
0,14,2026-06-16T23:49:20.329500+00:00,130.920000,0.981100,8.600000,1,timeseriesScaler_2026-06-16_23.48.28_UTC_000300.pb,52.329500,1,SAFOD-Deep-10mGL-1000HzFs-2mChDualPulse_2026-06-16T234848Z.h5,32.329500,1
0,15,2026-06-16T23:49:28.864500+00:00,139.455000,0.902500,8.500000,1,timeseriesScaler_2026-06-16_23.48.28_UTC_000300.pb,60.864500,1,SAFOD-Deep-10mGL-1000HzFs-2mChDualPulse_2026-06-16T234848Z.h5,40.864500,1
0,16,2026-06-16T23:49:37.310000+00:00,147.900500,0.968700,8.400000,1,timeseriesScaler_2026-06-16_23.48.28_UTC_000300.pb,69.310000,1,SAFOD-Deep-10mGL-1000HzFs-2mChDualPulse_2026-06-16T234848Z.h5,49.310000,1
0,17,2026-06-16T23:49:46.120000+00:00,156.710500,0.802100,8.800000,1,timeseriesScaler_2026-06-16_23.48.28_UTC_000300.pb,78.120000,1,SAFOD-Deep-10mGL-1000HzFs-2mChDualPulse_2026-06-16T234848Z.h5,58.120000,1
0,18,2026-06-16T23:49:55.696000+00:00,166.286500,0.972200,9.600000,1,timeseriesScaler_2026-06-16_23.48.28_UTC_000300.pb,87.696000,1,SAFOD-Deep-10mGL-1000HzFs-2mChDualPulse_2026-06-16T234948Z.h5,7.696000,1
0,19,2026-06-16T23:50:03.961500+00:00,174.552000,0.963100,8.300000,1,timeseriesScaler_2026-06-16_23.48.28_UTC_000300.pb,95.961500,1,SAFOD-Deep-10mGL-1000HzFs-2mChDualPulse_2026-06-16T234948Z.h5,15.961500,1
1,0,2026-06-17T00:16:12.779000+00:00,0.000000,0.755600,1568.800000,1,timeseriesScaler_2026-06-17_00.13.28_UTC_000305.pb,164.779000,1,SAFOD-Deep-10mGL-1000HzFs-2mChDualPulse_2026-06-17T001548Z.h5,24.779000,1
1,1,2026-06-17T00:16:21.483500+00:00,8.704500,1.000000,8.700000,1,timeseriesScaler_2026-06-17_00.13.28_UTC_000305.pb,173.483500,1,SAFOD-Deep-10mGL-1000HzFs-2mChDualPulse_2026-06-17T001548Z.h5,33.483500,1
1,2,2026-06-17T00:16:30.351000+00:00,17.572000,0.816900,8.900000,1,timeseriesScaler_2026-06-17_00.13.28_UTC_000305.pb,182.351000,1,SAFOD-Deep-10mGL-1000HzFs-2mChDualPulse_2026-06-17T001548Z.h5,42.351000,1
1,3,2026-06-17T00:16:39.336500+00:00,26.557500,0.925700,9.000000,1,timeseriesScaler_2026-06-17_00.13.28_UTC_000305.pb,191.336500,1,SAFOD-Deep-10mGL-1000HzFs-2mChDualPulse_2026-06-17T001548Z.h5,51.336500,1
1,4,2026-06-17T00:16:47.456500+00:00,34.677500,0.814500,8.100000,1,timeseriesScaler_2026-06-17_00.13.28_UTC_000305.pb,199.456500,1,SAFOD-Deep-10mGL-1000HzFs-2mChDualPulse_2026-06-17T001548Z.h5,59.456500,1
1,5,2026-06-17T00:16:55.651000+00:00,42.872000,0.837100,8.200000,1,timeseriesScaler_2026-06-17_00.13.28_UTC_000305.pb,207.651000,1,SAFOD-Deep-10mGL-1000HzFs-2mChDualPulse_2026-06-17T001648Z.h5,7.651000,1
1,6,2026-06-17T00:17:03.830500+00:00,51.051500,0.793000,8.200000,1,timeseriesScaler_2026-06-17_00.13.28_UTC_000305.pb,215.830500,1,SAFOD-Deep-10mGL-1000HzFs-2mChDualPulse_2026-06-17T001648Z.h5,15.830500,1
1,7,2026-06-17T00:17:12.443000+00:00,59.664000,0.899900,8.600000,1,timeseriesScaler_2026-06-17_00.13.28_UTC_000305.pb,224.443000,1,SAFOD-Deep-10mGL-1000HzFs-2mChDualPulse_2026-06-17T001648Z.h5,24.443000,1
1,8,2026-06-17T00:17:20.977000+00:00,68.198000,0.839200,8.500000,1,timeseriesScaler_2026-06-17_00.13.28_UTC_000305.pb,232.977000,1,SAFOD-Deep-10mGL-1000HzFs-2mChDualPulse_2026-06-17T001648Z.h5,32.977000,1
1,9,2026-06-17T00:17:29.255000+00:00,76.476000,0.878200,8.300000,1,timeseriesScaler_2026-06-17_00.13.28_UTC_000305.pb,241.255000,1,SAFOD-Deep-10mGL-1000HzFs-2mChDualPulse_2026-06-17T001648Z.h5,41.255000,1
1,10,2026-06-17T00:17:37.368000+00:00,84.589000,0.844200,8.100000,1,timeseriesScaler_2026-06-17_00.13.28_UTC_000305.pb,249.368000,1,SAFOD-Deep-10mGL-1000HzFs-2mChDualPulse_2026-06-17T001648Z.h5,49.368000,1
1,11,2026-06-17T00:17:46.166500+00:00,93.387500,0.798100,8.800000,1,timeseriesScaler_2026-06-17_00.13.28_UTC_000305.pb,258.166500,1,SAFOD-Deep-10mGL-1000HzFs-2mChDualPulse_2026-06-17T001648Z.h5,58.166500,1
1,12,2026-06-17T00:17:54.477500+00:00,101.698500,0.822900,8.300000,1,timeseriesScaler_2026-06-17_00.13.28_UTC_000305.pb,266.477500,1,SAFOD-Deep-10mGL-1000HzFs-2mChDualPulse_2026-06-17T001748Z.h5,6.477500,1
1,13,2026-06-17T00:18:02.892000+00:00,110.113000,0.873500,8.400000,1,timeseriesScaler_2026-06-17_00.13.28_UTC_000305.pb,274.892000,1,SAFOD-Deep-10mGL-1000HzFs-2mChDualPulse_2026-06-17T001748Z.h5,14.892000,1
1,14,2026-06-17T00:18:11.456500+00:00,118.677500,0.890100,8.600000,1,timeseriesScaler_2026-06-17_00.13.28_UTC_000305.pb,283.456500,1,SAFOD-Deep-10mGL-1000HzFs-2mChDualPulse_2026-06-17T001748Z.h5,23.456500,1
1,15,2026-06-17T00:18:20.348000+00:00,127.569000,0.799600,8.900000,1,timeseriesScaler_2026-06-17_00.13.28_UTC_000305.pb,292.348000,1,SAFOD-Deep-10mGL-1000HzFs-2mChDualPulse_2026-06-17T001748Z.h5,32.348000,1
1,16,2026-06-17T00:18:28.895000+00:00,136.116000,0.755500,8.500000,1,timeseriesScaler_2026-06-17_00.18.28_UTC_000306.pb,0.895000,1,SAFOD-Deep-10mGL-1000HzFs-2mChDualPulse_2026-06-17T001748Z.h5,40.895000,1
1,17,2026-06-17T00:18:37.066000+00:00,144.287000,0.902900,8.200000,1,timeseriesScaler_2026-06-17_00.18.28_UTC_000306.pb,9.066000,1,SAFOD-Deep-10mGL-1000HzFs-2mChDualPulse_2026-06-17T001748Z.h5,49.066000,1
1,18,2026-06-17T00:18:46.007500+00:00,153.228500,0.889900,8.900000,1,timeseriesScaler_2026-06-17_00.18.28_UTC_000306.pb,18.007500,1,SAFOD-Deep-10mGL-1000HzFs-2mChDualPulse_2026-06-17T001748Z.h5,58.007500,1
1,19,2026-06-17T00:18:54.119500+00:00,161.340500,0.793200,8.100000,1,timeseriesScaler_2026-06-17_00.18.28_UTC_000306.pb,26.119500,1,SAFOD-Deep-10mGL-1000HzFs-2mChDualPulse_2026-06-17T001848Z.h5,6.119500,1
2,0,2026-06-17T00:46:24.629000+00:00,0.000000,0.898100,1650.500000,1,timeseriesScaler_2026-06-17_00.43.28_UTC_000311.pb,176.629000,1,SAFOD-Deep-10mGL-1000HzFs-2mChDualPulse_2026-06-17T004548Z.h5,36.629000,1
2,1,2026-06-17T00:46:32.595500+00:00,7.966500,0.769400,8.000000,1,timeseriesScaler_2026-06-17_00.43.28_UTC_000311.pb,184.595500,1,SAFOD-Deep-10mGL-1000HzFs-2mChDualPulse_2026-06-17T004548Z.h5,44.595500,1
2,2,2026-06-17T00:46:40.177500+00:00,15.548500,0.778100,7.600000,1,timeseriesScaler_2026-06-17_00.43.28_UTC_000311.pb,192.177500,1,SAFOD-Deep-10mGL-1000HzFs-2mChDualPulse_2026-06-17T004548Z.h5,52.177500,1
2,3,2026-06-17T00:46:48.040500+00:00,23.411500,0.778600,7.900000,1,timeseriesScaler_2026-06-17_00.43.28_UTC_000311.pb,200.040500,1,SAFOD-Deep-10mGL-1000HzFs-2mChDualPulse_2026-06-17T004648Z.h5,0.040500,1
2,4,2026-06-17T00:46:55.774500+00:00,31.145500,0.778100,7.700000,1,timeseriesScaler_2026-06-17_00.43.28_UTC_000311.pb,207.774500,1,SAFOD-Deep-10mGL-1000HzFs-2mChDualPulse_2026-06-17T004648Z.h5,7.774500,1
2,5,2026-06-17T00:47:03.807500+00:00,39.178500,0.764700,8.000000,1,timeseriesScaler_2026-06-17_00.43.28_UTC_000311.pb,215.807500,1,SAFOD-Deep-10mGL-1000HzFs-2mChDualPulse_2026-06-17T004648Z.h5,15.807500,1
2,6,2026-06-17T00:47:11.370000+00:00,46.741000,0.877600,7.600000,1,timeseriesScaler_2026-06-17_00.43.28_UTC_000311.pb,223.370000,1,SAFOD-Deep-10mGL-1000HzFs-2mChDualPulse_2026-06-17T004648Z.h5,23.370000,1
2,7,2026-06-17T00:47:20.074500+00:00,55.445500,0.763000,8.700000,1,timeseriesScaler_2026-06-17_00.43.28_UTC_000311.pb,232.074500,1,SAFOD-Deep-10mGL-1000HzFs-2mChDualPulse_2026-06-17T004648Z.h5,32.074500,1
2,8,2026-06-17T00:47:28.380500+00:00,63.751500,0.789200,8.300000,1,timeseriesScaler_2026-06-17_00.43.28_UTC_000311.pb,240.380500,1,SAFOD-Deep-10mGL-1000HzFs-2mChDualPulse_2026-06-17T004648Z.h5,40.380500,1
2,9,2026-06-17T00:47:36.732500+00:00,72.103500,0.789000,8.400000,1,timeseriesScaler_2026-06-17_00.43.28_UTC_000311.pb,248.732500,1,SAFOD-Deep-10mGL-1000HzFs-2mChDualPulse_2026-06-17T004648Z.h5,48.732500,1
2,10,2026-06-17T00:47:44.683000+00:00,80.054000,0.767500,8.000000,1,timeseriesScaler_2026-06-17_00.43.28_UTC_000311.pb,256.683000,1,SAFOD-Deep-10mGL-1000HzFs-2mChDualPulse_2026-06-17T004648Z.h5,56.683000,1
2,11,2026-06-17T00:47:52.744500+00:00,88.115500,0.855600,8.100000,1,timeseriesScaler_2026-06-17_00.43.28_UTC_000311.pb,264.744500,1,SAFOD-Deep-10mGL-1000HzFs-2mChDualPulse_2026-06-17T004748Z.h5,4.744500,1
2,12,2026-06-17T00:48:00.505500+00:00,95.876500,0.753400,7.800000,1,timeseriesScaler_2026-06-17_00.43.28_UTC_000311.pb,272.505500,1,SAFOD-Deep-10mGL-1000HzFs-2mChDualPulse_2026-06-17T004748Z.h5,12.505500,1
2,13,2026-06-17T00:48:08.787500+00:00,104.158500,0.787300,8.300000,1,timeseriesScaler_2026-06-17_00.43.28_UTC_000311.pb,280.787500,1,SAFOD-Deep-10mGL-1000HzFs-2mChDualPulse_2026-06-17T004748Z.h5,20.787500,1
2,14,2026-06-17T00:48:17.668000+00:00,113.039000,0.786900,8.900000,1,timeseriesScaler_2026-06-17_00.43.28_UTC_000311.pb,289.668000,1,SAFOD-Deep-10mGL-1000HzFs-2mChDualPulse_2026-06-17T004748Z.h5,29.668000,1
2,15,2026-06-17T00:48:25.832500+00:00,121.203500,0.814300,8.200000,1,timeseriesScaler_2026-06-17_00.43.28_UTC_000311.pb,297.832500,1,SAFOD-Deep-10mGL-1000HzFs-2mChDualPulse_2026-06-17T004748Z.h5,37.832500,1
2,16,2026-06-17T00:48:34.000500+00:00,129.371500,0.778300,8.200000,1,timeseriesScaler_2026-06-17_00.48.28_UTC_000312.pb,6.000500,1,SAFOD-Deep-10mGL-1000HzFs-2mChDualPulse_2026-06-17T004748Z.h5,46.000500,1
2,17,2026-06-17T00:48:42.311000+00:00,137.682000,0.776100,8.300000,1,timeseriesScaler_2026-06-17_00.48.28_UTC_000312.pb,14.311000,1,SAFOD-Deep-10mGL-1000HzFs-2mChDualPulse_2026-06-17T004748Z.h5,54.311000,1
2,18,2026-06-17T00:48:50.645000+00:00,146.016000,0.809400,8.300000,1,timeseriesScaler_2026-06-17_00.48.28_UTC_000312.pb,22.645000,1,SAFOD-Deep-10mGL-1000HzFs-2mChDualPulse_2026-06-17T004848Z.h5,2.645000,1
2,19,2026-06-17T00:48:59.032500+00:00,154.403500,0.794800,8.400000,1,timeseriesScaler_2026-06-17_00.48.28_UTC_000312.pb,31.032500,1,SAFOD-Deep-10mGL-1000HzFs-2mChDualPulse_2026-06-17T004848Z.h5,11.032500,1
3,0,2026-06-17T01:16:19.085500+00:00,0.000000,0.758200,1640.100000,1,timeseriesScaler_2026-06-17_01.13.28_UTC_000317.pb,171.085500,1,SAFOD-Deep-10mGL-1000HzFs-2mChDualPulse_2026-06-17T011548Z.h5,31.085500,1
3,1,2026-06-17T01:16:28.508000+00:00,9.422500,0.879500,9.400000,1,timeseriesScaler_2026-06-17_01.13.28_UTC_000317.pb,180.508000,1,SAFOD-Deep-10mGL-1000HzFs-2mChDualPulse_2026-06-17T011548Z.h5,40.508000,1
3,2,2026-06-17T01:16:36.869500+00:00,17.784000,0.937900,8.400000,1,timeseriesScaler_2026-06-17_01.13.28_UTC_000317.pb,188.869500,1,SAFOD-Deep-10mGL-1000HzFs-2mChDualPulse_2026-06-17T011548Z.h5,48.869500,1
3,3,2026-06-17T01:16:45.120000+00:00,26.034500,0.842300,8.300000,1,timeseriesScaler_2026-06-17_01.13.28_UTC_000317.pb,197.120000,1,SAFOD-Deep-10mGL-1000HzFs-2mChDualPulse_2026-06-17T011548Z.h5,57.120000,1
3,4,2026-06-17T01:16:53.176000+00:00,34.090500,0.918800,8.100000,1,timeseriesScaler_2026-06-17_01.13.28_UTC_000317.pb,205.176000,1,SAFOD-Deep-10mGL-1000HzFs-2mChDualPulse_2026-06-17T011648Z.h5,5.176000,1
3,5,2026-06-17T01:17:01.108500+00:00,42.023000,0.844900,7.900000,1,timeseriesScaler_2026-06-17_01.13.28_UTC_000317.pb,213.108500,1,SAFOD-Deep-10mGL-1000HzFs-2mChDualPulse_2026-06-17T011648Z.h5,13.108500,1
3,6,2026-06-17T01:17:09.096000+00:00,50.010500,0.773200,8.000000,1,timeseriesScaler_2026-06-17_01.13.28_UTC_000317.pb,221.096000,1,SAFOD-Deep-10mGL-1000HzFs-2mChDualPulse_2026-06-17T011648Z.h5,21.096000,1
3,7,2026-06-17T01:17:17.511000+00:00,58.425500,0.782600,8.400000,1,timeseriesScaler_2026-06-17_01.13.28_UTC_000317.pb,229.511000,1,SAFOD-Deep-10mGL-1000HzFs-2mChDualPulse_2026-06-17T011648Z.h5,29.511000,1
3,8,2026-06-17T01:17:26.018000+00:00,66.932500,0.818600,8.500000,1,timeseriesScaler_2026-06-17_01.13.28_UTC_000317.pb,238.018000,1,SAFOD-Deep-10mGL-1000HzFs-2mChDualPulse_2026-06-17T011648Z.h5,38.018000,1
3,9,2026-06-17T01:17:34.184500+00:00,75.099000,0.781700,8.200000,1,timeseriesScaler_2026-06-17_01.13.28_UTC_000317.pb,246.184500,1,SAFOD-Deep-10mGL-1000HzFs-2mChDualPulse_2026-06-17T011648Z.h5,46.184500,1
3,10,2026-06-17T01:17:42.375500+00:00,83.290000,0.765200,8.200000,1,timeseriesScaler_2026-06-17_01.13.28_UTC_000317.pb,254.375500,1,SAFOD-Deep-10mGL-1000HzFs-2mChDualPulse_2026-06-17T011648Z.h5,54.375500,1
3,11,2026-06-17T01:17:50.963000+00:00,91.877500,0.904200,8.600000,1,timeseriesScaler_2026-06-17_01.13.28_UTC_000317.pb,262.963000,1,SAFOD-Deep-10mGL-1000HzFs-2mChDualPulse_2026-06-17T011748Z.h5,2.963000,1
3,12,2026-06-17T01:17:59.696000+00:00,100.610500,0.938800,8.700000,1,timeseriesScaler_2026-06-17_01.13.28_UTC_000317.pb,271.696000,1,SAFOD-Deep-10mGL-1000HzFs-2mChDualPulse_2026-06-17T011748Z.h5,11.696000,1
3,13,2026-06-17T01:18:08.189000+00:00,109.103500,0.895700,8.500000,1,timeseriesScaler_2026-06-17_01.13.28_UTC_000317.pb,280.189000,1,SAFOD-Deep-10mGL-1000HzFs-2mChDualPulse_2026-06-17T011748Z.h5,20.189000,1
3,14,2026-06-17T01:18:16.784500+00:00,117.699000,0.813100,8.600000,1,timeseriesScaler_2026-06-17_01.13.28_UTC_000317.pb,288.784500,1,SAFOD-Deep-10mGL-1000HzFs-2mChDualPulse_2026-06-17T011748Z.h5,28.784500,1
3,15,2026-06-17T01:18:25.540000+00:00,126.454500,0.832400,8.800000,1,timeseriesScaler_2026-06-17_01.13.28_UTC_000317.pb,297.540000,1,SAFOD-Deep-10mGL-1000HzFs-2mChDualPulse_2026-06-17T011748Z.h5,37.540000,1
3,16,2026-06-17T01:18:34.001000+00:00,134.915500,0.913300,8.500000,1,timeseriesScaler_2026-06-17_01.18.28_UTC_000318.pb,6.001000,1,SAFOD-Deep-10mGL-1000HzFs-2mChDualPulse_2026-06-17T011748Z.h5,46.001000,1
3,17,2026-06-17T01:18:42.063000+00:00,142.977500,0.783200,8.100000,1,timeseriesScaler_2026-06-17_01.18.28_UTC_000318.pb,14.063000,1,SAFOD-Deep-10mGL-1000HzFs-2mChDualPulse_2026-06-17T011748Z.h5,54.063000,1
3,18,2026-06-17T01:18:50.706000+00:00,151.620500,0.845300,8.600000,1,timeseriesScaler_2026-06-17_01.18.28_UTC_000318.pb,22.706000,1,SAFOD-Deep-10mGL-1000HzFs-2mChDualPulse_2026-06-17T011848Z.h5,2.706000,1
3,19,2026-06-17T01:18:58.864000+00:00,159.778500,0.790800,8.200000,1,timeseriesScaler_2026-06-17_01.18.28_UTC_000318.pb,30.864000,1,SAFOD-Deep-10mGL-1000HzFs-2mChDualPulse_2026-06-17T011848Z.h5,10.864000,1
4,0,2026-06-17T01:46:13.476500+00:00,0.000000,0.825600,1634.600000,1,timeseriesScaler_2026-06-17_01.43.28_UTC_000323.pb,165.476500,1,SAFOD-Deep-10mGL-1000HzFs-2mChDualPulse_2026-06-17T014548Z.h5,25.476500,1
4,1,2026-06-17T01:46:21.627000+00:00,8.150500,0.768200,8.200000,1,timeseriesScaler_2026-06-17_01.43.28_UTC_000323.pb,173.627000,1,SAFOD-Deep-10mGL-1000HzFs-2mChDualPulse_2026-06-17T014548Z.h5,33.627000,1
4,2,2026-06-17T01:46:30.098000+00:00,16.621500,0.852800,8.500000,1,timeseriesScaler_2026-06-17_01.43.28_UTC_000323.pb,182.098000,1,SAFOD-Deep-10mGL-1000HzFs-2mChDualPulse_2026-06-17T014548Z.h5,42.098000,1
4,3,2026-06-17T01:46:38.076000+00:00,24.599500,0.746500,8.000000,1,timeseriesScaler_2026-06-17_01.43.28_UTC_000323.pb,190.076000,1,SAFOD-Deep-10mGL-1000HzFs-2mChDualPulse_2026-06-17T014548Z.h5,50.076000,1
4,4,2026-06-17T01:46:46.009000+00:00,32.532500,0.839400,7.900000,1,timeseriesScaler_2026-06-17_01.43.28_UTC_000323.pb,198.009000,1,SAFOD-Deep-10mGL-1000HzFs-2mChDualPulse_2026-06-17T014548Z.h5,58.009000,1
4,5,2026-06-17T01:46:54.458500+00:00,40.982000,0.785600,8.400000,1,timeseriesScaler_2026-06-17_01.43.28_UTC_000323.pb,206.458500,1,SAFOD-Deep-10mGL-1000HzFs-2mChDualPulse_2026-06-17T014648Z.h5,6.458500,1
4,6,2026-06-17T01:47:02.220000+00:00,48.743500,0.847300,7.800000,1,timeseriesScaler_2026-06-17_01.43.28_UTC_000323.pb,214.220000,1,SAFOD-Deep-10mGL-1000HzFs-2mChDualPulse_2026-06-17T014648Z.h5,14.220000,1
4,7,2026-06-17T01:47:10.426000+00:00,56.949500,0.791200,8.200000,1,timeseriesScaler_2026-06-17_01.43.28_UTC_000323.pb,222.426000,1,SAFOD-Deep-10mGL-1000HzFs-2mChDualPulse_2026-06-17T014648Z.h5,22.426000,1
4,8,2026-06-17T01:47:18.216500+00:00,64.740000,0.763900,7.800000,1,timeseriesScaler_2026-06-17_01.43.28_UTC_000323.pb,230.216500,1,SAFOD-Deep-10mGL-1000HzFs-2mChDualPulse_2026-06-17T014648Z.h5,30.216500,1
4,9,2026-06-17T01:47:26.053000+00:00,72.576500,0.789700,7.800000,1,timeseriesScaler_2026-06-17_01.43.28_UTC_000323.pb,238.053000,1,SAFOD-Deep-10mGL-1000HzFs-2mChDualPulse_2026-06-17T014648Z.h5,38.053000,1
4,10,2026-06-17T01:47:33.977500+00:00,80.501000,0.828600,7.900000,1,timeseriesScaler_2026-06-17_01.43.28_UTC_000323.pb,245.977500,1,SAFOD-Deep-10mGL-1000HzFs-2mChDualPulse_2026-06-17T014648Z.h5,45.977500,1
4,11,2026-06-17T01:47:41.749000+00:00,88.272500,0.864100,7.800000,1,timeseriesScaler_2026-06-17_01.43.28_UTC_000323.pb,253.749000,1,SAFOD-Deep-10mGL-1000HzFs-2mChDualPulse_2026-06-17T014648Z.h5,53.749000,1
4,12,2026-06-17T01:47:49.662000+00:00,96.185500,0.765200,7.900000,1,timeseriesScaler_2026-06-17_01.43.28_UTC_000323.pb,261.662000,1,SAFOD-Deep-10mGL-1000HzFs-2mChDualPulse_2026-06-17T014748Z.h5,1.662000,1
4,13,2026-06-17T01:47:57.510500+00:00,104.034000,0.802900,7.800000,1,timeseriesScaler_2026-06-17_01.43.28_UTC_000323.pb,269.510500,1,SAFOD-Deep-10mGL-1000HzFs-2mChDualPulse_2026-06-17T014748Z.h5,9.510500,1
4,14,2026-06-17T01:48:05.194500+00:00,111.718000,0.830800,7.700000,1,timeseriesScaler_2026-06-17_01.43.28_UTC_000323.pb,277.194500,1,SAFOD-Deep-10mGL-1000HzFs-2mChDualPulse_2026-06-17T014748Z.h5,17.194500,1
4,15,2026-06-17T01:48:13.045000+00:00,119.568500,0.846400,7.900000,1,timeseriesScaler_2026-06-17_01.43.28_UTC_000323.pb,285.045000,1,SAFOD-Deep-10mGL-1000HzFs-2mChDualPulse_2026-06-17T014748Z.h5,25.045000,1
4,16,2026-06-17T01:48:20.709500+00:00,127.233000,0.796900,7.700000,1,timeseriesScaler_2026-06-17_01.43.28_UTC_000323.pb,292.709500,1,SAFOD-Deep-10mGL-1000HzFs-2mChDualPulse_2026-06-17T014748Z.h5,32.709500,1
4,17,2026-06-17T01:48:28.456000+00:00,134.979500,0.859800,7.700000,1,timeseriesScaler_2026-06-17_01.48.28_UTC_000324.pb,0.456000,1,SAFOD-Deep-10mGL-1000HzFs-2mChDualPulse_2026-06-17T014748Z.h5,40.456000,1
4,18,2026-06-17T01:48:36.553500+00:00,143.077000,0.774800,8.100000,1,timeseriesScaler_2026-06-17_01.48.28_UTC_000324.pb,8.553500,1,SAFOD-Deep-10mGL-1000HzFs-2mChDualPulse_2026-06-17T014748Z.h5,48.553500,1
4,19,2026-06-17T01:48:44.454500+00:00,150.978000,0.773100,7.900000,1,timeseriesScaler_2026-06-17_01.48.28_UTC_000324.pb,16.454500,1,SAFOD-Deep-10mGL-1000HzFs-2mChDualPulse_2026-06-17T014748Z.h5,56.454500,1
4,20,2026-06-17T01:48:52.112500+00:00,158.636000,0.785500,7.700000,1,timeseriesScaler_2026-06-17_01.48.28_UTC_000324.pb,24.112500,1,SAFOD-Deep-10mGL-1000HzFs-2mChDualPulse_2026-06-17T014848Z.h5,4.112500,1
5,0,2026-06-17T02:16:14.740000+00:00,0.000000,0.758200,1642.600000,1,timeseriesScaler_2026-06-17_02.13.28_UTC_000329.pb,166.740000,1,SAFOD-Deep-10mGL-1000HzFs-2mChDualPulse_2026-06-17T021548Z.h5,26.740000,1
5,1,2026-06-17T02:16:23.872000+00:00,9.132000,0.852600,9.100000,1,timeseriesScaler_2026-06-17_02.13.28_UTC_000329.pb,175.872000,1,SAFOD-Deep-10mGL-1000HzFs-2mChDualPulse_2026-06-17T021548Z.h5,35.872000,1
5,2,2026-06-17T02:16:33.005500+00:00,18.265500,0.803500,9.100000,1,timeseriesScaler_2026-06-17_02.13.28_UTC_000329.pb,185.005500,1,SAFOD-Deep-10mGL-1000HzFs-2mChDualPulse_2026-06-17T021548Z.h5,45.005500,1
5,3,2026-06-17T02:16:42.037000+00:00,27.297000,0.813800,9.000000,1,timeseriesScaler_2026-06-17_02.13.28_UTC_000329.pb,194.037000,1,SAFOD-Deep-10mGL-1000HzFs-2mChDualPulse_2026-06-17T021548Z.h5,54.037000,1
5,4,2026-06-17T02:16:50.409500+00:00,35.669500,0.781700,8.400000,1,timeseriesScaler_2026-06-17_02.13.28_UTC_000329.pb,202.409500,1,SAFOD-Deep-10mGL-1000HzFs-2mChDualPulse_2026-06-17T021648Z.h5,2.409500,1
5,5,2026-06-17T02:16:59.078000+00:00,44.338000,0.776900,8.700000,1,timeseriesScaler_2026-06-17_02.13.28_UTC_000329.pb,211.078000,1,SAFOD-Deep-10mGL-1000HzFs-2mChDualPulse_2026-06-17T021648Z.h5,11.078000,1
5,6,2026-06-17T02:17:07.412000+00:00,52.672000,0.848600,8.300000,1,timeseriesScaler_2026-06-17_02.13.28_UTC_000329.pb,219.412000,1,SAFOD-Deep-10mGL-1000HzFs-2mChDualPulse_2026-06-17T021648Z.h5,19.412000,1
5,7,2026-06-17T02:17:16.061500+00:00,61.321500,0.793100,8.600000,1,timeseriesScaler_2026-06-17_02.13.28_UTC_000329.pb,228.061500,1,SAFOD-Deep-10mGL-1000HzFs-2mChDualPulse_2026-06-17T021648Z.h5,28.061500,1
5,8,2026-06-17T02:17:24.532000+00:00,69.792000,0.775800,8.500000,1,timeseriesScaler_2026-06-17_02.13.28_UTC_000329.pb,236.532000,1,SAFOD-Deep-10mGL-1000HzFs-2mChDualPulse_2026-06-17T021648Z.h5,36.532000,1
5,9,2026-06-17T02:17:33.005000+00:00,78.265000,0.811000,8.500000,1,timeseriesScaler_2026-06-17_02.13.28_UTC_000329.pb,245.005000,1,SAFOD-Deep-10mGL-1000HzFs-2mChDualPulse_2026-06-17T021648Z.h5,45.005000,1
5,10,2026-06-17T02:17:41.554000+00:00,86.814000,0.777400,8.500000,1,timeseriesScaler_2026-06-17_02.13.28_UTC_000329.pb,253.554000,1,SAFOD-Deep-10mGL-1000HzFs-2mChDualPulse_2026-06-17T021648Z.h5,53.554000,1
5,11,2026-06-17T02:17:52.107500+00:00,97.367500,0.771400,10.600000,1,timeseriesScaler_2026-06-17_02.13.28_UTC_000329.pb,264.107500,1,SAFOD-Deep-10mGL-1000HzFs-2mChDualPulse_2026-06-17T021748Z.h5,4.107500,1
5,12,2026-06-17T02:18:01.783000+00:00,107.043000,0.789600,9.700000,1,timeseriesScaler_2026-06-17_02.13.28_UTC_000329.pb,273.783000,1,SAFOD-Deep-10mGL-1000HzFs-2mChDualPulse_2026-06-17T021748Z.h5,13.783000,1
5,13,2026-06-17T02:18:10.665000+00:00,115.925000,0.775800,8.900000,1,timeseriesScaler_2026-06-17_02.13.28_UTC_000329.pb,282.665000,1,SAFOD-Deep-10mGL-1000HzFs-2mChDualPulse_2026-06-17T021748Z.h5,22.665000,1
5,14,2026-06-17T02:18:20.172500+00:00,125.432500,0.824000,9.500000,1,timeseriesScaler_2026-06-17_02.13.28_UTC_000329.pb,292.172500,1,SAFOD-Deep-10mGL-1000HzFs-2mChDualPulse_2026-06-17T021748Z.h5,32.172500,1
5,15,2026-06-17T02:18:29.287000+00:00,134.547000,0.785800,9.100000,1,timeseriesScaler_2026-06-17_02.18.28_UTC_000330.pb,1.287000,1,SAFOD-Deep-10mGL-1000HzFs-2mChDualPulse_2026-06-17T021748Z.h5,41.287000,1
5,16,2026-06-17T02:18:37.980500+00:00,143.240500,0.834300,8.700000,1,timeseriesScaler_2026-06-17_02.18.28_UTC_000330.pb,9.980500,1,SAFOD-Deep-10mGL-1000HzFs-2mChDualPulse_2026-06-17T021748Z.h5,49.980500,1
5,17,2026-06-17T02:18:46.461500+00:00,151.721500,0.811500,8.500000,1,timeseriesScaler_2026-06-17_02.18.28_UTC_000330.pb,18.461500,1,SAFOD-Deep-10mGL-1000HzFs-2mChDualPulse_2026-06-17T021748Z.h5,58.461500,1
5,18,2026-06-17T02:18:54.823500+00:00,160.083500,0.752600,8.400000,1,timeseriesScaler_2026-06-17_02.18.28_UTC_000330.pb,26.823500,1,SAFOD-Deep-10mGL-1000HzFs-2mChDualPulse_2026-06-17T021848Z.h5,6.823500,1
5,19,2026-06-17T02:19:03.030500+00:00,168.290500,0.820800,8.200000,1,timeseriesScaler_2026-06-17_02.18.28_UTC_000330.pb,35.030500,1,SAFOD-Deep-10mGL-1000HzFs-2mChDualPulse_2026-06-17T021848Z.h5,15.030500,1
6,0,2026-06-17T02:46:59.073500+00:00,0.000000,0.760700,1676.000000,1,timeseriesScaler_2026-06-17_02.43.28_UTC_000335.pb,211.073500,1,SAFOD-Deep-10mGL-1000HzFs-2mChDualPulse_2026-06-17T024648Z.h5,11.073500,1
6,1,2026-06-17T02:47:07.969000+00:00,8.895500,0.796400,8.900000,1,timeseriesScaler_2026-06-17_02.43.28_UTC_000335.pb,219.969000,1,SAFOD-Deep-10mGL-1000HzFs-2mChDualPulse_2026-06-17T024648Z.h5,19.969000,1
6,2,2026-06-17T02:47:17.007500+00:00,17.934000,0.789900,9.000000,1,timeseriesScaler_2026-06-17_02.43.28_UTC_000335.pb,229.007500,1,SAFOD-Deep-10mGL-1000HzFs-2mChDualPulse_2026-06-17T024648Z.h5,29.007500,1
6,3,2026-06-17T02:47:25.945000+00:00,26.871500,0.768900,8.900000,1,timeseriesScaler_2026-06-17_02.43.28_UTC_000335.pb,237.945000,1,SAFOD-Deep-10mGL-1000HzFs-2mChDualPulse_2026-06-17T024648Z.h5,37.945000,1
6,4,2026-06-17T02:47:34.510500+00:00,35.437000,0.754200,8.600000,1,timeseriesScaler_2026-06-17_02.43.28_UTC_000335.pb,246.510500,1,SAFOD-Deep-10mGL-1000HzFs-2mChDualPulse_2026-06-17T024648Z.h5,46.510500,1
6,5,2026-06-17T02:47:43.335000+00:00,44.261500,0.764500,8.800000,1,timeseriesScaler_2026-06-17_02.43.28_UTC_000335.pb,255.335000,1,SAFOD-Deep-10mGL-1000HzFs-2mChDualPulse_2026-06-17T024648Z.h5,55.335000,1
6,6,2026-06-17T02:47:53.227000+00:00,54.153500,0.859400,9.900000,1,timeseriesScaler_2026-06-17_02.43.28_UTC_000335.pb,265.227000,1,SAFOD-Deep-10mGL-1000HzFs-2mChDualPulse_2026-06-17T024748Z.h5,5.227000,1
6,7,2026-06-17T02:48:01.986000+00:00,62.912500,0.861300,8.800000,1,timeseriesScaler_2026-06-17_02.43.28_UTC_000335.pb,273.986000,1,SAFOD-Deep-10mGL-1000HzFs-2mChDualPulse_2026-06-17T024748Z.h5,13.986000,1
6,8,2026-06-17T02:48:10.732500+00:00,71.659000,0.835600,8.700000,1,timeseriesScaler_2026-06-17_02.43.28_UTC_000335.pb,282.732500,1,SAFOD-Deep-10mGL-1000HzFs-2mChDualPulse_2026-06-17T024748Z.h5,22.732500,1
6,9,2026-06-17T02:48:19.282500+00:00,80.209000,0.777400,8.600000,1,timeseriesScaler_2026-06-17_02.43.28_UTC_000335.pb,291.282500,1,SAFOD-Deep-10mGL-1000HzFs-2mChDualPulse_2026-06-17T024748Z.h5,31.282500,1
6,10,2026-06-17T02:48:28.121500+00:00,89.048000,0.852800,8.800000,1,timeseriesScaler_2026-06-17_02.48.28_UTC_000336.pb,0.121500,1,SAFOD-Deep-10mGL-1000HzFs-2mChDualPulse_2026-06-17T024748Z.h5,40.121500,1
6,11,2026-06-17T02:48:36.813500+00:00,97.740000,0.822700,8.700000,1,timeseriesScaler_2026-06-17_02.48.28_UTC_000336.pb,8.813500,1,SAFOD-Deep-10mGL-1000HzFs-2mChDualPulse_2026-06-17T024748Z.h5,48.813500,1
6,12,2026-06-17T02:48:45.986500+00:00,106.913000,0.843500,9.200000,1,timeseriesScaler_2026-06-17_02.48.28_UTC_000336.pb,17.986500,1,SAFOD-Deep-10mGL-1000HzFs-2mChDualPulse_2026-06-17T024748Z.h5,57.986500,1
6,13,2026-06-17T02:48:54.459000+00:00,115.385500,0.842600,8.500000,1,timeseriesScaler_2026-06-17_02.48.28_UTC_000336.pb,26.459000,1,SAFOD-Deep-10mGL-1000HzFs-2mChDualPulse_2026-06-17T024848Z.h5,6.459000,1
6,14,2026-06-17T02:49:02.643500+00:00,123.570000,0.859700,8.200000,1,timeseriesScaler_2026-06-17_02.48.28_UTC_000336.pb,34.643500,1,SAFOD-Deep-10mGL-1000HzFs-2mChDualPulse_2026-06-17T024848Z.h5,14.643500,1
6,15,2026-06-17T02:49:11.709000+00:00,132.635500,0.859700,9.100000,1,timeseriesScaler_2026-06-17_02.48.28_UTC_000336.pb,43.709000,1,SAFOD-Deep-10mGL-1000HzFs-2mChDualPulse_2026-06-17T024848Z.h5,23.709000,1
6,16,2026-06-17T02:49:20.389500+00:00,141.316000,0.828400,8.700000,1,timeseriesScaler_2026-06-17_02.48.28_UTC_000336.pb,52.389500,1,SAFOD-Deep-10mGL-1000HzFs-2mChDualPulse_2026-06-17T024848Z.h5,32.389500,1
6,17,2026-06-17T02:49:29.026500+00:00,149.953000,0.859200,8.600000,1,timeseriesScaler_2026-06-17_02.48.28_UTC_000336.pb,61.026500,1,SAFOD-Deep-10mGL-1000HzFs-2mChDualPulse_2026-06-17T024848Z.h5,41.026500,1
6,18,2026-06-17T02:49:37.566500+00:00,158.493000,0.833200,8.500000,1,timeseriesScaler_2026-06-17_02.48.28_UTC_000336.pb,69.566500,1,SAFOD-Deep-10mGL-1000HzFs-2mChDualPulse_2026-06-17T024848Z.h5,49.566500,1
7,0,2026-06-17T03:16:53.602000+00:00,0.000000,0.665200,1636.000000,1,timeseriesScaler_2026-06-17_03.13.28_UTC_000341.pb,205.602000,1,SAFOD-Deep-10mGL-1000HzFs-2mChDualPulse_2026-06-17T031648Z.h5,5.602000,1
7,1,2026-06-17T03:17:01.965500+00:00,8.363500,0.871000,8.400000,1,timeseriesScaler_2026-06-17_03.13.28_UTC_000341.pb,213.965500,1,SAFOD-Deep-10mGL-1000HzFs-2mChDualPulse_2026-06-17T031648Z.h5,13.965500,1
7,2,2026-06-17T03:17:10.460000+00:00,16.858000,0.896300,8.500000,1,timeseriesScaler_2026-06-17_03.13.28_UTC_000341.pb,222.460000,1,SAFOD-Deep-10mGL-1000HzFs-2mChDualPulse_2026-06-17T031648Z.h5,22.460000,1
7,3,2026-06-17T03:17:18.870000+00:00,25.268000,0.879100,8.400000,1,timeseriesScaler_2026-06-17_03.13.28_UTC_000341.pb,230.870000,1,SAFOD-Deep-10mGL-1000HzFs-2mChDualPulse_2026-06-17T031648Z.h5,30.870000,1
7,4,2026-06-17T03:17:27.176500+00:00,33.574500,0.874300,8.300000,1,timeseriesScaler_2026-06-17_03.13.28_UTC_000341.pb,239.176500,1,SAFOD-Deep-10mGL-1000HzFs-2mChDualPulse_2026-06-17T031648Z.h5,39.176500,1
7,5,2026-06-17T03:17:35.428500+00:00,41.826500,0.888500,8.300000,1,timeseriesScaler_2026-06-17_03.13.28_UTC_000341.pb,247.428500,1,SAFOD-Deep-10mGL-1000HzFs-2mChDualPulse_2026-06-17T031648Z.h5,47.428500,1
7,6,2026-06-17T03:17:44.196000+00:00,50.594000,0.869000,8.800000,1,timeseriesScaler_2026-06-17_03.13.28_UTC_000341.pb,256.196000,1,SAFOD-Deep-10mGL-1000HzFs-2mChDualPulse_2026-06-17T031648Z.h5,56.196000,1
7,7,2026-06-17T03:17:53.193500+00:00,59.591500,0.860500,9.000000,1,timeseriesScaler_2026-06-17_03.13.28_UTC_000341.pb,265.193500,1,SAFOD-Deep-10mGL-1000HzFs-2mChDualPulse_2026-06-17T031748Z.h5,5.193500,1
7,8,2026-06-17T03:18:01.673000+00:00,68.071000,0.875400,8.500000,1,timeseriesScaler_2026-06-17_03.13.28_UTC_000341.pb,273.673000,1,SAFOD-Deep-10mGL-1000HzFs-2mChDualPulse_2026-06-17T031748Z.h5,13.673000,1
7,9,2026-06-17T03:18:09.995500+00:00,76.393500,0.874800,8.300000,1,timeseriesScaler_2026-06-17_03.13.28_UTC_000341.pb,281.995500,1,SAFOD-Deep-10mGL-1000HzFs-2mChDualPulse_2026-06-17T031748Z.h5,21.995500,1
7,10,2026-06-17T03:18:18.451000+00:00,84.849000,0.865000,8.500000,1,timeseriesScaler_2026-06-17_03.13.28_UTC_000341.pb,290.451000,1,SAFOD-Deep-10mGL-1000HzFs-2mChDualPulse_2026-06-17T031748Z.h5,30.451000,1
7,11,2026-06-17T03:18:27.051000+00:00,93.449000,0.859900,8.600000,1,timeseriesScaler_2026-06-17_03.13.28_UTC_000341.pb,299.051000,1,SAFOD-Deep-10mGL-1000HzFs-2mChDualPulse_2026-06-17T031748Z.h5,39.051000,1
7,12,2026-06-17T03:18:36.232000+00:00,102.630000,0.860900,9.200000,1,timeseriesScaler_2026-06-17_03.18.28_UTC_000342.pb,8.232000,1,SAFOD-Deep-10mGL-1000HzFs-2mChDualPulse_2026-06-17T031748Z.h5,48.232000,1
7,13,2026-06-17T03:18:44.887500+00:00,111.285500,0.845400,8.700000,1,timeseriesScaler_2026-06-17_03.18.28_UTC_000342.pb,16.887500,1,SAFOD-Deep-10mGL-1000HzFs-2mChDualPulse_2026-06-17T031748Z.h5,56.887500,1
7,14,2026-06-17T03:18:53.128000+00:00,119.526000,0.845800,8.200000,1,timeseriesScaler_2026-06-17_03.18.28_UTC_000342.pb,25.128000,1,SAFOD-Deep-10mGL-1000HzFs-2mChDualPulse_2026-06-17T031848Z.h5,5.128000,1
7,15,2026-06-17T03:19:01.302500+00:00,127.700500,0.838900,8.200000,1,timeseriesScaler_2026-06-17_03.18.28_UTC_000342.pb,33.302500,1,SAFOD-Deep-10mGL-1000HzFs-2mChDualPulse_2026-06-17T031848Z.h5,13.302500,1
7,16,2026-06-17T03:19:09.539500+00:00,135.937500,0.847700,8.200000,1,timeseriesScaler_2026-06-17_03.18.28_UTC_000342.pb,41.539500,1,SAFOD-Deep-10mGL-1000HzFs-2mChDualPulse_2026-06-17T031848Z.h5,21.539500,1
7,17,2026-06-17T03:19:17.904000+00:00,144.302000,0.855100,8.400000,1,timeseriesScaler_2026-06-17_03.18.28_UTC_000342.pb,49.904000,1,SAFOD-Deep-10mGL-1000HzFs-2mChDualPulse_2026-06-17T031848Z.h5,29.904000,1
7,18,2026-06-17T03:19:28.277000+00:00,154.675000,0.846100,10.400000,1,timeseriesScaler_2026-06-17_03.18.28_UTC_000342.pb,60.277000,1,SAFOD-Deep-10mGL-1000HzFs-2mChDualPulse_2026-06-17T031848Z.h5,40.277000,1
7,19,2026-06-17T03:19:36.752500+00:00,163.150500,0.847100,8.500000,1,timeseriesScaler_2026-06-17_03.18.28_UTC_000342.pb,68.752500,1,SAFOD-Deep-10mGL-1000HzFs-2mChDualPulse_2026-06-17T031848Z.h5,48.752500,1
8,0,2026-06-17T03:46:40.941000+00:00,0.000000,0.837500,1624.200000,1,timeseriesScaler_2026-06-17_03.43.28_UTC_000347.pb,192.941000,1,SAFOD-Deep-10mGL-1000HzFs-2mChDualPulse_2026-06-17T034548Z.h5,52.941000,1
8,1,2026-06-17T03:46:49.687500+00:00,8.746500,0.832500,8.700000,1,timeseriesScaler_2026-06-17_03.43.28_UTC_000347.pb,201.687500,1,SAFOD-Deep-10mGL-1000HzFs-2mChDualPulse_2026-06-17T034648Z.h5,1.687500,1
8,2,2026-06-17T03:46:58.293500+00:00,17.352500,0.842300,8.600000,1,timeseriesScaler_2026-06-17_03.43.28_UTC_000347.pb,210.293500,1,SAFOD-Deep-10mGL-1000HzFs-2mChDualPulse_2026-06-17T034648Z.h5,10.293500,1
8,3,2026-06-17T03:47:06.555000+00:00,25.614000,0.819000,8.300000,1,timeseriesScaler_2026-06-17_03.43.28_UTC_000347.pb,218.555000,1,SAFOD-Deep-10mGL-1000HzFs-2mChDualPulse_2026-06-17T034648Z.h5,18.555000,1
8,4,2026-06-17T03:47:14.655500+00:00,33.714500,0.814200,8.100000,1,timeseriesScaler_2026-06-17_03.43.28_UTC_000347.pb,226.655500,1,SAFOD-Deep-10mGL-1000HzFs-2mChDualPulse_2026-06-17T034648Z.h5,26.655500,1
8,5,2026-06-17T03:47:22.977500+00:00,42.036500,0.831800,8.300000,1,timeseriesScaler_2026-06-17_03.43.28_UTC_000347.pb,234.977500,1,SAFOD-Deep-10mGL-1000HzFs-2mChDualPulse_2026-06-17T034648Z.h5,34.977500,1
8,6,2026-06-17T03:47:31.171000+00:00,50.230000,0.842100,8.200000,1,timeseriesScaler_2026-06-17_03.43.28_UTC_000347.pb,243.171000,1,SAFOD-Deep-10mGL-1000HzFs-2mChDualPulse_2026-06-17T034648Z.h5,43.171000,1
8,7,2026-06-17T03:47:39.222000+00:00,58.281000,0.844000,8.100000,1,timeseriesScaler_2026-06-17_03.43.28_UTC_000347.pb,251.222000,1,SAFOD-Deep-10mGL-1000HzFs-2mChDualPulse_2026-06-17T034648Z.h5,51.222000,1
8,8,2026-06-17T03:47:47.592500+00:00,66.651500,0.846400,8.400000,1,timeseriesScaler_2026-06-17_03.43.28_UTC_000347.pb,259.592500,1,SAFOD-Deep-10mGL-1000HzFs-2mChDualPulse_2026-06-17T034648Z.h5,59.592500,1
8,9,2026-06-17T03:47:55.879500+00:00,74.938500,0.832800,8.300000,1,timeseriesScaler_2026-06-17_03.43.28_UTC_000347.pb,267.879500,1,SAFOD-Deep-10mGL-1000HzFs-2mChDualPulse_2026-06-17T034748Z.h5,7.879500,1
8,10,2026-06-17T03:48:04.229000+00:00,83.288000,0.833200,8.300000,1,timeseriesScaler_2026-06-17_03.43.28_UTC_000347.pb,276.229000,1,SAFOD-Deep-10mGL-1000HzFs-2mChDualPulse_2026-06-17T034748Z.h5,16.229000,1
8,11,2026-06-17T03:48:12.916000+00:00,91.975000,0.821300,8.700000,1,timeseriesScaler_2026-06-17_03.43.28_UTC_000347.pb,284.916000,1,SAFOD-Deep-10mGL-1000HzFs-2mChDualPulse_2026-06-17T034748Z.h5,24.916000,1
8,12,2026-06-17T03:48:21.504500+00:00,100.563500,0.832800,8.600000,1,timeseriesScaler_2026-06-17_03.43.28_UTC_000347.pb,293.504500,1,SAFOD-Deep-10mGL-1000HzFs-2mChDualPulse_2026-06-17T034748Z.h5,33.504500,1
8,13,2026-06-17T03:48:29.416500+00:00,108.475500,0.847400,7.900000,1,timeseriesScaler_2026-06-17_03.48.28_UTC_000348.pb,1.416500,1,SAFOD-Deep-10mGL-1000HzFs-2mChDualPulse_2026-06-17T034748Z.h5,41.416500,1
8,14,2026-06-17T03:48:37.308500+00:00,116.367500,0.830600,7.900000,1,timeseriesScaler_2026-06-17_03.48.28_UTC_000348.pb,9.308500,1,SAFOD-Deep-10mGL-1000HzFs-2mChDualPulse_2026-06-17T034748Z.h5,49.308500,1
8,15,2026-06-17T03:48:46.322500+00:00,125.381500,0.832600,9.000000,1,timeseriesScaler_2026-06-17_03.48.28_UTC_000348.pb,18.322500,1,SAFOD-Deep-10mGL-1000HzFs-2mChDualPulse_2026-06-17T034748Z.h5,58.322500,1
8,16,2026-06-17T03:48:54.336000+00:00,133.395000,0.835600,8.000000,1,timeseriesScaler_2026-06-17_03.48.28_UTC_000348.pb,26.336000,1,SAFOD-Deep-10mGL-1000HzFs-2mChDualPulse_2026-06-17T034848Z.h5,6.336000,1
8,17,2026-06-17T03:49:02.478500+00:00,141.537500,0.843800,8.100000,1,timeseriesScaler_2026-06-17_03.48.28_UTC_000348.pb,34.478500,1,SAFOD-Deep-10mGL-1000HzFs-2mChDualPulse_2026-06-17T034848Z.h5,14.478500,1
8,18,2026-06-17T03:49:12.026000+00:00,151.085000,0.814700,9.500000,1,timeseriesScaler_2026-06-17_03.48.28_UTC_000348.pb,44.026000,1,SAFOD-Deep-10mGL-1000HzFs-2mChDualPulse_2026-06-17T034848Z.h5,24.026000,1
8,19,2026-06-17T03:49:20.438500+00:00,159.497500,0.801100,8.400000,1,timeseriesScaler_2026-06-17_03.48.28_UTC_000348.pb,52.438500,1,SAFOD-Deep-10mGL-1000HzFs-2mChDualPulse_2026-06-17T034848Z.h5,32.438500,1
8,20,2026-06-17T03:49:44.627000+00:00,183.686000,0.689600,24.200000,1,timeseriesScaler_2026-06-17_03.48.28_UTC_000348.pb,76.627000,1,SAFOD-Deep-10mGL-1000HzFs-2mChDualPulse_2026-06-17T034848Z.h5,56.627000,1
9,0,2026-06-17T04:17:23.067000+00:00,0.000000,0.736100,1658.400000,1,timeseriesScaler_2026-06-17_04.13.28_UTC_000353.pb,235.067000,1,SAFOD-Deep-10mGL-1000HzFs-2mChDualPulse_2026-06-17T041648Z.h5,35.067000,1
9,1,2026-06-17T04:17:31.747500+00:00,8.680500,0.900000,8.700000,1,timeseriesScaler_2026-06-17_04.13.28_UTC_000353.pb,243.747500,1,SAFOD-Deep-10mGL-1000HzFs-2mChDualPulse_2026-06-17T041648Z.h5,43.747500,1
9,2,2026-06-17T04:17:42.416000+00:00,19.349000,0.917000,10.700000,1,timeseriesScaler_2026-06-17_04.13.28_UTC_000353.pb,254.416000,1,SAFOD-Deep-10mGL-1000HzFs-2mChDualPulse_2026-06-17T041648Z.h5,54.416000,1
9,3,2026-06-17T04:17:57.522000+00:00,34.455000,0.906600,15.100000,1,timeseriesScaler_2026-06-17_04.13.28_UTC_000353.pb,269.522000,1,SAFOD-Deep-10mGL-1000HzFs-2mChDualPulse_2026-06-17T041748Z.h5,9.522000,1
9,4,2026-06-17T04:18:06.798500+00:00,43.731500,0.895000,9.300000,1,timeseriesScaler_2026-06-17_04.13.28_UTC_000353.pb,278.798500,1,SAFOD-Deep-10mGL-1000HzFs-2mChDualPulse_2026-06-17T041748Z.h5,18.798500,1
9,5,2026-06-17T04:18:15.417500+00:00,52.350500,0.899900,8.600000,1,timeseriesScaler_2026-06-17_04.13.28_UTC_000353.pb,287.417500,1,SAFOD-Deep-10mGL-1000HzFs-2mChDualPulse_2026-06-17T041748Z.h5,27.417500,1
9,6,2026-06-17T04:18:23.694500+00:00,60.627500,0.884500,8.300000,1,timeseriesScaler_2026-06-17_04.13.28_UTC_000353.pb,295.694500,1,SAFOD-Deep-10mGL-1000HzFs-2mChDualPulse_2026-06-17T041748Z.h5,35.694500,1
9,7,2026-06-17T04:18:31.942000+00:00,68.875000,0.878200,8.200000,1,timeseriesScaler_2026-06-17_04.18.28_UTC_000354.pb,3.942000,1,SAFOD-Deep-10mGL-1000HzFs-2mChDualPulse_2026-06-17T041748Z.h5,43.942000,1
9,8,2026-06-17T04:18:40.424000+00:00,77.357000,0.879500,8.500000,1,timeseriesScaler_2026-06-17_04.18.28_UTC_000354.pb,12.424000,1,SAFOD-Deep-10mGL-1000HzFs-2mChDualPulse_2026-06-17T041748Z.h5,52.424000,1
9,9,2026-06-17T04:18:48.933500+00:00,85.866500,0.878200,8.500000,1,timeseriesScaler_2026-06-17_04.18.28_UTC_000354.pb,20.933500,1,SAFOD-Deep-10mGL-1000HzFs-2mChDualPulse_2026-06-17T041848Z.h5,0.933500,1
9,10,2026-06-17T04:18:57.480000+00:00,94.413000,0.880200,8.500000,1,timeseriesScaler_2026-06-17_04.18.28_UTC_000354.pb,29.480000,1,SAFOD-Deep-10mGL-1000HzFs-2mChDualPulse_2026-06-17T041848Z.h5,9.480000,1
9,11,2026-06-17T04:19:05.835500+00:00,102.768500,0.890900,8.400000,1,timeseriesScaler_2026-06-17_04.18.28_UTC_000354.pb,37.835500,1,SAFOD-Deep-10mGL-1000HzFs-2mChDualPulse_2026-06-17T041848Z.h5,17.835500,1
9,12,2026-06-17T04:19:14.095000+00:00,111.028000,0.888500,8.300000,1,timeseriesScaler_2026-06-17_04.18.28_UTC_000354.pb,46.095000,1,SAFOD-Deep-10mGL-1000HzFs-2mChDualPulse_2026-06-17T041848Z.h5,26.095000,1
9,13,2026-06-17T04:19:22.399500+00:00,119.332500,0.890800,8.300000,1,timeseriesScaler_2026-06-17_04.18.28_UTC_000354.pb,54.399500,1,SAFOD-Deep-10mGL-1000HzFs-2mChDualPulse_2026-06-17T041848Z.h5,34.399500,1
9,14,2026-06-17T04:19:30.857000+00:00,127.790000,0.893400,8.500000,1,timeseriesScaler_2026-06-17_04.18.28_UTC_000354.pb,62.857000,1,SAFOD-Deep-10mGL-1000HzFs-2mChDualPulse_2026-06-17T041848Z.h5,42.857000,1
9,15,2026-06-17T04:19:39.159000+00:00,136.092000,0.898500,8.300000,1,timeseriesScaler_2026-06-17_04.18.28_UTC_000354.pb,71.159000,1,SAFOD-Deep-10mGL-1000HzFs-2mChDualPulse_2026-06-17T041848Z.h5,51.159000,1
9,16,2026-06-17T04:19:47.379000+00:00,144.312000,0.895900,8.200000,1,timeseriesScaler_2026-06-17_04.18.28_UTC_000354.pb,79.379000,1,SAFOD-Deep-10mGL-1000HzFs-2mChDualPulse_2026-06-17T041848Z.h5,59.379000,1
9,17,2026-06-17T04:19:55.670500+00:00,152.603500,0.888700,8.300000,1,timeseriesScaler_2026-06-17_04.18.28_UTC_000354.pb,87.670500,1,SAFOD-Deep-10mGL-1000HzFs-2mChDualPulse_2026-06-17T041948Z.h5,7.670500,1
9,18,2026-06-17T04:20:05.039500+00:00,161.972500,0.894900,9.400000,1,timeseriesScaler_2026-06-17_04.18.28_UTC_000354.pb,97.039500,1,SAFOD-Deep-10mGL-1000HzFs-2mChDualPulse_2026-06-17T041948Z.h5,17.039500,1
10,0,2026-06-17T04:46:33.612500+00:00,0.000000,0.863900,1588.600000,1,timeseriesScaler_2026-06-17_04.43.28_UTC_000359.pb,185.612500,1,SAFOD-Deep-10mGL-1000HzFs-2mChDualPulse_2026-06-17T044548Z.h5,45.612500,1
10,1,2026-06-17T04:46:43.088000+00:00,9.475500,0.862800,9.500000,1,timeseriesScaler_2026-06-17_04.43.28_UTC_000359.pb,195.088000,1,SAFOD-Deep-10mGL-1000HzFs-2mChDualPulse_2026-06-17T044548Z.h5,55.088000,1
10,2,2026-06-17T04:46:52.362000+00:00,18.749500,0.879800,9.300000,1,timeseriesScaler_2026-06-17_04.43.28_UTC_000359.pb,204.362000,1,SAFOD-Deep-10mGL-1000HzFs-2mChDualPulse_2026-06-17T044648Z.h5,4.362000,1
10,3,2026-06-17T04:47:01.384000+00:00,27.771500,0.876400,9.000000,1,timeseriesScaler_2026-06-17_04.43.28_UTC_000359.pb,213.384000,1,SAFOD-Deep-10mGL-1000HzFs-2mChDualPulse_2026-06-17T044648Z.h5,13.384000,1
10,4,2026-06-17T04:47:10.343000+00:00,36.730500,0.867900,9.000000,1,timeseriesScaler_2026-06-17_04.43.28_UTC_000359.pb,222.343000,1,SAFOD-Deep-10mGL-1000HzFs-2mChDualPulse_2026-06-17T044648Z.h5,22.343000,1
10,5,2026-06-17T04:47:19.226000+00:00,45.613500,0.873400,8.900000,1,timeseriesScaler_2026-06-17_04.43.28_UTC_000359.pb,231.226000,1,SAFOD-Deep-10mGL-1000HzFs-2mChDualPulse_2026-06-17T044648Z.h5,31.226000,1
10,6,2026-06-17T04:47:28.205500+00:00,54.593000,0.873400,9.000000,1,timeseriesScaler_2026-06-17_04.43.28_UTC_000359.pb,240.205500,1,SAFOD-Deep-10mGL-1000HzFs-2mChDualPulse_2026-06-17T044648Z.h5,40.205500,1
10,7,2026-06-17T04:47:37.204500+00:00,63.592000,0.852700,9.000000,1,timeseriesScaler_2026-06-17_04.43.28_UTC_000359.pb,249.204500,1,SAFOD-Deep-10mGL-1000HzFs-2mChDualPulse_2026-06-17T044648Z.h5,49.204500,1
10,8,2026-06-17T04:47:45.837000+00:00,72.224500,0.854700,8.600000,1,timeseriesScaler_2026-06-17_04.43.28_UTC_000359.pb,257.837000,1,SAFOD-Deep-10mGL-1000HzFs-2mChDualPulse_2026-06-17T044648Z.h5,57.837000,1
10,9,2026-06-17T04:47:54.531500+00:00,80.919000,0.851400,8.700000,1,timeseriesScaler_2026-06-17_04.43.28_UTC_000359.pb,266.531500,1,SAFOD-Deep-10mGL-1000HzFs-2mChDualPulse_2026-06-17T044748Z.h5,6.531500,1
10,10,2026-06-17T04:48:03.046000+00:00,89.433500,0.849900,8.500000,1,timeseriesScaler_2026-06-17_04.43.28_UTC_000359.pb,275.046000,1,SAFOD-Deep-10mGL-1000HzFs-2mChDualPulse_2026-06-17T044748Z.h5,15.046000,1
10,11,2026-06-17T04:48:12.019000+00:00,98.406500,0.813000,9.000000,1,timeseriesScaler_2026-06-17_04.43.28_UTC_000359.pb,284.019000,1,SAFOD-Deep-10mGL-1000HzFs-2mChDualPulse_2026-06-17T044748Z.h5,24.019000,1
10,12,2026-06-17T04:48:20.902500+00:00,107.290000,0.859100,8.900000,1,timeseriesScaler_2026-06-17_04.43.28_UTC_000359.pb,292.902500,1,SAFOD-Deep-10mGL-1000HzFs-2mChDualPulse_2026-06-17T044748Z.h5,32.902500,1
10,13,2026-06-17T04:48:29.784500+00:00,116.172000,0.858100,8.900000,1,timeseriesScaler_2026-06-17_04.48.28_UTC_000360.pb,1.784500,1,SAFOD-Deep-10mGL-1000HzFs-2mChDualPulse_2026-06-17T044748Z.h5,41.784500,1
10,14,2026-06-17T04:48:38.865500+00:00,125.253000,0.794000,9.100000,1,timeseriesScaler_2026-06-17_04.48.28_UTC_000360.pb,10.865500,1,SAFOD-Deep-10mGL-1000HzFs-2mChDualPulse_2026-06-17T044748Z.h5,50.865500,1
10,15,2026-06-17T04:48:47.411500+00:00,133.799000,0.856000,8.500000,1,timeseriesScaler_2026-06-17_04.48.28_UTC_000360.pb,19.411500,1,SAFOD-Deep-10mGL-1000HzFs-2mChDualPulse_2026-06-17T044748Z.h5,59.411500,1
10,16,2026-06-17T04:48:55.825500+00:00,142.213000,0.842800,8.400000,1,timeseriesScaler_2026-06-17_04.48.28_UTC_000360.pb,27.825500,1,SAFOD-Deep-10mGL-1000HzFs-2mChDualPulse_2026-06-17T044848Z.h5,7.825500,1
10,17,2026-06-17T04:49:05.756500+00:00,152.144000,0.826100,9.900000,1,timeseriesScaler_2026-06-17_04.48.28_UTC_000360.pb,37.756500,1,SAFOD-Deep-10mGL-1000HzFs-2mChDualPulse_2026-06-17T044848Z.h5,17.756500,1
10,18,2026-06-17T04:49:14.888500+00:00,161.276000,0.803600,9.100000,1,timeseriesScaler_2026-06-17_04.48.28_UTC_000360.pb,46.888500,1,SAFOD-Deep-10mGL-1000HzFs-2mChDualPulse_2026-06-17T044848Z.h5,26.888500,1
10,19,2026-06-17T04:49:23.633000+00:00,170.020500,0.824800,8.700000,1,timeseriesScaler_2026-06-17_04.48.28_UTC_000360.pb,55.633000,1,SAFOD-Deep-10mGL-1000HzFs-2mChDualPulse_2026-06-17T044848Z.h5,35.633000,1
11,0,2026-06-17T05:17:19.764000+00:00,0.000000,0.788200,1676.100000,1,timeseriesScaler_2026-06-17_05.13.28_UTC_000365.pb,231.764000,1,SAFOD-Deep-10mGL-1000HzFs-2mChDualPulse_2026-06-17T051648Z.h5,31.764000,1
11,1,2026-06-17T05:17:29.313000+00:00,9.549000,0.828100,9.500000,1,timeseriesScaler_2026-06-17_05.13.28_UTC_000365.pb,241.313000,1,SAFOD-Deep-10mGL-1000HzFs-2mChDualPulse_2026-06-17T051648Z.h5,41.313000,1
11,2,2026-06-17T05:17:38.740500+00:00,18.976500,0.822700,9.400000,1,timeseriesScaler_2026-06-17_05.13.28_UTC_000365.pb,250.740500,1,SAFOD-Deep-10mGL-1000HzFs-2mChDualPulse_2026-06-17T051648Z.h5,50.740500,1
11,3,2026-06-17T05:17:47.983000+00:00,28.219000,0.776700,9.200000,1,timeseriesScaler_2026-06-17_05.13.28_UTC_000365.pb,259.983000,1,SAFOD-Deep-10mGL-1000HzFs-2mChDualPulse_2026-06-17T051648Z.h5,59.983000,1
11,4,2026-06-17T05:17:57.138500+00:00,37.374500,0.833500,9.200000,1,timeseriesScaler_2026-06-17_05.13.28_UTC_000365.pb,269.138500,1,SAFOD-Deep-10mGL-1000HzFs-2mChDualPulse_2026-06-17T051748Z.h5,9.138500,1
11,5,2026-06-17T05:18:05.868000+00:00,46.104000,0.799500,8.700000,1,timeseriesScaler_2026-06-17_05.13.28_UTC_000365.pb,277.868000,1,SAFOD-Deep-10mGL-1000HzFs-2mChDualPulse_2026-06-17T051748Z.h5,17.868000,1
11,6,2026-06-17T05:18:15.338000+00:00,55.574000,0.823100,9.500000,1,timeseriesScaler_2026-06-17_05.13.28_UTC_000365.pb,287.338000,1,SAFOD-Deep-10mGL-1000HzFs-2mChDualPulse_2026-06-17T051748Z.h5,27.338000,1
11,7,2026-06-17T05:18:24.477500+00:00,64.713500,0.836400,9.100000,1,timeseriesScaler_2026-06-17_05.13.28_UTC_000365.pb,296.477500,1,SAFOD-Deep-10mGL-1000HzFs-2mChDualPulse_2026-06-17T051748Z.h5,36.477500,1
11,8,2026-06-17T05:18:33.764500+00:00,74.000500,0.771700,9.300000,1,timeseriesScaler_2026-06-17_05.18.28_UTC_000366.pb,5.764500,1,SAFOD-Deep-10mGL-1000HzFs-2mChDualPulse_2026-06-17T051748Z.h5,45.764500,1
11,9,2026-06-17T05:18:42.431000+00:00,82.667000,0.828500,8.700000,1,timeseriesScaler_2026-06-17_05.18.28_UTC_000366.pb,14.431000,1,SAFOD-Deep-10mGL-1000HzFs-2mChDualPulse_2026-06-17T051748Z.h5,54.431000,1
11,10,2026-06-17T05:18:51.988000+00:00,92.224000,0.820000,9.600000,1,timeseriesScaler_2026-06-17_05.18.28_UTC_000366.pb,23.988000,1,SAFOD-Deep-10mGL-1000HzFs-2mChDualPulse_2026-06-17T051848Z.h5,3.988000,1
11,11,2026-06-17T05:19:01.218000+00:00,101.454000,0.842500,9.200000,1,timeseriesScaler_2026-06-17_05.18.28_UTC_000366.pb,33.218000,1,SAFOD-Deep-10mGL-1000HzFs-2mChDualPulse_2026-06-17T051848Z.h5,13.218000,1
11,12,2026-06-17T05:19:10.609500+00:00,110.845500,0.831800,9.400000,1,timeseriesScaler_2026-06-17_05.18.28_UTC_000366.pb,42.609500,1,SAFOD-Deep-10mGL-1000HzFs-2mChDualPulse_2026-06-17T051848Z.h5,22.609500,1
11,13,2026-06-17T05:19:19.516500+00:00,119.752500,0.761000,8.900000,1,timeseriesScaler_2026-06-17_05.18.28_UTC_000366.pb,51.516500,1,SAFOD-Deep-10mGL-1000HzFs-2mChDualPulse_2026-06-17T051848Z.h5,31.516500,1
11,14,2026-06-17T05:19:28.323000+00:00,128.559000,0.773900,8.800000,1,timeseriesScaler_2026-06-17_05.18.28_UTC_000366.pb,60.323000,1,SAFOD-Deep-10mGL-1000HzFs-2mChDualPulse_2026-06-17T051848Z.h5,40.323000,1
11,15,2026-06-17T05:19:37.113500+00:00,137.349500,0.753000,8.800000,1,timeseriesScaler_2026-06-17_05.18.28_UTC_000366.pb,69.113500,1,SAFOD-Deep-10mGL-1000HzFs-2mChDualPulse_2026-06-17T051848Z.h5,49.113500,1
11,16,2026-06-17T05:19:46.217500+00:00,146.453500,0.759300,9.100000,1,timeseriesScaler_2026-06-17_05.18.28_UTC_000366.pb,78.217500,1,SAFOD-Deep-10mGL-1000HzFs-2mChDualPulse_2026-06-17T051848Z.h5,58.217500,1
11,17,2026-06-17T05:19:55.787000+00:00,156.023000,0.767500,9.600000,1,timeseriesScaler_2026-06-17_05.18.28_UTC_000366.pb,87.787000,1,SAFOD-Deep-10mGL-1000HzFs-2mChDualPulse_2026-06-17T051948Z.h5,7.787000,1
11,18,2026-06-17T05:20:05.030500+00:00,165.266500,0.809800,9.200000,1,timeseriesScaler_2026-06-17_05.18.28_UTC_000366.pb,97.030500,1,SAFOD-Deep-10mGL-1000HzFs-2mChDualPulse_2026-06-17T051948Z.h5,17.030500,1
11,19,2026-06-17T05:20:14.033000+00:00,174.269000,0.794600,9.000000,1,timeseriesScaler_2026-06-17_05.18.28_UTC_000366.pb,106.033000,1,SAFOD-Deep-10mGL-1000HzFs-2mChDualPulse_2026-06-17T051948Z.h5,26.033000,1
12,0,2026-06-17T05:47:22.978500+00:00,0.000000,0.680200,1628.900000,1,timeseriesScaler_2026-06-17_05.43.28_UTC_000371.pb,234.978500,1,SAFOD-Deep-10mGL-1000HzFs-2mChDualPulse_2026-06-17T054648Z.h5,34.978500,1
12,1,2026-06-17T05:47:31.757500+00:00,8.779000,0.874200,8.800000,1,timeseriesScaler_2026-06-17_05.43.28_UTC_000371.pb,243.757500,1,SAFOD-Deep-10mGL-1000HzFs-2mChDualPulse_2026-06-17T054648Z.h5,43.757500,1
12,2,2026-06-17T05:47:41.671000+00:00,18.692500,0.904100,9.900000,1,timeseriesScaler_2026-06-17_05.43.28_UTC_000371.pb,253.671000,1,SAFOD-Deep-10mGL-1000HzFs-2mChDualPulse_2026-06-17T054648Z.h5,53.671000,1
12,3,2026-06-17T05:47:51.684000+00:00,28.705500,0.897700,10.000000,1,timeseriesScaler_2026-06-17_05.43.28_UTC_000371.pb,263.684000,1,SAFOD-Deep-10mGL-1000HzFs-2mChDualPulse_2026-06-17T054748Z.h5,3.684000,1
12,4,2026-06-17T05:48:00.485000+00:00,37.506500,0.874500,8.800000,1,timeseriesScaler_2026-06-17_05.43.28_UTC_000371.pb,272.485000,1,SAFOD-Deep-10mGL-1000HzFs-2mChDualPulse_2026-06-17T054748Z.h5,12.485000,1
12,5,2026-06-17T05:48:09.349000+00:00,46.370500,0.869100,8.900000,1,timeseriesScaler_2026-06-17_05.43.28_UTC_000371.pb,281.349000,1,SAFOD-Deep-10mGL-1000HzFs-2mChDualPulse_2026-06-17T054748Z.h5,21.349000,1
12,6,2026-06-17T05:48:18.267500+00:00,55.289000,0.872200,8.900000,1,timeseriesScaler_2026-06-17_05.43.28_UTC_000371.pb,290.267500,1,SAFOD-Deep-10mGL-1000HzFs-2mChDualPulse_2026-06-17T054748Z.h5,30.267500,1
12,7,2026-06-17T05:48:27.054500+00:00,64.076000,0.881800,8.800000,1,timeseriesScaler_2026-06-17_05.43.28_UTC_000371.pb,299.054500,1,SAFOD-Deep-10mGL-1000HzFs-2mChDualPulse_2026-06-17T054748Z.h5,39.054500,1
12,8,2026-06-17T05:48:35.670000+00:00,72.691500,0.866300,8.600000,1,timeseriesScaler_2026-06-17_05.48.28_UTC_000372.pb,7.670000,1,SAFOD-Deep-10mGL-1000HzFs-2mChDualPulse_2026-06-17T054748Z.h5,47.670000,1
12,9,2026-06-17T05:48:44.588000+00:00,81.609500,0.863600,8.900000,1,timeseriesScaler_2026-06-17_05.48.28_UTC_000372.pb,16.588000,1,SAFOD-Deep-10mGL-1000HzFs-2mChDualPulse_2026-06-17T054748Z.h5,56.588000,1
12,10,2026-06-17T05:48:53.513500+00:00,90.535000,0.850100,8.900000,1,timeseriesScaler_2026-06-17_05.48.28_UTC_000372.pb,25.513500,1,SAFOD-Deep-10mGL-1000HzFs-2mChDualPulse_2026-06-17T054848Z.h5,5.513500,1
12,11,2026-06-17T05:49:03.253000+00:00,100.274500,0.864600,9.700000,1,timeseriesScaler_2026-06-17_05.48.28_UTC_000372.pb,35.253000,1,SAFOD-Deep-10mGL-1000HzFs-2mChDualPulse_2026-06-17T054848Z.h5,15.253000,1
12,12,2026-06-17T05:49:12.264000+00:00,109.285500,0.851500,9.000000,1,timeseriesScaler_2026-06-17_05.48.28_UTC_000372.pb,44.264000,1,SAFOD-Deep-10mGL-1000HzFs-2mChDualPulse_2026-06-17T054848Z.h5,24.264000,1
12,13,2026-06-17T05:49:21.104500+00:00,118.126000,0.864100,8.800000,1,timeseriesScaler_2026-06-17_05.48.28_UTC_000372.pb,53.104500,1,SAFOD-Deep-10mGL-1000HzFs-2mChDualPulse_2026-06-17T054848Z.h5,33.104500,1
12,14,2026-06-17T05:49:29.810500+00:00,126.832000,0.865000,8.700000,1,timeseriesScaler_2026-06-17_05.48.28_UTC_000372.pb,61.810500,1,SAFOD-Deep-10mGL-1000HzFs-2mChDualPulse_2026-06-17T054848Z.h5,41.810500,1
12,15,2026-06-17T05:49:38.516500+00:00,135.538000,0.858700,8.700000,1,timeseriesScaler_2026-06-17_05.48.28_UTC_000372.pb,70.516500,1,SAFOD-Deep-10mGL-1000HzFs-2mChDualPulse_2026-06-17T054848Z.h5,50.516500,1
12,16,2026-06-17T05:49:47.065000+00:00,144.086500,0.860400,8.500000,1,timeseriesScaler_2026-06-17_05.48.28_UTC_000372.pb,79.065000,1,SAFOD-Deep-10mGL-1000HzFs-2mChDualPulse_2026-06-17T054848Z.h5,59.065000,1
12,17,2026-06-17T05:49:55.988500+00:00,153.010000,0.836300,8.900000,1,timeseriesScaler_2026-06-17_05.48.28_UTC_000372.pb,87.988500,1,SAFOD-Deep-10mGL-1000HzFs-2mChDualPulse_2026-06-17T054948Z.h5,7.988500,1
12,18,2026-06-17T05:50:04.800500+00:00,161.822000,0.833800,8.800000,1,timeseriesScaler_2026-06-17_05.48.28_UTC_000372.pb,96.800500,1,SAFOD-Deep-10mGL-1000HzFs-2mChDualPulse_2026-06-17T054948Z.h5,16.800500,1
12,19,2026-06-17T05:50:13.139500+00:00,170.161000,0.850900,8.300000,1,timeseriesScaler_2026-06-17_05.48.28_UTC_000372.pb,105.139500,1,SAFOD-Deep-10mGL-1000HzFs-2mChDualPulse_2026-06-17T054948Z.h5,25.139500,1
13,0,2026-06-17T06:17:40.282500+00:00,0.000000,0.816700,1647.100000,1,timeseriesScaler_2026-06-17_06.13.28_UTC_000377.pb,252.282500,1,SAFOD-Deep-10mGL-1000HzFs-2mChDualPulse_2026-06-17T061648Z.h5,52.282500,1
13,1,2026-06-17T06:17:48.972000+00:00,8.689500,0.820600,8.700000,1,timeseriesScaler_2026-06-17_06.13.28_UTC_000377.pb,260.972000,1,SAFOD-Deep-10mGL-1000HzFs-2mChDualPulse_2026-06-17T061748Z.h5,0.972000,1
13,2,2026-06-17T06:17:57.727500+00:00,17.445000,0.832100,8.800000,1,timeseriesScaler_2026-06-17_06.13.28_UTC_000377.pb,269.727500,1,SAFOD-Deep-10mGL-1000HzFs-2mChDualPulse_2026-06-17T061748Z.h5,9.727500,1
13,3,2026-06-17T06:18:06.666000+00:00,26.383500,0.825700,8.900000,1,timeseriesScaler_2026-06-17_06.13.28_UTC_000377.pb,278.666000,1,SAFOD-Deep-10mGL-1000HzFs-2mChDualPulse_2026-06-17T061748Z.h5,18.666000,1
13,4,2026-06-17T06:18:15.110000+00:00,34.827500,0.843200,8.400000,1,timeseriesScaler_2026-06-17_06.13.28_UTC_000377.pb,287.110000,1,SAFOD-Deep-10mGL-1000HzFs-2mChDualPulse_2026-06-17T061748Z.h5,27.110000,1
13,5,2026-06-17T06:18:23.569000+00:00,43.286500,0.846300,8.500000,1,timeseriesScaler_2026-06-17_06.13.28_UTC_000377.pb,295.569000,1,SAFOD-Deep-10mGL-1000HzFs-2mChDualPulse_2026-06-17T061748Z.h5,35.569000,1
13,6,2026-06-17T06:18:32.002000+00:00,51.719500,0.832700,8.400000,1,timeseriesScaler_2026-06-17_06.18.28_UTC_000378.pb,4.002000,1,SAFOD-Deep-10mGL-1000HzFs-2mChDualPulse_2026-06-17T061748Z.h5,44.002000,1
13,7,2026-06-17T06:18:41.159500+00:00,60.877000,0.855900,9.200000,1,timeseriesScaler_2026-06-17_06.18.28_UTC_000378.pb,13.159500,1,SAFOD-Deep-10mGL-1000HzFs-2mChDualPulse_2026-06-17T061748Z.h5,53.159500,1
13,8,2026-06-17T06:18:50.237500+00:00,69.955000,0.828200,9.100000,1,timeseriesScaler_2026-06-17_06.18.28_UTC_000378.pb,22.237500,1,SAFOD-Deep-10mGL-1000HzFs-2mChDualPulse_2026-06-17T061848Z.h5,2.237500,1
13,9,2026-06-17T06:18:58.902000+00:00,78.619500,0.842900,8.700000,1,timeseriesScaler_2026-06-17_06.18.28_UTC_000378.pb,30.902000,1,SAFOD-Deep-10mGL-1000HzFs-2mChDualPulse_2026-06-17T061848Z.h5,10.902000,1
13,10,2026-06-17T06:19:07.663500+00:00,87.381000,0.841600,8.800000,1,timeseriesScaler_2026-06-17_06.18.28_UTC_000378.pb,39.663500,1,SAFOD-Deep-10mGL-1000HzFs-2mChDualPulse_2026-06-17T061848Z.h5,19.663500,1
13,11,2026-06-17T06:19:16.171500+00:00,95.889000,0.821900,8.500000,1,timeseriesScaler_2026-06-17_06.18.28_UTC_000378.pb,48.171500,1,SAFOD-Deep-10mGL-1000HzFs-2mChDualPulse_2026-06-17T061848Z.h5,28.171500,1
13,12,2026-06-17T06:19:24.652500+00:00,104.370000,0.842400,8.500000,1,timeseriesScaler_2026-06-17_06.18.28_UTC_000378.pb,56.652500,1,SAFOD-Deep-10mGL-1000HzFs-2mChDualPulse_2026-06-17T061848Z.h5,36.652500,1
13,13,2026-06-17T06:19:33.059500+00:00,112.777000,0.845200,8.400000,1,timeseriesScaler_2026-06-17_06.18.28_UTC_000378.pb,65.059500,1,SAFOD-Deep-10mGL-1000HzFs-2mChDualPulse_2026-06-17T061848Z.h5,45.059500,1
13,14,2026-06-17T06:19:41.518500+00:00,121.236000,0.838000,8.500000,1,timeseriesScaler_2026-06-17_06.18.28_UTC_000378.pb,73.518500,1,SAFOD-Deep-10mGL-1000HzFs-2mChDualPulse_2026-06-17T061848Z.h5,53.518500,1
13,15,2026-06-17T06:19:50.075000+00:00,129.792500,0.837500,8.600000,1,timeseriesScaler_2026-06-17_06.18.28_UTC_000378.pb,82.075000,1,SAFOD-Deep-10mGL-1000HzFs-2mChDualPulse_2026-06-17T061948Z.h5,2.075000,1
13,16,2026-06-17T06:19:58.285000+00:00,138.002500,0.853100,8.200000,1,timeseriesScaler_2026-06-17_06.18.28_UTC_000378.pb,90.285000,1,SAFOD-Deep-10mGL-1000HzFs-2mChDualPulse_2026-06-17T061948Z.h5,10.285000,1
13,17,2026-06-17T06:20:06.362500+00:00,146.080000,0.808500,8.100000,1,timeseriesScaler_2026-06-17_06.18.28_UTC_000378.pb,98.362500,1,SAFOD-Deep-10mGL-1000HzFs-2mChDualPulse_2026-06-17T061948Z.h5,18.362500,1
13,18,2026-06-17T06:20:14.856500+00:00,154.574000,0.844900,8.500000,1,timeseriesScaler_2026-06-17_06.18.28_UTC_000378.pb,106.856500,1,SAFOD-Deep-10mGL-1000HzFs-2mChDualPulse_2026-06-17T061948Z.h5,26.856500,1
13,19,2026-06-17T06:20:23.301000+00:00,163.018500,0.821900,8.400000,1,timeseriesScaler_2026-06-17_06.18.28_UTC_000378.pb,115.301000,1,SAFOD-Deep-10mGL-1000HzFs-2mChDualPulse_2026-06-17T061948Z.h5,35.301000,1
14,0,2026-06-17T06:47:57.203500+00:00,0.000000,0.818800,1653.900000,1,timeseriesScaler_2026-06-17_06.43.28_UTC_000383.pb,269.203500,1,SAFOD-Deep-10mGL-1000HzFs-2mChDualPulse_2026-06-17T064748Z.h5,9.203500,1
14,1,2026-06-17T06:48:06.163500+00:00,8.960000,0.769900,9.000000,1,timeseriesScaler_2026-06-17_06.43.28_UTC_000383.pb,278.163500,1,SAFOD-Deep-10mGL-1000HzFs-2mChDualPulse_2026-06-17T064748Z.h5,18.163500,1
14,2,2026-06-17T06:48:14.961500+00:00,17.758000,0.786400,8.800000,1,timeseriesScaler_2026-06-17_06.43.28_UTC_000383.pb,286.961500,1,SAFOD-Deep-10mGL-1000HzFs-2mChDualPulse_2026-06-17T064748Z.h5,26.961500,1
14,3,2026-06-17T06:48:23.697500+00:00,26.494000,0.810600,8.700000,1,timeseriesScaler_2026-06-17_06.43.28_UTC_000383.pb,295.697500,1,SAFOD-Deep-10mGL-1000HzFs-2mChDualPulse_2026-06-17T064748Z.h5,35.697500,1
14,4,2026-06-17T06:48:32.134000+00:00,34.930500,0.835700,8.400000,1,timeseriesScaler_2026-06-17_06.48.28_UTC_000384.pb,4.134000,1,SAFOD-Deep-10mGL-1000HzFs-2mChDualPulse_2026-06-17T064748Z.h5,44.134000,1
14,5,2026-06-17T06:48:40.433500+00:00,43.230000,0.793400,8.300000,1,timeseriesScaler_2026-06-17_06.48.28_UTC_000384.pb,12.433500,1,SAFOD-Deep-10mGL-1000HzFs-2mChDualPulse_2026-06-17T064748Z.h5,52.433500,1
14,6,2026-06-17T06:48:49.184000+00:00,51.980500,0.787600,8.800000,1,timeseriesScaler_2026-06-17_06.48.28_UTC_000384.pb,21.184000,1,SAFOD-Deep-10mGL-1000HzFs-2mChDualPulse_2026-06-17T064848Z.h5,1.184000,1
14,7,2026-06-17T06:48:57.545500+00:00,60.342000,0.837200,8.400000,1,timeseriesScaler_2026-06-17_06.48.28_UTC_000384.pb,29.545500,1,SAFOD-Deep-10mGL-1000HzFs-2mChDualPulse_2026-06-17T064848Z.h5,9.545500,1
14,8,2026-06-17T06:49:06.142000+00:00,68.938500,0.845100,8.600000,1,timeseriesScaler_2026-06-17_06.48.28_UTC_000384.pb,38.142000,1,SAFOD-Deep-10mGL-1000HzFs-2mChDualPulse_2026-06-17T064848Z.h5,18.142000,1
14,9,2026-06-17T06:49:14.715500+00:00,77.512000,0.838100,8.600000,1,timeseriesScaler_2026-06-17_06.48.28_UTC_000384.pb,46.715500,1,SAFOD-Deep-10mGL-1000HzFs-2mChDualPulse_2026-06-17T064848Z.h5,26.715500,1
14,10,2026-06-17T06:49:23.432000+00:00,86.228500,0.836200,8.700000,1,timeseriesScaler_2026-06-17_06.48.28_UTC_000384.pb,55.432000,1,SAFOD-Deep-10mGL-1000HzFs-2mChDualPulse_2026-06-17T064848Z.h5,35.432000,1
14,11,2026-06-17T06:49:32.164000+00:00,94.960500,0.845600,8.700000,1,timeseriesScaler_2026-06-17_06.48.28_UTC_000384.pb,64.164000,1,SAFOD-Deep-10mGL-1000HzFs-2mChDualPulse_2026-06-17T064848Z.h5,44.164000,1
14,12,2026-06-17T06:49:41.673500+00:00,104.470000,0.855600,9.500000,1,timeseriesScaler_2026-06-17_06.48.28_UTC_000384.pb,73.673500,1,SAFOD-Deep-10mGL-1000HzFs-2mChDualPulse_2026-06-17T064848Z.h5,53.673500,1
14,13,2026-06-17T06:49:50.471000+00:00,113.267500,0.833700,8.800000,1,timeseriesScaler_2026-06-17_06.48.28_UTC_000384.pb,82.471000,1,SAFOD-Deep-10mGL-1000HzFs-2mChDualPulse_2026-06-17T064948Z.h5,2.471000,1
14,14,2026-06-17T06:49:59.018000+00:00,121.814500,0.760100,8.500000,1,timeseriesScaler_2026-06-17_06.48.28_UTC_000384.pb,91.018000,1,SAFOD-Deep-10mGL-1000HzFs-2mChDualPulse_2026-06-17T064948Z.h5,11.018000,1
14,15,2026-06-17T06:50:07.931500+00:00,130.728000,0.830700,8.900000,1,timeseriesScaler_2026-06-17_06.48.28_UTC_000384.pb,99.931500,1,SAFOD-Deep-10mGL-1000HzFs-2mChDualPulse_2026-06-17T064948Z.h5,19.931500,1
14,16,2026-06-17T06:50:16.323000+00:00,139.119500,0.814100,8.400000,1,timeseriesScaler_2026-06-17_06.48.28_UTC_000384.pb,108.323000,1,SAFOD-Deep-10mGL-1000HzFs-2mChDualPulse_2026-06-17T064948Z.h5,28.323000,1
14,17,2026-06-17T06:50:24.939500+00:00,147.736000,0.764800,8.600000,1,timeseriesScaler_2026-06-17_06.48.28_UTC_000384.pb,116.939500,1,SAFOD-Deep-10mGL-1000HzFs-2mChDualPulse_2026-06-17T064948Z.h5,36.939500,1
14,18,2026-06-17T06:50:33.404500+00:00,156.201000,0.826300,8.500000,1,timeseriesScaler_2026-06-17_06.48.28_UTC_000384.pb,125.404500,1,SAFOD-Deep-10mGL-1000HzFs-2mChDualPulse_2026-06-17T064948Z.h5,45.404500,1
14,19,2026-06-17T06:50:41.870500+00:00,164.667000,0.765300,8.500000,1,timeseriesScaler_2026-06-17_06.48.28_UTC_000384.pb,133.870500,1,SAFOD-Deep-10mGL-1000HzFs-2mChDualPulse_2026-06-17T064948Z.h5,53.870500,1
15,0,2026-06-17T07:17:59.428000+00:00,0.000000,0.836900,1637.600000,1,timeseriesScaler_2026-06-17_07.13.28_UTC_000389.pb,271.428000,1,SAFOD-Deep-10mGL-1000HzFs-2mChDualPulse_2026-06-17T071748Z.h5,11.428000,1
15,1,2026-06-17T07:18:08.288500+00:00,8.860500,0.756800,8.900000,1,timeseriesScaler_2026-06-17_07.13.28_UTC_000389.pb,280.288500,1,SAFOD-Deep-10mGL-1000HzFs-2mChDualPulse_2026-06-17T071748Z.h5,20.288500,1
15,2,2026-06-17T07:18:16.868000+00:00,17.440000,0.786500,8.600000,1,timeseriesScaler_2026-06-17_07.13.28_UTC_000389.pb,288.868000,1,SAFOD-Deep-10mGL-1000HzFs-2mChDualPulse_2026-06-17T071748Z.h5,28.868000,1
15,3,2026-06-17T07:18:25.369500+00:00,25.941500,0.844700,8.500000,1,timeseriesScaler_2026-06-17_07.13.28_UTC_000389.pb,297.369500,1,SAFOD-Deep-10mGL-1000HzFs-2mChDualPulse_2026-06-17T071748Z.h5,37.369500,1
15,4,2026-06-17T07:18:33.809500+00:00,34.381500,0.840900,8.400000,1,timeseriesScaler_2026-06-17_07.18.28_UTC_000390.pb,5.809500,1,SAFOD-Deep-10mGL-1000HzFs-2mChDualPulse_2026-06-17T071748Z.h5,45.809500,1
15,5,2026-06-17T07:18:42.549000+00:00,43.121000,0.857300,8.700000,1,timeseriesScaler_2026-06-17_07.18.28_UTC_000390.pb,14.549000,1,SAFOD-Deep-10mGL-1000HzFs-2mChDualPulse_2026-06-17T071748Z.h5,54.549000,1
15,6,2026-06-17T07:18:51.127000+00:00,51.699000,0.798000,8.600000,1,timeseriesScaler_2026-06-17_07.18.28_UTC_000390.pb,23.127000,1,SAFOD-Deep-10mGL-1000HzFs-2mChDualPulse_2026-06-17T071848Z.h5,3.127000,1
15,7,2026-06-17T07:18:59.431500+00:00,60.003500,0.851100,8.300000,1,timeseriesScaler_2026-06-17_07.18.28_UTC_000390.pb,31.431500,1,SAFOD-Deep-10mGL-1000HzFs-2mChDualPulse_2026-06-17T071848Z.h5,11.431500,1
15,8,2026-06-17T07:19:07.856000+00:00,68.428000,0.855200,8.400000,1,timeseriesScaler_2026-06-17_07.18.28_UTC_000390.pb,39.856000,1,SAFOD-Deep-10mGL-1000HzFs-2mChDualPulse_2026-06-17T071848Z.h5,19.856000,1
15,9,2026-06-17T07:19:16.497500+00:00,77.069500,0.844500,8.600000,1,timeseriesScaler_2026-06-17_07.18.28_UTC_000390.pb,48.497500,1,SAFOD-Deep-10mGL-1000HzFs-2mChDualPulse_2026-06-17T071848Z.h5,28.497500,1
15,10,2026-06-17T07:19:24.924000+00:00,85.496000,0.849000,8.400000,1,timeseriesScaler_2026-06-17_07.18.28_UTC_000390.pb,56.924000,1,SAFOD-Deep-10mGL-1000HzFs-2mChDualPulse_2026-06-17T071848Z.h5,36.924000,1
15,11,2026-06-17T07:19:33.120000+00:00,93.692000,0.852800,8.200000,1,timeseriesScaler_2026-06-17_07.18.28_UTC_000390.pb,65.120000,1,SAFOD-Deep-10mGL-1000HzFs-2mChDualPulse_2026-06-17T071848Z.h5,45.120000,1
15,12,2026-06-17T07:19:41.674500+00:00,102.246500,0.827400,8.600000,1,timeseriesScaler_2026-06-17_07.18.28_UTC_000390.pb,73.674500,1,SAFOD-Deep-10mGL-1000HzFs-2mChDualPulse_2026-06-17T071848Z.h5,53.674500,1
15,13,2026-06-17T07:19:50.786500+00:00,111.358500,0.844700,9.100000,1,timeseriesScaler_2026-06-17_07.18.28_UTC_000390.pb,82.786500,1,SAFOD-Deep-10mGL-1000HzFs-2mChDualPulse_2026-06-17T071948Z.h5,2.786500,1
15,14,2026-06-17T07:19:59.999500+00:00,120.571500,0.821100,9.200000,1,timeseriesScaler_2026-06-17_07.18.28_UTC_000390.pb,91.999500,1,SAFOD-Deep-10mGL-1000HzFs-2mChDualPulse_2026-06-17T071948Z.h5,11.999500,1
15,15,2026-06-17T07:20:08.730000+00:00,129.302000,0.852400,8.700000,1,timeseriesScaler_2026-06-17_07.18.28_UTC_000390.pb,100.730000,1,SAFOD-Deep-10mGL-1000HzFs-2mChDualPulse_2026-06-17T071948Z.h5,20.730000,1
15,16,2026-06-17T07:20:17.412500+00:00,137.984500,0.827300,8.700000,1,timeseriesScaler_2026-06-17_07.18.28_UTC_000390.pb,109.412500,1,SAFOD-Deep-10mGL-1000HzFs-2mChDualPulse_2026-06-17T071948Z.h5,29.412500,1
15,17,2026-06-17T07:20:25.955000+00:00,146.527000,0.834800,8.500000,1,timeseriesScaler_2026-06-17_07.18.28_UTC_000390.pb,117.955000,1,SAFOD-Deep-10mGL-1000HzFs-2mChDualPulse_2026-06-17T071948Z.h5,37.955000,1
15,18,2026-06-17T07:20:34.423500+00:00,154.995500,0.852400,8.500000,1,timeseriesScaler_2026-06-17_07.18.28_UTC_000390.pb,126.423500,1,SAFOD-Deep-10mGL-1000HzFs-2mChDualPulse_2026-06-17T071948Z.h5,46.423500,1
15,19,2026-06-17T07:20:43.034000+00:00,163.606000,0.853700,8.600000,1,timeseriesScaler_2026-06-17_07.18.28_UTC_000390.pb,135.034000,1,SAFOD-Deep-10mGL-1000HzFs-2mChDualPulse_2026-06-17T071948Z.h5,55.034000,1
16,0,2026-06-17T07:48:23.707500+00:00,0.000000,0.850000,1660.700000,1,timeseriesScaler_2026-06-17_07.43.28_UTC_000395.pb,295.707500,1,SAFOD-Deep-10mGL-1000HzFs-2mChDualPulse_2026-06-17T074748Z.h5,35.707500,1
16,1,2026-06-17T07:48:32.220500+00:00,8.513000,0.847000,8.500000,1,timeseriesScaler_2026-06-17_07.48.28_UTC_000396.pb,4.220500,1,SAFOD-Deep-10mGL-1000HzFs-2mChDualPulse_2026-06-17T074748Z.h5,44.220500,1
16,2,2026-06-17T07:48:41.178000+00:00,17.470500,0.840100,9.000000,1,timeseriesScaler_2026-06-17_07.48.28_UTC_000396.pb,13.178000,1,SAFOD-Deep-10mGL-1000HzFs-2mChDualPulse_2026-06-17T074748Z.h5,53.178000,1
16,3,2026-06-17T07:48:51.165500+00:00,27.458000,0.849300,10.000000,1,timeseriesScaler_2026-06-17_07.48.28_UTC_000396.pb,23.165500,1,SAFOD-Deep-10mGL-1000HzFs-2mChDualPulse_2026-06-17T074848Z.h5,3.165500,1
16,4,2026-06-17T07:49:00.072000+00:00,36.364500,0.845800,8.900000,1,timeseriesScaler_2026-06-17_07.48.28_UTC_000396.pb,32.072000,1,SAFOD-Deep-10mGL-1000HzFs-2mChDualPulse_2026-06-17T074848Z.h5,12.072000,1
16,5,2026-06-17T07:49:09.024000+00:00,45.316500,0.842500,9.000000,1,timeseriesScaler_2026-06-17_07.48.28_UTC_000396.pb,41.024000,1,SAFOD-Deep-10mGL-1000HzFs-2mChDualPulse_2026-06-17T074848Z.h5,21.024000,1
16,6,2026-06-17T07:49:17.954000+00:00,54.246500,0.808300,8.900000,1,timeseriesScaler_2026-06-17_07.48.28_UTC_000396.pb,49.954000,1,SAFOD-Deep-10mGL-1000HzFs-2mChDualPulse_2026-06-17T074848Z.h5,29.954000,1
16,7,2026-06-17T07:49:26.833500+00:00,63.126000,0.845300,8.900000,1,timeseriesScaler_2026-06-17_07.48.28_UTC_000396.pb,58.833500,1,SAFOD-Deep-10mGL-1000HzFs-2mChDualPulse_2026-06-17T074848Z.h5,38.833500,1
16,8,2026-06-17T07:49:35.380000+00:00,71.672500,0.850800,8.500000,1,timeseriesScaler_2026-06-17_07.48.28_UTC_000396.pb,67.380000,1,SAFOD-Deep-10mGL-1000HzFs-2mChDualPulse_2026-06-17T074848Z.h5,47.380000,1
16,9,2026-06-17T07:49:44.088000+00:00,80.380500,0.831800,8.700000,1,timeseriesScaler_2026-06-17_07.48.28_UTC_000396.pb,76.088000,1,SAFOD-Deep-10mGL-1000HzFs-2mChDualPulse_2026-06-17T074848Z.h5,56.088000,1
16,10,2026-06-17T07:49:52.553500+00:00,88.846000,0.850400,8.500000,1,timeseriesScaler_2026-06-17_07.48.28_UTC_000396.pb,84.553500,1,SAFOD-Deep-10mGL-1000HzFs-2mChDualPulse_2026-06-17T074948Z.h5,4.553500,1
16,11,2026-06-17T07:50:01.308000+00:00,97.600500,0.798700,8.800000,1,timeseriesScaler_2026-06-17_07.48.28_UTC_000396.pb,93.308000,1,SAFOD-Deep-10mGL-1000HzFs-2mChDualPulse_2026-06-17T074948Z.h5,13.308000,1
16,12,2026-06-17T07:50:10.343500+00:00,106.636000,0.802300,9.000000,1,timeseriesScaler_2026-06-17_07.48.28_UTC_000396.pb,102.343500,1,SAFOD-Deep-10mGL-1000HzFs-2mChDualPulse_2026-06-17T074948Z.h5,22.343500,1
16,13,2026-06-17T07:50:19.947500+00:00,116.240000,0.798500,9.600000,1,timeseriesScaler_2026-06-17_07.48.28_UTC_000396.pb,111.947500,1,SAFOD-Deep-10mGL-1000HzFs-2mChDualPulse_2026-06-17T074948Z.h5,31.947500,1
16,14,2026-06-17T07:50:28.657500+00:00,124.950000,0.768000,8.700000,1,timeseriesScaler_2026-06-17_07.48.28_UTC_000396.pb,120.657500,1,SAFOD-Deep-10mGL-1000HzFs-2mChDualPulse_2026-06-17T074948Z.h5,40.657500,1
16,15,2026-06-17T07:50:37.229000+00:00,133.521500,0.848300,8.600000,1,timeseriesScaler_2026-06-17_07.48.28_UTC_000396.pb,129.229000,1,SAFOD-Deep-10mGL-1000HzFs-2mChDualPulse_2026-06-17T074948Z.h5,49.229000,1
16,16,2026-06-17T07:50:45.570000+00:00,141.862500,0.847300,8.300000,1,timeseriesScaler_2026-06-17_07.48.28_UTC_000396.pb,137.570000,1,SAFOD-Deep-10mGL-1000HzFs-2mChDualPulse_2026-06-17T074948Z.h5,57.570000,1
16,17,2026-06-17T07:50:54.034000+00:00,150.326500,0.850300,8.500000,1,timeseriesScaler_2026-06-17_07.48.28_UTC_000396.pb,146.034000,1,SAFOD-Deep-10mGL-1000HzFs-2mChDualPulse_2026-06-17T075048Z.h5,6.034000,1
16,18,2026-06-17T07:51:03.177500+00:00,159.470000,0.768200,9.100000,1,timeseriesScaler_2026-06-17_07.48.28_UTC_000396.pb,155.177500,1,SAFOD-Deep-10mGL-1000HzFs-2mChDualPulse_2026-06-17T075048Z.h5,15.177500,1
16,19,2026-06-17T07:51:11.901500+00:00,168.194000,0.812500,8.700000,1,timeseriesScaler_2026-06-17_07.48.28_UTC_000396.pb,163.901500,1,SAFOD-Deep-10mGL-1000HzFs-2mChDualPulse_2026-06-17T075048Z.h5,23.901500,1
16,20,2026-06-17T07:51:20.445500+00:00,176.738000,0.773500,8.500000,1,timeseriesScaler_2026-06-17_07.48.28_UTC_000396.pb,172.445500,1,SAFOD-Deep-10mGL-1000HzFs-2mChDualPulse_2026-06-17T075048Z.h5,32.445500,1
17,0,2026-06-17T08:18:07.204000+00:00,0.000000,0.829000,1606.800000,1,timeseriesScaler_2026-06-17_08.13.28_UTC_000401.pb,279.204000,1,SAFOD-Deep-10mGL-1000HzFs-2mChDualPulse_2026-06-17T081748Z.h5,19.204000,1
17,1,2026-06-17T08:18:16.003000+00:00,8.799000,0.845000,8.800000,1,timeseriesScaler_2026-06-17_08.13.28_UTC_000401.pb,288.003000,1,SAFOD-Deep-10mGL-1000HzFs-2mChDualPulse_2026-06-17T081748Z.h5,28.003000,1
17,2,2026-06-17T08:18:24.582000+00:00,17.378000,0.828000,8.600000,1,timeseriesScaler_2026-06-17_08.13.28_UTC_000401.pb,296.582000,1,SAFOD-Deep-10mGL-1000HzFs-2mChDualPulse_2026-06-17T081748Z.h5,36.582000,1
17,3,2026-06-17T08:18:33.145000+00:00,25.941000,0.775800,8.600000,1,timeseriesScaler_2026-06-17_08.18.28_UTC_000402.pb,5.145000,1,SAFOD-Deep-10mGL-1000HzFs-2mChDualPulse_2026-06-17T081748Z.h5,45.145000,1
17,4,2026-06-17T08:18:41.976500+00:00,34.772500,0.840400,8.800000,1,timeseriesScaler_2026-06-17_08.18.28_UTC_000402.pb,13.976500,1,SAFOD-Deep-10mGL-1000HzFs-2mChDualPulse_2026-06-17T081748Z.h5,53.976500,1
17,5,2026-06-17T08:18:51.822000+00:00,44.618000,0.842200,9.800000,1,timeseriesScaler_2026-06-17_08.18.28_UTC_000402.pb,23.822000,1,SAFOD-Deep-10mGL-1000HzFs-2mChDualPulse_2026-06-17T081848Z.h5,3.822000,1
17,6,2026-06-17T08:19:00.324000+00:00,53.120000,0.802200,8.500000,1,timeseriesScaler_2026-06-17_08.18.28_UTC_000402.pb,32.324000,1,SAFOD-Deep-10mGL-1000HzFs-2mChDualPulse_2026-06-17T081848Z.h5,12.324000,1
17,7,2026-06-17T08:19:08.638500+00:00,61.434500,0.850700,8.300000,1,timeseriesScaler_2026-06-17_08.18.28_UTC_000402.pb,40.638500,1,SAFOD-Deep-10mGL-1000HzFs-2mChDualPulse_2026-06-17T081848Z.h5,20.638500,1
17,8,2026-06-17T08:19:17.144500+00:00,69.940500,0.844900,8.500000,1,timeseriesScaler_2026-06-17_08.18.28_UTC_000402.pb,49.144500,1,SAFOD-Deep-10mGL-1000HzFs-2mChDualPulse_2026-06-17T081848Z.h5,29.144500,1
17,9,2026-06-17T08:19:25.456500+00:00,78.252500,0.854700,8.300000,1,timeseriesScaler_2026-06-17_08.18.28_UTC_000402.pb,57.456500,1,SAFOD-Deep-10mGL-1000HzFs-2mChDualPulse_2026-06-17T081848Z.h5,37.456500,1
17,10,2026-06-17T08:19:33.677000+00:00,86.473000,0.854900,8.200000,1,timeseriesScaler_2026-06-17_08.18.28_UTC_000402.pb,65.677000,1,SAFOD-Deep-10mGL-1000HzFs-2mChDualPulse_2026-06-17T081848Z.h5,45.677000,1
17,11,2026-06-17T08:19:42.294500+00:00,95.090500,0.851600,8.600000,1,timeseriesScaler_2026-06-17_08.18.28_UTC_000402.pb,74.294500,1,SAFOD-Deep-10mGL-1000HzFs-2mChDualPulse_2026-06-17T081848Z.h5,54.294500,1
17,12,2026-06-17T08:19:50.595500+00:00,103.391500,0.855000,8.300000,1,timeseriesScaler_2026-06-17_08.18.28_UTC_000402.pb,82.595500,1,SAFOD-Deep-10mGL-1000HzFs-2mChDualPulse_2026-06-17T081948Z.h5,2.595500,1
17,13,2026-06-17T08:20:00.129000+00:00,112.925000,0.844300,9.500000,1,timeseriesScaler_2026-06-17_08.18.28_UTC_000402.pb,92.129000,1,SAFOD-Deep-10mGL-1000HzFs-2mChDualPulse_2026-06-17T081948Z.h5,12.129000,1
17,14,2026-06-17T08:20:08.507000+00:00,121.303000,0.832900,8.400000,1,timeseriesScaler_2026-06-17_08.18.28_UTC_000402.pb,100.507000,1,SAFOD-Deep-10mGL-1000HzFs-2mChDualPulse_2026-06-17T081948Z.h5,20.507000,1
17,15,2026-06-17T08:20:16.967500+00:00,129.763500,0.842400,8.500000,1,timeseriesScaler_2026-06-17_08.18.28_UTC_000402.pb,108.967500,1,SAFOD-Deep-10mGL-1000HzFs-2mChDualPulse_2026-06-17T081948Z.h5,28.967500,1
17,16,2026-06-17T08:20:25.269000+00:00,138.065000,0.860900,8.300000,1,timeseriesScaler_2026-06-17_08.18.28_UTC_000402.pb,117.269000,1,SAFOD-Deep-10mGL-1000HzFs-2mChDualPulse_2026-06-17T081948Z.h5,37.269000,1
17,17,2026-06-17T08:20:33.660000+00:00,146.456000,0.830300,8.400000,1,timeseriesScaler_2026-06-17_08.18.28_UTC_000402.pb,125.660000,1,SAFOD-Deep-10mGL-1000HzFs-2mChDualPulse_2026-06-17T081948Z.h5,45.660000,1
17,18,2026-06-17T08:20:42.250500+00:00,155.046500,0.868700,8.600000,1,timeseriesScaler_2026-06-17_08.18.28_UTC_000402.pb,134.250500,1,SAFOD-Deep-10mGL-1000HzFs-2mChDualPulse_2026-06-17T081948Z.h5,54.250500,1
17,19,2026-06-17T08:20:50.740000+00:00,163.536000,0.859900,8.500000,1,timeseriesScaler_2026-06-17_08.18.28_UTC_000402.pb,142.740000,1,SAFOD-Deep-10mGL-1000HzFs-2mChDualPulse_2026-06-17T082048Z.h5,2.740000,1
18,0,2026-06-17T08:48:33.617000+00:00,0.000000,0.826800,1662.900000,1,timeseriesScaler_2026-06-17_08.48.28_UTC_000408.pb,5.617000,1,SAFOD-Deep-10mGL-1000HzFs-2mChDualPulse_2026-06-17T084748Z.h5,45.617000,1
18,1,2026-06-17T08:48:42.343000+00:00,8.726000,0.837800,8.700000,1,timeseriesScaler_2026-06-17_08.48.28_UTC_000408.pb,14.343000,1,SAFOD-Deep-10mGL-1000HzFs-2mChDualPulse_2026-06-17T084748Z.h5,54.343000,1
18,2,2026-06-17T08:48:51.895500+00:00,18.278500,0.829300,9.600000,1,timeseriesScaler_2026-06-17_08.48.28_UTC_000408.pb,23.895500,1,SAFOD-Deep-10mGL-1000HzFs-2mChDualPulse_2026-06-17T084848Z.h5,3.895500,1
18,3,2026-06-17T08:49:00.869000+00:00,27.252000,0.849300,9.000000,1,timeseriesScaler_2026-06-17_08.48.28_UTC_000408.pb,32.869000,1,SAFOD-Deep-10mGL-1000HzFs-2mChDualPulse_2026-06-17T084848Z.h5,12.869000,1
18,4,2026-06-17T08:49:09.983000+00:00,36.366000,0.837100,9.100000,1,timeseriesScaler_2026-06-17_08.48.28_UTC_000408.pb,41.983000,1,SAFOD-Deep-10mGL-1000HzFs-2mChDualPulse_2026-06-17T084848Z.h5,21.983000,1
18,5,2026-06-17T08:49:18.790000+00:00,45.173000,0.848800,8.800000,1,timeseriesScaler_2026-06-17_08.48.28_UTC_000408.pb,50.790000,1,SAFOD-Deep-10mGL-1000HzFs-2mChDualPulse_2026-06-17T084848Z.h5,30.790000,1
18,6,2026-06-17T08:49:27.592500+00:00,53.975500,0.851100,8.800000,1,timeseriesScaler_2026-06-17_08.48.28_UTC_000408.pb,59.592500,1,SAFOD-Deep-10mGL-1000HzFs-2mChDualPulse_2026-06-17T084848Z.h5,39.592500,1
18,7,2026-06-17T08:49:36.316500+00:00,62.699500,0.853600,8.700000,1,timeseriesScaler_2026-06-17_08.48.28_UTC_000408.pb,68.316500,1,SAFOD-Deep-10mGL-1000HzFs-2mChDualPulse_2026-06-17T084848Z.h5,48.316500,1
18,8,2026-06-17T08:49:45.188500+00:00,71.571500,0.770500,8.900000,1,timeseriesScaler_2026-06-17_08.48.28_UTC_000408.pb,77.188500,1,SAFOD-Deep-10mGL-1000HzFs-2mChDualPulse_2026-06-17T084848Z.h5,57.188500,1
18,9,2026-06-17T08:49:54.055500+00:00,80.438500,0.844400,8.900000,1,timeseriesScaler_2026-06-17_08.48.28_UTC_000408.pb,86.055500,1,SAFOD-Deep-10mGL-1000HzFs-2mChDualPulse_2026-06-17T084948Z.h5,6.055500,1
18,10,2026-06-17T08:50:02.766500+00:00,89.149500,0.851100,8.700000,1,timeseriesScaler_2026-06-17_08.48.28_UTC_000408.pb,94.766500,1,SAFOD-Deep-10mGL-1000HzFs-2mChDualPulse_2026-06-17T084948Z.h5,14.766500,1
18,11,2026-06-17T08:50:11.427000+00:00,97.810000,0.857000,8.700000,1,timeseriesScaler_2026-06-17_08.48.28_UTC_000408.pb,103.427000,1,SAFOD-Deep-10mGL-1000HzFs-2mChDualPulse_2026-06-17T084948Z.h5,23.427000,1
18,12,2026-06-17T08:50:20.072000+00:00,106.455000,0.846900,8.600000,1,timeseriesScaler_2026-06-17_08.48.28_UTC_000408.pb,112.072000,1,SAFOD-Deep-10mGL-1000HzFs-2mChDualPulse_2026-06-17T084948Z.h5,32.072000,1
18,13,2026-06-17T08:50:28.698000+00:00,115.081000,0.860000,8.600000,1,timeseriesScaler_2026-06-17_08.48.28_UTC_000408.pb,120.698000,1,SAFOD-Deep-10mGL-1000HzFs-2mChDualPulse_2026-06-17T084948Z.h5,40.698000,1
18,14,2026-06-17T08:50:37.537500+00:00,123.920500,0.863800,8.800000,1,timeseriesScaler_2026-06-17_08.48.28_UTC_000408.pb,129.537500,1,SAFOD-Deep-10mGL-1000HzFs-2mChDualPulse_2026-06-17T084948Z.h5,49.537500,1
18,15,2026-06-17T08:50:46.567000+00:00,132.950000,0.864100,9.000000,1,timeseriesScaler_2026-06-17_08.48.28_UTC_000408.pb,138.567000,1,SAFOD-Deep-10mGL-1000HzFs-2mChDualPulse_2026-06-17T084948Z.h5,58.567000,1
18,16,2026-06-17T08:50:55.354500+00:00,141.737500,0.858900,8.800000,1,timeseriesScaler_2026-06-17_08.48.28_UTC_000408.pb,147.354500,1,SAFOD-Deep-10mGL-1000HzFs-2mChDualPulse_2026-06-17T085048Z.h5,7.354500,1
18,17,2026-06-17T08:51:03.941000+00:00,150.324000,0.852800,8.600000,1,timeseriesScaler_2026-06-17_08.48.28_UTC_000408.pb,155.941000,1,SAFOD-Deep-10mGL-1000HzFs-2mChDualPulse_2026-06-17T085048Z.h5,15.941000,1
18,18,2026-06-17T08:51:12.485000+00:00,158.868000,0.858800,8.500000,1,timeseriesScaler_2026-06-17_08.48.28_UTC_000408.pb,164.485000,1,SAFOD-Deep-10mGL-1000HzFs-2mChDualPulse_2026-06-17T085048Z.h5,24.485000,1
18,19,2026-06-17T08:51:21.330000+00:00,167.713000,0.872800,8.800000,1,timeseriesScaler_2026-06-17_08.48.28_UTC_000408.pb,173.330000,1,SAFOD-Deep-10mGL-1000HzFs-2mChDualPulse_2026-06-17T085048Z.h5,33.330000,1
19,0,2026-06-17T09:18:25.070000+00:00,0.000000,0.846400,1623.700000,1,timeseriesScaler_2026-06-17_09.13.28_UTC_000413.pb,297.070000,1,SAFOD-Deep-10mGL-1000HzFs-2mChDualPulse_2026-06-17T091748Z.h5,37.070000,1
19,1,2026-06-17T09:18:34.038500+00:00,8.968500,0.836500,9.000000,1,timeseriesScaler_2026-06-17_09.18.28_UTC_000414.pb,6.038500,1,SAFOD-Deep-10mGL-1000HzFs-2mChDualPulse_2026-06-17T091748Z.h5,46.038500,1
19,2,2026-06-17T09:18:43.263000+00:00,18.193000,0.832700,9.200000,1,timeseriesScaler_2026-06-17_09.18.28_UTC_000414.pb,15.263000,1,SAFOD-Deep-10mGL-1000HzFs-2mChDualPulse_2026-06-17T091748Z.h5,55.263000,1
19,3,2026-06-17T09:18:52.319500+00:00,27.249500,0.837400,9.100000,1,timeseriesScaler_2026-06-17_09.18.28_UTC_000414.pb,24.319500,1,SAFOD-Deep-10mGL-1000HzFs-2mChDualPulse_2026-06-17T091848Z.h5,4.319500,1
19,4,2026-06-17T09:19:01.656500+00:00,36.586500,0.852600,9.300000,1,timeseriesScaler_2026-06-17_09.18.28_UTC_000414.pb,33.656500,1,SAFOD-Deep-10mGL-1000HzFs-2mChDualPulse_2026-06-17T091848Z.h5,13.656500,1
19,5,2026-06-17T09:19:10.449500+00:00,45.379500,0.862100,8.800000,1,timeseriesScaler_2026-06-17_09.18.28_UTC_000414.pb,42.449500,1,SAFOD-Deep-10mGL-1000HzFs-2mChDualPulse_2026-06-17T091848Z.h5,22.449500,1
19,6,2026-06-17T09:19:19.288500+00:00,54.218500,0.851400,8.800000,1,timeseriesScaler_2026-06-17_09.18.28_UTC_000414.pb,51.288500,1,SAFOD-Deep-10mGL-1000HzFs-2mChDualPulse_2026-06-17T091848Z.h5,31.288500,1
19,7,2026-06-17T09:19:28.348500+00:00,63.278500,0.867200,9.100000,1,timeseriesScaler_2026-06-17_09.18.28_UTC_000414.pb,60.348500,1,SAFOD-Deep-10mGL-1000HzFs-2mChDualPulse_2026-06-17T091848Z.h5,40.348500,1
19,8,2026-06-17T09:19:37.665000+00:00,72.595000,0.865600,9.300000,1,timeseriesScaler_2026-06-17_09.18.28_UTC_000414.pb,69.665000,1,SAFOD-Deep-10mGL-1000HzFs-2mChDualPulse_2026-06-17T091848Z.h5,49.665000,1
19,9,2026-06-17T09:19:47.166000+00:00,82.096000,0.855800,9.500000,1,timeseriesScaler_2026-06-17_09.18.28_UTC_000414.pb,79.166000,1,SAFOD-Deep-10mGL-1000HzFs-2mChDualPulse_2026-06-17T091848Z.h5,59.166000,1
19,10,2026-06-17T09:19:56.158500+00:00,91.088500,0.744200,9.000000,1,timeseriesScaler_2026-06-17_09.18.28_UTC_000414.pb,88.158500,1,SAFOD-Deep-10mGL-1000HzFs-2mChDualPulse_2026-06-17T091948Z.h5,8.158500,1
19,11,2026-06-17T09:20:05.062000+00:00,99.992000,0.841700,8.900000,1,timeseriesScaler_2026-06-17_09.18.28_UTC_000414.pb,97.062000,1,SAFOD-Deep-10mGL-1000HzFs-2mChDualPulse_2026-06-17T091948Z.h5,17.062000,1
19,12,2026-06-17T09:20:13.991000+00:00,108.921000,0.858000,8.900000,1,timeseriesScaler_2026-06-17_09.18.28_UTC_000414.pb,105.991000,1,SAFOD-Deep-10mGL-1000HzFs-2mChDualPulse_2026-06-17T091948Z.h5,25.991000,1
19,13,2026-06-17T09:20:22.961500+00:00,117.891500,0.861600,9.000000,1,timeseriesScaler_2026-06-17_09.18.28_UTC_000414.pb,114.961500,1,SAFOD-Deep-10mGL-1000HzFs-2mChDualPulse_2026-06-17T091948Z.h5,34.961500,1
19,14,2026-06-17T09:20:31.990500+00:00,126.920500,0.858400,9.000000,1,timeseriesScaler_2026-06-17_09.18.28_UTC_000414.pb,123.990500,1,SAFOD-Deep-10mGL-1000HzFs-2mChDualPulse_2026-06-17T091948Z.h5,43.990500,1
19,15,2026-06-17T09:20:40.969000+00:00,135.899000,0.861200,9.000000,1,timeseriesScaler_2026-06-17_09.18.28_UTC_000414.pb,132.969000,1,SAFOD-Deep-10mGL-1000HzFs-2mChDualPulse_2026-06-17T091948Z.h5,52.969000,1
19,16,2026-06-17T09:20:49.732500+00:00,144.662500,0.863200,8.800000,1,timeseriesScaler_2026-06-17_09.18.28_UTC_000414.pb,141.732500,1,SAFOD-Deep-10mGL-1000HzFs-2mChDualPulse_2026-06-17T092048Z.h5,1.732500,1
19,17,2026-06-17T09:20:58.698500+00:00,153.628500,0.864800,9.000000,1,timeseriesScaler_2026-06-17_09.18.28_UTC_000414.pb,150.698500,1,SAFOD-Deep-10mGL-1000HzFs-2mChDualPulse_2026-06-17T092048Z.h5,10.698500,1
19,18,2026-06-17T09:21:07.453500+00:00,162.383500,0.812500,8.800000,1,timeseriesScaler_2026-06-17_09.18.28_UTC_000414.pb,159.453500,1,SAFOD-Deep-10mGL-1000HzFs-2mChDualPulse_2026-06-17T092048Z.h5,19.453500,1
19,19,2026-06-17T09:21:16.140000+00:00,171.070000,0.852700,8.700000,1,timeseriesScaler_2026-06-17_09.18.28_UTC_000414.pb,168.140000,1,SAFOD-Deep-10mGL-1000HzFs-2mChDualPulse_2026-06-17T092048Z.h5,28.140000,1
20,0,2026-06-17T09:48:21.302500+00:00,0.000000,0.847100,1625.200000,1,timeseriesScaler_2026-06-17_09.43.28_UTC_000419.pb,293.302500,1,SAFOD-Deep-10mGL-1000HzFs-2mChDualPulse_2026-06-17T094748Z.h5,33.302500,1
20,1,2026-06-17T09:48:30.518000+00:00,9.215500,0.855200,9.200000,1,timeseriesScaler_2026-06-17_09.48.28_UTC_000420.pb,2.518000,1,SAFOD-Deep-10mGL-1000HzFs-2mChDualPulse_2026-06-17T094748Z.h5,42.518000,1
20,2,2026-06-17T09:48:39.710500+00:00,18.408000,0.843900,9.200000,1,timeseriesScaler_2026-06-17_09.48.28_UTC_000420.pb,11.710500,1,SAFOD-Deep-10mGL-1000HzFs-2mChDualPulse_2026-06-17T094748Z.h5,51.710500,1
20,3,2026-06-17T09:48:48.457500+00:00,27.155000,0.812100,8.700000,1,timeseriesScaler_2026-06-17_09.48.28_UTC_000420.pb,20.457500,1,SAFOD-Deep-10mGL-1000HzFs-2mChDualPulse_2026-06-17T094848Z.h5,0.457500,1
20,4,2026-06-17T09:48:57.159000+00:00,35.856500,0.816600,8.700000,1,timeseriesScaler_2026-06-17_09.48.28_UTC_000420.pb,29.159000,1,SAFOD-Deep-10mGL-1000HzFs-2mChDualPulse_2026-06-17T094848Z.h5,9.159000,1
20,5,2026-06-17T09:49:05.668000+00:00,44.365500,0.839100,8.500000,1,timeseriesScaler_2026-06-17_09.48.28_UTC_000420.pb,37.668000,1,SAFOD-Deep-10mGL-1000HzFs-2mChDualPulse_2026-06-17T094848Z.h5,17.668000,1
20,6,2026-06-17T09:49:14.878500+00:00,53.576000,0.828800,9.200000,1,timeseriesScaler_2026-06-17_09.48.28_UTC_000420.pb,46.878500,1,SAFOD-Deep-10mGL-1000HzFs-2mChDualPulse_2026-06-17T094848Z.h5,26.878500,1
20,7,2026-06-17T09:49:23.864500+00:00,62.562000,0.818200,9.000000,1,timeseriesScaler_2026-06-17_09.48.28_UTC_000420.pb,55.864500,1,SAFOD-Deep-10mGL-1000HzFs-2mChDualPulse_2026-06-17T094848Z.h5,35.864500,1
20,8,2026-06-17T09:49:32.734500+00:00,71.432000,0.812300,8.900000,1,timeseriesScaler_2026-06-17_09.48.28_UTC_000420.pb,64.734500,1,SAFOD-Deep-10mGL-1000HzFs-2mChDualPulse_2026-06-17T094848Z.h5,44.734500,1
20,9,2026-06-17T09:49:41.475000+00:00,80.172500,0.823300,8.700000,1,timeseriesScaler_2026-06-17_09.48.28_UTC_000420.pb,73.475000,1,SAFOD-Deep-10mGL-1000HzFs-2mChDualPulse_2026-06-17T094848Z.h5,53.475000,1
20,10,2026-06-17T09:49:50.205500+00:00,88.903000,0.848700,8.700000,1,timeseriesScaler_2026-06-17_09.48.28_UTC_000420.pb,82.205500,1,SAFOD-Deep-10mGL-1000HzFs-2mChDualPulse_2026-06-17T094948Z.h5,2.205500,1
20,11,2026-06-17T09:49:59.164500+00:00,97.862000,0.852600,9.000000,1,timeseriesScaler_2026-06-17_09.48.28_UTC_000420.pb,91.164500,1,SAFOD-Deep-10mGL-1000HzFs-2mChDualPulse_2026-06-17T094948Z.h5,11.164500,1
20,12,2026-06-17T09:50:09.029000+00:00,107.726500,0.855700,9.900000,1,timeseriesScaler_2026-06-17_09.48.28_UTC_000420.pb,101.029000,1,SAFOD-Deep-10mGL-1000HzFs-2mChDualPulse_2026-06-17T094948Z.h5,21.029000,1
20,13,2026-06-17T09:50:17.864500+00:00,116.562000,0.853900,8.800000,1,timeseriesScaler_2026-06-17_09.48.28_UTC_000420.pb,109.864500,1,SAFOD-Deep-10mGL-1000HzFs-2mChDualPulse_2026-06-17T094948Z.h5,29.864500,1
20,14,2026-06-17T09:50:26.961000+00:00,125.658500,0.860700,9.100000,1,timeseriesScaler_2026-06-17_09.48.28_UTC_000420.pb,118.961000,1,SAFOD-Deep-10mGL-1000HzFs-2mChDualPulse_2026-06-17T094948Z.h5,38.961000,1
20,15,2026-06-17T09:50:35.752500+00:00,134.450000,0.858900,8.800000,1,timeseriesScaler_2026-06-17_09.48.28_UTC_000420.pb,127.752500,1,SAFOD-Deep-10mGL-1000HzFs-2mChDualPulse_2026-06-17T094948Z.h5,47.752500,1
20,16,2026-06-17T09:50:44.393000+00:00,143.090500,0.864100,8.600000,1,timeseriesScaler_2026-06-17_09.48.28_UTC_000420.pb,136.393000,1,SAFOD-Deep-10mGL-1000HzFs-2mChDualPulse_2026-06-17T094948Z.h5,56.393000,1
20,17,2026-06-17T09:50:53.246500+00:00,151.944000,0.883700,8.900000,1,timeseriesScaler_2026-06-17_09.48.28_UTC_000420.pb,145.246500,1,SAFOD-Deep-10mGL-1000HzFs-2mChDualPulse_2026-06-17T095048Z.h5,5.246500,1
20,18,2026-06-17T09:51:02.020000+00:00,160.717500,0.874900,8.800000,1,timeseriesScaler_2026-06-17_09.48.28_UTC_000420.pb,154.020000,1,SAFOD-Deep-10mGL-1000HzFs-2mChDualPulse_2026-06-17T095048Z.h5,14.020000,1
20,19,2026-06-17T09:51:10.836500+00:00,169.534000,0.871900,8.800000,1,timeseriesScaler_2026-06-17_09.48.28_UTC_000420.pb,162.836500,1,SAFOD-Deep-10mGL-1000HzFs-2mChDualPulse_2026-06-17T095048Z.h5,22.836500,1
21,0,2026-06-17T10:18:57.508000+00:00,0.000000,0.859200,1666.700000,1,timeseriesScaler_2026-06-17_10.18.28_UTC_000426.pb,29.508000,1,SAFOD-Deep-10mGL-1000HzFs-2mChDualPulse_2026-06-17T101848Z.h5,9.508000,1
21,1,2026-06-17T10:19:06.506000+00:00,8.998000,0.879500,9.000000,1,timeseriesScaler_2026-06-17_10.18.28_UTC_000426.pb,38.506000,1,SAFOD-Deep-10mGL-1000HzFs-2mChDualPulse_2026-06-17T101848Z.h5,18.506000,1
21,2,2026-06-17T10:19:15.632500+00:00,18.124500,0.860600,9.100000,1,timeseriesScaler_2026-06-17_10.18.28_UTC_000426.pb,47.632500,1,SAFOD-Deep-10mGL-1000HzFs-2mChDualPulse_2026-06-17T101848Z.h5,27.632500,1
21,3,2026-06-17T10:19:24.133000+00:00,26.625000,0.859800,8.500000,1,timeseriesScaler_2026-06-17_10.18.28_UTC_000426.pb,56.133000,1,SAFOD-Deep-10mGL-1000HzFs-2mChDualPulse_2026-06-17T101848Z.h5,36.133000,1
21,4,2026-06-17T10:19:33.116000+00:00,35.608000,0.750700,9.000000,1,timeseriesScaler_2026-06-17_10.18.28_UTC_000426.pb,65.116000,1,SAFOD-Deep-10mGL-1000HzFs-2mChDualPulse_2026-06-17T101848Z.h5,45.116000,1
21,5,2026-06-17T10:19:42.076500+00:00,44.568500,0.809500,9.000000,1,timeseriesScaler_2026-06-17_10.18.28_UTC_000426.pb,74.076500,1,SAFOD-Deep-10mGL-1000HzFs-2mChDualPulse_2026-06-17T101848Z.h5,54.076500,1
21,6,2026-06-17T10:19:50.670500+00:00,53.162500,0.829100,8.600000,1,timeseriesScaler_2026-06-17_10.18.28_UTC_000426.pb,82.670500,1,SAFOD-Deep-10mGL-1000HzFs-2mChDualPulse_2026-06-17T101948Z.h5,2.670500,1
21,7,2026-06-17T10:19:59.245500+00:00,61.737500,0.796300,8.600000,1,timeseriesScaler_2026-06-17_10.18.28_UTC_000426.pb,91.245500,1,SAFOD-Deep-10mGL-1000HzFs-2mChDualPulse_2026-06-17T101948Z.h5,11.245500,1
21,8,2026-06-17T10:20:07.922500+00:00,70.414500,0.858400,8.700000,1,timeseriesScaler_2026-06-17_10.18.28_UTC_000426.pb,99.922500,1,SAFOD-Deep-10mGL-1000HzFs-2mChDualPulse_2026-06-17T101948Z.h5,19.922500,1
21,9,2026-06-17T10:20:17.263000+00:00,79.755000,0.777000,9.300000,1,timeseriesScaler_2026-06-17_10.18.28_UTC_000426.pb,109.263000,1,SAFOD-Deep-10mGL-1000HzFs-2mChDualPulse_2026-06-17T101948Z.h5,29.263000,1
21,10,2026-06-17T10:20:25.921500+00:00,88.413500,0.846800,8.700000,1,timeseriesScaler_2026-06-17_10.18.28_UTC_000426.pb,117.921500,1,SAFOD-Deep-10mGL-1000HzFs-2mChDualPulse_2026-06-17T101948Z.h5,37.921500,1
21,11,2026-06-17T10:20:35.912500+00:00,98.404500,0.788400,10.000000,1,timeseriesScaler_2026-06-17_10.18.28_UTC_000426.pb,127.912500,1,SAFOD-Deep-10mGL-1000HzFs-2mChDualPulse_2026-06-17T101948Z.h5,47.912500,1
21,12,2026-06-17T10:20:44.759000+00:00,107.251000,0.865400,8.800000,1,timeseriesScaler_2026-06-17_10.18.28_UTC_000426.pb,136.759000,1,SAFOD-Deep-10mGL-1000HzFs-2mChDualPulse_2026-06-17T101948Z.h5,56.759000,1
21,13,2026-06-17T10:20:53.869000+00:00,116.361000,0.858700,9.100000,1,timeseriesScaler_2026-06-17_10.18.28_UTC_000426.pb,145.869000,1,SAFOD-Deep-10mGL-1000HzFs-2mChDualPulse_2026-06-17T102048Z.h5,5.869000,1
21,14,2026-06-17T10:21:02.746000+00:00,125.238000,0.843600,8.900000,1,timeseriesScaler_2026-06-17_10.18.28_UTC_000426.pb,154.746000,1,SAFOD-Deep-10mGL-1000HzFs-2mChDualPulse_2026-06-17T102048Z.h5,14.746000,1
21,15,2026-06-17T10:21:11.428500+00:00,133.920500,0.868200,8.700000,1,timeseriesScaler_2026-06-17_10.18.28_UTC_000426.pb,163.428500,1,SAFOD-Deep-10mGL-1000HzFs-2mChDualPulse_2026-06-17T102048Z.h5,23.428500,1
21,16,2026-06-17T10:21:20.310500+00:00,142.802500,0.871800,8.900000,1,timeseriesScaler_2026-06-17_10.18.28_UTC_000426.pb,172.310500,1,SAFOD-Deep-10mGL-1000HzFs-2mChDualPulse_2026-06-17T102048Z.h5,32.310500,1
21,17,2026-06-17T10:21:29.486000+00:00,151.978000,0.877100,9.200000,1,timeseriesScaler_2026-06-17_10.18.28_UTC_000426.pb,181.486000,1,SAFOD-Deep-10mGL-1000HzFs-2mChDualPulse_2026-06-17T102048Z.h5,41.486000,1
21,18,2026-06-17T10:21:38.264500+00:00,160.756500,0.877500,8.800000,1,timeseriesScaler_2026-06-17_10.18.28_UTC_000426.pb,190.264500,1,SAFOD-Deep-10mGL-1000HzFs-2mChDualPulse_2026-06-17T102048Z.h5,50.264500,1
21,19,2026-06-17T10:21:46.977000+00:00,169.469000,0.878000,8.700000,1,timeseriesScaler_2026-06-17_10.18.28_UTC_000426.pb,198.977000,1,SAFOD-Deep-10mGL-1000HzFs-2mChDualPulse_2026-06-17T102048Z.h5,58.977000,1
22,0,2026-06-17T10:48:41.139000+00:00,0.000000,0.870200,1614.200000,1,timeseriesScaler_2026-06-17_10.48.28_UTC_000432.pb,13.139000,1,SAFOD-Deep-10mGL-1000HzFs-2mChDualPulse_2026-06-17T104748Z.h5,53.139000,1
22,1,2026-06-17T10:48:50.763500+00:00,9.624500,0.865900,9.600000,1,timeseriesScaler_2026-06-17_10.48.28_UTC_000432.pb,22.763500,1,SAFOD-Deep-10mGL-1000HzFs-2mChDualPulse_2026-06-17T104848Z.h5,2.763500,1
22,2,2026-06-17T10:49:00.060500+00:00,18.921500,0.878400,9.300000,1,timeseriesScaler_2026-06-17_10.48.28_UTC_000432.pb,32.060500,1,SAFOD-Deep-10mGL-1000HzFs-2mChDualPulse_2026-06-17T104848Z.h5,12.060500,1
22,3,2026-06-17T10:49:09.305000+00:00,28.166000,0.874000,9.200000,1,timeseriesScaler_2026-06-17_10.48.28_UTC_000432.pb,41.305000,1,SAFOD-Deep-10mGL-1000HzFs-2mChDualPulse_2026-06-17T104848Z.h5,21.305000,1
22,4,2026-06-17T10:49:18.767500+00:00,37.628500,0.875200,9.500000,1,timeseriesScaler_2026-06-17_10.48.28_UTC_000432.pb,50.767500,1,SAFOD-Deep-10mGL-1000HzFs-2mChDualPulse_2026-06-17T104848Z.h5,30.767500,1
22,5,2026-06-17T10:49:28.296500+00:00,47.157500,0.884500,9.500000,1,timeseriesScaler_2026-06-17_10.48.28_UTC_000432.pb,60.296500,1,SAFOD-Deep-10mGL-1000HzFs-2mChDualPulse_2026-06-17T104848Z.h5,40.296500,1
22,6,2026-06-17T10:49:37.759000+00:00,56.620000,0.878200,9.500000,1,timeseriesScaler_2026-06-17_10.48.28_UTC_000432.pb,69.759000,1,SAFOD-Deep-10mGL-1000HzFs-2mChDualPulse_2026-06-17T104848Z.h5,49.759000,1
22,7,2026-06-17T10:49:47.504500+00:00,66.365500,0.884400,9.700000,1,timeseriesScaler_2026-06-17_10.48.28_UTC_000432.pb,79.504500,1,SAFOD-Deep-10mGL-1000HzFs-2mChDualPulse_2026-06-17T104848Z.h5,59.504500,1
22,8,2026-06-17T10:49:57.045500+00:00,75.906500,0.885200,9.500000,1,timeseriesScaler_2026-06-17_10.48.28_UTC_000432.pb,89.045500,1,SAFOD-Deep-10mGL-1000HzFs-2mChDualPulse_2026-06-17T104948Z.h5,9.045500,1
22,9,2026-06-17T10:50:06.684000+00:00,85.545000,0.880300,9.600000,1,timeseriesScaler_2026-06-17_10.48.28_UTC_000432.pb,98.684000,1,SAFOD-Deep-10mGL-1000HzFs-2mChDualPulse_2026-06-17T104948Z.h5,18.684000,1
22,10,2026-06-17T10:50:16.296000+00:00,95.157000,0.881700,9.600000,1,timeseriesScaler_2026-06-17_10.48.28_UTC_000432.pb,108.296000,1,SAFOD-Deep-10mGL-1000HzFs-2mChDualPulse_2026-06-17T104948Z.h5,28.296000,1
22,11,2026-06-17T10:50:26.212500+00:00,105.073500,0.873900,9.900000,1,timeseriesScaler_2026-06-17_10.48.28_UTC_000432.pb,118.212500,1,SAFOD-Deep-10mGL-1000HzFs-2mChDualPulse_2026-06-17T104948Z.h5,38.212500,1
22,12,2026-06-17T10:50:35.617000+00:00,114.478000,0.875800,9.400000,1,timeseriesScaler_2026-06-17_10.48.28_UTC_000432.pb,127.617000,1,SAFOD-Deep-10mGL-1000HzFs-2mChDualPulse_2026-06-17T104948Z.h5,47.617000,1
22,13,2026-06-17T10:50:45.018000+00:00,123.879000,0.897400,9.400000,1,timeseriesScaler_2026-06-17_10.48.28_UTC_000432.pb,137.018000,1,SAFOD-Deep-10mGL-1000HzFs-2mChDualPulse_2026-06-17T104948Z.h5,57.018000,1
22,14,2026-06-17T10:50:53.940500+00:00,132.801500,0.883600,8.900000,1,timeseriesScaler_2026-06-17_10.48.28_UTC_000432.pb,145.940500,1,SAFOD-Deep-10mGL-1000HzFs-2mChDualPulse_2026-06-17T105048Z.h5,5.940500,1
22,15,2026-06-17T10:51:03.354500+00:00,142.215500,0.881000,9.400000,1,timeseriesScaler_2026-06-17_10.48.28_UTC_000432.pb,155.354500,1,SAFOD-Deep-10mGL-1000HzFs-2mChDualPulse_2026-06-17T105048Z.h5,15.354500,1
22,16,2026-06-17T10:51:12.561500+00:00,151.422500,0.881300,9.200000,1,timeseriesScaler_2026-06-17_10.48.28_UTC_000432.pb,164.561500,1,SAFOD-Deep-10mGL-1000HzFs-2mChDualPulse_2026-06-17T105048Z.h5,24.561500,1
22,17,2026-06-17T10:51:21.833500+00:00,160.694500,0.873200,9.300000,1,timeseriesScaler_2026-06-17_10.48.28_UTC_000432.pb,173.833500,1,SAFOD-Deep-10mGL-1000HzFs-2mChDualPulse_2026-06-17T105048Z.h5,33.833500,1
22,18,2026-06-17T10:51:31.496000+00:00,170.357000,0.876400,9.700000,1,timeseriesScaler_2026-06-17_10.48.28_UTC_000432.pb,183.496000,1,SAFOD-Deep-10mGL-1000HzFs-2mChDualPulse_2026-06-17T105048Z.h5,43.496000,1
22,19,2026-06-17T10:51:40.730500+00:00,179.591500,0.901500,9.200000,1,timeseriesScaler_2026-06-17_10.48.28_UTC_000432.pb,192.730500,1,SAFOD-Deep-10mGL-1000HzFs-2mChDualPulse_2026-06-17T105048Z.h5,52.730500,1
23,0,2026-06-17T11:18:46.230000+00:00,0.000000,0.872800,1625.500000,1,timeseriesScaler_2026-06-17_11.18.28_UTC_000438.pb,18.230000,1,SAFOD-Deep-10mGL-1000HzFs-2mChDualPulse_2026-06-17T111748Z.h5,58.230000,1
23,1,2026-06-17T11:18:56.291500+00:00,10.061500,0.845100,10.100000,1,timeseriesScaler_2026-06-17_11.18.28_UTC_000438.pb,28.291500,1,SAFOD-Deep-10mGL-1000HzFs-2mChDualPulse_2026-06-17T111848Z.h5,8.291500,1
23,2,2026-06-17T11:19:06.050000+00:00,19.820000,0.866100,9.800000,1,timeseriesScaler_2026-06-17_11.18.28_UTC_000438.pb,38.050000,1,SAFOD-Deep-10mGL-1000HzFs-2mChDualPulse_2026-06-17T111848Z.h5,18.050000,1
23,3,2026-06-17T11:19:15.574000+00:00,29.344000,0.877500,9.500000,1,timeseriesScaler_2026-06-17_11.18.28_UTC_000438.pb,47.574000,1,SAFOD-Deep-10mGL-1000HzFs-2mChDualPulse_2026-06-17T111848Z.h5,27.574000,1
23,4,2026-06-17T11:19:25.127000+00:00,38.897000,0.861600,9.600000,1,timeseriesScaler_2026-06-17_11.18.28_UTC_000438.pb,57.127000,1,SAFOD-Deep-10mGL-1000HzFs-2mChDualPulse_2026-06-17T111848Z.h5,37.127000,1
23,5,2026-06-17T11:19:34.539500+00:00,48.309500,0.885100,9.400000,1,timeseriesScaler_2026-06-17_11.18.28_UTC_000438.pb,66.539500,1,SAFOD-Deep-10mGL-1000HzFs-2mChDualPulse_2026-06-17T111848Z.h5,46.539500,1
23,6,2026-06-17T11:19:44.359500+00:00,58.129500,0.831300,9.800000,1,timeseriesScaler_2026-06-17_11.18.28_UTC_000438.pb,76.359500,1,SAFOD-Deep-10mGL-1000HzFs-2mChDualPulse_2026-06-17T111848Z.h5,56.359500,1
23,7,2026-06-17T11:19:54.156000+00:00,67.926000,0.870500,9.800000,1,timeseriesScaler_2026-06-17_11.18.28_UTC_000438.pb,86.156000,1,SAFOD-Deep-10mGL-1000HzFs-2mChDualPulse_2026-06-17T111948Z.h5,6.156000,1
23,8,2026-06-17T11:20:03.835000+00:00,77.605000,0.875400,9.700000,1,timeseriesScaler_2026-06-17_11.18.28_UTC_000438.pb,95.835000,1,SAFOD-Deep-10mGL-1000HzFs-2mChDualPulse_2026-06-17T111948Z.h5,15.835000,1
23,9,2026-06-17T11:20:13.540500+00:00,87.310500,0.868900,9.700000,1,timeseriesScaler_2026-06-17_11.18.28_UTC_000438.pb,105.540500,1,SAFOD-Deep-10mGL-1000HzFs-2mChDualPulse_2026-06-17T111948Z.h5,25.540500,1
23,10,2026-06-17T11:20:23.845500+00:00,97.615500,0.879400,10.300000,1,timeseriesScaler_2026-06-17_11.18.28_UTC_000438.pb,115.845500,1,SAFOD-Deep-10mGL-1000HzFs-2mChDualPulse_2026-06-17T111948Z.h5,35.845500,1
23,11,2026-06-17T11:20:33.739000+00:00,107.509000,0.881000,9.900000,1,timeseriesScaler_2026-06-17_11.18.28_UTC_000438.pb,125.739000,1,SAFOD-Deep-10mGL-1000HzFs-2mChDualPulse_2026-06-17T111948Z.h5,45.739000,1
23,12,2026-06-17T11:20:43.512000+00:00,117.282000,0.876400,9.800000,1,timeseriesScaler_2026-06-17_11.18.28_UTC_000438.pb,135.512000,1,SAFOD-Deep-10mGL-1000HzFs-2mChDualPulse_2026-06-17T111948Z.h5,55.512000,1
23,13,2026-06-17T11:20:53.504000+00:00,127.274000,0.883400,10.000000,1,timeseriesScaler_2026-06-17_11.18.28_UTC_000438.pb,145.504000,1,SAFOD-Deep-10mGL-1000HzFs-2mChDualPulse_2026-06-17T112048Z.h5,5.504000,1
23,14,2026-06-17T11:21:03.453500+00:00,137.223500,0.864200,9.900000,1,timeseriesScaler_2026-06-17_11.18.28_UTC_000438.pb,155.453500,1,SAFOD-Deep-10mGL-1000HzFs-2mChDualPulse_2026-06-17T112048Z.h5,15.453500,1
23,15,2026-06-17T11:21:13.021000+00:00,146.791000,0.867000,9.600000,1,timeseriesScaler_2026-06-17_11.18.28_UTC_000438.pb,165.021000,1,SAFOD-Deep-10mGL-1000HzFs-2mChDualPulse_2026-06-17T112048Z.h5,25.021000,1
23,16,2026-06-17T11:21:22.710000+00:00,156.480000,0.890700,9.700000,1,timeseriesScaler_2026-06-17_11.18.28_UTC_000438.pb,174.710000,1,SAFOD-Deep-10mGL-1000HzFs-2mChDualPulse_2026-06-17T112048Z.h5,34.710000,1
23,17,2026-06-17T11:21:32.681500+00:00,166.451500,0.904600,10.000000,1,timeseriesScaler_2026-06-17_11.18.28_UTC_000438.pb,184.681500,1,SAFOD-Deep-10mGL-1000HzFs-2mChDualPulse_2026-06-17T112048Z.h5,44.681500,1
23,18,2026-06-17T11:21:43.662500+00:00,177.432500,0.871400,11.000000,1,timeseriesScaler_2026-06-17_11.18.28_UTC_000438.pb,195.662500,1,SAFOD-Deep-10mGL-1000HzFs-2mChDualPulse_2026-06-17T112048Z.h5,55.662500,1
24,0,2026-06-17T11:49:49.946500+00:00,0.000000,0.864300,1686.300000,1,timeseriesScaler_2026-06-17_11.48.28_UTC_000444.pb,81.946500,1,SAFOD-Deep-10mGL-1000HzFs-2mChDualPulse_2026-06-17T114948Z.h5,1.946500,1
24,1,2026-06-17T11:49:58.931000+00:00,8.984500,0.865000,9.000000,1,timeseriesScaler_2026-06-17_11.48.28_UTC_000444.pb,90.931000,1,SAFOD-Deep-10mGL-1000HzFs-2mChDualPulse_2026-06-17T114948Z.h5,10.931000,1
24,2,2026-06-17T11:50:07.807000+00:00,17.860500,0.860300,8.900000,1,timeseriesScaler_2026-06-17_11.48.28_UTC_000444.pb,99.807000,1,SAFOD-Deep-10mGL-1000HzFs-2mChDualPulse_2026-06-17T114948Z.h5,19.807000,1
24,3,2026-06-17T11:50:16.672000+00:00,26.725500,0.834300,8.900000,1,timeseriesScaler_2026-06-17_11.48.28_UTC_000444.pb,108.672000,1,SAFOD-Deep-10mGL-1000HzFs-2mChDualPulse_2026-06-17T114948Z.h5,28.672000,1
24,4,2026-06-17T11:50:25.257500+00:00,35.311000,0.863500,8.600000,1,timeseriesScaler_2026-06-17_11.48.28_UTC_000444.pb,117.257500,1,SAFOD-Deep-10mGL-1000HzFs-2mChDualPulse_2026-06-17T114948Z.h5,37.257500,1
24,5,2026-06-17T11:50:34.354000+00:00,44.407500,0.868600,9.100000,1,timeseriesScaler_2026-06-17_11.48.28_UTC_000444.pb,126.354000,1,SAFOD-Deep-10mGL-1000HzFs-2mChDualPulse_2026-06-17T114948Z.h5,46.354000,1
24,6,2026-06-17T11:50:43.288500+00:00,53.342000,0.868500,8.900000,1,timeseriesScaler_2026-06-17_11.48.28_UTC_000444.pb,135.288500,1,SAFOD-Deep-10mGL-1000HzFs-2mChDualPulse_2026-06-17T114948Z.h5,55.288500,1
24,7,2026-06-17T11:50:52.195500+00:00,62.249000,0.869200,8.900000,1,timeseriesScaler_2026-06-17_11.48.28_UTC_000444.pb,144.195500,1,SAFOD-Deep-10mGL-1000HzFs-2mChDualPulse_2026-06-17T115048Z.h5,4.195500,1
24,8,2026-06-17T11:51:01.136500+00:00,71.190000,0.866400,8.900000,1,timeseriesScaler_2026-06-17_11.48.28_UTC_000444.pb,153.136500,1,SAFOD-Deep-10mGL-1000HzFs-2mChDualPulse_2026-06-17T115048Z.h5,13.136500,1
24,9,2026-06-17T11:51:10.097500+00:00,80.151000,0.857100,9.000000,1,timeseriesScaler_2026-06-17_11.48.28_UTC_000444.pb,162.097500,1,SAFOD-Deep-10mGL-1000HzFs-2mChDualPulse_2026-06-17T115048Z.h5,22.097500,1
24,10,2026-06-17T11:51:18.519000+00:00,88.572500,0.853000,8.400000,1,timeseriesScaler_2026-06-17_11.48.28_UTC_000444.pb,170.519000,1,SAFOD-Deep-10mGL-1000HzFs-2mChDualPulse_2026-06-17T115048Z.h5,30.519000,1
24,11,2026-06-17T11:51:27.246000+00:00,97.299500,0.881700,8.700000,1,timeseriesScaler_2026-06-17_11.48.28_UTC_000444.pb,179.246000,1,SAFOD-Deep-10mGL-1000HzFs-2mChDualPulse_2026-06-17T115048Z.h5,39.246000,1
24,12,2026-06-17T11:51:35.760500+00:00,105.814000,0.861400,8.500000,1,timeseriesScaler_2026-06-17_11.48.28_UTC_000444.pb,187.760500,1,SAFOD-Deep-10mGL-1000HzFs-2mChDualPulse_2026-06-17T115048Z.h5,47.760500,1
24,13,2026-06-17T11:51:44.620000+00:00,114.673500,0.806400,8.900000,1,timeseriesScaler_2026-06-17_11.48.28_UTC_000444.pb,196.620000,1,SAFOD-Deep-10mGL-1000HzFs-2mChDualPulse_2026-06-17T115048Z.h5,56.620000,1
24,14,2026-06-17T11:51:53.786500+00:00,123.840000,0.878800,9.200000,1,timeseriesScaler_2026-06-17_11.48.28_UTC_000444.pb,205.786500,1,SAFOD-Deep-10mGL-1000HzFs-2mChDualPulse_2026-06-17T115148Z.h5,5.786500,1
24,15,2026-06-17T11:52:02.574500+00:00,132.628000,0.864500,8.800000,1,timeseriesScaler_2026-06-17_11.48.28_UTC_000444.pb,214.574500,1,SAFOD-Deep-10mGL-1000HzFs-2mChDualPulse_2026-06-17T115148Z.h5,14.574500,1
24,16,2026-06-17T11:52:11.446000+00:00,141.499500,0.851000,8.900000,1,timeseriesScaler_2026-06-17_11.48.28_UTC_000444.pb,223.446000,1,SAFOD-Deep-10mGL-1000HzFs-2mChDualPulse_2026-06-17T115148Z.h5,23.446000,1
24,17,2026-06-17T11:52:20.343000+00:00,150.396500,0.854700,8.900000,1,timeseriesScaler_2026-06-17_11.48.28_UTC_000444.pb,232.343000,1,SAFOD-Deep-10mGL-1000HzFs-2mChDualPulse_2026-06-17T115148Z.h5,32.343000,1
24,18,2026-06-17T11:52:29.494500+00:00,159.548000,0.895200,9.200000,1,timeseriesScaler_2026-06-17_11.48.28_UTC_000444.pb,241.494500,1,SAFOD-Deep-10mGL-1000HzFs-2mChDualPulse_2026-06-17T115148Z.h5,41.494500,1
24,19,2026-06-17T11:52:38.354000+00:00,168.407500,0.891500,8.900000,1,timeseriesScaler_2026-06-17_11.48.28_UTC_000444.pb,250.354000,1,SAFOD-Deep-10mGL-1000HzFs-2mChDualPulse_2026-06-17T115148Z.h5,50.354000,1
25,0,2026-06-17T12:18:51.864500+00:00,0.000000,0.873500,1573.500000,1,timeseriesScaler_2026-06-17_12.18.28_UTC_000450.pb,23.864500,1,SAFOD-Deep-10mGL-1000HzFs-2mChDualPulse_2026-06-17T121848Z.h5,3.864500,1
25,1,2026-06-17T12:19:02.373000+00:00,10.508500,0.876600,10.500000,1,timeseriesScaler_2026-06-17_12.18.28_UTC_000450.pb,34.373000,1,SAFOD-Deep-10mGL-1000HzFs-2mChDualPulse_2026-06-17T121848Z.h5,14.373000,1
25,2,2026-06-17T12:19:12.597000+00:00,20.732500,0.877400,10.200000,1,timeseriesScaler_2026-06-17_12.18.28_UTC_000450.pb,44.597000,1,SAFOD-Deep-10mGL-1000HzFs-2mChDualPulse_2026-06-17T121848Z.h5,24.597000,1
25,3,2026-06-17T12:19:22.816500+00:00,30.952000,0.885000,10.200000,1,timeseriesScaler_2026-06-17_12.18.28_UTC_000450.pb,54.816500,1,SAFOD-Deep-10mGL-1000HzFs-2mChDualPulse_2026-06-17T121848Z.h5,34.816500,1
25,4,2026-06-17T12:19:32.841000+00:00,40.976500,0.879300,10.000000,1,timeseriesScaler_2026-06-17_12.18.28_UTC_000450.pb,64.841000,1,SAFOD-Deep-10mGL-1000HzFs-2mChDualPulse_2026-06-17T121848Z.h5,44.841000,1
25,5,2026-06-17T12:19:42.940000+00:00,51.075500,0.885200,10.100000,1,timeseriesScaler_2026-06-17_12.18.28_UTC_000450.pb,74.940000,1,SAFOD-Deep-10mGL-1000HzFs-2mChDualPulse_2026-06-17T121848Z.h5,54.940000,1
25,6,2026-06-17T12:19:53.373500+00:00,61.509000,0.879400,10.400000,1,timeseriesScaler_2026-06-17_12.18.28_UTC_000450.pb,85.373500,1,SAFOD-Deep-10mGL-1000HzFs-2mChDualPulse_2026-06-17T121948Z.h5,5.373500,1
25,7,2026-06-17T12:20:03.828500+00:00,71.964000,0.894400,10.500000,1,timeseriesScaler_2026-06-17_12.18.28_UTC_000450.pb,95.828500,1,SAFOD-Deep-10mGL-1000HzFs-2mChDualPulse_2026-06-17T121948Z.h5,15.828500,1
25,8,2026-06-17T12:20:13.915000+00:00,82.050500,0.878700,10.100000,1,timeseriesScaler_2026-06-17_12.18.28_UTC_000450.pb,105.915000,1,SAFOD-Deep-10mGL-1000HzFs-2mChDualPulse_2026-06-17T121948Z.h5,25.915000,1
25,9,2026-06-17T12:20:23.943000+00:00,92.078500,0.889000,10.000000,1,timeseriesScaler_2026-06-17_12.18.28_UTC_000450.pb,115.943000,1,SAFOD-Deep-10mGL-1000HzFs-2mChDualPulse_2026-06-17T121948Z.h5,35.943000,1
25,10,2026-06-17T12:20:33.836500+00:00,101.972000,0.883300,9.900000,1,timeseriesScaler_2026-06-17_12.18.28_UTC_000450.pb,125.836500,1,SAFOD-Deep-10mGL-1000HzFs-2mChDualPulse_2026-06-17T121948Z.h5,45.836500,1
25,11,2026-06-17T12:20:43.847500+00:00,111.983000,0.879100,10.000000,1,timeseriesScaler_2026-06-17_12.18.28_UTC_000450.pb,135.847500,1,SAFOD-Deep-10mGL-1000HzFs-2mChDualPulse_2026-06-17T121948Z.h5,55.847500,1
25,12,2026-06-17T12:20:53.650000+00:00,121.785500,0.891600,9.800000,1,timeseriesScaler_2026-06-17_12.18.28_UTC_000450.pb,145.650000,1,SAFOD-Deep-10mGL-1000HzFs-2mChDualPulse_2026-06-17T122048Z.h5,5.650000,1
25,13,2026-06-17T12:21:03.800500+00:00,131.936000,0.883000,10.200000,1,timeseriesScaler_2026-06-17_12.18.28_UTC_000450.pb,155.800500,1,SAFOD-Deep-10mGL-1000HzFs-2mChDualPulse_2026-06-17T122048Z.h5,15.800500,1
25,14,2026-06-17T12:21:14.108500+00:00,142.244000,0.872600,10.300000,1,timeseriesScaler_2026-06-17_12.18.28_UTC_000450.pb,166.108500,1,SAFOD-Deep-10mGL-1000HzFs-2mChDualPulse_2026-06-17T122048Z.h5,26.108500,1
25,15,2026-06-17T12:21:24.131500+00:00,152.267000,0.854600,10.000000,1,timeseriesScaler_2026-06-17_12.18.28_UTC_000450.pb,176.131500,1,SAFOD-Deep-10mGL-1000HzFs-2mChDualPulse_2026-06-17T122048Z.h5,36.131500,1
25,16,2026-06-17T12:21:34.064000+00:00,162.199500,0.871000,9.900000,1,timeseriesScaler_2026-06-17_12.18.28_UTC_000450.pb,186.064000,1,SAFOD-Deep-10mGL-1000HzFs-2mChDualPulse_2026-06-17T122048Z.h5,46.064000,1
25,17,2026-06-17T12:21:43.908000+00:00,172.043500,0.878800,9.800000,1,timeseriesScaler_2026-06-17_12.18.28_UTC_000450.pb,195.908000,1,SAFOD-Deep-10mGL-1000HzFs-2mChDualPulse_2026-06-17T122048Z.h5,55.908000,1
25,18,2026-06-17T12:21:53.836000+00:00,181.971500,0.887300,9.900000,1,timeseriesScaler_2026-06-17_12.18.28_UTC_000450.pb,205.836000,1,SAFOD-Deep-10mGL-1000HzFs-2mChDualPulse_2026-06-17T122148Z.h5,5.836000,1
25,19,2026-06-17T12:22:03.624500+00:00,191.760000,0.889200,9.800000,1,timeseriesScaler_2026-06-17_12.18.28_UTC_000450.pb,215.624500,1,SAFOD-Deep-10mGL-1000HzFs-2mChDualPulse_2026-06-17T122148Z.h5,15.624500,1
26,0,2026-06-17T12:48:42.907000+00:00,0.000000,0.862800,1599.300000,1,timeseriesScaler_2026-06-17_12.48.28_UTC_000456.pb,14.907000,1,SAFOD-Deep-10mGL-1000HzFs-2mChDualPulse_2026-06-17T124748Z.h5,54.907000,1
26,1,2026-06-17T12:48:52.148500+00:00,9.241500,0.888900,9.200000,1,timeseriesScaler_2026-06-17_12.48.28_UTC_000456.pb,24.148500,1,SAFOD-Deep-10mGL-1000HzFs-2mChDualPulse_2026-06-17T124848Z.h5,4.148500,1
26,2,2026-06-17T12:49:01.328500+00:00,18.421500,0.880300,9.200000,1,timeseriesScaler_2026-06-17_12.48.28_UTC_000456.pb,33.328500,1,SAFOD-Deep-10mGL-1000HzFs-2mChDualPulse_2026-06-17T124848Z.h5,13.328500,1
26,3,2026-06-17T12:49:10.463000+00:00,27.556000,0.862300,9.100000,1,timeseriesScaler_2026-06-17_12.48.28_UTC_000456.pb,42.463000,1,SAFOD-Deep-10mGL-1000HzFs-2mChDualPulse_2026-06-17T124848Z.h5,22.463000,1
26,4,2026-06-17T12:49:19.492500+00:00,36.585500,0.893700,9.000000,1,timeseriesScaler_2026-06-17_12.48.28_UTC_000456.pb,51.492500,1,SAFOD-Deep-10mGL-1000HzFs-2mChDualPulse_2026-06-17T124848Z.h5,31.492500,1
26,5,2026-06-17T12:49:28.574000+00:00,45.667000,0.875500,9.100000,1,timeseriesScaler_2026-06-17_12.48.28_UTC_000456.pb,60.574000,1,SAFOD-Deep-10mGL-1000HzFs-2mChDualPulse_2026-06-17T124848Z.h5,40.574000,1
26,6,2026-06-17T12:49:37.772000+00:00,54.865000,0.879200,9.200000,1,timeseriesScaler_2026-06-17_12.48.28_UTC_000456.pb,69.772000,1,SAFOD-Deep-10mGL-1000HzFs-2mChDualPulse_2026-06-17T124848Z.h5,49.772000,1
26,7,2026-06-17T12:49:47.446000+00:00,64.539000,0.870400,9.700000,1,timeseriesScaler_2026-06-17_12.48.28_UTC_000456.pb,79.446000,1,SAFOD-Deep-10mGL-1000HzFs-2mChDualPulse_2026-06-17T124848Z.h5,59.446000,1
26,8,2026-06-17T12:49:56.791000+00:00,73.884000,0.846600,9.300000,1,timeseriesScaler_2026-06-17_12.48.28_UTC_000456.pb,88.791000,1,SAFOD-Deep-10mGL-1000HzFs-2mChDualPulse_2026-06-17T124948Z.h5,8.791000,1
26,9,2026-06-17T12:50:05.915500+00:00,83.008500,0.885500,9.100000,1,timeseriesScaler_2026-06-17_12.48.28_UTC_000456.pb,97.915500,1,SAFOD-Deep-10mGL-1000HzFs-2mChDualPulse_2026-06-17T124948Z.h5,17.915500,1
26,10,2026-06-17T12:50:15.288000+00:00,92.381000,0.877300,9.400000,1,timeseriesScaler_2026-06-17_12.48.28_UTC_000456.pb,107.288000,1,SAFOD-Deep-10mGL-1000HzFs-2mChDualPulse_2026-06-17T124948Z.h5,27.288000,1
26,11,2026-06-17T12:50:25.232000+00:00,102.325000,0.876700,9.900000,1,timeseriesScaler_2026-06-17_12.48.28_UTC_000456.pb,117.232000,1,SAFOD-Deep-10mGL-1000HzFs-2mChDualPulse_2026-06-17T124948Z.h5,37.232000,1
26,12,2026-06-17T12:50:34.769000+00:00,111.862000,0.872400,9.500000,1,timeseriesScaler_2026-06-17_12.48.28_UTC_000456.pb,126.769000,1,SAFOD-Deep-10mGL-1000HzFs-2mChDualPulse_2026-06-17T124948Z.h5,46.769000,1
26,13,2026-06-17T12:50:43.939000+00:00,121.032000,0.868000,9.200000,1,timeseriesScaler_2026-06-17_12.48.28_UTC_000456.pb,135.939000,1,SAFOD-Deep-10mGL-1000HzFs-2mChDualPulse_2026-06-17T124948Z.h5,55.939000,1
26,14,2026-06-17T12:50:53.075500+00:00,130.168500,0.889700,9.100000,1,timeseriesScaler_2026-06-17_12.48.28_UTC_000456.pb,145.075500,1,SAFOD-Deep-10mGL-1000HzFs-2mChDualPulse_2026-06-17T125048Z.h5,5.075500,1
26,15,2026-06-17T12:51:01.945000+00:00,139.038000,0.870800,8.900000,1,timeseriesScaler_2026-06-17_12.48.28_UTC_000456.pb,153.945000,1,SAFOD-Deep-10mGL-1000HzFs-2mChDualPulse_2026-06-17T125048Z.h5,13.945000,1
26,16,2026-06-17T12:51:10.708000+00:00,147.801000,0.891400,8.800000,1,timeseriesScaler_2026-06-17_12.48.28_UTC_000456.pb,162.708000,1,SAFOD-Deep-10mGL-1000HzFs-2mChDualPulse_2026-06-17T125048Z.h5,22.708000,1
26,17,2026-06-17T12:51:20.685000+00:00,157.778000,0.889300,10.000000,1,timeseriesScaler_2026-06-17_12.48.28_UTC_000456.pb,172.685000,1,SAFOD-Deep-10mGL-1000HzFs-2mChDualPulse_2026-06-17T125048Z.h5,32.685000,1
26,18,2026-06-17T12:51:29.687500+00:00,166.780500,0.860300,9.000000,1,timeseriesScaler_2026-06-17_12.48.28_UTC_000456.pb,181.687500,1,SAFOD-Deep-10mGL-1000HzFs-2mChDualPulse_2026-06-17T125048Z.h5,41.687500,1
27,0,2026-06-17T13:18:41.540500+00:00,0.000000,0.629300,1631.900000,1,timeseriesScaler_2026-06-17_13.18.28_UTC_000462.pb,13.540500,1,SAFOD-Deep-10mGL-1000HzFs-2mChDualPulse_2026-06-17T131748Z.h5,53.540500,1
27,1,2026-06-17T13:18:50.338000+00:00,8.797500,0.769100,8.800000,1,timeseriesScaler_2026-06-17_13.18.28_UTC_000462.pb,22.338000,1,SAFOD-Deep-10mGL-1000HzFs-2mChDualPulse_2026-06-17T131848Z.h5,2.338000,1
27,2,2026-06-17T13:18:59.780500+00:00,18.240000,0.847400,9.400000,1,timeseriesScaler_2026-06-17_13.18.28_UTC_000462.pb,31.780500,1,SAFOD-Deep-10mGL-1000HzFs-2mChDualPulse_2026-06-17T131848Z.h5,11.780500,1
27,3,2026-06-17T13:19:08.838000+00:00,27.297500,0.878500,9.100000,1,timeseriesScaler_2026-06-17_13.18.28_UTC_000462.pb,40.838000,1,SAFOD-Deep-10mGL-1000HzFs-2mChDualPulse_2026-06-17T131848Z.h5,20.838000,1
27,4,2026-06-17T13:19:18.193500+00:00,36.653000,0.891500,9.400000,1,timeseriesScaler_2026-06-17_13.18.28_UTC_000462.pb,50.193500,1,SAFOD-Deep-10mGL-1000HzFs-2mChDualPulse_2026-06-17T131848Z.h5,30.193500,1
27,5,2026-06-17T13:19:27.319000+00:00,45.778500,0.892700,9.100000,1,timeseriesScaler_2026-06-17_13.18.28_UTC_000462.pb,59.319000,1,SAFOD-Deep-10mGL-1000HzFs-2mChDualPulse_2026-06-17T131848Z.h5,39.319000,1
27,6,2026-06-17T13:19:36.956000+00:00,55.415500,0.905100,9.600000,1,timeseriesScaler_2026-06-17_13.18.28_UTC_000462.pb,68.956000,1,SAFOD-Deep-10mGL-1000HzFs-2mChDualPulse_2026-06-17T131848Z.h5,48.956000,1
27,7,2026-06-17T13:19:46.176000+00:00,64.635500,0.909200,9.200000,1,timeseriesScaler_2026-06-17_13.18.28_UTC_000462.pb,78.176000,1,SAFOD-Deep-10mGL-1000HzFs-2mChDualPulse_2026-06-17T131848Z.h5,58.176000,1
27,8,2026-06-17T13:19:55.777000+00:00,74.236500,0.913700,9.600000,1,timeseriesScaler_2026-06-17_13.18.28_UTC_000462.pb,87.777000,1,SAFOD-Deep-10mGL-1000HzFs-2mChDualPulse_2026-06-17T131948Z.h5,7.777000,1
27,9,2026-06-17T13:20:04.751000+00:00,83.210500,0.937200,9.000000,1,timeseriesScaler_2026-06-17_13.18.28_UTC_000462.pb,96.751000,1,SAFOD-Deep-10mGL-1000HzFs-2mChDualPulse_2026-06-17T131948Z.h5,16.751000,1
27,10,2026-06-17T13:20:13.877500+00:00,92.337000,0.927100,9.100000,1,timeseriesScaler_2026-06-17_13.18.28_UTC_000462.pb,105.877500,1,SAFOD-Deep-10mGL-1000HzFs-2mChDualPulse_2026-06-17T131948Z.h5,25.877500,1
27,11,2026-06-17T13:20:23.168000+00:00,101.627500,0.922500,9.300000,1,timeseriesScaler_2026-06-17_13.18.28_UTC_000462.pb,115.168000,1,SAFOD-Deep-10mGL-1000HzFs-2mChDualPulse_2026-06-17T131948Z.h5,35.168000,1
27,12,2026-06-17T13:20:32.190500+00:00,110.650000,0.932300,9.000000,1,timeseriesScaler_2026-06-17_13.18.28_UTC_000462.pb,124.190500,1,SAFOD-Deep-10mGL-1000HzFs-2mChDualPulse_2026-06-17T131948Z.h5,44.190500,1
27,13,2026-06-17T13:20:41.002500+00:00,119.462000,0.924400,8.800000,1,timeseriesScaler_2026-06-17_13.18.28_UTC_000462.pb,133.002500,1,SAFOD-Deep-10mGL-1000HzFs-2mChDualPulse_2026-06-17T131948Z.h5,53.002500,1
27,14,2026-06-17T13:20:49.934000+00:00,128.393500,0.927000,8.900000,1,timeseriesScaler_2026-06-17_13.18.28_UTC_000462.pb,141.934000,1,SAFOD-Deep-10mGL-1000HzFs-2mChDualPulse_2026-06-17T132048Z.h5,1.934000,1
27,15,2026-06-17T13:20:58.996000+00:00,137.455500,0.928600,9.100000,1,timeseriesScaler_2026-06-17_13.18.28_UTC_000462.pb,150.996000,1,SAFOD-Deep-10mGL-1000HzFs-2mChDualPulse_2026-06-17T132048Z.h5,10.996000,1
27,16,2026-06-17T13:21:08.143500+00:00,146.603000,0.930500,9.100000,1,timeseriesScaler_2026-06-17_13.18.28_UTC_000462.pb,160.143500,1,SAFOD-Deep-10mGL-1000HzFs-2mChDualPulse_2026-06-17T132048Z.h5,20.143500,1
27,17,2026-06-17T13:21:17.164500+00:00,155.624000,0.929900,9.000000,1,timeseriesScaler_2026-06-17_13.18.28_UTC_000462.pb,169.164500,1,SAFOD-Deep-10mGL-1000HzFs-2mChDualPulse_2026-06-17T132048Z.h5,29.164500,1
27,18,2026-06-17T13:21:26.880500+00:00,165.340000,0.917900,9.700000,1,timeseriesScaler_2026-06-17_13.18.28_UTC_000462.pb,178.880500,1,SAFOD-Deep-10mGL-1000HzFs-2mChDualPulse_2026-06-17T132048Z.h5,38.880500,1
27,19,2026-06-17T13:21:36.066500+00:00,174.526000,0.920800,9.200000,1,timeseriesScaler_2026-06-17_13.18.28_UTC_000462.pb,188.066500,1,SAFOD-Deep-10mGL-1000HzFs-2mChDualPulse_2026-06-17T132048Z.h5,48.066500,1
28,0,2026-06-17T13:46:19.116500+00:00,0.000000,0.909700,1483.000000,1,timeseriesScaler_2026-06-17_13.43.28_UTC_000467.pb,171.116500,1,SAFOD-Deep-10mGL-1000HzFs-2mChDualPulse_2026-06-17T134548Z.h5,31.116500,1
28,1,2026-06-17T13:46:28.245000+00:00,9.128500,0.924100,9.100000,1,timeseriesScaler_2026-06-17_13.43.28_UTC_000467.pb,180.245000,1,SAFOD-Deep-10mGL-1000HzFs-2mChDualPulse_2026-06-17T134548Z.h5,40.245000,1
28,2,2026-06-17T13:46:37.382000+00:00,18.265500,0.921900,9.100000,1,timeseriesScaler_2026-06-17_13.43.28_UTC_000467.pb,189.382000,1,SAFOD-Deep-10mGL-1000HzFs-2mChDualPulse_2026-06-17T134548Z.h5,49.382000,1
28,3,2026-06-17T13:46:46.539000+00:00,27.422500,0.922300,9.200000,1,timeseriesScaler_2026-06-17_13.43.28_UTC_000467.pb,198.539000,1,SAFOD-Deep-10mGL-1000HzFs-2mChDualPulse_2026-06-17T134548Z.h5,58.539000,1
28,4,2026-06-17T13:46:55.882500+00:00,36.766000,0.920800,9.300000,1,timeseriesScaler_2026-06-17_13.43.28_UTC_000467.pb,207.882500,1,SAFOD-Deep-10mGL-1000HzFs-2mChDualPulse_2026-06-17T134648Z.h5,7.882500,1
28,5,2026-06-17T13:47:05.072500+00:00,45.956000,0.921800,9.200000,1,timeseriesScaler_2026-06-17_13.43.28_UTC_000467.pb,217.072500,1,SAFOD-Deep-10mGL-1000HzFs-2mChDualPulse_2026-06-17T134648Z.h5,17.072500,1
28,6,2026-06-17T13:47:14.369000+00:00,55.252500,0.926600,9.300000,1,timeseriesScaler_2026-06-17_13.43.28_UTC_000467.pb,226.369000,1,SAFOD-Deep-10mGL-1000HzFs-2mChDualPulse_2026-06-17T134648Z.h5,26.369000,1
28,7,2026-06-17T13:47:23.788000+00:00,64.671500,0.934100,9.400000,1,timeseriesScaler_2026-06-17_13.43.28_UTC_000467.pb,235.788000,1,SAFOD-Deep-10mGL-1000HzFs-2mChDualPulse_2026-06-17T134648Z.h5,35.788000,1
28,8,2026-06-17T13:47:32.781000+00:00,73.664500,0.926700,9.000000,1,timeseriesScaler_2026-06-17_13.43.28_UTC_000467.pb,244.781000,1,SAFOD-Deep-10mGL-1000HzFs-2mChDualPulse_2026-06-17T134648Z.h5,44.781000,1
28,9,2026-06-17T13:47:41.993500+00:00,82.877000,0.915700,9.200000,1,timeseriesScaler_2026-06-17_13.43.28_UTC_000467.pb,253.993500,1,SAFOD-Deep-10mGL-1000HzFs-2mChDualPulse_2026-06-17T134648Z.h5,53.993500,1
28,10,2026-06-17T13:47:50.986500+00:00,91.870000,0.925500,9.000000,1,timeseriesScaler_2026-06-17_13.43.28_UTC_000467.pb,262.986500,1,SAFOD-Deep-10mGL-1000HzFs-2mChDualPulse_2026-06-17T134748Z.h5,2.986500,1
28,11,2026-06-17T13:48:00.082500+00:00,100.966000,0.925100,9.100000,1,timeseriesScaler_2026-06-17_13.43.28_UTC_000467.pb,272.082500,1,SAFOD-Deep-10mGL-1000HzFs-2mChDualPulse_2026-06-17T134748Z.h5,12.082500,1
28,12,2026-06-17T13:48:09.140000+00:00,110.023500,0.915800,9.100000,1,timeseriesScaler_2026-06-17_13.43.28_UTC_000467.pb,281.140000,1,SAFOD-Deep-10mGL-1000HzFs-2mChDualPulse_2026-06-17T134748Z.h5,21.140000,1
28,13,2026-06-17T13:48:18.356000+00:00,119.239500,0.923300,9.200000,1,timeseriesScaler_2026-06-17_13.43.28_UTC_000467.pb,290.356000,1,SAFOD-Deep-10mGL-1000HzFs-2mChDualPulse_2026-06-17T134748Z.h5,30.356000,1
28,14,2026-06-17T13:48:27.204000+00:00,128.087500,0.923100,8.800000,1,timeseriesScaler_2026-06-17_13.43.28_UTC_000467.pb,299.204000,1,SAFOD-Deep-10mGL-1000HzFs-2mChDualPulse_2026-06-17T134748Z.h5,39.204000,1
28,15,2026-06-17T13:48:36.567000+00:00,137.450500,0.922900,9.400000,1,timeseriesScaler_2026-06-17_13.48.28_UTC_000468.pb,8.567000,1,SAFOD-Deep-10mGL-1000HzFs-2mChDualPulse_2026-06-17T134748Z.h5,48.567000,1
28,16,2026-06-17T13:48:45.966000+00:00,146.849500,0.916200,9.400000,1,timeseriesScaler_2026-06-17_13.48.28_UTC_000468.pb,17.966000,1,SAFOD-Deep-10mGL-1000HzFs-2mChDualPulse_2026-06-17T134748Z.h5,57.966000,1
28,17,2026-06-17T13:48:55.028500+00:00,155.912000,0.919600,9.100000,1,timeseriesScaler_2026-06-17_13.48.28_UTC_000468.pb,27.028500,1,SAFOD-Deep-10mGL-1000HzFs-2mChDualPulse_2026-06-17T134848Z.h5,7.028500,1
28,18,2026-06-17T13:49:04.234000+00:00,165.117500,0.910700,9.200000,1,timeseriesScaler_2026-06-17_13.48.28_UTC_000468.pb,36.234000,1,SAFOD-Deep-10mGL-1000HzFs-2mChDualPulse_2026-06-17T134848Z.h5,16.234000,1
28,19,2026-06-17T13:49:13.151000+00:00,174.034500,0.916200,8.900000,1,timeseriesScaler_2026-06-17_13.48.28_UTC_000468.pb,45.151000,1,SAFOD-Deep-10mGL-1000HzFs-2mChDualPulse_2026-06-17T134848Z.h5,25.151000,1
29,0,2026-06-17T14:16:53.643500+00:00,0.000000,0.905100,1660.500000,1,timeseriesScaler_2026-06-17_14.13.28_UTC_000473.pb,205.643500,1,SAFOD-Deep-10mGL-1000HzFs-2mChDualPulse_2026-06-17T141648Z.h5,5.643500,1
29,1,2026-06-17T14:17:02.740500+00:00,9.097000,0.914700,9.100000,1,timeseriesScaler_2026-06-17_14.13.28_UTC_000473.pb,214.740500,1,SAFOD-Deep-10mGL-1000HzFs-2mChDualPulse_2026-06-17T141648Z.h5,14.740500,1
29,2,2026-06-17T14:17:11.591500+00:00,17.948000,0.917200,8.900000,1,timeseriesScaler_2026-06-17_14.13.28_UTC_000473.pb,223.591500,1,SAFOD-Deep-10mGL-1000HzFs-2mChDualPulse_2026-06-17T141648Z.h5,23.591500,1
29,3,2026-06-17T14:17:20.336000+00:00,26.692500,0.905400,8.700000,1,timeseriesScaler_2026-06-17_14.13.28_UTC_000473.pb,232.336000,1,SAFOD-Deep-10mGL-1000HzFs-2mChDualPulse_2026-06-17T141648Z.h5,32.336000,1
29,4,2026-06-17T14:17:28.952000+00:00,35.308500,0.910500,8.600000,1,timeseriesScaler_2026-06-17_14.13.28_UTC_000473.pb,240.952000,1,SAFOD-Deep-10mGL-1000HzFs-2mChDualPulse_2026-06-17T141648Z.h5,40.952000,1
29,5,2026-06-17T14:17:37.611000+00:00,43.967500,0.913600,8.700000,1,timeseriesScaler_2026-06-17_14.13.28_UTC_000473.pb,249.611000,1,SAFOD-Deep-10mGL-1000HzFs-2mChDualPulse_2026-06-17T141648Z.h5,49.611000,1
29,6,2026-06-17T14:17:46.401500+00:00,52.758000,0.914500,8.800000,1,timeseriesScaler_2026-06-17_14.13.28_UTC_000473.pb,258.401500,1,SAFOD-Deep-10mGL-1000HzFs-2mChDualPulse_2026-06-17T141648Z.h5,58.401500,1
29,7,2026-06-17T14:17:55.155000+00:00,61.511500,0.908300,8.800000,1,timeseriesScaler_2026-06-17_14.13.28_UTC_000473.pb,267.155000,1,SAFOD-Deep-10mGL-1000HzFs-2mChDualPulse_2026-06-17T141748Z.h5,7.155000,1
29,8,2026-06-17T14:18:03.776000+00:00,70.132500,0.910900,8.600000,1,timeseriesScaler_2026-06-17_14.13.28_UTC_000473.pb,275.776000,1,SAFOD-Deep-10mGL-1000HzFs-2mChDualPulse_2026-06-17T141748Z.h5,15.776000,1
29,9,2026-06-17T14:18:12.442500+00:00,78.799000,0.903800,8.700000,1,timeseriesScaler_2026-06-17_14.13.28_UTC_000473.pb,284.442500,1,SAFOD-Deep-10mGL-1000HzFs-2mChDualPulse_2026-06-17T141748Z.h5,24.442500,1
29,10,2026-06-17T14:18:20.955000+00:00,87.311500,0.904900,8.500000,1,timeseriesScaler_2026-06-17_14.13.28_UTC_000473.pb,292.955000,1,SAFOD-Deep-10mGL-1000HzFs-2mChDualPulse_2026-06-17T141748Z.h5,32.955000,1
29,11,2026-06-17T14:18:29.604000+00:00,95.960500,0.917300,8.600000,1,timeseriesScaler_2026-06-17_14.18.28_UTC_000474.pb,1.604000,1,SAFOD-Deep-10mGL-1000HzFs-2mChDualPulse_2026-06-17T141748Z.h5,41.604000,1
29,12,2026-06-17T14:18:38.152500+00:00,104.509000,0.922500,8.500000,1,timeseriesScaler_2026-06-17_14.18.28_UTC_000474.pb,10.152500,1,SAFOD-Deep-10mGL-1000HzFs-2mChDualPulse_2026-06-17T141748Z.h5,50.152500,1
29,13,2026-06-17T14:18:47.055500+00:00,113.412000,0.919400,8.900000,1,timeseriesScaler_2026-06-17_14.18.28_UTC_000474.pb,19.055500,1,SAFOD-Deep-10mGL-1000HzFs-2mChDualPulse_2026-06-17T141748Z.h5,59.055500,1
29,14,2026-06-17T14:18:55.604500+00:00,121.961000,0.913300,8.500000,1,timeseriesScaler_2026-06-17_14.18.28_UTC_000474.pb,27.604500,1,SAFOD-Deep-10mGL-1000HzFs-2mChDualPulse_2026-06-17T141848Z.h5,7.604500,1
29,15,2026-06-17T14:19:04.005000+00:00,130.361500,0.912300,8.400000,1,timeseriesScaler_2026-06-17_14.18.28_UTC_000474.pb,36.005000,1,SAFOD-Deep-10mGL-1000HzFs-2mChDualPulse_2026-06-17T141848Z.h5,16.005000,1
29,16,2026-06-17T14:19:12.588000+00:00,138.944500,0.928700,8.600000,1,timeseriesScaler_2026-06-17_14.18.28_UTC_000474.pb,44.588000,1,SAFOD-Deep-10mGL-1000HzFs-2mChDualPulse_2026-06-17T141848Z.h5,24.588000,1
29,17,2026-06-17T14:19:21.246500+00:00,147.603000,0.912700,8.700000,1,timeseriesScaler_2026-06-17_14.18.28_UTC_000474.pb,53.246500,1,SAFOD-Deep-10mGL-1000HzFs-2mChDualPulse_2026-06-17T141848Z.h5,33.246500,1
29,18,2026-06-17T14:19:30.055500+00:00,156.412000,0.909900,8.800000,1,timeseriesScaler_2026-06-17_14.18.28_UTC_000474.pb,62.055500,1,SAFOD-Deep-10mGL-1000HzFs-2mChDualPulse_2026-06-17T141848Z.h5,42.055500,1
29,19,2026-06-17T14:19:39.221000+00:00,165.577500,0.921000,9.200000,1,timeseriesScaler_2026-06-17_14.18.28_UTC_000474.pb,71.221000,1,SAFOD-Deep-10mGL-1000HzFs-2mChDualPulse_2026-06-17T141848Z.h5,51.221000,1
30,0,2026-06-17T14:45:57.163000+00:00,0.000000,0.643000,1577.900000,1,timeseriesScaler_2026-06-17_14.43.28_UTC_000479.pb,149.163000,1,SAFOD-Deep-10mGL-1000HzFs-2mChDualPulse_2026-06-17T144548Z.h5,9.163000,1
30,1,2026-06-17T14:46:07.126500+00:00,9.963500,0.858600,10.000000,1,timeseriesScaler_2026-06-17_14.43.28_UTC_000479.pb,159.126500,1,SAFOD-Deep-10mGL-1000HzFs-2mChDualPulse_2026-06-17T144548Z.h5,19.126500,1
30,2,2026-06-17T14:46:17.030500+00:00,19.867500,0.896600,9.900000,1,timeseriesScaler_2026-06-17_14.43.28_UTC_000479.pb,169.030500,1,SAFOD-Deep-10mGL-1000HzFs-2mChDualPulse_2026-06-17T144548Z.h5,29.030500,1
30,3,2026-06-17T14:46:26.693500+00:00,29.530500,0.928800,9.700000,1,timeseriesScaler_2026-06-17_14.43.28_UTC_000479.pb,178.693500,1,SAFOD-Deep-10mGL-1000HzFs-2mChDualPulse_2026-06-17T144548Z.h5,38.693500,1
30,4,2026-06-17T14:46:36.222000+00:00,39.059000,0.944000,9.500000,1,timeseriesScaler_2026-06-17_14.43.28_UTC_000479.pb,188.222000,1,SAFOD-Deep-10mGL-1000HzFs-2mChDualPulse_2026-06-17T144548Z.h5,48.222000,1
30,5,2026-06-17T14:46:45.920500+00:00,48.757500,0.923500,9.700000,1,timeseriesScaler_2026-06-17_14.43.28_UTC_000479.pb,197.920500,1,SAFOD-Deep-10mGL-1000HzFs-2mChDualPulse_2026-06-17T144548Z.h5,57.920500,1
30,6,2026-06-17T14:46:55.526500+00:00,58.363500,0.933600,9.600000,1,timeseriesScaler_2026-06-17_14.43.28_UTC_000479.pb,207.526500,1,SAFOD-Deep-10mGL-1000HzFs-2mChDualPulse_2026-06-17T144648Z.h5,7.526500,1
30,7,2026-06-17T14:47:05.166500+00:00,68.003500,0.939700,9.600000,1,timeseriesScaler_2026-06-17_14.43.28_UTC_000479.pb,217.166500,1,SAFOD-Deep-10mGL-1000HzFs-2mChDualPulse_2026-06-17T144648Z.h5,17.166500,1
30,8,2026-06-17T14:47:15.035500+00:00,77.872500,0.927600,9.900000,1,timeseriesScaler_2026-06-17_14.43.28_UTC_000479.pb,227.035500,1,SAFOD-Deep-10mGL-1000HzFs-2mChDualPulse_2026-06-17T144648Z.h5,27.035500,1
30,9,2026-06-17T14:47:25.159000+00:00,87.996000,0.933500,10.100000,1,timeseriesScaler_2026-06-17_14.43.28_UTC_000479.pb,237.159000,1,SAFOD-Deep-10mGL-1000HzFs-2mChDualPulse_2026-06-17T144648Z.h5,37.159000,1
30,10,2026-06-17T14:47:35.080500+00:00,97.917500,0.934400,9.900000,1,timeseriesScaler_2026-06-17_14.43.28_UTC_000479.pb,247.080500,1,SAFOD-Deep-10mGL-1000HzFs-2mChDualPulse_2026-06-17T144648Z.h5,47.080500,1
30,11,2026-06-17T14:47:44.727500+00:00,107.564500,0.929200,9.600000,1,timeseriesScaler_2026-06-17_14.43.28_UTC_000479.pb,256.727500,1,SAFOD-Deep-10mGL-1000HzFs-2mChDualPulse_2026-06-17T144648Z.h5,56.727500,1
30,12,2026-06-17T14:47:54.417000+00:00,117.254000,0.929500,9.700000,1,timeseriesScaler_2026-06-17_14.43.28_UTC_000479.pb,266.417000,1,SAFOD-Deep-10mGL-1000HzFs-2mChDualPulse_2026-06-17T144748Z.h5,6.417000,1
30,13,2026-06-17T14:48:04.137500+00:00,126.974500,0.930500,9.700000,1,timeseriesScaler_2026-06-17_14.43.28_UTC_000479.pb,276.137500,1,SAFOD-Deep-10mGL-1000HzFs-2mChDualPulse_2026-06-17T144748Z.h5,16.137500,1
30,14,2026-06-17T14:48:13.790000+00:00,136.627000,0.922300,9.700000,1,timeseriesScaler_2026-06-17_14.43.28_UTC_000479.pb,285.790000,1,SAFOD-Deep-10mGL-1000HzFs-2mChDualPulse_2026-06-17T144748Z.h5,25.790000,1
30,15,2026-06-17T14:48:23.568500+00:00,146.405500,0.917300,9.800000,1,timeseriesScaler_2026-06-17_14.43.28_UTC_000479.pb,295.568500,1,SAFOD-Deep-10mGL-1000HzFs-2mChDualPulse_2026-06-17T144748Z.h5,35.568500,1
30,16,2026-06-17T14:48:33.050000+00:00,155.887000,0.921500,9.500000,1,timeseriesScaler_2026-06-17_14.48.28_UTC_000480.pb,5.050000,1,SAFOD-Deep-10mGL-1000HzFs-2mChDualPulse_2026-06-17T144748Z.h5,45.050000,1
30,17,2026-06-17T14:48:42.718500+00:00,165.555500,0.927100,9.700000,1,timeseriesScaler_2026-06-17_14.48.28_UTC_000480.pb,14.718500,1,SAFOD-Deep-10mGL-1000HzFs-2mChDualPulse_2026-06-17T144748Z.h5,54.718500,1
30,18,2026-06-17T14:48:52.427000+00:00,175.264000,0.916200,9.700000,1,timeseriesScaler_2026-06-17_14.48.28_UTC_000480.pb,24.427000,1,SAFOD-Deep-10mGL-1000HzFs-2mChDualPulse_2026-06-17T144848Z.h5,4.427000,1
30,19,2026-06-17T14:49:02.380500+00:00,185.217500,0.921200,10.000000,1,timeseriesScaler_2026-06-17_14.48.28_UTC_000480.pb,34.380500,1,SAFOD-Deep-10mGL-1000HzFs-2mChDualPulse_2026-06-17T144848Z.h5,14.380500,1
31,0,2026-06-17T15:16:20.681500+00:00,0.000000,0.909100,1638.300000,1,timeseriesScaler_2026-06-17_15.13.28_UTC_000485.pb,172.681500,1,SAFOD-Deep-10mGL-1000HzFs-2mChDualPulse_2026-06-17T151548Z.h5,32.681500,1
31,1,2026-06-17T15:16:30.049500+00:00,9.368000,0.923800,9.400000,1,timeseriesScaler_2026-06-17_15.13.28_UTC_000485.pb,182.049500,1,SAFOD-Deep-10mGL-1000HzFs-2mChDualPulse_2026-06-17T151548Z.h5,42.049500,1
31,2,2026-06-17T15:16:39.562500+00:00,18.881000,0.917100,9.500000,1,timeseriesScaler_2026-06-17_15.13.28_UTC_000485.pb,191.562500,1,SAFOD-Deep-10mGL-1000HzFs-2mChDualPulse_2026-06-17T151548Z.h5,51.562500,1
31,3,2026-06-17T15:16:48.528000+00:00,27.846500,0.906100,9.000000,1,timeseriesScaler_2026-06-17_15.13.28_UTC_000485.pb,200.528000,1,SAFOD-Deep-10mGL-1000HzFs-2mChDualPulse_2026-06-17T151648Z.h5,0.528000,1
31,4,2026-06-17T15:16:57.848000+00:00,37.166500,0.907300,9.300000,1,timeseriesScaler_2026-06-17_15.13.28_UTC_000485.pb,209.848000,1,SAFOD-Deep-10mGL-1000HzFs-2mChDualPulse_2026-06-17T151648Z.h5,9.848000,1
31,5,2026-06-17T15:17:07.263000+00:00,46.581500,0.909400,9.400000,1,timeseriesScaler_2026-06-17_15.13.28_UTC_000485.pb,219.263000,1,SAFOD-Deep-10mGL-1000HzFs-2mChDualPulse_2026-06-17T151648Z.h5,19.263000,1
31,6,2026-06-17T15:17:16.174000+00:00,55.492500,0.907400,8.900000,1,timeseriesScaler_2026-06-17_15.13.28_UTC_000485.pb,228.174000,1,SAFOD-Deep-10mGL-1000HzFs-2mChDualPulse_2026-06-17T151648Z.h5,28.174000,1
31,7,2026-06-17T15:17:24.742500+00:00,64.061000,0.907900,8.600000,1,timeseriesScaler_2026-06-17_15.13.28_UTC_000485.pb,236.742500,1,SAFOD-Deep-10mGL-1000HzFs-2mChDualPulse_2026-06-17T151648Z.h5,36.742500,1
31,8,2026-06-17T15:17:33.912000+00:00,73.230500,0.913200,9.200000,1,timeseriesScaler_2026-06-17_15.13.28_UTC_000485.pb,245.912000,1,SAFOD-Deep-10mGL-1000HzFs-2mChDualPulse_2026-06-17T151648Z.h5,45.912000,1
31,9,2026-06-17T15:17:42.753500+00:00,82.072000,0.906400,8.800000,1,timeseriesScaler_2026-06-17_15.13.28_UTC_000485.pb,254.753500,1,SAFOD-Deep-10mGL-1000HzFs-2mChDualPulse_2026-06-17T151648Z.h5,54.753500,1
31,10,2026-06-17T15:17:51.898500+00:00,91.217000,0.911900,9.100000,1,timeseriesScaler_2026-06-17_15.13.28_UTC_000485.pb,263.898500,1,SAFOD-Deep-10mGL-1000HzFs-2mChDualPulse_2026-06-17T151748Z.h5,3.898500,1
31,11,2026-06-17T15:18:00.941000+00:00,100.259500,0.911100,9.000000,1,timeseriesScaler_2026-06-17_15.13.28_UTC_000485.pb,272.941000,1,SAFOD-Deep-10mGL-1000HzFs-2mChDualPulse_2026-06-17T151748Z.h5,12.941000,1
31,12,2026-06-17T15:18:09.916500+00:00,109.235000,0.909500,9.000000,1,timeseriesScaler_2026-06-17_15.13.28_UTC_000485.pb,281.916500,1,SAFOD-Deep-10mGL-1000HzFs-2mChDualPulse_2026-06-17T151748Z.h5,21.916500,1
31,13,2026-06-17T15:18:18.649000+00:00,117.967500,0.910400,8.700000,1,timeseriesScaler_2026-06-17_15.13.28_UTC_000485.pb,290.649000,1,SAFOD-Deep-10mGL-1000HzFs-2mChDualPulse_2026-06-17T151748Z.h5,30.649000,1
31,14,2026-06-17T15:18:27.560500+00:00,126.879000,0.900800,8.900000,1,timeseriesScaler_2026-06-17_15.13.28_UTC_000485.pb,299.560500,1,SAFOD-Deep-10mGL-1000HzFs-2mChDualPulse_2026-06-17T151748Z.h5,39.560500,1
31,15,2026-06-17T15:18:36.446000+00:00,135.764500,0.905700,8.900000,1,timeseriesScaler_2026-06-17_15.18.28_UTC_000486.pb,8.446000,1,SAFOD-Deep-10mGL-1000HzFs-2mChDualPulse_2026-06-17T151748Z.h5,48.446000,1
31,16,2026-06-17T15:18:45.282500+00:00,144.601000,0.913300,8.800000,1,timeseriesScaler_2026-06-17_15.18.28_UTC_000486.pb,17.282500,1,SAFOD-Deep-10mGL-1000HzFs-2mChDualPulse_2026-06-17T151748Z.h5,57.282500,1
31,17,2026-06-17T15:18:54.561000+00:00,153.879500,0.913300,9.300000,1,timeseriesScaler_2026-06-17_15.18.28_UTC_000486.pb,26.561000,1,SAFOD-Deep-10mGL-1000HzFs-2mChDualPulse_2026-06-17T151848Z.h5,6.561000,1
31,18,2026-06-17T15:19:03.503000+00:00,162.821500,0.910600,8.900000,1,timeseriesScaler_2026-06-17_15.18.28_UTC_000486.pb,35.503000,1,SAFOD-Deep-10mGL-1000HzFs-2mChDualPulse_2026-06-17T151848Z.h5,15.503000,1
31,19,2026-06-17T15:19:12.369500+00:00,171.688000,0.901200,8.900000,1,timeseriesScaler_2026-06-17_15.18.28_UTC_000486.pb,44.369500,1,SAFOD-Deep-10mGL-1000HzFs-2mChDualPulse_2026-06-17T151848Z.h5,24.369500,1
32,0,2026-06-17T15:47:02.306000+00:00,0.000000,0.906600,1669.900000,1,timeseriesScaler_2026-06-17_15.43.28_UTC_000491.pb,214.306000,1,SAFOD-Deep-10mGL-1000HzFs-2mChDualPulse_2026-06-17T154648Z.h5,14.306000,1
32,1,2026-06-17T15:47:12.137500+00:00,9.831500,0.895800,9.800000,1,timeseriesScaler_2026-06-17_15.43.28_UTC_000491.pb,224.137500,1,SAFOD-Deep-10mGL-1000HzFs-2mChDualPulse_2026-06-17T154648Z.h5,24.137500,1
32,2,2026-06-17T15:47:21.959000+00:00,19.653000,0.889700,9.800000,1,timeseriesScaler_2026-06-17_15.43.28_UTC_000491.pb,233.959000,1,SAFOD-Deep-10mGL-1000HzFs-2mChDualPulse_2026-06-17T154648Z.h5,33.959000,1
32,3,2026-06-17T15:47:31.653000+00:00,29.347000,0.887600,9.700000,1,timeseriesScaler_2026-06-17_15.43.28_UTC_000491.pb,243.653000,1,SAFOD-Deep-10mGL-1000HzFs-2mChDualPulse_2026-06-17T154648Z.h5,43.653000,1
32,4,2026-06-17T15:47:41.445500+00:00,39.139500,0.892100,9.800000,1,timeseriesScaler_2026-06-17_15.43.28_UTC_000491.pb,253.445500,1,SAFOD-Deep-10mGL-1000HzFs-2mChDualPulse_2026-06-17T154648Z.h5,53.445500,1
32,5,2026-06-17T15:47:51.659000+00:00,49.353000,0.889100,10.200000,1,timeseriesScaler_2026-06-17_15.43.28_UTC_000491.pb,263.659000,1,SAFOD-Deep-10mGL-1000HzFs-2mChDualPulse_2026-06-17T154748Z.h5,3.659000,1
32,6,2026-06-17T15:48:01.230000+00:00,58.924000,0.872900,9.600000,1,timeseriesScaler_2026-06-17_15.43.28_UTC_000491.pb,273.230000,1,SAFOD-Deep-10mGL-1000HzFs-2mChDualPulse_2026-06-17T154748Z.h5,13.230000,1
32,7,2026-06-17T15:48:10.592500+00:00,68.286500,0.896200,9.400000,1,timeseriesScaler_2026-06-17_15.43.28_UTC_000491.pb,282.592500,1,SAFOD-Deep-10mGL-1000HzFs-2mChDualPulse_2026-06-17T154748Z.h5,22.592500,1
32,8,2026-06-17T15:48:20.104500+00:00,77.798500,0.881800,9.500000,1,timeseriesScaler_2026-06-17_15.43.28_UTC_000491.pb,292.104500,1,SAFOD-Deep-10mGL-1000HzFs-2mChDualPulse_2026-06-17T154748Z.h5,32.104500,1
32,9,2026-06-17T15:48:29.625500+00:00,87.319500,0.887200,9.500000,1,timeseriesScaler_2026-06-17_15.48.28_UTC_000492.pb,1.625500,1,SAFOD-Deep-10mGL-1000HzFs-2mChDualPulse_2026-06-17T154748Z.h5,41.625500,1
32,10,2026-06-17T15:48:39.346000+00:00,97.040000,0.884900,9.700000,1,timeseriesScaler_2026-06-17_15.48.28_UTC_000492.pb,11.346000,1,SAFOD-Deep-10mGL-1000HzFs-2mChDualPulse_2026-06-17T154748Z.h5,51.346000,1
32,11,2026-06-17T15:48:48.961000+00:00,106.655000,0.882900,9.600000,1,timeseriesScaler_2026-06-17_15.48.28_UTC_000492.pb,20.961000,1,SAFOD-Deep-10mGL-1000HzFs-2mChDualPulse_2026-06-17T154848Z.h5,0.961000,1
32,12,2026-06-17T15:48:58.585000+00:00,116.279000,0.894000,9.600000,1,timeseriesScaler_2026-06-17_15.48.28_UTC_000492.pb,30.585000,1,SAFOD-Deep-10mGL-1000HzFs-2mChDualPulse_2026-06-17T154848Z.h5,10.585000,1
32,13,2026-06-17T15:49:08.363000+00:00,126.057000,0.888300,9.800000,1,timeseriesScaler_2026-06-17_15.48.28_UTC_000492.pb,40.363000,1,SAFOD-Deep-10mGL-1000HzFs-2mChDualPulse_2026-06-17T154848Z.h5,20.363000,1
32,14,2026-06-17T15:49:17.886000+00:00,135.580000,0.889700,9.500000,1,timeseriesScaler_2026-06-17_15.48.28_UTC_000492.pb,49.886000,1,SAFOD-Deep-10mGL-1000HzFs-2mChDualPulse_2026-06-17T154848Z.h5,29.886000,1
32,15,2026-06-17T15:49:27.580500+00:00,145.274500,0.895100,9.700000,1,timeseriesScaler_2026-06-17_15.48.28_UTC_000492.pb,59.580500,1,SAFOD-Deep-10mGL-1000HzFs-2mChDualPulse_2026-06-17T154848Z.h5,39.580500,1
32,16,2026-06-17T15:49:37.205000+00:00,154.899000,0.896000,9.600000,1,timeseriesScaler_2026-06-17_15.48.28_UTC_000492.pb,69.205000,1,SAFOD-Deep-10mGL-1000HzFs-2mChDualPulse_2026-06-17T154848Z.h5,49.205000,1
32,17,2026-06-17T15:49:46.741500+00:00,164.435500,0.877900,9.500000,1,timeseriesScaler_2026-06-17_15.48.28_UTC_000492.pb,78.741500,1,SAFOD-Deep-10mGL-1000HzFs-2mChDualPulse_2026-06-17T154848Z.h5,58.741500,1
32,18,2026-06-17T15:49:56.702000+00:00,174.396000,0.885600,10.000000,1,timeseriesScaler_2026-06-17_15.48.28_UTC_000492.pb,88.702000,1,SAFOD-Deep-10mGL-1000HzFs-2mChDualPulse_2026-06-17T154948Z.h5,8.702000,1
32,19,2026-06-17T15:50:06.344000+00:00,184.038000,0.889000,9.600000,1,timeseriesScaler_2026-06-17_15.48.28_UTC_000492.pb,98.344000,1,SAFOD-Deep-10mGL-1000HzFs-2mChDualPulse_2026-06-17T154948Z.h5,18.344000,1
33,0,2026-06-17T16:16:07.245500+00:00,0.000000,0.609200,1560.900000,1,timeseriesScaler_2026-06-17_16.13.28_UTC_000497.pb,159.245500,1,SAFOD-Deep-10mGL-1000HzFs-2mChDualPulse_2026-06-17T161548Z.h5,19.245500,1
33,1,2026-06-17T16:16:16.580500+00:00,9.335000,0.795500,9.300000,1,timeseriesScaler_2026-06-17_16.13.28_UTC_000497.pb,168.580500,1,SAFOD-Deep-10mGL-1000HzFs-2mChDualPulse_2026-06-17T161548Z.h5,28.580500,1
33,2,2026-06-17T16:16:25.708000+00:00,18.462500,0.883800,9.100000,1,timeseriesScaler_2026-06-17_16.13.28_UTC_000497.pb,177.708000,1,SAFOD-Deep-10mGL-1000HzFs-2mChDualPulse_2026-06-17T161548Z.h5,37.708000,1
33,3,2026-06-17T16:16:34.763000+00:00,27.517500,0.907700,9.100000,1,timeseriesScaler_2026-06-17_16.13.28_UTC_000497.pb,186.763000,1,SAFOD-Deep-10mGL-1000HzFs-2mChDualPulse_2026-06-17T161548Z.h5,46.763000,1
33,4,2026-06-17T16:16:43.826000+00:00,36.580500,0.939400,9.100000,1,timeseriesScaler_2026-06-17_16.13.28_UTC_000497.pb,195.826000,1,SAFOD-Deep-10mGL-1000HzFs-2mChDualPulse_2026-06-17T161548Z.h5,55.826000,1
33,5,2026-06-17T16:16:52.765000+00:00,45.519500,0.946600,8.900000,1,timeseriesScaler_2026-06-17_16.13.28_UTC_000497.pb,204.765000,1,SAFOD-Deep-10mGL-1000HzFs-2mChDualPulse_2026-06-17T161648Z.h5,4.765000,1
33,6,2026-06-17T16:17:01.704500+00:00,54.459000,0.944000,8.900000,1,timeseriesScaler_2026-06-17_16.13.28_UTC_000497.pb,213.704500,1,SAFOD-Deep-10mGL-1000HzFs-2mChDualPulse_2026-06-17T161648Z.h5,13.704500,1
33,7,2026-06-17T16:17:10.595000+00:00,63.349500,0.948600,8.900000,1,timeseriesScaler_2026-06-17_16.13.28_UTC_000497.pb,222.595000,1,SAFOD-Deep-10mGL-1000HzFs-2mChDualPulse_2026-06-17T161648Z.h5,22.595000,1
33,8,2026-06-17T16:17:19.621500+00:00,72.376000,0.943000,9.000000,1,timeseriesScaler_2026-06-17_16.13.28_UTC_000497.pb,231.621500,1,SAFOD-Deep-10mGL-1000HzFs-2mChDualPulse_2026-06-17T161648Z.h5,31.621500,1
33,9,2026-06-17T16:17:28.448500+00:00,81.203000,0.937000,8.800000,1,timeseriesScaler_2026-06-17_16.13.28_UTC_000497.pb,240.448500,1,SAFOD-Deep-10mGL-1000HzFs-2mChDualPulse_2026-06-17T161648Z.h5,40.448500,1
33,10,2026-06-17T16:17:37.673500+00:00,90.428000,0.925700,9.200000,1,timeseriesScaler_2026-06-17_16.13.28_UTC_000497.pb,249.673500,1,SAFOD-Deep-10mGL-1000HzFs-2mChDualPulse_2026-06-17T161648Z.h5,49.673500,1
33,11,2026-06-17T16:17:46.968000+00:00,99.722500,0.936400,9.300000,1,timeseriesScaler_2026-06-17_16.13.28_UTC_000497.pb,258.968000,1,SAFOD-Deep-10mGL-1000HzFs-2mChDualPulse_2026-06-17T161648Z.h5,58.968000,1
33,12,2026-06-17T16:17:55.881500+00:00,108.636000,0.925500,8.900000,1,timeseriesScaler_2026-06-17_16.13.28_UTC_000497.pb,267.881500,1,SAFOD-Deep-10mGL-1000HzFs-2mChDualPulse_2026-06-17T161748Z.h5,7.881500,1
33,13,2026-06-17T16:18:05.004500+00:00,117.759000,0.925200,9.100000,1,timeseriesScaler_2026-06-17_16.13.28_UTC_000497.pb,277.004500,1,SAFOD-Deep-10mGL-1000HzFs-2mChDualPulse_2026-06-17T161748Z.h5,17.004500,1
33,14,2026-06-17T16:18:13.917500+00:00,126.672000,0.933000,8.900000,1,timeseriesScaler_2026-06-17_16.13.28_UTC_000497.pb,285.917500,1,SAFOD-Deep-10mGL-1000HzFs-2mChDualPulse_2026-06-17T161748Z.h5,25.917500,1
33,15,2026-06-17T16:18:23.048000+00:00,135.802500,0.923200,9.100000,1,timeseriesScaler_2026-06-17_16.13.28_UTC_000497.pb,295.048000,1,SAFOD-Deep-10mGL-1000HzFs-2mChDualPulse_2026-06-17T161748Z.h5,35.048000,1
33,16,2026-06-17T16:18:31.801000+00:00,144.555500,0.925300,8.800000,1,timeseriesScaler_2026-06-17_16.18.28_UTC_000498.pb,3.801000,1,SAFOD-Deep-10mGL-1000HzFs-2mChDualPulse_2026-06-17T161748Z.h5,43.801000,1
33,17,2026-06-17T16:18:41.066500+00:00,153.821000,0.928800,9.300000,1,timeseriesScaler_2026-06-17_16.18.28_UTC_000498.pb,13.066500,1,SAFOD-Deep-10mGL-1000HzFs-2mChDualPulse_2026-06-17T161748Z.h5,53.066500,1
33,18,2026-06-17T16:18:50.300500+00:00,163.055000,0.924400,9.200000,1,timeseriesScaler_2026-06-17_16.18.28_UTC_000498.pb,22.300500,1,SAFOD-Deep-10mGL-1000HzFs-2mChDualPulse_2026-06-17T161848Z.h5,2.300500,1
33,19,2026-06-17T16:18:59.144500+00:00,171.899000,0.920400,8.800000,1,timeseriesScaler_2026-06-17_16.18.28_UTC_000498.pb,31.144500,1,SAFOD-Deep-10mGL-1000HzFs-2mChDualPulse_2026-06-17T161848Z.h5,11.144500,1
34,0,2026-06-17T16:47:04.074500+00:00,0.000000,0.916900,1684.900000,1,timeseriesScaler_2026-06-17_16.43.28_UTC_000503.pb,216.074500,1,SAFOD-Deep-10mGL-1000HzFs-2mChDualPulse_2026-06-17T164648Z.h5,16.074500,1
34,1,2026-06-17T16:47:14.151500+00:00,10.077000,0.910100,10.100000,1,timeseriesScaler_2026-06-17_16.43.28_UTC_000503.pb,226.151500,1,SAFOD-Deep-10mGL-1000HzFs-2mChDualPulse_2026-06-17T164648Z.h5,26.151500,1
34,2,2026-06-17T16:47:24.095500+00:00,20.021000,0.909400,9.900000,1,timeseriesScaler_2026-06-17_16.43.28_UTC_000503.pb,236.095500,1,SAFOD-Deep-10mGL-1000HzFs-2mChDualPulse_2026-06-17T164648Z.h5,36.095500,1
34,3,2026-06-17T16:47:33.992500+00:00,29.918000,0.910000,9.900000,1,timeseriesScaler_2026-06-17_16.43.28_UTC_000503.pb,245.992500,1,SAFOD-Deep-10mGL-1000HzFs-2mChDualPulse_2026-06-17T164648Z.h5,45.992500,1
34,4,2026-06-17T16:47:44.048000+00:00,39.973500,0.912800,10.100000,1,timeseriesScaler_2026-06-17_16.43.28_UTC_000503.pb,256.048000,1,SAFOD-Deep-10mGL-1000HzFs-2mChDualPulse_2026-06-17T164648Z.h5,56.048000,1
34,5,2026-06-17T16:47:53.687000+00:00,49.612500,0.900300,9.600000,1,timeseriesScaler_2026-06-17_16.43.28_UTC_000503.pb,265.687000,1,SAFOD-Deep-10mGL-1000HzFs-2mChDualPulse_2026-06-17T164748Z.h5,5.687000,1
34,6,2026-06-17T16:48:03.564000+00:00,59.489500,0.904800,9.900000,1,timeseriesScaler_2026-06-17_16.43.28_UTC_000503.pb,275.564000,1,SAFOD-Deep-10mGL-1000HzFs-2mChDualPulse_2026-06-17T164748Z.h5,15.564000,1
34,7,2026-06-17T16:48:13.560000+00:00,69.485500,0.912400,10.000000,1,timeseriesScaler_2026-06-17_16.43.28_UTC_000503.pb,285.560000,1,SAFOD-Deep-10mGL-1000HzFs-2mChDualPulse_2026-06-17T164748Z.h5,25.560000,1
34,8,2026-06-17T16:48:23.549000+00:00,79.474500,0.913800,10.000000,1,timeseriesScaler_2026-06-17_16.43.28_UTC_000503.pb,295.549000,1,SAFOD-Deep-10mGL-1000HzFs-2mChDualPulse_2026-06-17T164748Z.h5,35.549000,1
34,9,2026-06-17T16:48:33.232500+00:00,89.158000,0.902900,9.700000,1,timeseriesScaler_2026-06-17_16.48.28_UTC_000504.pb,5.232500,1,SAFOD-Deep-10mGL-1000HzFs-2mChDualPulse_2026-06-17T164748Z.h5,45.232500,1
34,10,2026-06-17T16:48:42.922500+00:00,98.848000,0.897500,9.700000,1,timeseriesScaler_2026-06-17_16.48.28_UTC_000504.pb,14.922500,1,SAFOD-Deep-10mGL-1000HzFs-2mChDualPulse_2026-06-17T164748Z.h5,54.922500,1
34,11,2026-06-17T16:48:52.756000+00:00,108.681500,0.899600,9.800000,1,timeseriesScaler_2026-06-17_16.48.28_UTC_000504.pb,24.756000,1,SAFOD-Deep-10mGL-1000HzFs-2mChDualPulse_2026-06-17T164848Z.h5,4.756000,1
34,12,2026-06-17T16:49:02.573500+00:00,118.499000,0.897900,9.800000,1,timeseriesScaler_2026-06-17_16.48.28_UTC_000504.pb,34.573500,1,SAFOD-Deep-10mGL-1000HzFs-2mChDualPulse_2026-06-17T164848Z.h5,14.573500,1
34,13,2026-06-17T16:49:12.142500+00:00,128.068000,0.899600,9.600000,1,timeseriesScaler_2026-06-17_16.48.28_UTC_000504.pb,44.142500,1,SAFOD-Deep-10mGL-1000HzFs-2mChDualPulse_2026-06-17T164848Z.h5,24.142500,1
34,14,2026-06-17T16:49:21.709500+00:00,137.635000,0.894900,9.600000,1,timeseriesScaler_2026-06-17_16.48.28_UTC_000504.pb,53.709500,1,SAFOD-Deep-10mGL-1000HzFs-2mChDualPulse_2026-06-17T164848Z.h5,33.709500,1
34,15,2026-06-17T16:49:31.596500+00:00,147.522000,0.897700,9.900000,1,timeseriesScaler_2026-06-17_16.48.28_UTC_000504.pb,63.596500,1,SAFOD-Deep-10mGL-1000HzFs-2mChDualPulse_2026-06-17T164848Z.h5,43.596500,1
34,16,2026-06-17T16:49:41.369500+00:00,157.295000,0.903300,9.800000,1,timeseriesScaler_2026-06-17_16.48.28_UTC_000504.pb,73.369500,1,SAFOD-Deep-10mGL-1000HzFs-2mChDualPulse_2026-06-17T164848Z.h5,53.369500,1
34,17,2026-06-17T16:49:53.196500+00:00,169.122000,0.908600,11.800000,1,timeseriesScaler_2026-06-17_16.48.28_UTC_000504.pb,85.196500,1,SAFOD-Deep-10mGL-1000HzFs-2mChDualPulse_2026-06-17T164948Z.h5,5.196500,1
34,18,2026-06-17T16:50:02.604000+00:00,178.529500,0.904100,9.400000,1,timeseriesScaler_2026-06-17_16.48.28_UTC_000504.pb,94.604000,1,SAFOD-Deep-10mGL-1000HzFs-2mChDualPulse_2026-06-17T164948Z.h5,14.604000,1
34,19,2026-06-17T16:50:12.373000+00:00,188.298500,0.903100,9.800000,1,timeseriesScaler_2026-06-17_16.48.28_UTC_000504.pb,104.373000,1,SAFOD-Deep-10mGL-1000HzFs-2mChDualPulse_2026-06-17T164948Z.h5,24.373000,1
34,20,2026-06-17T16:50:22.099000+00:00,198.024500,0.901000,9.700000,1,timeseriesScaler_2026-06-17_16.48.28_UTC_000504.pb,114.099000,1,SAFOD-Deep-10mGL-1000HzFs-2mChDualPulse_2026-06-17T164948Z.h5,34.099000,1
35,0,2026-06-17T17:16:28.127000+00:00,0.000000,0.620900,1566.000000,1,timeseriesScaler_2026-06-17_17.13.28_UTC_000509.pb,180.127000,1,SAFOD-Deep-10mGL-1000HzFs-2mChDualPulse_2026-06-17T171548Z.h5,40.127000,1
35,1,2026-06-17T17:16:38.277000+00:00,10.150000,0.795000,10.200000,1,timeseriesScaler_2026-06-17_17.13.28_UTC_000509.pb,190.277000,1,SAFOD-Deep-10mGL-1000HzFs-2mChDualPulse_2026-06-17T171548Z.h5,50.277000,1
35,2,2026-06-17T17:16:48.240500+00:00,20.113500,0.860900,10.000000,1,timeseriesScaler_2026-06-17_17.13.28_UTC_000509.pb,200.240500,1,SAFOD-Deep-10mGL-1000HzFs-2mChDualPulse_2026-06-17T171648Z.h5,0.240500,1
35,3,2026-06-17T17:16:58.629000+00:00,30.502000,0.902700,10.400000,1,timeseriesScaler_2026-06-17_17.13.28_UTC_000509.pb,210.629000,1,SAFOD-Deep-10mGL-1000HzFs-2mChDualPulse_2026-06-17T171648Z.h5,10.629000,1
35,4,2026-06-17T17:17:08.439000+00:00,40.312000,0.907500,9.800000,1,timeseriesScaler_2026-06-17_17.13.28_UTC_000509.pb,220.439000,1,SAFOD-Deep-10mGL-1000HzFs-2mChDualPulse_2026-06-17T171648Z.h5,20.439000,1
35,5,2026-06-17T17:17:17.885000+00:00,49.758000,0.921700,9.400000,1,timeseriesScaler_2026-06-17_17.13.28_UTC_000509.pb,229.885000,1,SAFOD-Deep-10mGL-1000HzFs-2mChDualPulse_2026-06-17T171648Z.h5,29.885000,1
35,6,2026-06-17T17:17:27.658500+00:00,59.531500,0.925300,9.800000,1,timeseriesScaler_2026-06-17_17.13.28_UTC_000509.pb,239.658500,1,SAFOD-Deep-10mGL-1000HzFs-2mChDualPulse_2026-06-17T171648Z.h5,39.658500,1
35,7,2026-06-17T17:17:39.759000+00:00,71.632000,0.924600,12.100000,1,timeseriesScaler_2026-06-17_17.13.28_UTC_000509.pb,251.759000,1,SAFOD-Deep-10mGL-1000HzFs-2mChDualPulse_2026-06-17T171648Z.h5,51.759000,1
35,8,2026-06-17T17:17:49.581000+00:00,81.454000,0.931700,9.800000,1,timeseriesScaler_2026-06-17_17.13.28_UTC_000509.pb,261.581000,1,SAFOD-Deep-10mGL-1000HzFs-2mChDualPulse_2026-06-17T171748Z.h5,1.581000,1
35,9,2026-06-17T17:17:59.028500+00:00,90.901500,0.933200,9.400000,1,timeseriesScaler_2026-06-17_17.13.28_UTC_000509.pb,271.028500,1,SAFOD-Deep-10mGL-1000HzFs-2mChDualPulse_2026-06-17T171748Z.h5,11.028500,1
35,10,2026-06-17T17:18:08.669000+00:00,100.542000,0.919800,9.600000,1,timeseriesScaler_2026-06-17_17.13.28_UTC_000509.pb,280.669000,1,SAFOD-Deep-10mGL-1000HzFs-2mChDualPulse_2026-06-17T171748Z.h5,20.669000,1
35,11,2026-06-17T17:18:18.358000+00:00,110.231000,0.923600,9.700000,1,timeseriesScaler_2026-06-17_17.13.28_UTC_000509.pb,290.358000,1,SAFOD-Deep-10mGL-1000HzFs-2mChDualPulse_2026-06-17T171748Z.h5,30.358000,1
35,12,2026-06-17T17:18:28.426500+00:00,120.299500,0.919700,10.100000,1,timeseriesScaler_2026-06-17_17.18.28_UTC_000510.pb,0.426500,1,SAFOD-Deep-10mGL-1000HzFs-2mChDualPulse_2026-06-17T171748Z.h5,40.426500,1
35,13,2026-06-17T17:18:38.127000+00:00,130.000000,0.921800,9.700000,1,timeseriesScaler_2026-06-17_17.18.28_UTC_000510.pb,10.127000,1,SAFOD-Deep-10mGL-1000HzFs-2mChDualPulse_2026-06-17T171748Z.h5,50.127000,1
35,14,2026-06-17T17:18:47.846500+00:00,139.719500,0.922600,9.700000,1,timeseriesScaler_2026-06-17_17.18.28_UTC_000510.pb,19.846500,1,SAFOD-Deep-10mGL-1000HzFs-2mChDualPulse_2026-06-17T171748Z.h5,59.846500,1
35,15,2026-06-17T17:18:57.625500+00:00,149.498500,0.921200,9.800000,1,timeseriesScaler_2026-06-17_17.18.28_UTC_000510.pb,29.625500,1,SAFOD-Deep-10mGL-1000HzFs-2mChDualPulse_2026-06-17T171848Z.h5,9.625500,1
35,16,2026-06-17T17:19:07.036500+00:00,158.909500,0.917600,9.400000,1,timeseriesScaler_2026-06-17_17.18.28_UTC_000510.pb,39.036500,1,SAFOD-Deep-10mGL-1000HzFs-2mChDualPulse_2026-06-17T171848Z.h5,19.036500,1
35,17,2026-06-17T17:19:16.900000+00:00,168.773000,0.911100,9.900000,1,timeseriesScaler_2026-06-17_17.18.28_UTC_000510.pb,48.900000,1,SAFOD-Deep-10mGL-1000HzFs-2mChDualPulse_2026-06-17T171848Z.h5,28.900000,1
35,18,2026-06-17T17:19:26.592500+00:00,178.465500,0.894800,9.700000,1,timeseriesScaler_2026-06-17_17.18.28_UTC_000510.pb,58.592500,1,SAFOD-Deep-10mGL-1000HzFs-2mChDualPulse_2026-06-17T171848Z.h5,38.592500,1
35,19,2026-06-17T17:19:36.476000+00:00,188.349000,0.901800,9.900000,1,timeseriesScaler_2026-06-17_17.18.28_UTC_000510.pb,68.476000,1,SAFOD-Deep-10mGL-1000HzFs-2mChDualPulse_2026-06-17T171848Z.h5,48.476000,1
36,0,2026-06-17T17:47:37.450500+00:00,0.000000,0.895500,1681.000000,1,timeseriesScaler_2026-06-17_17.43.28_UTC_000515.pb,249.450500,1,SAFOD-Deep-10mGL-1000HzFs-2mChDualPulse_2026-06-17T174648Z.h5,49.450500,1
36,1,2026-06-17T17:47:47.303500+00:00,9.853000,0.878800,9.900000,1,timeseriesScaler_2026-06-17_17.43.28_UTC_000515.pb,259.303500,1,SAFOD-Deep-10mGL-1000HzFs-2mChDualPulse_2026-06-17T174648Z.h5,59.303500,1
36,2,2026-06-17T17:47:57.063000+00:00,19.612500,0.887700,9.800000,1,timeseriesScaler_2026-06-17_17.43.28_UTC_000515.pb,269.063000,1,SAFOD-Deep-10mGL-1000HzFs-2mChDualPulse_2026-06-17T174748Z.h5,9.063000,1
36,3,2026-06-17T17:48:06.611500+00:00,29.161000,0.897000,9.500000,1,timeseriesScaler_2026-06-17_17.43.28_UTC_000515.pb,278.611500,1,SAFOD-Deep-10mGL-1000HzFs-2mChDualPulse_2026-06-17T174748Z.h5,18.611500,1
36,4,2026-06-17T17:48:16.218000+00:00,38.767500,0.890300,9.600000,1,timeseriesScaler_2026-06-17_17.43.28_UTC_000515.pb,288.218000,1,SAFOD-Deep-10mGL-1000HzFs-2mChDualPulse_2026-06-17T174748Z.h5,28.218000,1
36,5,2026-06-17T17:48:25.746500+00:00,48.296000,0.893600,9.500000,1,timeseriesScaler_2026-06-17_17.43.28_UTC_000515.pb,297.746500,1,SAFOD-Deep-10mGL-1000HzFs-2mChDualPulse_2026-06-17T174748Z.h5,37.746500,1
36,6,2026-06-17T17:48:35.176500+00:00,57.726000,0.883500,9.400000,1,timeseriesScaler_2026-06-17_17.48.28_UTC_000516.pb,7.176500,1,SAFOD-Deep-10mGL-1000HzFs-2mChDualPulse_2026-06-17T174748Z.h5,47.176500,1
36,7,2026-06-17T17:48:44.713500+00:00,67.263000,0.899600,9.500000,1,timeseriesScaler_2026-06-17_17.48.28_UTC_000516.pb,16.713500,1,SAFOD-Deep-10mGL-1000HzFs-2mChDualPulse_2026-06-17T174748Z.h5,56.713500,1
36,8,2026-06-17T17:48:54.234000+00:00,76.783500,0.885300,9.500000,1,timeseriesScaler_2026-06-17_17.48.28_UTC_000516.pb,26.234000,1,SAFOD-Deep-10mGL-1000HzFs-2mChDualPulse_2026-06-17T174848Z.h5,6.234000,1
36,9,2026-06-17T17:49:03.814000+00:00,86.363500,0.893200,9.600000,1,timeseriesScaler_2026-06-17_17.48.28_UTC_000516.pb,35.814000,1,SAFOD-Deep-10mGL-1000HzFs-2mChDualPulse_2026-06-17T174848Z.h5,15.814000,1
36,10,2026-06-17T17:49:13.464000+00:00,96.013500,0.864100,9.700000,1,timeseriesScaler_2026-06-17_17.48.28_UTC_000516.pb,45.464000,1,SAFOD-Deep-10mGL-1000HzFs-2mChDualPulse_2026-06-17T174848Z.h5,25.464000,1
36,11,2026-06-17T17:49:22.932000+00:00,105.481500,0.883000,9.500000,1,timeseriesScaler_2026-06-17_17.48.28_UTC_000516.pb,54.932000,1,SAFOD-Deep-10mGL-1000HzFs-2mChDualPulse_2026-06-17T174848Z.h5,34.932000,1
36,12,2026-06-17T17:49:32.528000+00:00,115.077500,0.872300,9.600000,1,timeseriesScaler_2026-06-17_17.48.28_UTC_000516.pb,64.528000,1,SAFOD-Deep-10mGL-1000HzFs-2mChDualPulse_2026-06-17T174848Z.h5,44.528000,1
36,13,2026-06-17T17:49:42.270500+00:00,124.820000,0.885800,9.700000,1,timeseriesScaler_2026-06-17_17.48.28_UTC_000516.pb,74.270500,1,SAFOD-Deep-10mGL-1000HzFs-2mChDualPulse_2026-06-17T174848Z.h5,54.270500,1
36,14,2026-06-17T17:49:51.603000+00:00,134.152500,0.862800,9.300000,1,timeseriesScaler_2026-06-17_17.48.28_UTC_000516.pb,83.603000,1,SAFOD-Deep-10mGL-1000HzFs-2mChDualPulse_2026-06-17T174948Z.h5,3.603000,1
36,15,2026-06-17T17:50:01.791000+00:00,144.340500,0.868300,10.200000,1,timeseriesScaler_2026-06-17_17.48.28_UTC_000516.pb,93.791000,1,SAFOD-Deep-10mGL-1000HzFs-2mChDualPulse_2026-06-17T174948Z.h5,13.791000,1
36,16,2026-06-17T17:50:11.132000+00:00,153.681500,0.900500,9.300000,1,timeseriesScaler_2026-06-17_17.48.28_UTC_000516.pb,103.132000,1,SAFOD-Deep-10mGL-1000HzFs-2mChDualPulse_2026-06-17T174948Z.h5,23.132000,1
36,17,2026-06-17T17:50:20.451500+00:00,163.001000,0.884600,9.300000,1,timeseriesScaler_2026-06-17_17.48.28_UTC_000516.pb,112.451500,1,SAFOD-Deep-10mGL-1000HzFs-2mChDualPulse_2026-06-17T174948Z.h5,32.451500,1
36,18,2026-06-17T17:50:30.175500+00:00,172.725000,0.848400,9.700000,1,timeseriesScaler_2026-06-17_17.48.28_UTC_000516.pb,122.175500,1,SAFOD-Deep-10mGL-1000HzFs-2mChDualPulse_2026-06-17T174948Z.h5,42.175500,1
36,19,2026-06-17T17:50:39.642500+00:00,182.192000,0.869600,9.500000,1,timeseriesScaler_2026-06-17_17.48.28_UTC_000516.pb,131.642500,1,SAFOD-Deep-10mGL-1000HzFs-2mChDualPulse_2026-06-17T174948Z.h5,51.642500,1
36,20,2026-06-17T17:50:49.073000+00:00,191.622500,0.891500,9.400000,1,timeseriesScaler_2026-06-17_17.48.28_UTC_000516.pb,141.073000,1,SAFOD-Deep-10mGL-1000HzFs-2mChDualPulse_2026-06-17T175048Z.h5,1.073000,1
37,0,2026-06-17T18:16:22.858000+00:00,0.000000,0.599000,1533.800000,1,timeseriesScaler_2026-06-17_18.13.28_UTC_000521.pb,174.858000,1,SAFOD-Deep-10mGL-1000HzFs-2mChDualPulse_2026-06-17T181548Z.h5,34.858000,1
37,1,2026-06-17T18:16:31.380000+00:00,8.522000,0.701700,8.500000,1,timeseriesScaler_2026-06-17_18.13.28_UTC_000521.pb,183.380000,1,SAFOD-Deep-10mGL-1000HzFs-2mChDualPulse_2026-06-17T181548Z.h5,43.380000,1
37,2,2026-06-17T18:16:39.866000+00:00,17.008000,0.796400,8.500000,1,timeseriesScaler_2026-06-17_18.13.28_UTC_000521.pb,191.866000,1,SAFOD-Deep-10mGL-1000HzFs-2mChDualPulse_2026-06-17T181548Z.h5,51.866000,1
37,3,2026-06-17T18:16:48.407500+00:00,25.549500,0.848200,8.500000,1,timeseriesScaler_2026-06-17_18.13.28_UTC_000521.pb,200.407500,1,SAFOD-Deep-10mGL-1000HzFs-2mChDualPulse_2026-06-17T181648Z.h5,0.407500,1
37,4,2026-06-17T18:16:56.991000+00:00,34.133000,0.885200,8.600000,1,timeseriesScaler_2026-06-17_18.13.28_UTC_000521.pb,208.991000,1,SAFOD-Deep-10mGL-1000HzFs-2mChDualPulse_2026-06-17T181648Z.h5,8.991000,1
37,5,2026-06-17T18:17:05.379500+00:00,42.521500,0.910200,8.400000,1,timeseriesScaler_2026-06-17_18.13.28_UTC_000521.pb,217.379500,1,SAFOD-Deep-10mGL-1000HzFs-2mChDualPulse_2026-06-17T181648Z.h5,17.379500,1
37,6,2026-06-17T18:17:13.998000+00:00,51.140000,0.910600,8.600000,1,timeseriesScaler_2026-06-17_18.13.28_UTC_000521.pb,225.998000,1,SAFOD-Deep-10mGL-1000HzFs-2mChDualPulse_2026-06-17T181648Z.h5,25.998000,1
37,7,2026-06-17T18:17:22.833500+00:00,59.975500,0.921600,8.800000,1,timeseriesScaler_2026-06-17_18.13.28_UTC_000521.pb,234.833500,1,SAFOD-Deep-10mGL-1000HzFs-2mChDualPulse_2026-06-17T181648Z.h5,34.833500,1
37,8,2026-06-17T18:17:31.413000+00:00,68.555000,0.928000,8.600000,1,timeseriesScaler_2026-06-17_18.13.28_UTC_000521.pb,243.413000,1,SAFOD-Deep-10mGL-1000HzFs-2mChDualPulse_2026-06-17T181648Z.h5,43.413000,1
37,9,2026-06-17T18:17:39.801500+00:00,76.943500,0.927500,8.400000,1,timeseriesScaler_2026-06-17_18.13.28_UTC_000521.pb,251.801500,1,SAFOD-Deep-10mGL-1000HzFs-2mChDualPulse_2026-06-17T181648Z.h5,51.801500,1
37,10,2026-06-17T18:17:49.377500+00:00,86.519500,0.925300,9.600000,1,timeseriesScaler_2026-06-17_18.13.28_UTC_000521.pb,261.377500,1,SAFOD-Deep-10mGL-1000HzFs-2mChDualPulse_2026-06-17T181748Z.h5,1.377500,1
37,11,2026-06-17T18:17:58.116000+00:00,95.258000,0.934400,8.700000,1,timeseriesScaler_2026-06-17_18.13.28_UTC_000521.pb,270.116000,1,SAFOD-Deep-10mGL-1000HzFs-2mChDualPulse_2026-06-17T181748Z.h5,10.116000,1
37,12,2026-06-17T18:18:07.365500+00:00,104.507500,0.920600,9.200000,1,timeseriesScaler_2026-06-17_18.13.28_UTC_000521.pb,279.365500,1,SAFOD-Deep-10mGL-1000HzFs-2mChDualPulse_2026-06-17T181748Z.h5,19.365500,1
37,13,2026-06-17T18:18:16.287500+00:00,113.429500,0.925500,8.900000,1,timeseriesScaler_2026-06-17_18.13.28_UTC_000521.pb,288.287500,1,SAFOD-Deep-10mGL-1000HzFs-2mChDualPulse_2026-06-17T181748Z.h5,28.287500,1
37,14,2026-06-17T18:18:25.012500+00:00,122.154500,0.924600,8.700000,1,timeseriesScaler_2026-06-17_18.13.28_UTC_000521.pb,297.012500,1,SAFOD-Deep-10mGL-1000HzFs-2mChDualPulse_2026-06-17T181748Z.h5,37.012500,1
37,15,2026-06-17T18:18:33.699000+00:00,130.841000,0.929700,8.700000,1,timeseriesScaler_2026-06-17_18.18.28_UTC_000522.pb,5.699000,1,SAFOD-Deep-10mGL-1000HzFs-2mChDualPulse_2026-06-17T181748Z.h5,45.699000,1
37,16,2026-06-17T18:18:42.302500+00:00,139.444500,0.927100,8.600000,1,timeseriesScaler_2026-06-17_18.18.28_UTC_000522.pb,14.302500,1,SAFOD-Deep-10mGL-1000HzFs-2mChDualPulse_2026-06-17T181748Z.h5,54.302500,1
37,17,2026-06-17T18:18:50.743000+00:00,147.885000,0.922600,8.400000,1,timeseriesScaler_2026-06-17_18.18.28_UTC_000522.pb,22.743000,1,SAFOD-Deep-10mGL-1000HzFs-2mChDualPulse_2026-06-17T181848Z.h5,2.743000,1
37,18,2026-06-17T18:18:59.622500+00:00,156.764500,0.919300,8.900000,1,timeseriesScaler_2026-06-17_18.18.28_UTC_000522.pb,31.622500,1,SAFOD-Deep-10mGL-1000HzFs-2mChDualPulse_2026-06-17T181848Z.h5,11.622500,1
37,19,2026-06-17T18:19:08.672000+00:00,165.814000,0.919500,9.000000,1,timeseriesScaler_2026-06-17_18.18.28_UTC_000522.pb,40.672000,1,SAFOD-Deep-10mGL-1000HzFs-2mChDualPulse_2026-06-17T181848Z.h5,20.672000,1
38,0,2026-06-17T18:46:12.717000+00:00,0.000000,0.909000,1624.000000,1,timeseriesScaler_2026-06-17_18.43.28_UTC_000527.pb,164.717000,1,SAFOD-Deep-10mGL-1000HzFs-2mChDualPulse_2026-06-17T184548Z.h5,24.717000,1
38,1,2026-06-17T18:46:22.324500+00:00,9.607500,0.919100,9.600000,1,timeseriesScaler_2026-06-17_18.43.28_UTC_000527.pb,174.324500,1,SAFOD-Deep-10mGL-1000HzFs-2mChDualPulse_2026-06-17T184548Z.h5,34.324500,1
38,2,2026-06-17T18:46:31.035000+00:00,18.318000,0.913600,8.700000,1,timeseriesScaler_2026-06-17_18.43.28_UTC_000527.pb,183.035000,1,SAFOD-Deep-10mGL-1000HzFs-2mChDualPulse_2026-06-17T184548Z.h5,43.035000,1
38,3,2026-06-17T18:46:39.877500+00:00,27.160500,0.915000,8.800000,1,timeseriesScaler_2026-06-17_18.43.28_UTC_000527.pb,191.877500,1,SAFOD-Deep-10mGL-1000HzFs-2mChDualPulse_2026-06-17T184548Z.h5,51.877500,1
38,4,2026-06-17T18:46:48.608500+00:00,35.891500,0.910700,8.700000,1,timeseriesScaler_2026-06-17_18.43.28_UTC_000527.pb,200.608500,1,SAFOD-Deep-10mGL-1000HzFs-2mChDualPulse_2026-06-17T184648Z.h5,0.608500,1
38,5,2026-06-17T18:46:57.318000+00:00,44.601000,0.899300,8.700000,1,timeseriesScaler_2026-06-17_18.43.28_UTC_000527.pb,209.318000,1,SAFOD-Deep-10mGL-1000HzFs-2mChDualPulse_2026-06-17T184648Z.h5,9.318000,1
38,6,2026-06-17T18:47:06.227500+00:00,53.510500,0.904600,8.900000,1,timeseriesScaler_2026-06-17_18.43.28_UTC_000527.pb,218.227500,1,SAFOD-Deep-10mGL-1000HzFs-2mChDualPulse_2026-06-17T184648Z.h5,18.227500,1
38,7,2026-06-17T18:47:15.141500+00:00,62.424500,0.903700,8.900000,1,timeseriesScaler_2026-06-17_18.43.28_UTC_000527.pb,227.141500,1,SAFOD-Deep-10mGL-1000HzFs-2mChDualPulse_2026-06-17T184648Z.h5,27.141500,1
38,8,2026-06-17T18:47:24.117500+00:00,71.400500,0.907600,9.000000,1,timeseriesScaler_2026-06-17_18.43.28_UTC_000527.pb,236.117500,1,SAFOD-Deep-10mGL-1000HzFs-2mChDualPulse_2026-06-17T184648Z.h5,36.117500,1
38,9,2026-06-17T18:47:34.224000+00:00,81.507000,0.889000,10.100000,1,timeseriesScaler_2026-06-17_18.43.28_UTC_000527.pb,246.224000,1,SAFOD-Deep-10mGL-1000HzFs-2mChDualPulse_2026-06-17T184648Z.h5,46.224000,1
38,10,2026-06-17T18:47:43.296000+00:00,90.579000,0.898600,9.100000,1,timeseriesScaler_2026-06-17_18.43.28_UTC_000527.pb,255.296000,1,SAFOD-Deep-10mGL-1000HzFs-2mChDualPulse_2026-06-17T184648Z.h5,55.296000,1
38,11,2026-06-17T18:47:52.097500+00:00,99.380500,0.891600,8.800000,1,timeseriesScaler_2026-06-17_18.43.28_UTC_000527.pb,264.097500,1,SAFOD-Deep-10mGL-1000HzFs-2mChDualPulse_2026-06-17T184748Z.h5,4.097500,1
38,12,2026-06-17T18:48:00.951000+00:00,108.234000,0.887900,8.900000,1,timeseriesScaler_2026-06-17_18.43.28_UTC_000527.pb,272.951000,1,SAFOD-Deep-10mGL-1000HzFs-2mChDualPulse_2026-06-17T184748Z.h5,12.951000,1
38,13,2026-06-17T18:48:09.496000+00:00,116.779000,0.890000,8.500000,1,timeseriesScaler_2026-06-17_18.43.28_UTC_000527.pb,281.496000,1,SAFOD-Deep-10mGL-1000HzFs-2mChDualPulse_2026-06-17T184748Z.h5,21.496000,1
38,14,2026-06-17T18:48:18.190500+00:00,125.473500,0.885900,8.700000,1,timeseriesScaler_2026-06-17_18.43.28_UTC_000527.pb,290.190500,1,SAFOD-Deep-10mGL-1000HzFs-2mChDualPulse_2026-06-17T184748Z.h5,30.190500,1
38,15,2026-06-17T18:48:27.016000+00:00,134.299000,0.874600,8.800000,1,timeseriesScaler_2026-06-17_18.43.28_UTC_000527.pb,299.016000,1,SAFOD-Deep-10mGL-1000HzFs-2mChDualPulse_2026-06-17T184748Z.h5,39.016000,1
38,16,2026-06-17T18:48:35.858500+00:00,143.141500,0.878400,8.800000,1,timeseriesScaler_2026-06-17_18.48.28_UTC_000528.pb,7.858500,1,SAFOD-Deep-10mGL-1000HzFs-2mChDualPulse_2026-06-17T184748Z.h5,47.858500,1
38,17,2026-06-17T18:48:44.740500+00:00,152.023500,0.884700,8.900000,1,timeseriesScaler_2026-06-17_18.48.28_UTC_000528.pb,16.740500,1,SAFOD-Deep-10mGL-1000HzFs-2mChDualPulse_2026-06-17T184748Z.h5,56.740500,1
38,18,2026-06-17T18:48:53.603500+00:00,160.886500,0.891100,8.900000,1,timeseriesScaler_2026-06-17_18.48.28_UTC_000528.pb,25.603500,1,SAFOD-Deep-10mGL-1000HzFs-2mChDualPulse_2026-06-17T184848Z.h5,5.603500,1
38,19,2026-06-17T18:49:02.410000+00:00,169.693000,0.885100,8.800000,1,timeseriesScaler_2026-06-17_18.48.28_UTC_000528.pb,34.410000,1,SAFOD-Deep-10mGL-1000HzFs-2mChDualPulse_2026-06-17T184848Z.h5,14.410000,1
39,0,2026-06-17T19:16:16.012000+00:00,0.000000,0.886600,1633.600000,1,timeseriesScaler_2026-06-17_19.13.28_UTC_000533.pb,168.012000,1,SAFOD-Deep-10mGL-1000HzFs-2mChDualPulse_2026-06-17T191548Z.h5,28.012000,1
39,1,2026-06-17T19:16:25.305000+00:00,9.293000,0.886600,9.300000,1,timeseriesScaler_2026-06-17_19.13.28_UTC_000533.pb,177.305000,1,SAFOD-Deep-10mGL-1000HzFs-2mChDualPulse_2026-06-17T191548Z.h5,37.305000,1
39,2,2026-06-17T19:16:34.525000+00:00,18.513000,0.854800,9.200000,1,timeseriesScaler_2026-06-17_19.13.28_UTC_000533.pb,186.525000,1,SAFOD-Deep-10mGL-1000HzFs-2mChDualPulse_2026-06-17T191548Z.h5,46.525000,1
39,3,2026-06-17T19:16:43.772000+00:00,27.760000,0.880700,9.200000,1,timeseriesScaler_2026-06-17_19.13.28_UTC_000533.pb,195.772000,1,SAFOD-Deep-10mGL-1000HzFs-2mChDualPulse_2026-06-17T191548Z.h5,55.772000,1
39,4,2026-06-17T19:16:53.170500+00:00,37.158500,0.870900,9.400000,1,timeseriesScaler_2026-06-17_19.13.28_UTC_000533.pb,205.170500,1,SAFOD-Deep-10mGL-1000HzFs-2mChDualPulse_2026-06-17T191648Z.h5,5.170500,1
39,5,2026-06-17T19:17:02.584500+00:00,46.572500,0.848100,9.400000,1,timeseriesScaler_2026-06-17_19.13.28_UTC_000533.pb,214.584500,1,SAFOD-Deep-10mGL-1000HzFs-2mChDualPulse_2026-06-17T191648Z.h5,14.584500,1
39,6,2026-06-17T19:17:11.890000+00:00,55.878000,0.871400,9.300000,1,timeseriesScaler_2026-06-17_19.13.28_UTC_000533.pb,223.890000,1,SAFOD-Deep-10mGL-1000HzFs-2mChDualPulse_2026-06-17T191648Z.h5,23.890000,1
39,7,2026-06-17T19:17:20.847500+00:00,64.835500,0.864200,9.000000,1,timeseriesScaler_2026-06-17_19.13.28_UTC_000533.pb,232.847500,1,SAFOD-Deep-10mGL-1000HzFs-2mChDualPulse_2026-06-17T191648Z.h5,32.847500,1
39,8,2026-06-17T19:17:29.986000+00:00,73.974000,0.844900,9.100000,1,timeseriesScaler_2026-06-17_19.13.28_UTC_000533.pb,241.986000,1,SAFOD-Deep-10mGL-1000HzFs-2mChDualPulse_2026-06-17T191648Z.h5,41.986000,1
39,9,2026-06-17T19:17:39.451000+00:00,83.439000,0.825900,9.500000,1,timeseriesScaler_2026-06-17_19.13.28_UTC_000533.pb,251.451000,1,SAFOD-Deep-10mGL-1000HzFs-2mChDualPulse_2026-06-17T191648Z.h5,51.451000,1
39,10,2026-06-17T19:17:48.440500+00:00,92.428500,0.841700,9.000000,1,timeseriesScaler_2026-06-17_19.13.28_UTC_000533.pb,260.440500,1,SAFOD-Deep-10mGL-1000HzFs-2mChDualPulse_2026-06-17T191748Z.h5,0.440500,1
39,11,2026-06-17T19:17:57.485000+00:00,101.473000,0.802100,9.000000,1,timeseriesScaler_2026-06-17_19.13.28_UTC_000533.pb,269.485000,1,SAFOD-Deep-10mGL-1000HzFs-2mChDualPulse_2026-06-17T191748Z.h5,9.485000,1
39,12,2026-06-17T19:18:06.463500+00:00,110.451500,0.825300,9.000000,1,timeseriesScaler_2026-06-17_19.13.28_UTC_000533.pb,278.463500,1,SAFOD-Deep-10mGL-1000HzFs-2mChDualPulse_2026-06-17T191748Z.h5,18.463500,1
39,13,2026-06-17T19:18:15.440500+00:00,119.428500,0.840100,9.000000,1,timeseriesScaler_2026-06-17_19.13.28_UTC_000533.pb,287.440500,1,SAFOD-Deep-10mGL-1000HzFs-2mChDualPulse_2026-06-17T191748Z.h5,27.440500,1
39,14,2026-06-17T19:18:24.396500+00:00,128.384500,0.831500,9.000000,1,timeseriesScaler_2026-06-17_19.13.28_UTC_000533.pb,296.396500,1,SAFOD-Deep-10mGL-1000HzFs-2mChDualPulse_2026-06-17T191748Z.h5,36.396500,1
39,15,2026-06-17T19:18:33.157000+00:00,137.145000,0.851600,8.800000,1,timeseriesScaler_2026-06-17_19.18.28_UTC_000534.pb,5.157000,1,SAFOD-Deep-10mGL-1000HzFs-2mChDualPulse_2026-06-17T191748Z.h5,45.157000,1
39,16,2026-06-17T19:18:41.995500+00:00,145.983500,0.815100,8.800000,1,timeseriesScaler_2026-06-17_19.18.28_UTC_000534.pb,13.995500,1,SAFOD-Deep-10mGL-1000HzFs-2mChDualPulse_2026-06-17T191748Z.h5,53.995500,1
39,17,2026-06-17T19:18:51.081500+00:00,155.069500,0.837300,9.100000,1,timeseriesScaler_2026-06-17_19.18.28_UTC_000534.pb,23.081500,1,SAFOD-Deep-10mGL-1000HzFs-2mChDualPulse_2026-06-17T191848Z.h5,3.081500,1
39,18,2026-06-17T19:19:00.306500+00:00,164.294500,0.856900,9.200000,1,timeseriesScaler_2026-06-17_19.18.28_UTC_000534.pb,32.306500,1,SAFOD-Deep-10mGL-1000HzFs-2mChDualPulse_2026-06-17T191848Z.h5,12.306500,1
39,19,2026-06-17T19:19:09.256500+00:00,173.244500,0.862700,8.900000,1,timeseriesScaler_2026-06-17_19.18.28_UTC_000534.pb,41.256500,1,SAFOD-Deep-10mGL-1000HzFs-2mChDualPulse_2026-06-17T191848Z.h5,21.256500,1
39,20,2026-06-17T19:19:18.064500+00:00,182.052500,0.792900,8.800000,1,timeseriesScaler_2026-06-17_19.18.28_UTC_000534.pb,50.064500,1,SAFOD-Deep-10mGL-1000HzFs-2mChDualPulse_2026-06-17T191848Z.h5,30.064500,1
39,21,2026-06-17T19:19:27.639000+00:00,191.627000,0.790500,9.600000,1,timeseriesScaler_2026-06-17_19.18.28_UTC_000534.pb,59.639000,1,SAFOD-Deep-10mGL-1000HzFs-2mChDualPulse_2026-06-17T191848Z.h5,39.639000,1
39,22,2026-06-17T19:19:36.708500+00:00,200.696500,0.793100,9.100000,1,timeseriesScaler_2026-06-17_19.18.28_UTC_000534.pb,68.708500,1,SAFOD-Deep-10mGL-1000HzFs-2mChDualPulse_2026-06-17T191848Z.h5,48.708500,1
40,0,2026-06-17T19:46:45.694000+00:00,0.000000,0.733200,1629.000000,1,timeseriesScaler_2026-06-17_19.43.28_UTC_000539.pb,197.694000,1,SAFOD-Deep-10mGL-1000HzFs-2mChDualPulse_2026-06-17T194548Z.h5,57.694000,1
40,1,2026-06-17T19:46:56.332500+00:00,10.638500,0.887600,10.600000,1,timeseriesScaler_2026-06-17_19.43.28_UTC_000539.pb,208.332500,1,SAFOD-Deep-10mGL-1000HzFs-2mChDualPulse_2026-06-17T194648Z.h5,8.332500,1
40,2,2026-06-17T19:47:05.474500+00:00,19.780500,0.917100,9.100000,1,timeseriesScaler_2026-06-17_19.43.28_UTC_000539.pb,217.474500,1,SAFOD-Deep-10mGL-1000HzFs-2mChDualPulse_2026-06-17T194648Z.h5,17.474500,1
40,3,2026-06-17T19:47:14.977000+00:00,29.283000,0.932200,9.500000,1,timeseriesScaler_2026-06-17_19.43.28_UTC_000539.pb,226.977000,1,SAFOD-Deep-10mGL-1000HzFs-2mChDualPulse_2026-06-17T194648Z.h5,26.977000,1
40,4,2026-06-17T19:47:24.207500+00:00,38.513500,0.911900,9.200000,1,timeseriesScaler_2026-06-17_19.43.28_UTC_000539.pb,236.207500,1,SAFOD-Deep-10mGL-1000HzFs-2mChDualPulse_2026-06-17T194648Z.h5,36.207500,1
40,5,2026-06-17T19:47:33.894500+00:00,48.200500,0.918700,9.700000,1,timeseriesScaler_2026-06-17_19.43.28_UTC_000539.pb,245.894500,1,SAFOD-Deep-10mGL-1000HzFs-2mChDualPulse_2026-06-17T194648Z.h5,45.894500,1
40,6,2026-06-17T19:47:43.187000+00:00,57.493000,0.911700,9.300000,1,timeseriesScaler_2026-06-17_19.43.28_UTC_000539.pb,255.187000,1,SAFOD-Deep-10mGL-1000HzFs-2mChDualPulse_2026-06-17T194648Z.h5,55.187000,1
40,7,2026-06-17T19:47:52.638000+00:00,66.944000,0.902900,9.500000,1,timeseriesScaler_2026-06-17_19.43.28_UTC_000539.pb,264.638000,1,SAFOD-Deep-10mGL-1000HzFs-2mChDualPulse_2026-06-17T194748Z.h5,4.638000,1
40,8,2026-06-17T19:48:01.870500+00:00,76.176500,0.879300,9.200000,1,timeseriesScaler_2026-06-17_19.43.28_UTC_000539.pb,273.870500,1,SAFOD-Deep-10mGL-1000HzFs-2mChDualPulse_2026-06-17T194748Z.h5,13.870500,1
40,9,2026-06-17T19:48:11.045500+00:00,85.351500,0.875000,9.200000,1,timeseriesScaler_2026-06-17_19.43.28_UTC_000539.pb,283.045500,1,SAFOD-Deep-10mGL-1000HzFs-2mChDualPulse_2026-06-17T194748Z.h5,23.045500,1
40,10,2026-06-17T19:48:20.408000+00:00,94.714000,0.882900,9.400000,1,timeseriesScaler_2026-06-17_19.43.28_UTC_000539.pb,292.408000,1,SAFOD-Deep-10mGL-1000HzFs-2mChDualPulse_2026-06-17T194748Z.h5,32.408000,1
40,11,2026-06-17T19:48:29.499000+00:00,103.805000,0.878100,9.100000,1,timeseriesScaler_2026-06-17_19.48.28_UTC_000540.pb,1.499000,1,SAFOD-Deep-10mGL-1000HzFs-2mChDualPulse_2026-06-17T194748Z.h5,41.499000,1
40,12,2026-06-17T19:48:38.831500+00:00,113.137500,0.877700,9.300000,1,timeseriesScaler_2026-06-17_19.48.28_UTC_000540.pb,10.831500,1,SAFOD-Deep-10mGL-1000HzFs-2mChDualPulse_2026-06-17T194748Z.h5,50.831500,1
40,13,2026-06-17T19:48:48.332000+00:00,122.638000,0.877100,9.500000,1,timeseriesScaler_2026-06-17_19.48.28_UTC_000540.pb,20.332000,1,SAFOD-Deep-10mGL-1000HzFs-2mChDualPulse_2026-06-17T194848Z.h5,0.332000,1
40,14,2026-06-17T19:48:57.881500+00:00,132.187500,0.887900,9.500000,1,timeseriesScaler_2026-06-17_19.48.28_UTC_000540.pb,29.881500,1,SAFOD-Deep-10mGL-1000HzFs-2mChDualPulse_2026-06-17T194848Z.h5,9.881500,1
40,15,2026-06-17T19:49:07.347500+00:00,141.653500,0.864900,9.500000,1,timeseriesScaler_2026-06-17_19.48.28_UTC_000540.pb,39.347500,1,SAFOD-Deep-10mGL-1000HzFs-2mChDualPulse_2026-06-17T194848Z.h5,19.347500,1
40,16,2026-06-17T19:49:16.555500+00:00,150.861500,0.874100,9.200000,1,timeseriesScaler_2026-06-17_19.48.28_UTC_000540.pb,48.555500,1,SAFOD-Deep-10mGL-1000HzFs-2mChDualPulse_2026-06-17T194848Z.h5,28.555500,1
40,17,2026-06-17T19:49:25.766500+00:00,160.072500,0.864400,9.200000,1,timeseriesScaler_2026-06-17_19.48.28_UTC_000540.pb,57.766500,1,SAFOD-Deep-10mGL-1000HzFs-2mChDualPulse_2026-06-17T194848Z.h5,37.766500,1
40,18,2026-06-17T19:49:35.447500+00:00,169.753500,0.868200,9.700000,1,timeseriesScaler_2026-06-17_19.48.28_UTC_000540.pb,67.447500,1,SAFOD-Deep-10mGL-1000HzFs-2mChDualPulse_2026-06-17T194848Z.h5,47.447500,1
40,19,2026-06-17T19:49:45.366000+00:00,179.672000,0.854000,9.900000,1,timeseriesScaler_2026-06-17_19.48.28_UTC_000540.pb,77.366000,1,SAFOD-Deep-10mGL-1000HzFs-2mChDualPulse_2026-06-17T194848Z.h5,57.366000,1
40,20,2026-06-17T19:49:54.872500+00:00,189.178500,0.859800,9.500000,1,timeseriesScaler_2026-06-17_19.48.28_UTC_000540.pb,86.872500,1,SAFOD-Deep-10mGL-1000HzFs-2mChDualPulse_2026-06-17T194948Z.h5,6.872500,1
41,0,2026-06-17T20:16:44.576500+00:00,0.000000,0.836800,1609.700000,1,timeseriesScaler_2026-06-17_20.13.28_UTC_000545.pb,196.576500,1,SAFOD-Deep-10mGL-1000HzFs-2mChDualPulse_2026-06-17T201548Z.h5,56.576500,1
41,1,2026-06-17T20:16:53.933000+00:00,9.356500,0.803500,9.400000,1,timeseriesScaler_2026-06-17_20.13.28_UTC_000545.pb,205.933000,1,SAFOD-Deep-10mGL-1000HzFs-2mChDualPulse_2026-06-17T201648Z.h5,5.933000,1
41,2,2026-06-17T20:17:03.484500+00:00,18.908000,0.848000,9.600000,1,timeseriesScaler_2026-06-17_20.13.28_UTC_000545.pb,215.484500,1,SAFOD-Deep-10mGL-1000HzFs-2mChDualPulse_2026-06-17T201648Z.h5,15.484500,1
41,3,2026-06-17T20:17:12.659500+00:00,28.083000,0.823600,9.200000,1,timeseriesScaler_2026-06-17_20.13.28_UTC_000545.pb,224.659500,1,SAFOD-Deep-10mGL-1000HzFs-2mChDualPulse_2026-06-17T201648Z.h5,24.659500,1
41,4,2026-06-17T20:17:22.145000+00:00,37.568500,0.839900,9.500000,1,timeseriesScaler_2026-06-17_20.13.28_UTC_000545.pb,234.145000,1,SAFOD-Deep-10mGL-1000HzFs-2mChDualPulse_2026-06-17T201648Z.h5,34.145000,1
41,5,2026-06-17T20:17:31.103500+00:00,46.527000,0.851700,9.000000,1,timeseriesScaler_2026-06-17_20.13.28_UTC_000545.pb,243.103500,1,SAFOD-Deep-10mGL-1000HzFs-2mChDualPulse_2026-06-17T201648Z.h5,43.103500,1
41,6,2026-06-17T20:17:40.523500+00:00,55.947000,0.771600,9.400000,1,timeseriesScaler_2026-06-17_20.13.28_UTC_000545.pb,252.523500,1,SAFOD-Deep-10mGL-1000HzFs-2mChDualPulse_2026-06-17T201648Z.h5,52.523500,1
41,7,2026-06-17T20:17:51.618500+00:00,67.042000,0.795200,11.100000,1,timeseriesScaler_2026-06-17_20.13.28_UTC_000545.pb,263.618500,1,SAFOD-Deep-10mGL-1000HzFs-2mChDualPulse_2026-06-17T201748Z.h5,3.618500,1
41,8,2026-06-17T20:18:00.843500+00:00,76.267000,0.789300,9.200000,1,timeseriesScaler_2026-06-17_20.13.28_UTC_000545.pb,272.843500,1,SAFOD-Deep-10mGL-1000HzFs-2mChDualPulse_2026-06-17T201748Z.h5,12.843500,1
41,9,2026-06-17T20:18:09.911000+00:00,85.334500,0.819400,9.100000,1,timeseriesScaler_2026-06-17_20.13.28_UTC_000545.pb,281.911000,1,SAFOD-Deep-10mGL-1000HzFs-2mChDualPulse_2026-06-17T201748Z.h5,21.911000,1
41,10,2026-06-17T20:18:18.673000+00:00,94.096500,0.832000,8.800000,1,timeseriesScaler_2026-06-17_20.13.28_UTC_000545.pb,290.673000,1,SAFOD-Deep-10mGL-1000HzFs-2mChDualPulse_2026-06-17T201748Z.h5,30.673000,1
41,11,2026-06-17T20:18:27.273500+00:00,102.697000,0.829600,8.600000,1,timeseriesScaler_2026-06-17_20.13.28_UTC_000545.pb,299.273500,1,SAFOD-Deep-10mGL-1000HzFs-2mChDualPulse_2026-06-17T201748Z.h5,39.273500,1
41,12,2026-06-17T20:18:36.046000+00:00,111.469500,0.815300,8.800000,1,timeseriesScaler_2026-06-17_20.18.28_UTC_000546.pb,8.046000,1,SAFOD-Deep-10mGL-1000HzFs-2mChDualPulse_2026-06-17T201748Z.h5,48.046000,1
41,13,2026-06-17T20:18:45.195000+00:00,120.618500,0.831900,9.100000,1,timeseriesScaler_2026-06-17_20.18.28_UTC_000546.pb,17.195000,1,SAFOD-Deep-10mGL-1000HzFs-2mChDualPulse_2026-06-17T201748Z.h5,57.195000,1
41,14,2026-06-17T20:18:54.106500+00:00,129.530000,0.831400,8.900000,1,timeseriesScaler_2026-06-17_20.18.28_UTC_000546.pb,26.106500,1,SAFOD-Deep-10mGL-1000HzFs-2mChDualPulse_2026-06-17T201848Z.h5,6.106500,1
41,15,2026-06-17T20:19:03.197000+00:00,138.620500,0.842600,9.100000,1,timeseriesScaler_2026-06-17_20.18.28_UTC_000546.pb,35.197000,1,SAFOD-Deep-10mGL-1000HzFs-2mChDualPulse_2026-06-17T201848Z.h5,15.197000,1
41,16,2026-06-17T20:19:12.236000+00:00,147.659500,0.765500,9.000000,1,timeseriesScaler_2026-06-17_20.18.28_UTC_000546.pb,44.236000,1,SAFOD-Deep-10mGL-1000HzFs-2mChDualPulse_2026-06-17T201848Z.h5,24.236000,1
41,17,2026-06-17T20:19:21.077500+00:00,156.501000,0.763100,8.800000,1,timeseriesScaler_2026-06-17_20.18.28_UTC_000546.pb,53.077500,1,SAFOD-Deep-10mGL-1000HzFs-2mChDualPulse_2026-06-17T201848Z.h5,33.077500,1
41,18,2026-06-17T20:19:30.039000+00:00,165.462500,0.796300,9.000000,1,timeseriesScaler_2026-06-17_20.18.28_UTC_000546.pb,62.039000,1,SAFOD-Deep-10mGL-1000HzFs-2mChDualPulse_2026-06-17T201848Z.h5,42.039000,1
41,19,2026-06-17T20:19:39.242500+00:00,174.666000,0.781900,9.200000,1,timeseriesScaler_2026-06-17_20.18.28_UTC_000546.pb,71.242500,1,SAFOD-Deep-10mGL-1000HzFs-2mChDualPulse_2026-06-17T201848Z.h5,51.242500,1
42,0,2026-06-17T20:46:32.279000+00:00,0.000000,0.594200,1613.000000,1,timeseriesScaler_2026-06-17_20.43.28_UTC_000551.pb,184.279000,1,SAFOD-Deep-10mGL-1000HzFs-2mChDualPulse_2026-06-17T204548Z.h5,44.279000,1
42,1,2026-06-17T20:46:41.349500+00:00,9.070500,0.763300,9.100000,1,timeseriesScaler_2026-06-17_20.43.28_UTC_000551.pb,193.349500,1,SAFOD-Deep-10mGL-1000HzFs-2mChDualPulse_2026-06-17T204548Z.h5,53.349500,1
42,2,2026-06-17T20:46:50.392000+00:00,18.113000,0.873400,9.000000,1,timeseriesScaler_2026-06-17_20.43.28_UTC_000551.pb,202.392000,1,SAFOD-Deep-10mGL-1000HzFs-2mChDualPulse_2026-06-17T204648Z.h5,2.392000,1
42,3,2026-06-17T20:46:59.168000+00:00,26.889000,0.911300,8.800000,1,timeseriesScaler_2026-06-17_20.43.28_UTC_000551.pb,211.168000,1,SAFOD-Deep-10mGL-1000HzFs-2mChDualPulse_2026-06-17T204648Z.h5,11.168000,1
42,4,2026-06-17T20:47:08.233500+00:00,35.954500,0.912100,9.100000,1,timeseriesScaler_2026-06-17_20.43.28_UTC_000551.pb,220.233500,1,SAFOD-Deep-10mGL-1000HzFs-2mChDualPulse_2026-06-17T204648Z.h5,20.233500,1
42,5,2026-06-17T20:47:17.157000+00:00,44.878000,0.909100,8.900000,1,timeseriesScaler_2026-06-17_20.43.28_UTC_000551.pb,229.157000,1,SAFOD-Deep-10mGL-1000HzFs-2mChDualPulse_2026-06-17T204648Z.h5,29.157000,1
42,6,2026-06-17T20:47:26.040000+00:00,53.761000,0.893700,8.900000,1,timeseriesScaler_2026-06-17_20.43.28_UTC_000551.pb,238.040000,1,SAFOD-Deep-10mGL-1000HzFs-2mChDualPulse_2026-06-17T204648Z.h5,38.040000,1
42,7,2026-06-17T20:47:35.072000+00:00,62.793000,0.899800,9.000000,1,timeseriesScaler_2026-06-17_20.43.28_UTC_000551.pb,247.072000,1,SAFOD-Deep-10mGL-1000HzFs-2mChDualPulse_2026-06-17T204648Z.h5,47.072000,1
42,8,2026-06-17T20:47:43.895500+00:00,71.616500,0.891500,8.800000,1,timeseriesScaler_2026-06-17_20.43.28_UTC_000551.pb,255.895500,1,SAFOD-Deep-10mGL-1000HzFs-2mChDualPulse_2026-06-17T204648Z.h5,55.895500,1
42,9,2026-06-17T20:47:52.722000+00:00,80.443000,0.879900,8.800000,1,timeseriesScaler_2026-06-17_20.43.28_UTC_000551.pb,264.722000,1,SAFOD-Deep-10mGL-1000HzFs-2mChDualPulse_2026-06-17T204748Z.h5,4.722000,1
42,10,2026-06-17T20:48:01.581000+00:00,89.302000,0.880000,8.900000,1,timeseriesScaler_2026-06-17_20.43.28_UTC_000551.pb,273.581000,1,SAFOD-Deep-10mGL-1000HzFs-2mChDualPulse_2026-06-17T204748Z.h5,13.581000,1
42,11,2026-06-17T20:48:10.363000+00:00,98.084000,0.882600,8.800000,1,timeseriesScaler_2026-06-17_20.43.28_UTC_000551.pb,282.363000,1,SAFOD-Deep-10mGL-1000HzFs-2mChDualPulse_2026-06-17T204748Z.h5,22.363000,1
42,12,2026-06-17T20:48:19.252000+00:00,106.973000,0.885200,8.900000,1,timeseriesScaler_2026-06-17_20.43.28_UTC_000551.pb,291.252000,1,SAFOD-Deep-10mGL-1000HzFs-2mChDualPulse_2026-06-17T204748Z.h5,31.252000,1
42,13,2026-06-17T20:48:28.168000+00:00,115.889000,0.891500,8.900000,1,timeseriesScaler_2026-06-17_20.48.28_UTC_000552.pb,0.168000,1,SAFOD-Deep-10mGL-1000HzFs-2mChDualPulse_2026-06-17T204748Z.h5,40.168000,1
42,14,2026-06-17T20:48:37.312000+00:00,125.033000,0.887600,9.100000,1,timeseriesScaler_2026-06-17_20.48.28_UTC_000552.pb,9.312000,1,SAFOD-Deep-10mGL-1000HzFs-2mChDualPulse_2026-06-17T204748Z.h5,49.312000,1
42,15,2026-06-17T20:48:46.318500+00:00,134.039500,0.877700,9.000000,1,timeseriesScaler_2026-06-17_20.48.28_UTC_000552.pb,18.318500,1,SAFOD-Deep-10mGL-1000HzFs-2mChDualPulse_2026-06-17T204748Z.h5,58.318500,1
42,16,2026-06-17T20:48:55.349500+00:00,143.070500,0.847100,9.000000,1,timeseriesScaler_2026-06-17_20.48.28_UTC_000552.pb,27.349500,1,SAFOD-Deep-10mGL-1000HzFs-2mChDualPulse_2026-06-17T204848Z.h5,7.349500,1
42,17,2026-06-17T20:49:04.401500+00:00,152.122500,0.883300,9.100000,1,timeseriesScaler_2026-06-17_20.48.28_UTC_000552.pb,36.401500,1,SAFOD-Deep-10mGL-1000HzFs-2mChDualPulse_2026-06-17T204848Z.h5,16.401500,1
42,18,2026-06-17T20:49:14.539000+00:00,162.260000,0.876900,10.100000,1,timeseriesScaler_2026-06-17_20.48.28_UTC_000552.pb,46.539000,1,SAFOD-Deep-10mGL-1000HzFs-2mChDualPulse_2026-06-17T204848Z.h5,26.539000,1
42,19,2026-06-17T20:49:23.975500+00:00,171.696500,0.864800,9.400000,1,timeseriesScaler_2026-06-17_20.48.28_UTC_000552.pb,55.975500,1,SAFOD-Deep-10mGL-1000HzFs-2mChDualPulse_2026-06-17T204848Z.h5,35.975500,1
42,20,2026-06-17T20:49:33.074500+00:00,180.795500,0.875000,9.100000,1,timeseriesScaler_2026-06-17_20.48.28_UTC_000552.pb,65.074500,1,SAFOD-Deep-10mGL-1000HzFs-2mChDualPulse_2026-06-17T204848Z.h5,45.074500,1
43,0,2026-06-17T21:16:43.803500+00:00,0.000000,0.862600,1630.700000,1,timeseriesScaler_2026-06-17_21.13.28_UTC_000557.pb,195.803500,1,SAFOD-Deep-10mGL-1000HzFs-2mChDualPulse_2026-06-17T211548Z.h5,55.803500,1
43,1,2026-06-17T21:16:53.172000+00:00,9.368500,0.845300,9.400000,1,timeseriesScaler_2026-06-17_21.13.28_UTC_000557.pb,205.172000,1,SAFOD-Deep-10mGL-1000HzFs-2mChDualPulse_2026-06-17T211648Z.h5,5.172000,1
43,2,2026-06-17T21:17:02.391000+00:00,18.587500,0.868000,9.200000,1,timeseriesScaler_2026-06-17_21.13.28_UTC_000557.pb,214.391000,1,SAFOD-Deep-10mGL-1000HzFs-2mChDualPulse_2026-06-17T211648Z.h5,14.391000,1
43,3,2026-06-17T21:17:11.244500+00:00,27.441000,0.864200,8.900000,1,timeseriesScaler_2026-06-17_21.13.28_UTC_000557.pb,223.244500,1,SAFOD-Deep-10mGL-1000HzFs-2mChDualPulse_2026-06-17T211648Z.h5,23.244500,1
43,4,2026-06-17T21:17:20.309500+00:00,36.506000,0.856900,9.100000,1,timeseriesScaler_2026-06-17_21.13.28_UTC_000557.pb,232.309500,1,SAFOD-Deep-10mGL-1000HzFs-2mChDualPulse_2026-06-17T211648Z.h5,32.309500,1
43,5,2026-06-17T21:17:29.021000+00:00,45.217500,0.861600,8.700000,1,timeseriesScaler_2026-06-17_21.13.28_UTC_000557.pb,241.021000,1,SAFOD-Deep-10mGL-1000HzFs-2mChDualPulse_2026-06-17T211648Z.h5,41.021000,1
43,6,2026-06-17T21:17:37.872500+00:00,54.069000,0.857100,8.900000,1,timeseriesScaler_2026-06-17_21.13.28_UTC_000557.pb,249.872500,1,SAFOD-Deep-10mGL-1000HzFs-2mChDualPulse_2026-06-17T211648Z.h5,49.872500,1
43,7,2026-06-17T21:17:46.711000+00:00,62.907500,0.848800,8.800000,1,timeseriesScaler_2026-06-17_21.13.28_UTC_000557.pb,258.711000,1,SAFOD-Deep-10mGL-1000HzFs-2mChDualPulse_2026-06-17T211648Z.h5,58.711000,1
43,8,2026-06-17T21:17:55.564000+00:00,71.760500,0.856200,8.900000,1,timeseriesScaler_2026-06-17_21.13.28_UTC_000557.pb,267.564000,1,SAFOD-Deep-10mGL-1000HzFs-2mChDualPulse_2026-06-17T211748Z.h5,7.564000,1
43,9,2026-06-17T21:18:04.683500+00:00,80.880000,0.850800,9.100000,1,timeseriesScaler_2026-06-17_21.13.28_UTC_000557.pb,276.683500,1,SAFOD-Deep-10mGL-1000HzFs-2mChDualPulse_2026-06-17T211748Z.h5,16.683500,1
43,10,2026-06-17T21:18:13.532000+00:00,89.728500,0.832100,8.800000,1,timeseriesScaler_2026-06-17_21.13.28_UTC_000557.pb,285.532000,1,SAFOD-Deep-10mGL-1000HzFs-2mChDualPulse_2026-06-17T211748Z.h5,25.532000,1
43,11,2026-06-17T21:18:22.443500+00:00,98.640000,0.856300,8.900000,1,timeseriesScaler_2026-06-17_21.13.28_UTC_000557.pb,294.443500,1,SAFOD-Deep-10mGL-1000HzFs-2mChDualPulse_2026-06-17T211748Z.h5,34.443500,1
43,12,2026-06-17T21:18:31.303000+00:00,107.499500,0.859500,8.900000,1,timeseriesScaler_2026-06-17_21.18.28_UTC_000558.pb,3.303000,1,SAFOD-Deep-10mGL-1000HzFs-2mChDualPulse_2026-06-17T211748Z.h5,43.303000,1
43,13,2026-06-17T21:18:40.270500+00:00,116.467000,0.803600,9.000000,1,timeseriesScaler_2026-06-17_21.18.28_UTC_000558.pb,12.270500,1,SAFOD-Deep-10mGL-1000HzFs-2mChDualPulse_2026-06-17T211748Z.h5,52.270500,1
43,14,2026-06-17T21:18:49.093000+00:00,125.289500,0.799000,8.800000,1,timeseriesScaler_2026-06-17_21.18.28_UTC_000558.pb,21.093000,1,SAFOD-Deep-10mGL-1000HzFs-2mChDualPulse_2026-06-17T211848Z.h5,1.093000,1
43,15,2026-06-17T21:18:58.014500+00:00,134.211000,0.808400,8.900000,1,timeseriesScaler_2026-06-17_21.18.28_UTC_000558.pb,30.014500,1,SAFOD-Deep-10mGL-1000HzFs-2mChDualPulse_2026-06-17T211848Z.h5,10.014500,1
43,16,2026-06-17T21:19:06.791500+00:00,142.988000,0.842800,8.800000,1,timeseriesScaler_2026-06-17_21.18.28_UTC_000558.pb,38.791500,1,SAFOD-Deep-10mGL-1000HzFs-2mChDualPulse_2026-06-17T211848Z.h5,18.791500,1
43,17,2026-06-17T21:19:15.704500+00:00,151.901000,0.795200,8.900000,1,timeseriesScaler_2026-06-17_21.18.28_UTC_000558.pb,47.704500,1,SAFOD-Deep-10mGL-1000HzFs-2mChDualPulse_2026-06-17T211848Z.h5,27.704500,1
43,18,2026-06-17T21:19:24.533500+00:00,160.730000,0.805500,8.800000,1,timeseriesScaler_2026-06-17_21.18.28_UTC_000558.pb,56.533500,1,SAFOD-Deep-10mGL-1000HzFs-2mChDualPulse_2026-06-17T211848Z.h5,36.533500,1
43,19,2026-06-17T21:19:33.532000+00:00,169.728500,0.835500,9.000000,1,timeseriesScaler_2026-06-17_21.18.28_UTC_000558.pb,65.532000,1,SAFOD-Deep-10mGL-1000HzFs-2mChDualPulse_2026-06-17T211848Z.h5,45.532000,1
44,0,2026-06-17T21:45:39.468500+00:00,0.000000,0.782400,1565.900000,1,timeseriesScaler_2026-06-17_21.43.28_UTC_000563.pb,131.468500,1,SAFOD-Deep-10mGL-1000HzFs-2mChDualPulse_2026-06-17T214448Z.h5,51.468500,1
44,1,2026-06-17T21:45:48.792500+00:00,9.324000,0.802200,9.300000,1,timeseriesScaler_2026-06-17_21.43.28_UTC_000563.pb,140.792500,1,SAFOD-Deep-10mGL-1000HzFs-2mChDualPulse_2026-06-17T214548Z.h5,0.792500,1
44,2,2026-06-17T21:45:59.277500+00:00,19.809000,0.821400,10.500000,1,timeseriesScaler_2026-06-17_21.43.28_UTC_000563.pb,151.277500,1,SAFOD-Deep-10mGL-1000HzFs-2mChDualPulse_2026-06-17T214548Z.h5,11.277500,1
44,3,2026-06-17T21:46:10.006000+00:00,30.537500,0.841300,10.700000,1,timeseriesScaler_2026-06-17_21.43.28_UTC_000563.pb,162.006000,1,SAFOD-Deep-10mGL-1000HzFs-2mChDualPulse_2026-06-17T214548Z.h5,22.006000,1
44,4,2026-06-17T21:46:19.269000+00:00,39.800500,0.808900,9.300000,1,timeseriesScaler_2026-06-17_21.43.28_UTC_000563.pb,171.269000,1,SAFOD-Deep-10mGL-1000HzFs-2mChDualPulse_2026-06-17T214548Z.h5,31.269000,1
44,5,2026-06-17T21:46:28.302000+00:00,48.833500,0.830600,9.000000,1,timeseriesScaler_2026-06-17_21.43.28_UTC_000563.pb,180.302000,1,SAFOD-Deep-10mGL-1000HzFs-2mChDualPulse_2026-06-17T214548Z.h5,40.302000,1
44,6,2026-06-17T21:46:37.324000+00:00,57.855500,0.822600,9.000000,1,timeseriesScaler_2026-06-17_21.43.28_UTC_000563.pb,189.324000,1,SAFOD-Deep-10mGL-1000HzFs-2mChDualPulse_2026-06-17T214548Z.h5,49.324000,1
44,7,2026-06-17T21:46:46.314500+00:00,66.846000,0.827700,9.000000,1,timeseriesScaler_2026-06-17_21.43.28_UTC_000563.pb,198.314500,1,SAFOD-Deep-10mGL-1000HzFs-2mChDualPulse_2026-06-17T214548Z.h5,58.314500,1
44,8,2026-06-17T21:46:54.990000+00:00,75.521500,0.849600,8.700000,1,timeseriesScaler_2026-06-17_21.43.28_UTC_000563.pb,206.990000,1,SAFOD-Deep-10mGL-1000HzFs-2mChDualPulse_2026-06-17T214648Z.h5,6.990000,1
44,9,2026-06-17T21:47:03.849000+00:00,84.380500,0.830200,8.900000,1,timeseriesScaler_2026-06-17_21.43.28_UTC_000563.pb,215.849000,1,SAFOD-Deep-10mGL-1000HzFs-2mChDualPulse_2026-06-17T214648Z.h5,15.849000,1
44,10,2026-06-17T21:47:12.671000+00:00,93.202500,0.832600,8.800000,1,timeseriesScaler_2026-06-17_21.43.28_UTC_000563.pb,224.671000,1,SAFOD-Deep-10mGL-1000HzFs-2mChDualPulse_2026-06-17T214648Z.h5,24.671000,1
44,11,2026-06-17T21:47:21.501500+00:00,102.033000,0.799100,8.800000,1,timeseriesScaler_2026-06-17_21.43.28_UTC_000563.pb,233.501500,1,SAFOD-Deep-10mGL-1000HzFs-2mChDualPulse_2026-06-17T214648Z.h5,33.501500,1
44,12,2026-06-17T21:47:30.209500+00:00,110.741000,0.823900,8.700000,1,timeseriesScaler_2026-06-17_21.43.28_UTC_000563.pb,242.209500,1,SAFOD-Deep-10mGL-1000HzFs-2mChDualPulse_2026-06-17T214648Z.h5,42.209500,1
44,13,2026-06-17T21:47:38.916500+00:00,119.448000,0.834800,8.700000,1,timeseriesScaler_2026-06-17_21.43.28_UTC_000563.pb,250.916500,1,SAFOD-Deep-10mGL-1000HzFs-2mChDualPulse_2026-06-17T214648Z.h5,50.916500,1
44,14,2026-06-17T21:47:47.629500+00:00,128.161000,0.825900,8.700000,1,timeseriesScaler_2026-06-17_21.43.28_UTC_000563.pb,259.629500,1,SAFOD-Deep-10mGL-1000HzFs-2mChDualPulse_2026-06-17T214648Z.h5,59.629500,1
44,15,2026-06-17T21:47:56.612500+00:00,137.144000,0.795200,9.000000,1,timeseriesScaler_2026-06-17_21.43.28_UTC_000563.pb,268.612500,1,SAFOD-Deep-10mGL-1000HzFs-2mChDualPulse_2026-06-17T214748Z.h5,8.612500,1
44,16,2026-06-17T21:48:05.616500+00:00,146.148000,0.787500,9.000000,1,timeseriesScaler_2026-06-17_21.43.28_UTC_000563.pb,277.616500,1,SAFOD-Deep-10mGL-1000HzFs-2mChDualPulse_2026-06-17T214748Z.h5,17.616500,1
44,17,2026-06-17T21:48:14.535000+00:00,155.066500,0.800900,8.900000,1,timeseriesScaler_2026-06-17_21.43.28_UTC_000563.pb,286.535000,1,SAFOD-Deep-10mGL-1000HzFs-2mChDualPulse_2026-06-17T214748Z.h5,26.535000,1
44,18,2026-06-17T21:48:23.545000+00:00,164.076500,0.817600,9.000000,1,timeseriesScaler_2026-06-17_21.43.28_UTC_000563.pb,295.545000,1,SAFOD-Deep-10mGL-1000HzFs-2mChDualPulse_2026-06-17T214748Z.h5,35.545000,1
44,19,2026-06-17T21:48:32.319500+00:00,172.851000,0.818400,8.800000,1,timeseriesScaler_2026-06-17_21.48.28_UTC_000564.pb,4.319500,1,SAFOD-Deep-10mGL-1000HzFs-2mChDualPulse_2026-06-17T214748Z.h5,44.319500,1
45,0,2026-06-17T22:16:23.969500+00:00,0.000000,0.812300,383.900000,1,timeseriesScaler_2026-06-17_22.13.28_UTC_000569.pb,175.969500,1,SAFOD-Deep-10mGL-1000HzFs-2mChDualPulse_2026-06-17T221548Z.h5,35.969500,1
45,1,2026-06-17T22:16:33.256500+00:00,9.287000,0.831300,9.300000,1,timeseriesScaler_2026-06-17_22.13.28_UTC_000569.pb,185.256500,1,SAFOD-Deep-10mGL-1000HzFs-2mChDualPulse_2026-06-17T221548Z.h5,45.256500,1
45,2,2026-06-17T22:16:42.261000+00:00,18.291500,0.778100,9.000000,1,timeseriesScaler_2026-06-17_22.13.28_UTC_000569.pb,194.261000,1,SAFOD-Deep-10mGL-1000HzFs-2mChDualPulse_2026-06-17T221548Z.h5,54.261000,1
45,3,2026-06-17T22:16:51.217000+00:00,27.247500,0.836500,9.000000,1,timeseriesScaler_2026-06-17_22.13.28_UTC_000569.pb,203.217000,1,SAFOD-Deep-10mGL-1000HzFs-2mChDualPulse_2026-06-17T221648Z.h5,3.217000,1
45,4,2026-06-17T22:17:00.294500+00:00,36.325000,0.798900,9.100000,1,timeseriesScaler_2026-06-17_22.13.28_UTC_000569.pb,212.294500,1,SAFOD-Deep-10mGL-1000HzFs-2mChDualPulse_2026-06-17T221648Z.h5,12.294500,1
45,5,2026-06-17T22:17:09.328500+00:00,45.359000,0.809800,9.000000,1,timeseriesScaler_2026-06-17_22.13.28_UTC_000569.pb,221.328500,1,SAFOD-Deep-10mGL-1000HzFs-2mChDualPulse_2026-06-17T221648Z.h5,21.328500,1
45,6,2026-06-17T22:17:18.357500+00:00,54.388000,0.821000,9.000000,1,timeseriesScaler_2026-06-17_22.13.28_UTC_000569.pb,230.357500,1,SAFOD-Deep-10mGL-1000HzFs-2mChDualPulse_2026-06-17T221648Z.h5,30.357500,1
45,7,2026-06-17T22:17:27.432500+00:00,63.463000,0.850000,9.100000,1,timeseriesScaler_2026-06-17_22.13.28_UTC_000569.pb,239.432500,1,SAFOD-Deep-10mGL-1000HzFs-2mChDualPulse_2026-06-17T221648Z.h5,39.432500,1
45,8,2026-06-17T22:17:36.528000+00:00,72.558500,0.816200,9.100000,1,timeseriesScaler_2026-06-17_22.13.28_UTC_000569.pb,248.528000,1,SAFOD-Deep-10mGL-1000HzFs-2mChDualPulse_2026-06-17T221648Z.h5,48.528000,1
45,9,2026-06-17T22:17:45.688500+00:00,81.719000,0.811000,9.200000,1,timeseriesScaler_2026-06-17_22.13.28_UTC_000569.pb,257.688500,1,SAFOD-Deep-10mGL-1000HzFs-2mChDualPulse_2026-06-17T221648Z.h5,57.688500,1
45,10,2026-06-17T22:17:54.585000+00:00,90.615500,0.805400,8.900000,1,timeseriesScaler_2026-06-17_22.13.28_UTC_000569.pb,266.585000,1,SAFOD-Deep-10mGL-1000HzFs-2mChDualPulse_2026-06-17T221748Z.h5,6.585000,1
45,11,2026-06-17T22:18:04.237500+00:00,100.268000,0.828700,9.700000,1,timeseriesScaler_2026-06-17_22.13.28_UTC_000569.pb,276.237500,1,SAFOD-Deep-10mGL-1000HzFs-2mChDualPulse_2026-06-17T221748Z.h5,16.237500,1
45,12,2026-06-17T22:18:13.328000+00:00,109.358500,0.823900,9.100000,1,timeseriesScaler_2026-06-17_22.13.28_UTC_000569.pb,285.328000,1,SAFOD-Deep-10mGL-1000HzFs-2mChDualPulse_2026-06-17T221748Z.h5,25.328000,1
45,13,2026-06-17T22:18:22.334500+00:00,118.365000,0.791000,9.000000,1,timeseriesScaler_2026-06-17_22.13.28_UTC_000569.pb,294.334500,1,SAFOD-Deep-10mGL-1000HzFs-2mChDualPulse_2026-06-17T221748Z.h5,34.334500,1
45,14,2026-06-17T22:18:31.433000+00:00,127.463500,0.814600,9.100000,1,timeseriesScaler_2026-06-17_22.18.28_UTC_000570.pb,3.433000,1,SAFOD-Deep-10mGL-1000HzFs-2mChDualPulse_2026-06-17T221748Z.h5,43.433000,1
45,15,2026-06-17T22:18:40.255500+00:00,136.286000,0.789200,8.800000,1,timeseriesScaler_2026-06-17_22.18.28_UTC_000570.pb,12.255500,1,SAFOD-Deep-10mGL-1000HzFs-2mChDualPulse_2026-06-17T221748Z.h5,52.255500,1
45,16,2026-06-17T22:18:49.694000+00:00,145.724500,0.832500,9.400000,1,timeseriesScaler_2026-06-17_22.18.28_UTC_000570.pb,21.694000,1,SAFOD-Deep-10mGL-1000HzFs-2mChDualPulse_2026-06-17T221848Z.h5,1.694000,1
45,17,2026-06-17T22:18:58.662000+00:00,154.692500,0.783500,9.000000,1,timeseriesScaler_2026-06-17_22.18.28_UTC_000570.pb,30.662000,1,SAFOD-Deep-10mGL-1000HzFs-2mChDualPulse_2026-06-17T221848Z.h5,10.662000,1
45,18,2026-06-17T22:19:07.825500+00:00,163.856000,0.787800,9.200000,1,timeseriesScaler_2026-06-17_22.18.28_UTC_000570.pb,39.825500,1,SAFOD-Deep-10mGL-1000HzFs-2mChDualPulse_2026-06-17T221848Z.h5,19.825500,1
45,19,2026-06-17T22:19:17.114000+00:00,173.144500,0.813200,9.300000,1,timeseriesScaler_2026-06-17_22.18.28_UTC_000570.pb,49.114000,1,SAFOD-Deep-10mGL-1000HzFs-2mChDualPulse_2026-06-17T221848Z.h5,29.114000,1
46,0,2026-06-17T22:46:18.553000+00:00,0.000000,0.628100,1621.400000,1,timeseriesScaler_2026-06-17_22.43.28_UTC_000575.pb,170.553000,0,,,0
46,1,2026-06-17T22:46:27.653500+00:00,9.100500,0.829600,9.100000,1,timeseriesScaler_2026-06-17_22.43.28_UTC_000575.pb,179.653500,0,,,0
46,2,2026-06-17T22:46:36.968500+00:00,18.415500,0.896300,9.300000,1,timeseriesScaler_2026-06-17_22.43.28_UTC_000575.pb,188.968500,0,,,0
46,3,2026-06-17T22:46:46.127500+00:00,27.574500,0.911000,9.200000,1,timeseriesScaler_2026-06-17_22.43.28_UTC_000575.pb,198.127500,0,,,0
46,4,2026-06-17T22:46:54.974000+00:00,36.421000,0.905200,8.800000,1,timeseriesScaler_2026-06-17_22.43.28_UTC_000575.pb,206.974000,0,,,0
46,5,2026-06-17T22:47:03.955500+00:00,45.402500,0.890400,9.000000,1,timeseriesScaler_2026-06-17_22.43.28_UTC_000575.pb,215.955500,0,,,0
46,6,2026-06-17T22:47:12.978500+00:00,54.425500,0.903800,9.000000,1,timeseriesScaler_2026-06-17_22.43.28_UTC_000575.pb,224.978500,0,,,0
46,7,2026-06-17T22:47:22.133500+00:00,63.580500,0.906700,9.200000,1,timeseriesScaler_2026-06-17_22.43.28_UTC_000575.pb,234.133500,0,,,0
46,8,2026-06-17T22:47:31.281000+00:00,72.728000,0.908300,9.100000,1,timeseriesScaler_2026-06-17_22.43.28_UTC_000575.pb,243.281000,0,,,0
46,9,2026-06-17T22:47:40.556000+00:00,82.003000,0.896200,9.300000,1,timeseriesScaler_2026-06-17_22.43.28_UTC_000575.pb,252.556000,0,,,0
46,10,2026-06-17T22:47:49.426000+00:00,90.873000,0.897400,8.900000,1,timeseriesScaler_2026-06-17_22.43.28_UTC_000575.pb,261.426000,0,,,0
46,11,2026-06-17T22:47:58.352500+00:00,99.799500,0.886000,8.900000,1,timeseriesScaler_2026-06-17_22.43.28_UTC_000575.pb,270.352500,0,,,0
46,12,2026-06-17T22:48:07.499000+00:00,108.946000,0.899200,9.100000,1,timeseriesScaler_2026-06-17_22.43.28_UTC_000575.pb,279.499000,0,,,0
46,13,2026-06-17T22:48:16.202000+00:00,117.649000,0.895800,8.700000,1,timeseriesScaler_2026-06-17_22.43.28_UTC_000575.pb,288.202000,0,,,0
46,14,2026-06-17T22:48:25.384000+00:00,126.831000,0.889000,9.200000,1,timeseriesScaler_2026-06-17_22.43.28_UTC_000575.pb,297.384000,0,,,0
46,15,2026-06-17T22:48:34.169500+00:00,135.616500,0.889400,8.800000,1,timeseriesScaler_2026-06-17_22.48.28_UTC_000576.pb,6.169500,0,,,0
46,16,2026-06-17T22:48:42.973000+00:00,144.420000,0.846700,8.800000,1,timeseriesScaler_2026-06-17_22.48.28_UTC_000576.pb,14.973000,0,,,0
46,17,2026-06-17T22:48:51.752000+00:00,153.199000,0.870300,8.800000,1,timeseriesScaler_2026-06-17_22.48.28_UTC_000576.pb,23.752000,0,,,0
46,18,2026-06-17T22:49:00.792000+00:00,162.239000,0.896000,9.000000,1,timeseriesScaler_2026-06-17_22.48.28_UTC_000576.pb,32.792000,0,,,0
46,19,2026-06-17T22:49:09.679500+00:00,171.126500,0.880800,8.900000,1,timeseriesScaler_2026-06-17_22.48.28_UTC_000576.pb,41.679500,0,,,0
46,20,2026-06-17T22:49:18.500500+00:00,179.947500,0.885500,8.800000,1,timeseriesScaler_2026-06-17_22.48.28_UTC_000576.pb,50.500500,0,,,0
46,21,2026-06-17T22:49:28.200000+00:00,189.647000,0.872900,9.700000,1,timeseriesScaler_2026-06-17_22.48.28_UTC_000576.pb,60.200000,0,,,0
47,0,2026-06-17T23:16:40.227000+00:00,0.000000,0.857200,1632.000000,1,timeseriesScaler_2026-06-17_23.13.28_UTC_000581.pb,192.227000,0,,,0
47,1,2026-06-17T23:16:49.240000+00:00,9.013000,0.848300,9.000000,1,timeseriesScaler_2026-06-17_23.13.28_UTC_000581.pb,201.240000,0,,,0
47,2,2026-06-17T23:16:58.057500+00:00,17.830500,0.861300,8.800000,1,timeseriesScaler_2026-06-17_23.13.28_UTC_000581.pb,210.057500,0,,,0
47,3,2026-06-17T23:17:06.868000+00:00,26.641000,0.860300,8.800000,1,timeseriesScaler_2026-06-17_23.13.28_UTC_000581.pb,218.868000,0,,,0
47,4,2026-06-17T23:17:15.541000+00:00,35.314000,0.866100,8.700000,1,timeseriesScaler_2026-06-17_23.13.28_UTC_000581.pb,227.541000,0,,,0
47,5,2026-06-17T23:17:24.722500+00:00,44.495500,0.859600,9.200000,1,timeseriesScaler_2026-06-17_23.13.28_UTC_000581.pb,236.722500,0,,,0
47,6,2026-06-17T23:17:33.324000+00:00,53.097000,0.860200,8.600000,1,timeseriesScaler_2026-06-17_23.13.28_UTC_000581.pb,245.324000,0,,,0
47,7,2026-06-17T23:17:42.092500+00:00,61.865500,0.856800,8.800000,1,timeseriesScaler_2026-06-17_23.13.28_UTC_000581.pb,254.092500,0,,,0
47,8,2026-06-17T23:17:51.319000+00:00,71.092000,0.853500,9.200000,1,timeseriesScaler_2026-06-17_23.13.28_UTC_000581.pb,263.319000,0,,,0
47,9,2026-06-17T23:18:00.373000+00:00,80.146000,0.854100,9.100000,1,timeseriesScaler_2026-06-17_23.13.28_UTC_000581.pb,272.373000,0,,,0
47,10,2026-06-17T23:18:09.502500+00:00,89.275500,0.856200,9.100000,1,timeseriesScaler_2026-06-17_23.13.28_UTC_000581.pb,281.502500,0,,,0
47,11,2026-06-17T23:18:18.712000+00:00,98.485000,0.846700,9.200000,1,timeseriesScaler_2026-06-17_23.13.28_UTC_000581.pb,290.712000,0,,,0
47,12,2026-06-17T23:18:27.746500+00:00,107.519500,0.851000,9.000000,1,timeseriesScaler_2026-06-17_23.13.28_UTC_000581.pb,299.746500,0,,,0
47,13,2026-06-17T23:18:36.734500+00:00,116.507500,0.850600,9.000000,1,timeseriesScaler_2026-06-17_23.18.28_UTC_000582.pb,8.734500,0,,,0
47,14,2026-06-17T23:18:45.550500+00:00,125.323500,0.845400,8.800000,1,timeseriesScaler_2026-06-17_23.18.28_UTC_000582.pb,17.550500,0,,,0
47,15,2026-06-17T23:18:54.557000+00:00,134.330000,0.847900,9.000000,1,timeseriesScaler_2026-06-17_23.18.28_UTC_000582.pb,26.557000,0,,,0
47,16,2026-06-17T23:19:03.425000+00:00,143.198000,0.853200,8.900000,1,timeseriesScaler_2026-06-17_23.18.28_UTC_000582.pb,35.425000,0,,,0
47,17,2026-06-17T23:19:12.249500+00:00,152.022500,0.849100,8.800000,1,timeseriesScaler_2026-06-17_23.18.28_UTC_000582.pb,44.249500,0,,,0
47,18,2026-06-17T23:19:21.208500+00:00,160.981500,0.853200,9.000000,1,timeseriesScaler_2026-06-17_23.18.28_UTC_000582.pb,53.208500,0,,,0
47,19,2026-06-17T23:19:29.816500+00:00,169.589500,0.844000,8.600000,1,timeseriesScaler_2026-06-17_23.18.28_UTC_000582.pb,61.816500,0,,,0
48,0,2026-06-17T23:44:31.824000+00:00,0.000000,0.829300,1502.000000,1,timeseriesScaler_2026-06-17_23.43.28_UTC_000587.pb,63.824000,0,,,0
48,1,2026-06-17T23:44:41.511500+00:00,9.687500,0.824900,9.700000,1,timeseriesScaler_2026-06-17_23.43.28_UTC_000587.pb,73.511500,0,,,0
48,2,2026-06-17T23:44:50.986500+00:00,19.162500,0.841100,9.500000,1,timeseriesScaler_2026-06-17_23.43.28_UTC_000587.pb,82.986500,0,,,0
48,3,2026-06-17T23:45:00.091000+00:00,28.267000,0.825300,9.100000,1,timeseriesScaler_2026-06-17_23.43.28_UTC_000587.pb,92.091000,0,,,0
48,4,2026-06-17T23:45:09.700500+00:00,37.876500,0.858100,9.600000,1,timeseriesScaler_2026-06-17_23.43.28_UTC_000587.pb,101.700500,0,,,0
48,5,2026-06-17T23:45:19.113000+00:00,47.289000,0.808500,9.400000,1,timeseriesScaler_2026-06-17_23.43.28_UTC_000587.pb,111.113000,0,,,0
48,6,2026-06-17T23:45:28.457500+00:00,56.633500,0.855900,9.300000,1,timeseriesScaler_2026-06-17_23.43.28_UTC_000587.pb,120.457500,0,,,0
48,7,2026-06-17T23:45:37.728000+00:00,65.904000,0.866700,9.300000,1,timeseriesScaler_2026-06-17_23.43.28_UTC_000587.pb,129.728000,0,,,0
48,8,2026-06-17T23:45:47.011500+00:00,75.187500,0.840500,9.300000,1,timeseriesScaler_2026-06-17_23.43.28_UTC_000587.pb,139.011500,0,,,0
48,9,2026-06-17T23:45:56.837500+00:00,85.013500,0.853800,9.800000,1,timeseriesScaler_2026-06-17_23.43.28_UTC_000587.pb,148.837500,0,,,0
48,10,2026-06-17T23:46:05.986500+00:00,94.162500,0.792900,9.100000,1,timeseriesScaler_2026-06-17_23.43.28_UTC_000587.pb,157.986500,0,,,0
48,11,2026-06-17T23:46:15.516500+00:00,103.692500,0.840700,9.500000,1,timeseriesScaler_2026-06-17_23.43.28_UTC_000587.pb,167.516500,0,,,0
48,12,2026-06-17T23:46:24.779500+00:00,112.955500,0.854300,9.300000,1,timeseriesScaler_2026-06-17_23.43.28_UTC_000587.pb,176.779500,0,,,0
48,13,2026-06-17T23:46:34.158000+00:00,122.334000,0.844500,9.400000,1,timeseriesScaler_2026-06-17_23.43.28_UTC_000587.pb,186.158000,0,,,0
48,14,2026-06-17T23:46:43.542000+00:00,131.718000,0.820000,9.400000,1,timeseriesScaler_2026-06-17_23.43.28_UTC_000587.pb,195.542000,0,,,0
48,15,2026-06-17T23:46:53.104500+00:00,141.280500,0.790200,9.600000,1,timeseriesScaler_2026-06-17_23.43.28_UTC_000587.pb,205.104500,0,,,0
48,16,2026-06-17T23:47:02.763000+00:00,150.939000,0.821800,9.700000,1,timeseriesScaler_2026-06-17_23.43.28_UTC_000587.pb,214.763000,0,,,0
48,17,2026-06-17T23:47:12.295000+00:00,160.471000,0.856900,9.500000,1,timeseriesScaler_2026-06-17_23.43.28_UTC_000587.pb,224.295000,0,,,0
48,18,2026-06-17T23:47:21.818500+00:00,169.994500,0.857800,9.500000,1,timeseriesScaler_2026-06-17_23.43.28_UTC_000587.pb,233.818500,0,,,0
48,19,2026-06-17T23:47:31.292000+00:00,179.468000,0.860500,9.500000,1,timeseriesScaler_2026-06-17_23.43.28_UTC_000587.pb,243.292000,0,,,0
