epoch,injected_dvv,eps_outbound,eps_return,eps_equal,eps_invvar,eps_joint,w_invvar_out,w_joint_out,sigma_out,sigma_ret,rho_loo
0,-0.01,-0.009888721945,-0.0086561261,-0.0092724240225,-0.009381809958409083,-0.009406370153998426,0.5887443652782084,0.6086699521516126,0.001135879678869936,0.0013590636008267599,0.1863169377430274
0,-0.005,-0.004859299388,-0.003612077338,-0.004235688363,-0.0043463722921882365,-0.0043712239234959364,0.5887443652782084,0.6086699521516126,0.001135879678869936,0.0013590636008267599,0.1863169377430274
0,-0.002,-0.001877861207,-0.0006326892168,-0.0012552752119,-0.0013657772098325026,-0.0013905879924955623,0.5887443652782084,0.6086699521516126,0.001135879678869936,0.0013590636008267599,0.1863169377430274
0,-0.001,-0.0008850640348,0.0003431188684,-0.0002709725832,-0.00037996689539003124,-0.00040443916052417255,0.5887443652782084,0.6086699521516126,0.001135879678869936,0.0013590636008267599,0.1863169377430274
0,-0.0005,-0.0003887627814,0.0008255985161,0.00021841786734999997,0.00011065014478494099,8.645328325590485e-05,0.5887443652782084,0.6086699521516126,0.001135879678869936,0.0013590636008267599,0.1863169377430274
0,-0.0002,-9.122612724e-05,0.001116534714,0.00051265429338,0.00040547232411628127,0.0003814069805518579,0.5887443652782084,0.6086699521516126,0.001135879678869936,0.0013590636008267599,0.1863169377430274
0,-0.0001,7.756843727e-06,0.001214562125,0.0006111594843634999,0.000504062315662538,0.0004800160121912498,0.5887443652782084,0.6086699521516126,0.001135879678869936,0.0013590636008267599,0.1863169377430274
0,0.0,0.0001065532282,0.001311761876,0.0007091575521,0.0006022020756231814,0.0005781875860108644,0.5887443652782084,0.6086699521516126,0.001135879678869936,0.0013590636008267599,0.1863169377430274
0,0.0001,0.0002057116675,0.001406997321,0.00080635449425,0.0006997471614123248,0.0006758108397637364,0.5887443652782084,0.6086699521516126,0.001135879678869936,0.0013590636008267599,0.1863169377430274
0,0.0002,0.0003051859759,0.001502446349,0.0009038161624500001,0.0007975660505664898,0.0007737099349922013,0.5887443652782084,0.6086699521516126,0.001135879678869936,0.0013590636008267599,0.1863169377430274
0,0.0005,0.0006038965819,0.001802494713,0.00120319564745,0.0010968268170818839,0.0010729440458943508,0.5887443652782084,0.6086699521516126,0.001135879678869936,0.0013590636008267599,0.1863169377430274
0,0.001,0.001102810145,0.002303124331,0.001702967238,0.0015964461174290008,0.0015725291528404784,0.5887443652782084,0.6086699521516126,0.001135879678869936,0.0013590636008267599,0.1863169377430274
0,0.002,0.0020976072,0.003326476465,0.0027120418325,0.002602986609567677,0.002578500668271863,0.5887443652782084,0.6086699521516126,0.001135879678869936,0.0013590636008267599,0.1863169377430274
0,0.005,0.00504719398,0.006332572355,0.0056898831675,0.00557581307946829,0.0055502011609920325,0.5887443652782084,0.6086699521516126,0.001135879678869936,0.0013590636008267599,0.1863169377430274
0,0.01,0.009970763459,0.01126894716,0.0106198553095,0.010504648820940241,0.010478781748828329,0.5887443652782084,0.6086699521516126,0.001135879678869936,0.0013590636008267599,0.1863169377430274
1,-0.01,-0.009617940178,-0.009767889113,-0.009692914645500001,-0.00967893707404913,-0.009675801586530048,0.5932155433506202,0.614125912064335,0.0011359850543568115,0.0013718186520494742,0.186491481013694
1,-0.005,-0.004590966424,-0.004683124967,-0.004637045695500001,-0.004628455086839854,-0.004626528017725604,0.5932155433506202,0.614125912064335,0.0011359850543568115,0.0013718186520494742,0.186491481013694
1,-0.002,-0.001858773521,-0.001735400332,-0.0017970869265,-0.0018085872253475338,-0.0018111670042189102,0.5932155433506202,0.614125912064335,0.0011359850543568115,0.0013718186520494742,0.186491481013694
1,-0.001,-0.0009082981602,-0.0007427951184,-0.0008255466393,-0.0008409740952675675,-0.0008444348248948466,0.5932155433506202,0.614125912064335,0.0011359850543568115,0.0013718186520494742,0.186491481013694
1,-0.0005,-0.0004332746759,-0.0002581387553,-0.00034570671560000003,-0.0003620321055989401,-0.00036569426227370196,0.5932155433506202,0.614125912064335,0.0011359850543568115,0.0013718186520494742,0.186491481013694
1,-0.0002,-0.0001512375417,4.068240409e-05,-5.5277568804999994e-05,-7.316749083163642e-05,-7.718060766162148e-05,0.5932155433506202,0.614125912064335,0.0011359850543568115,0.0013718186520494742,0.186491481013694
1,-0.0001,-5.671615485e-05,0.0001397974937,4.1540669425e-05,2.3222542899598943e-05,1.9113370051141048e-05,0.5932155433506202,0.614125912064335,0.0011359850543568115,0.0013718186520494742,0.186491481013694
1,0.0,3.901061656e-05,0.0002381677684,0.00013858919248,0.00012002465035907244,0.0001158602008821247,0.5932155433506202,0.614125912064335,0.0011359850543568115,0.0013718186520494742,0.186491481013694
1,0.0001,0.0001383057889,0.0003366278745,0.00023746683170000003,0.00021898013073236782,0.00021483314279839883,0.5932155433506202,0.614125912064335,0.0011359850543568115,0.0013718186520494742,0.186491481013694
1,0.0002,0.0002367158204,0.0004342245513,0.00033547018585,0.0003170593021826651,0.0003129293217953681,0.5932155433506202,0.614125912064335,0.0011359850543568115,0.0013718186520494742,0.186491481013694
1,0.0005,0.0005278391879,0.0007320939368,0.00062996656235,0.0006109268449493421,0.0006066558028383157,0.5932155433506202,0.614125912064335,0.0011359850543568115,0.0013718186520494742,0.186491481013694
1,0.001,0.001013735719,0.001226317017,0.001120026368,0.0011002104868007498,0.0010957653334779296,0.5932155433506202,0.614125912064335,0.0011359850543568115,0.0013718186520494742,0.186491481013694
1,0.002,0.002002441269,0.002208870209,0.0021056557389999998,0.0020864133531946077,0.0020820968479460258,0.5932155433506202,0.614125912064335,0.0011359850543568115,0.0013718186520494742,0.186491481013694
1,0.005,0.005038636477,0.005204530348,0.0051215834125,0.005106119525176198,0.005102650623166241,0.5932155433506202,0.614125912064335,0.0011359850543568115,0.0013718186520494742,0.186491481013694
1,0.01,0.01005120436,0.01025453798,0.010152871170000001,0.010133917316130253,0.010129665535164156,0.5932155433506202,0.614125912064335,0.0011359850543568115,0.0013718186520494742,0.186491481013694
2,-0.01,-0.01053873898,-0.008320416486,-0.009429577732999999,-0.009619956112479575,-0.009667432273463023,0.5858208759071323,0.6072227059439548,0.0011335900612083226,0.0013481690376700918,0.20260848416894697
2,-0.005,-0.005509748881,-0.003298064179,-0.00440390653,-0.004593715248356045,-0.004641049348443289,0.5858208759071323,0.6072227059439548,0.0011335900612083226,0.0013481690376700918,0.20260848416894697
2,-0.002,-0.002497026033,-0.0002718486279,-0.0013844373304500001,-0.0015754040044044417,-0.0016230268730301697,0.5858208759071323,0.6072227059439548,0.0011335900612083226,0.0013481690376700918,0.20260848416894697
2,-0.001,-0.001493274131,0.0007364412556,-0.0003784164377,-0.000569772565201622,-0.0006174925549361232,0.5858208759071323,0.6072227059439548,0.0011335900612083226,0.0013481690376700918,0.20260848416894697
2,-0.0005,-0.0009912448855,0.001240289377,0.00012452224574999995,-6.698997927452642e-05,-0.00011474889628189746,0.5858208759071323,0.6072227059439548,0.0011335900612083226,0.0013481690376700918,0.20260848416894697
2,-0.0002,-0.0006891437862,0.001545381323,0.0004281187684,0.00023634986629197577,0.00018852693969186501,0.5858208759071323,0.6072227059439548,0.0011335900612083226,0.0013481690376700918,0.20260848416894697
2,-0.0001,-0.0005882208839,0.00164716572,0.00052947241805,0.0003376295817122324,0.0002897882175489747,0.5858208759071323,0.6072227059439548,0.0011335900612083226,0.0013481690376700918,0.20260848416894697
2,0.0,-0.000489066678,0.001748496651,0.0006297149864999999,0.00043768534170754143,0.0003897973916436566,0.5858208759071323,0.6072227059439548,0.0011335900612083226,0.0013481690376700918,0.20260848416894697
2,0.0001,-0.0003912027735,0.001849433738,0.00072911548225,0.0005368220942435688,0.0004888683724501469,0.5858208759071323,0.6072227059439548,0.0011335900612083226,0.0013481690376700918,0.20260848416894697
2,0.0002,-0.0002920998206,0.00195097752,0.0008294388497000001,0.0006369359876022675,0.0005889300275992983,0.5858208759071323,0.6072227059439548,0.0011335900612083226,0.0013481690376700918,0.20260848416894697
2,0.0005,3.532611716e-06,0.002256141134,0.001129836872858,0.0009365160363997166,0.0008883060916662962,0.5858208759071323,0.6072227059439548,0.0011335900612083226,0.0013481690376700918,0.20260848416894697
2,0.001,0.0005036065006,0.002783266017,0.0016434362588,0.0014477938823325228,0.0013990049968207047,0.5858208759071323,0.6072227059439548,0.0011335900612083226,0.0013481690376700918,0.20260848416894697
2,0.002,0.001507983937,0.003848930162,0.0026784570495,0.002477554994019006,0.0024274544607862146,0.5858208759071323,0.6072227059439548,0.0011335900612083226,0.0013481690376700918,0.20260848416894697
2,0.005,0.004541581427,0.007003059821,0.005772320624,0.00556107439220044,0.00550839424997274,0.5858208759071323,0.6072227059439548,0.0011335900612083226,0.0013481690376700918,0.20260848416894697
2,0.01,0.009572506688,0.01212952411,0.010851015399,0.010631569924134165,0.010576845071867326,0.5858208759071323,0.6072227059439548,0.0011335900612083226,0.0013481690376700918,0.20260848416894697
3,-0.01,-0.01031704597,-0.009689694462,-0.010003370216,-0.01006252819059087,-0.010076039861803608,0.5942979714505935,0.6158356118968763,0.0011330885019025304,0.001371394384631532,0.18933038417288295
3,-0.005,-0.005452369516,-0.004600563305,-0.005026466410500001,-0.005106790008266316,-0.0051251359041687445,0.5942979714505935,0.6158356118968763,0.0011330885019025304,0.001371394384631532,0.18933038417288295
3,-0.002,-0.002516581402,-0.001641530265,-0.0020790558335,-0.0021615713806346355,-0.0021804179173954526,0.5942979714505935,0.6158356118968763,0.0011330885019025304,0.001371394384631532,0.18933038417288295
3,-0.001,-0.001522716638,-0.0006433368606,-0.0010830267493,-0.0011659504784434945,-0.001184890243904868,0.5942979714505935,0.6158356118968763,0.0011330885019025304,0.001371394384631532,0.18933038417288295
3,-0.0005,-0.001029129397,-0.0001478485775,-0.00058848898725,-0.0006715919808071666,-0.0006905726902297631,0.5942979714505935,0.6158356118968763,0.0011330885019025304,0.001371394384631532,0.18933038417288295
3,-0.0002,-0.0007342723628,0.0001517748963,-0.00029124873325,-0.0003748011923924884,-0.00039388455967739855,0.5942979714505935,0.6158356118968763,0.0011330885019025304,0.001371394384631532,0.18933038417288295
3,-0.0001,-0.0006353749126,0.0002521240412,-0.0001916254357,-0.00027531478670786403,-0.0002944294200712605,0.5942979714505935,0.6158356118968763,0.0011330885019025304,0.001371394384631532,0.18933038417288295
3,0.0,-0.0005370822312,0.0003526844447,-9.219889325000002e-05,-0.0001761020858517077,-0.00019526556059832616,0.5942979714505935,0.6158356118968763,0.0011330885019025304,0.001371394384631532,0.18933038417288295
3,0.0001,-0.0004385591975,0.0004527850368,7.112919649999988e-06,-7.69390335086725e-05,-9.61364851408932e-05,0.5942979714505935,0.6158356118968763,0.0011330885019025304,0.001371394384631532,0.18933038417288295
3,0.0002,-0.0003389330134,0.0005528894056,0.00010697819609999999,2.288115109413876e-05,3.6734004917825767e-06,0.5942979714505935,0.6158356118968763,0.0011330885019025304,0.001371394384631532,0.18933038417288295
3,0.0005,-4.120147871e-05,0.0008507104025,0.000404754461895,0.0003206489807842143,0.0003014393033769456,0.5942979714505935,0.6158356118968763,0.0011330885019025304,0.001371394384631532,0.18933038417288295
3,0.001,0.000454730441,0.00135979789,0.0009072641655,0.0008219181410333365,0.0008024251237371402,0.5942979714505935,0.6158356118968763,0.0011330885019025304,0.001371394384631532,0.18933038417288295
3,0.002,0.001446607316,0.00238830634,0.001917456828,0.0018286565203197963,0.0018083745453322689,0.5942979714505935,0.6158356118968763,0.0011330885019025304,0.001371394384631532,0.18933038417288295
3,0.005,0.004407611217,0.005493927042,0.0049507691295,0.004848331750847822,0.004824935071197865,0.5942979714505935,0.6158356118968763,0.0011330885019025304,0.001371394384631532,0.18933038417288295
3,0.01,0.009328044304,0.01051448662,0.009921265462,0.009809386358358055,0.009783833190345793,0.5942979714505935,0.6158356118968763,0.0011330885019025304,0.001371394384631532,0.18933038417288295
4,-0.01,-0.01006951514,-0.01186923379,-0.010969374465,-0.010815806944431301,-0.010781104994013021,0.5853286265432087,0.6046105017509148,0.0011358870151223154,0.0013495313867998512,0.1870648013507767
4,-0.005,-0.005109092652,-0.006715172444,-0.005912132548,-0.005775087965229838,-0.005744119735106875,0.5853286265432087,0.6046105017509148,0.0011358870151223154,0.0013495313867998512,0.1870648013507767
4,-0.002,-0.002109176221,-0.00365821127,-0.0028836937455,-0.002751516712301538,-0.002721648411794357,0.5853286265432087,0.6046105017509148,0.0011358870151223154,0.0013495313867998512,0.1870648013507767
4,-0.001,-0.001108949852,-0.002625859594,-0.0018674047230000002,-0.001737968898125127,-0.0017087200337785294,0.5853286265432087,0.6046105017509148,0.0011358870151223154,0.0013495313867998512,0.1870648013507767
4,-0.0005,-0.0006125693378,-0.002090031466,-0.0013513004019,-0.0012252305877310879,-0.0011967423473510236,0.5853286265432087,0.6046105017509148,0.0011358870151223154,0.0013495313867998512,0.1870648013507767
4,-0.0002,-0.000314148054,-0.001765984999,-0.0010400665265,-0.000916183274018462,-0.0008881891352230347,0.5853286265432087,0.6046105017509148,0.0011358870151223154,0.0013495313867998512,0.1870648013507767
4,-0.0001,-0.0002126649361,-0.001656163969,-0.00093441445255,-0.0008112426626561929,-0.0007834092944413707,0.5853286265432087,0.6046105017509148,0.0011358870151223154,0.0013495313867998512,0.1870648013507767
4,0.0,-0.0001102442532,-0.001547102391,-0.0008286733221,-0.0007060681906640935,-0.0006783628713598569,0.5853286265432087,0.6046105017509148,0.0011358870151223154,0.0013495313867998512,0.1870648013507767
4,0.0001,-8.452271732e-06,-0.001440250331,-0.000724351301366,-0.0006021779394814298,-0.0005745701879799885,0.5853286265432087,0.6046105017509148,0.0011358870151223154,0.0013495313867998512,0.1870648013507767
4,0.0002,9.256424591e-05,-0.001333614413,-0.0006205250835449999,-0.0004988312173749744,-0.0004713318184499781,0.5853286265432087,0.6046105017509148,0.0011358870151223154,0.0013495313867998512,0.1870648013507767
4,0.0005,0.0003973596653,-0.001013827589,-0.00030823396184999997,-0.00018781929164529918,-0.00016060895511318116,0.5853286265432087,0.6046105017509148,0.0011358870151223154,0.0013495313867998512,0.1870648013507767
4,0.001,0.0009018119313,-0.0004965021817,0.0002026548748,0.0003219710975382751,0.00034893321576631535,0.5853286265432087,0.6046105017509148,0.0011358870151223154,0.0013495313867998512,0.1870648013507767
4,0.002,0.001908054968,0.0005310097571,0.00121953236255,0.0013370337390840002,0.0013635857529959432,0.5853286265432087,0.6046105017509148,0.0011358870151223154,0.0013495313867998512,0.1870648013507767
4,0.005,0.004929811129,0.003653645729,0.004291728429,0.004400621869823965,0.004425228731811157,0.5853286265432087,0.6046105017509148,0.0011358870151223154,0.0013495313867998512,0.1870648013507767
4,0.01,0.009926498575,0.008834413579,0.009380456076999999,0.009473642189777125,0.009494699636386205,0.5853286265432087,0.6046105017509148,0.0011358870151223154,0.0013495313867998512,0.1870648013507767
5,-0.01,-0.008677209254,-0.009455215294,-0.009066212274,-0.008989277663223008,-0.008972748546239655,0.5988869068124343,0.6201323935227363,0.0011211993682655119,0.0013700039973747516,0.18041420567101835
5,-0.005,-0.003756614765,-0.004514514067,-0.004135564416,-0.004060618098349917,-0.00404451615880153,0.5988869068124343,0.6201323935227363,0.0011211993682655119,0.0013700039973747516,0.18041420567101835
5,-0.002,-0.0008105646666,-0.001467345877,-0.0011389552718000001,-0.0010740082094510173,-0.0010600545729738883,0.5988869068124343,0.6201323935227363,0.0011211993682655119,0.0013700039973747516,0.18041420567101835
5,-0.001,0.0001902019408,-0.0004470800166,-0.0001284390379,-6.542019636534047e-05,-5.1880831008683576e-05,0.5988869068124343,0.6201323935227363,0.0011211993682655119,0.0013700039973747516,0.18041420567101835
5,-0.0005,0.0006950328723,6.020435172e-05,0.00037761861201,0.00044039484076646994,0.00045388208166377304,0.5988869068124343,0.6201323935227363,0.0011211993682655119,0.0013700039973747516,0.18041420567101835
5,-0.0002,0.0009949938557,0.0003642270314,0.00067961044355,0.0007419850237249293,0.0007553859719078944,0.5988869068124343,0.6201323935227363,0.0011211993682655119,0.0013700039973747516,0.18041420567101835
5,-0.0001,0.001095402827,0.0004656604257,0.00078053162635,0.0008428049045031917,0.0008561840883209246,0.5988869068124343,0.6201323935227363,0.0011211993682655119,0.0013700039973747516,0.18041420567101835
5,0.0,0.001195808589,0.0005668332562,0.0008813209226,0.0009435183477219135,0.0009568812347960237,0.5988869068124343,0.6201323935227363,0.0011211993682655119,0.0013700039973747516,0.18041420567101835
5,0.0001,0.001296973086,0.0006679786101,0.00098247584805,0.001044675166173859,0.0010580384599524462,0.5988869068124343,0.6201323935227363,0.0011211993682655119,0.0013700039973747516,0.18041420567101835
5,0.0002,0.001399224961,0.000770016648,0.0010846208045,0.00114684126831324,0.0011602091051650932,0.5988869068124343,0.6201323935227363,0.0011211993682655119,0.0013700039973747516,0.18041420567101835
5,0.0005,0.001707733177,0.001077983791,0.001392858484,0.0014551324528485697,0.0014685117850596536,0.5988869068124343,0.6201323935227363,0.0011211993682655119,0.0013700039973747516,0.18041420567101835
5,0.001,0.002222036271,0.001605335191,0.001913685731,0.0019746693932290874,0.0019877715078284565,0.5988869068124343,0.6201323935227363,0.0011211993682655119,0.0013700039973747516,0.18041420567101835
5,0.002,0.00319851217,0.002694773201,0.0029466426855,0.0029964558739852946,0.0030071580535566455,0.5988869068124343,0.6201323935227363,0.0011211993682655119,0.0013700039973747516,0.18041420567101835
5,0.005,0.006204560701,0.00589649001,0.0060505253555,0.006080989513212559,0.006087534624984034,0.5988869068124343,0.6201323935227363,0.0011211993682655119,0.0013700039973747516,0.18041420567101835
5,0.01,0.01103886903,0.01105289315,0.011045881090000001,0.011044494288152434,0.01104419633889735,0.5988869068124343,0.6201323935227363,0.0011211993682655119,0.0013700039973747516,0.18041420567101835
6,-0.01,-0.01000180581,-0.01180278305,-0.01090229443,-0.010747315502368023,-0.010711697424140177,0.5860526852810066,0.6058297693200296,0.0011360014169344728,0.0013516824291957468,0.1897070841691131
6,-0.005,-0.005012906369,-0.00661775065,-0.0058153285095,-0.005677227349662083,-0.005645488209447202,0.5860526852810066,0.6058297693200296,0.0011360014169344728,0.0013516824291957468,0.1897070841691131
6,-0.002,-0.00199904712,-0.003549507425,-0.0027742772725,-0.002640855999833141,-0.0026101924160819873,0.5860526852810066,0.6058297693200296,0.0011360014169344728,0.0013516824291957468,0.1897070841691131
6,-0.001,-0.0009919643085,-0.00250647484,-0.00174921957425,-0.0016188918761280602,-0.0015889392740685998,0.5860526852810066,0.6058297693200296,0.0011360014169344728,0.0013516824291957468,0.1897070841691131
6,-0.0005,-0.000490427024,-0.001990223007,-0.0012403250155000002,-0.0011112635437891829,-0.0010816019525920033,0.5860526852810066,0.6058297693200296,0.0011360014169344728,0.0013516824291957468,0.1897070841691131
6,-0.0002,-0.0001894800181,-0.001677651963,-0.0009335659905499999,-0.0008055047985314965,-0.0007760730969126932,0.5860526852810066,0.6058297693200296,0.0011360014169344728,0.0013516824291957468,0.1897070841691131
6,-0.0001,-8.918956307e-05,-0.001572614394,-0.000830901978535,-0.0007032492884209501,-0.0006739114708740742,0.5860526852810066,0.6058297693200296,0.0011360014169344728,0.0013516824291957468,0.1897070841691131
6,0.0,1.088703638e-05,-0.00146817304,-0.00072864300181,-0.0006013659105455701,-0.0005721144151162394,0.5860526852810066,0.6058297693200296,0.0011360014169344728,0.0013516824291957468,0.1897070841691131
6,0.0001,0.0001109972402,-0.001364162365,-0.0006265825624,-0.0004996411171544703,-0.0004704667616714582,0.5860526852810066,0.6058297693200296,0.0011360014169344728,0.0013516824291957468,0.1897070841691131
6,0.0002,0.0002114228572,-0.00125937933,-0.0005239782364,-0.00039741175867426205,-0.0003683235802132291,0.5860526852810066,0.6058297693200296,0.0011360014169344728,0.0013516824291957468,0.1897070841691131
6,0.0005,0.0005140495543,-0.0009465972148,-0.00021627383025,-9.058125352191842e-05,-6.169391961810051e-05,0.5860526852810066,0.6058297693200296,0.0011360014169344728,0.0013516824291957468,0.1897070841691131
6,0.001,0.001021775457,-0.0004188232912,0.00030147608290000003,0.0004254434735950669,0.00045393431610472944,0.5860526852810066,0.6058297693200296,0.0011360014169344728,0.0013516824291957468,0.1897070841691131
6,0.002,0.002036375746,0.0006400995901,0.00133823766805,0.0014583909806590366,0.0014860052515359547,0.5860526852810066,0.6058297693200296,0.0011360014169344728,0.0013516824291957468,0.1897070841691131
6,0.005,0.005071177914,0.003812254165,0.0044417160395000006,0.004550049808665481,0.004574947649448178,0.5860526852810066,0.6058297693200296,0.0011360014169344728,0.0013516824291957468,0.1897070841691131
6,0.01,0.01005126372,0.009072873943,0.0095620688315,0.009646261899062335,0.009665611595904986,0.5860526852810066,0.6058297693200296,0.0011360014169344728,0.0013516824291957468,0.1897070841691131
7,-0.01,-0.01041066398,-0.01036550132,-0.01038808265,-0.010392293116679097,-0.010393236079776073,0.5932289346796162,0.6141081985887172,0.001135836891263856,0.00137167778957473,0.1862439395625827
7,-0.005,-0.00509379567,-0.005242283798,-0.005168039734,-0.005154196344013989,-0.005151096021202109,0.5932289346796162,0.6141081985887172,0.001135836891263856,0.00137167778957473,0.1862439395625827
7,-0.002,-0.00212510743,-0.002163180775,-0.0021441441025,-0.0021405945651059607,-0.002139799621687803,0.5932289346796162,0.6141081985887172,0.001135836891263856,0.00137167778957473,0.1862439395625827
7,-0.001,-0.001129090764,-0.001144467497,-0.0011367791305,-0.0011353455740635572,-0.0011350245191971901,0.5932289346796162,0.6141081985887172,0.001135836891263856,0.00137167778957473,0.1862439395625827
7,-0.0005,-0.0006287481624,-0.0006386219289,-0.00063368504565,-0.0006327645249179297,-0.0006325583679413992,0.5932289346796162,0.6141081985887172,0.001135836891263856,0.00137167778957473,0.1862439395625827
7,-0.0002,-0.0003296978836,-0.0003325805547,-0.00033113921915,-0.0003308704707943153,-0.0003308102827436552,0.5932289346796162,0.6141081985887172,0.001135836891263856,0.00137167778957473,0.1862439395625827
7,-0.0001,-0.000230219727,-0.0002309475129,-0.00023058361995,-0.00023051576924586816,-0.00023050057361199272,0.5932289346796162,0.6141081985887172,0.001135836891263856,0.00137167778957473,0.1862439395625827
7,0.0,-0.0001311541867,-0.0001299613558,-0.00013055777125,-0.00013066897760405992,-0.00013069388303521993,0.5932289346796162,0.6141081985887172,0.001135836891263856,0.00137167778957473,0.1862439395625827
7,0.0001,-3.141503111e-05,-2.780514361e-05,-2.961008736e-05,-2.9946633325938264e-05,-3.0022005119732927e-05,0.5932289346796162,0.6141081985887172,0.001135836891263856,0.00137167778957473,0.1862439395625827
7,0.0002,6.856029028e-05,7.533513717e-05,7.1947713725e-05,7.131610196682778e-05,7.117464815066772e-05,0.5932289346796162,0.6141081985887172,0.001135836891263856,0.00137167778957473,0.1862439395625827
7,0.0005,0.0003674170204,0.0003799296666,0.00037367334349999997,0.0003725068028247511,0.00037224554798254,0.5932289346796162,0.6141081985887172,0.001135836891263856,0.00137167778957473,0.1862439395625827
7,0.001,0.0008661559343,0.0008910351161,0.0008785955252,0.0008762760655850856,0.0008757566065824406,0.5932289346796162,0.6141081985887172,0.001135836891263856,0.00137167778957473,0.1862439395625827
7,0.002,0.00186362977,0.001910349591,0.0018869896805,0.0018826340413597479,0.0018816585658873025,0.5932289346796162,0.6141081985887172,0.001135836891263856,0.00137167778957473,0.1862439395625827
7,0.005,0.00489435049,0.005042532995,0.0049684417424999995,0.004954626845420694,0.004951532903792086,0.5932289346796162,0.6141081985887172,0.001135836891263856,0.00137167778957473,0.1862439395625827
7,0.01,0.009833163985,0.01030368415,0.010068424067500002,0.010024557973771775,0.010014733859072183,0.5932289346796162,0.6141081985887172,0.001135836891263856,0.00137167778957473,0.1862439395625827
8,-0.01,-0.008779307131,-0.01096857309,-0.0098739401105,-0.009666104977151035,-0.009611130529876673,0.5949337071151913,0.6200446110911859,0.0011214877331695648,0.0013591449088038877,0.21305530001296633
8,-0.005,-0.003769584713,-0.005930479876,-0.0048500322945,-0.004644890505989124,-0.00459062847504884,0.5949337071151913,0.6200446110911859,0.0011214877331695648,0.0013591449088038877,0.21305530001296633
8,-0.002,-0.0007881248067,-0.003109152041,-0.00194863842385,-0.0017282947041825814,-0.0016700116121764054,0.5949337071151913,0.6200446110911859,0.0011214877331695648,0.0013591449088038877,0.21305530001296633
8,-0.001,0.0001958675607,-0.002148272719,-0.0009762025791499999,-0.0007536646524000376,-0.0006948011709302294,0.5949337071151913,0.6200446110911859,0.0011214877331695648,0.0013591449088038877,0.21305530001296633
8,-0.0005,0.0006909089165,-0.001652435106,-0.00048076309475000005,-0.0002583007596478508,-0.00019945727291613213,0.5949337071151913,0.6200446110911859,0.0011214877331695648,0.0013591449088038877,0.21305530001296633
8,-0.0002,0.0009882774903,-0.00135283723,-0.00018227986985,3.9970829330023125e-05,9.875833626826411e-05,0.5949337071151913,0.6200446110911859,0.0011214877331695648,0.0013591449088038877,0.21305530001296633
8,-0.0001,0.001086439639,-0.001253208873,-8.338461699999996e-05,0.00013872688959070116,0.00019747757871311204,0.5949337071151913,0.6200446110911859,0.0011214877331695648,0.0013591449088038877,0.21305530001296633
8,0.0,0.001184146558,-0.001154511864,1.4817347e-05,0.0002368348606766235,0.0002955606877441167,0.5949337071151913,0.6200446110911859,0.0011214877331695648,0.0013591449088038877,0.21305530001296633
8,0.0001,0.001281840058,-0.001055940777,0.00011294964050000003,0.00033488384158939747,0.00039358763165400296,0.5949337071151913,0.6200446110911859,0.0011214877331695648,0.0013591449088038877,0.21305530001296633
8,0.0002,0.001380183487,-0.0009567397944,0.00021172184629999997,0.00043357463664709934,0.0004922568927656011,0.5949337071151913,0.6200446110911859,0.0011214877331695648,0.0013591449088038877,0.21305530001296633
8,0.0005,0.001675614617,-0.0006585004676,0.0005085570747000001,0.0007301432725145666,0.0007887550122728777,0.5949337071151913,0.6200446110911859,0.0011214877331695648,0.0013591449088038877,0.21305530001296633
8,0.001,0.002168847455,-0.0001584206711,0.00100521339195,0.0012261495826116975,0.0012845893890525877,0.5949337071151913,0.6200446110911859,0.0011214877331695648,0.0013591449088038877,0.21305530001296633
8,0.002,0.003155922551,0.0008599607818,0.0020079416664,0.002225905828544909,0.002283559504063845,0.5949337071151913,0.6200446110911859,0.0011214877331695648,0.0013591449088038877,0.21305530001296633
8,0.005,0.006117423577,0.003962618908,0.0050400212425,0.0052445848378372935,0.005298693930967576,0.5949337071151913,0.6200446110911859,0.0011214877331695648,0.0013591449088038877,0.21305530001296633
8,0.01,0.01107202661,0.009113607556,0.010092817083,0.010278737063881247,0.010327914736690997,0.5949337071151913,0.6200446110911859,0.0011214877331695648,0.0013591449088038877,0.21305530001296633
9,-0.01,-0.009568012184,-0.0115540271,-0.010561019642,-0.010384869788781378,-0.010342972681488167,0.5886951310382907,0.6097911998319713,0.0011348653993920339,0.0013577119851611481,0.1952436234100596
9,-0.005,-0.004700646725,-0.006369561978,-0.0055351043515,-0.0053870796944433625,-0.005351872143455252,0.5886951310382907,0.6097911998319713,0.0011348653993920339,0.0013577119851611481,0.1952436234100596
9,-0.002,-0.00166716362,-0.003251109691,-0.0024591366555,-0.0023186483511750695,-0.0022852333158957733,0.5886951310382907,0.6097911998319713,0.0011348653993920339,0.0013577119851611481,0.1952436234100596
9,-0.001,-0.0006615851343,-0.002235480756,-0.0014485329451500001,-0.0013089360667427265,-0.0012757330564332706,0.5886951310382907,0.6097911998319713,0.0011348653993920339,0.0013577119851611481,0.1952436234100596
9,-0.0005,-0.0001633189812,-0.001723012652,-0.0009431658166,-0.0008048285820888013,-0.0007719251771125365,0.5886951310382907,0.6097911998319713,0.0011348653993920339,0.0013577119851611481,0.1952436234100596
9,-0.0002,0.0001302618616,-0.00141965805,-0.0006446980942,-0.0005072277445417819,-0.0004745305274619732,0.5886951310382907,0.6097911998319713,0.0011348653993920339,0.0013577119851611481,0.1952436234100596
9,-0.0001,0.0002301016614,-0.001320316238,-0.0005451072882999999,-0.0004075927695486054,-0.00037488504688390945,0.5886951310382907,0.6097911998319713,0.0011348653993920339,0.0013577119851611481,0.1952436234100596
9,0.0,0.0003300388592,-0.001220779666,-0.0004453704034,-0.0003078203510907771,-0.00027510417679664376,0.5886951310382907,0.6097911998319713,0.0011348653993920339,0.0013577119851611481,0.1952436234100596
9,0.0001,0.0004290911812,-0.001121361755,-0.0003461352869,-0.00020861766055503832,-0.0001759091987515992,0.5886951310382907,0.6097911998319713,0.0011348653993920339,0.0013577119851611481,0.1952436234100596
9,0.0002,0.0005276682883,-0.001022116097,-0.00024722390435,-0.00010976557521471961,-7.707121720705893e-05,0.5886951310382907,0.6097911998319713,0.0011348653993920339,0.0013577119851611481,0.1952436234100596
9,0.0005,0.0008225866198,-0.0007244936611,4.904647934999998e-05,0.00018626496759118117,0.00021890227962639413,0.5886951310382907,0.6097911998319713,0.0011348653993920339,0.0013577119851611481,0.1952436234100596
9,0.001,0.001324414328,-0.0002173216448,0.0005535463416,0.0006902908157339427,0.0007228153838778235,0.5886951310382907,0.6097911998319713,0.0011348653993920339,0.0013577119851611481,0.1952436234100596
9,0.002,0.002320515601,0.0007759529263,0.0015482342636500002,0.0016852294524793694,0.001717813652920992,0.5886951310382907,0.6097911998319713,0.0011348653993920339,0.0013577119851611481,0.1952436234100596
9,0.005,0.00527606302,0.003797471112,0.004536767066,0.004667910969032216,0.004699103445641164,0.5886951310382907,0.6097911998319713,0.0011348653993920339,0.0013577119851611481,0.1952436234100596
9,0.01,0.01022491097,0.008854003217,0.0095394570935,0.009661049936293744,0.009689970700560824,0.5886951310382907,0.6097911998319713,0.0011348653993920339,0.0013577119851611481,0.1952436234100596
10,-0.01,-0.01110411752,-0.007993545152,-0.009548831336,-0.009810952086354815,-0.00988591748956915,0.5842676907476522,0.608367886578342,0.0011258333016112142,0.0013346676603662128,0.22561976773351705
10,-0.005,-0.006030636995,-0.002998041369,-0.004514339182,-0.00476988901237445,-0.004842975160836344,0.5842676907476522,0.608367886578342,0.0011258333016112142,0.0013346676603662128,0.22561976773351705
10,-0.002,-0.003000250695,9.756080979e-05,-0.0014513449426050002,-0.0017123903644851628,-0.0017870482283971656,0.5842676907476522,0.608367886578342,0.0011258333016112142,0.0013346676603662128,0.22561976773351705
10,-0.001,-0.001999563068,0.001126372448,-0.00043659530999999997,-0.0007000106773593905,-0.0007753463354490987,0.5842676907476522,0.608367886578342,0.0011258333016112142,0.0013346676603662128,0.22561976773351705
10,-0.0005,-0.001500912657,0.001642930489,7.100891599999993e-05,-0.00019391548598625397,-0.0002696827214658256,0.5842676907476522,0.608367886578342,0.0011258333016112142,0.0013346676603662128,0.22561976773351705
10,-0.0002,-0.001200059104,0.001953996238,0.0003769685669999999,0.00011118360683936353,3.5170255436330674e-05,0.5842676907476522,0.608367886578342,0.0011258333016112142,0.0013346676603662128,0.22561976773351705
10,-0.0001,-0.001099340689,0.002058956104,0.00047980770749999995,0.0002136653300581743,0.00013754975885543524,0.5842676907476522,0.608367886578342,0.0011258333016112142,0.0013346676603662128,0.22561976773351705
10,0.0,-0.0009985610769,0.002163329216,0.0005823840695499999,0.0003159388761698993,0.00023973670091585264,0.5842676907476522,0.608367886578342,0.0011258333016112142,0.0013346676603662128,0.22561976773351705
10,0.0001,-0.0008972557143,0.002267272548,0.0006850084168499999,0.0004183409278802982,0.0003420751770471164,0.5842676907476522,0.608367886578342,0.0011258333016112142,0.0013346676603662128,0.22561976773351705
10,0.0002,-0.0007952078227,0.002371930397,0.0007883612871500001,0.0005214738630972507,0.000445145211779619,0.5842676907476522,0.608367886578342,0.0011258333016112142,0.0013346676603662128,0.22561976773351705
10,0.0005,-0.0004926298409,0.002703364643,0.00110536740105,0.0008360483262495124,0.0007590242333137187,0.5842676907476522,0.608367886578342,0.0011258333016112142,0.0013346676603662128,0.22561976773351705
10,0.001,3.230999213e-06,0.003256764859,0.0016299979291065,0.001355830143972954,0.0012774193408103078,0.5842676907476522,0.608367886578342,0.0011258333016112142,0.0013346676603662128,0.22561976773351705
10,0.002,0.0009896957937,0.004305288202,0.0026474919978499998,0.002368094682142112,0.0022881882558073345,0.5842676907476522,0.608367886578342,0.0011258333016112142,0.0013346676603662128,0.22561976773351705
10,0.005,0.00394174443,0.007449658207,0.0056957013185,0.005400097525170336,0.0053155561161874615,0.5842676907476522,0.608367886578342,0.0011258333016112142,0.0013346676603662128,0.22561976773351705
10,0.01,0.008876372307,0.01271192523,0.0107941487685,0.010470935580938381,0.010378498004375111,0.5842676907476522,0.608367886578342,0.0011258333016112142,0.0013346676603662128,0.22561976773351705
11,-0.01,-0.01163061071,-0.01213880616,-0.011884708434999999,-0.011837693727563011,-0.011829677120485799,0.5925130428400865,0.6082876962282953,0.0011110202947579803,0.001339720162233166,0.14823300123200917
11,-0.005,-0.006592150364,-0.007002152619,-0.0067971514915,-0.006759220935318652,-0.006752753291857644,0.5925130428400865,0.6082876962282953,0.0011110202947579803,0.001339720162233166,0.14823300123200917
11,-0.002,-0.003565756683,-0.00391089407,-0.0037383253765000003,-0.003706395666630753,-0.0037009512439795168,0.5925130428400865,0.6082876962282953,0.0011110202947579803,0.001339720162233166,0.14823300123200917
11,-0.001,-0.002562459128,-0.002883191651,-0.0027228253895,-0.0026931534478594915,-0.002688094003478841,0.5925130428400865,0.6082876962282953,0.0011110202947579803,0.001339720162233166,0.14823300123200917
11,-0.0005,-0.002059297963,-0.002373484204,-0.0022163910835,-0.0021873247583266008,-0.0021823685792754823,0.5925130428400865,0.6082876962282953,0.0011110202947579803,0.001339720162233166,0.14823300123200917
11,-0.0002,-0.001757491258,-0.00206944525,-0.001913468254,-0.0018846084409739677,-0.0018796874748771,0.5925130428400865,0.6082876962282953,0.0011110202947579803,0.001339720162233166,0.14823300123200917
11,-0.0001,-0.001657308225,-0.001967411892,-0.0018123600585,-0.0017836714246699608,-0.0017787796468086235,0.5925130428400865,0.6082876962282953,0.0011110202947579803,0.001339720162233166,0.14823300123200917
11,0.0,-0.001557968352,-0.001865575026,-0.001711771689,-0.0016833140595903413,-0.0016784616709280917,0.5925130428400865,0.6082876962282953,0.0011110202947579803,0.001339720162233166,0.14823300123200917
11,0.0001,-0.001458622643,-0.00176282077,-0.0016107217064999999,-0.0015825794121449746,-0.0015777807921302075,0.5925130428400865,0.6082876962282953,0.0011110202947579803,0.001339720162233166,0.14823300123200917
11,0.0002,-0.00135817716,-0.001660209943,-0.0015091935515,-0.0014812515797072102,-0.0014764871172435095,0.5925130428400865,0.6082876962282953,0.0011110202947579803,0.001339720162233166,0.14823300123200917
11,0.0005,-0.001052699456,-0.00135003692,-0.001201368188,-0.0011738605944550053,-0.0011691701990210763,0.5925130428400865,0.6082876962282953,0.0011110202947579803,0.001339720162233166,0.14823300123200917
11,0.001,-0.0005446753713,-0.0008574303625,-0.0007010528669,-0.0006721189510006634,-0.0006671853494190512,0.5925130428400865,0.6082876962282953,0.0011110202947579803,0.001339720162233166,0.14823300123200917
11,0.002,0.0004777151689,0.0001490267297,0.0003133709493,0.00034377891695675075,0.00034896386315784206,0.5925130428400865,0.6082876962282953,0.0011110202947579803,0.001339720162233166,0.14823300123200917
11,0.005,0.003509228478,0.003232414907,0.0033708216925,0.00339643055825264,0.0034007971963883176,0.5925130428400865,0.6082876962282953,0.0011110202947579803,0.001339720162233166,0.14823300123200917
11,0.01,0.008600876731,0.008117812425,0.008359344578,0.008404034326835494,0.008411654498826861,0.5925130428400865,0.6082876962282953,0.0011110202947579803,0.001339720162233166,0.14823300123200917
12,-0.01,-0.01202920108,-0.01362720594,-0.01282820351,-0.012701194447167791,-0.012689748386134767,0.5794797725660279,0.5866424923546423,0.0010836081602697088,0.0012720317810737804,0.0837345023114762
12,-0.005,-0.007192583599,-0.008318029739,-0.0077553066689999995,-0.007665856465757485,-0.0076577952104194885,0.5794797725660279,0.5866424923546423,0.0010836081602697088,0.0012720317810737804,0.0837345023114762
12,-0.002,-0.004256503137,-0.005321129991,-0.004788816564,-0.0047042002637763935,-0.004696574639941758,0.5794797725660279,0.5866424923546423,0.0010836081602697088,0.0012720317810737804,0.0837345023114762
12,-0.001,-0.00325152018,-0.004311396838,-0.003781458509,-0.003697219753274118,-0.0036896281537623712,0.5794797725660279,0.5866424923546423,0.0010836081602697088,0.0012720317810737804,0.0837345023114762
12,-0.0005,-0.002738647881,-0.003804930969,-0.003271789425,-0.0031870414876747576,-0.0031794040007000757,0.5794797725660279,0.5866424923546423,0.0010836081602697088,0.0012720317810737804,0.0837345023114762
12,-0.0002,-0.002440980986,-0.003499705709,-0.0029703433475,-0.0028861961473059293,-0.002878612798781802,0.5794797725660279,0.5866424923546423,0.0010836081602697088,0.0012720317810737804,0.0837345023114762
12,-0.0001,-0.002340965822,-0.003397992418,-0.00286947912,-0.002785466886553677,-0.0027778957012374165,0.5794797725660279,0.5866424923546423,0.0010836081602697088,0.0012720317810737804,0.0837345023114762
12,0.0,-0.002240874318,-0.003297006453,-0.0027689403855,-0.0026849992436105263,-0.00267743446506777,0.5794797725660279,0.5866424923546423,0.0010836081602697088,0.0012720317810737804,0.0837345023114762
12,0.0001,-0.002140134162,-0.003196402992,-0.002668268577,-0.0025843165706230155,-0.002576750812972278,0.5794797725660279,0.5866424923546423,0.0010836081602697088,0.0012720317810737804,0.0837345023114762
12,0.0002,-0.002015902733,-0.003095463712,-0.0025556832224999998,-0.0024698799614179213,-0.002462147368630622,0.5794797725660279,0.5866424923546423,0.0010836081602697088,0.0012720317810737804,0.0837345023114762
12,0.0005,-0.001605548736,-0.002794428109,-0.0021999884224999998,-0.002105496560325518,-0.0020969809505142554,0.5794797725660279,0.5866424923546423,0.0010836081602697088,0.0012720317810737804,0.0837345023114762
12,0.001,-0.001101301914,-0.002284973259,-0.0016931375865,-0.0015990596572064756,-0.0015905813510404283,0.5794797725660279,0.5866424923546423,0.0010836081602697088,0.0012720317810737804,0.0837345023114762
12,0.002,-0.0001235044311,-0.001256542029,-0.00069002323005,-0.0005999696594601494,-0.0005918540286364269,0.5794797725660279,0.5866424923546423,0.0010836081602697088,0.0012720317810737804,0.0837345023114762
12,0.005,0.002743933181,0.001898694995,0.002321314088,0.002388493426787402,0.0023945476310683568,0.5794797725660279,0.5866424923546423,0.0010836081602697088,0.0012720317810737804,0.0837345023114762
12,0.01,0.007528848009,0.007360437926,0.0074446429675,0.007458028162594665,0.007459234436828772,0.5794797725660279,0.5866424923546423,0.0010836081602697088,0.0012720317810737804,0.0837345023114762
13,-0.01,-0.01063180041,-0.01027940028,-0.010455600345,-0.01048929485219284,-0.010496763042703269,0.595614343822294,0.6168067040817161,0.0011301178166728057,0.0013715398311644378,0.1848421951715516
13,-0.005,-0.005727468728,-0.005229077235,-0.0054782729815,-0.005525926357069808,-0.005536488449139697,0.595614343822294,0.6168067040817161,0.0011301178166728057,0.0013715398311644378,0.1848421951715516
13,-0.002,-0.002785116311,-0.002188809138,-0.0024869627245,-0.002543978243562922,-0.0025566153999984163,0.595614343822294,0.6168067040817161,0.0011301178166728057,0.0013715398311644378,0.1848421951715516
13,-0.001,-0.001780978733,-0.00117595974,-0.0014784692365,-0.0015363177305157201,-0.001549139510979169,0.595614343822294,0.6168067040817161,0.0011301178166728057,0.0013715398311644378,0.1848421951715516
13,-0.0005,-0.001278231987,-0.000673341497,-0.000975786742,-0.001033622949285696,-0.0010464420064672745,0.595614343822294,0.6168067040817161,0.0011301178166728057,0.0013715398311644378,0.1848421951715516
13,-0.0002,-0.0009672003996,-0.0003698354172,-0.0006685179084,-0.0007256345692145921,-0.0007382941431279763,0.595614343822294,0.6168067040817161,0.0011301178166728057,0.0013715398311644378,0.1848421951715516
13,-0.0001,-0.000863892804,-0.000267858899,-0.0005658758515,-0.0006228652422224146,-0.0006354966074640048,0.595614343822294,0.6168067040817161,0.0011301178166728057,0.0013715398311644378,0.1848421951715516
13,0.0,-0.0007611958979,-0.0001661970594,-0.00046369647865,-0.0005205869021682046,-0.0005331963319076343,0.595614343822294,0.6168067040817161,0.0011301178166728057,0.0013715398311644378,0.1848421951715516
13,0.0001,-0.0006588611078,-6.38656299e-05,-0.00036136336885,-0.00041825347104664065,-0.00043086282956702457,0.595614343822294,0.6168067040817161,0.0011301178166728057,0.0013715398311644378,0.1848421951715516
13,0.0002,-0.0005566806276,4.247472267e-05,-0.000257102952465,-0.0003143907981286827,-0.00032708831416296486,0.595614343822294,0.6168067040817161,0.0011301178166728057,0.0013715398311644378,0.1848421951715516
13,0.0005,-0.0002570554705,0.0003523141372,4.7629333350000016e-05,-1.0635141835484163e-05,-2.354912209300529e-05,0.595614343822294,0.6168067040817161,0.0011301178166728057,0.0013715398311644378,0.1848421951715516
13,0.001,0.0002353377427,0.000864778786,0.00055005826435,0.0004898746720200503,0.00047653533066837033,0.595614343822294,0.6168067040817161,0.0011301178166728057,0.0013715398311644378,0.1848421951715516
13,0.002,0.001225955588,0.001890474709,0.0015582151485,0.0014946775887882172,0.0014805948601767111,0.595614343822294,0.6168067040817161,0.0011301178166728057,0.0013715398311644378,0.1848421951715516
13,0.005,0.004193477019,0.004952329017,0.004572903018,0.004500345882152992,0.004484264017227795,0.595614343822294,0.6168067040817161,0.0011301178166728057,0.0013715398311644378,0.1848421951715516
13,0.01,0.009094946084,0.01009647115,0.009595708617,0.00949994845499283,0.009478723774985317,0.595614343822294,0.6168067040817161,0.0011301178166728057,0.0013715398311644378,0.1848421951715516
14,-0.01,-0.01054141376,-0.01016922942,-0.010355321590000001,-0.01039016889675455,-0.010398049886448248,0.5936291590198293,0.6148041221945214,0.0011349118610812963,0.0013716979155750798,0.18776571885992685
14,-0.005,-0.005369995517,-0.005066075113,-0.005218035314999999,-0.005246491126835487,-0.005252926630198225,0.5936291590198293,0.6148041221945214,0.0011349118610812963,0.0013716979155750798,0.18776571885992685
14,-0.002,-0.002356196164,-0.001830623419,-0.0020934097915,-0.002142618725618093,-0.00215374770913909,0.5936291590198293,0.6148041221945214,0.0011349118610812963,0.0013716979155750798,0.18776571885992685
14,-0.001,-0.001346038601,-0.000763498889,-0.0010547687449999998,-0.0011093114483302136,-0.0011216467052796095,0.5936291590198293,0.6148041221945214,0.0011349118610812963,0.0013716979155750798,0.18776571885992685
14,-0.0005,-0.0008381873242,-0.0002339912257,-0.00053608927495,-0.0005926596475356169,-0.0006054534776716472,0.5936291590198293,0.6148041221945214,0.0011349118610812963,0.0013716979155750798,0.18776571885992685
14,-0.0002,-0.0005345713002,7.399145518e-05,-0.00023028992251,-0.00028726914150701947,-0.0003001554354416802,0.5936291590198293,0.6148041221945214,0.0011349118610812963,0.0013716979155750798,0.18776571885992685
14,-0.0001,-0.0004322249374,0.0001759036827,-0.00012816062735,-0.00018509919862585224,-0.00019797629976194605,0.5936291590198293,0.6148041221945214,0.0011349118610812963,0.0013716979155750798,0.18776571885992685
14,0.0,-0.0003301632717,0.0002775217718,-2.632074995e-05,-8.321778952183335e-05,-9.608549793975703e-05,0.5936291590198293,0.6148041221945214,0.0011349118610812963,0.0013716979155750798,0.18776571885992685
14,0.0001,-0.0002297485325,0.0003789450177,7.459824259999999e-05,1.7606777393979817e-05,4.717713883822176e-06,0.5936291590198293,0.6148041221945214,0.0011349118610812963,0.0013716979155750798,0.18776571885992685
14,0.0002,-0.0001293087628,0.0004805376201,0.00017561442865,0.00011851502468778827,0.00010560154998766158,0.5936291590198293,0.6148041221945214,0.0011349118610812963,0.0013716979155750798,0.18776571885992685
14,0.0005,0.0001758687578,0.0007878266929,0.00048184772535,0.0004245506185310758,0.0004115924317908727,0.5936291590198293,0.6148041221945214,0.0011349118610812963,0.0013716979155750798,0.18776571885992685
14,0.001,0.0006789408282,0.001297352321,0.0009881465746,0.0009302452266009389,0.0009171503860140925,0.5936291590198293,0.6148041221945214,0.0011349118610812963,0.0013716979155750798,0.18776571885992685
14,0.002,0.001693555137,0.00233053039,0.0020120427635,0.0019524033062451674,0.0019389153787197021,0.5936291590198293,0.6148041221945214,0.0011349118610812963,0.0013716979155750798,0.18776571885992685
14,0.005,0.004751116252,0.005446047019,0.0050985816355,0.005033515852208787,0.0050188007188086,0.5936291590198293,0.6148041221945214,0.0011349118610812963,0.0013716979155750798,0.18776571885992685
14,0.01,0.00980875455,0.01055518198,0.010181968265,0.010112080892459768,0.010096275319116938,0.5936291590198293,0.6148041221945214,0.0011349118610812963,0.0013716979155750798,0.18776571885992685
15,-0.01,-0.01067283571,-0.01024148361,-0.01045715966,-0.010497099771747228,-0.01050632554019789,0.592592830189605,0.61398085276017,0.0011345928124975415,0.0013683710911102348,0.19094848017638957
15,-0.005,-0.005487310185,-0.004471356182,-0.004979333183500001,-0.005073403239980228,-0.005095132487127048,0.592592830189605,0.61398085276017,0.0011345928124975415,0.0013683710911102348,0.19094848017638957
15,-0.002,-0.002375574729,-0.001360059672,-0.0018678172005000002,-0.001961846613727788,-0.001983566472687653,0.592592830189605,0.61398085276017,0.0011345928124975415,0.0013683710911102348,0.19094848017638957
15,-0.001,-0.001360171157,-0.0003128263812,-0.0008364987691,-0.0009334753860756192,-0.0009558760197795931,0.592592830189605,0.61398085276017,0.0011345928124975415,0.0013683710911102348,0.19094848017638957
15,-0.0005,-0.0008661524856,0.0002088219654,-0.00032866526010000004,-0.00042820018689960685,-0.0004511917647203756,0.592592830189605,0.61398085276017,0.0011345928124975415,0.0013683710911102348,0.19094848017638957
15,-0.0002,-0.0005706526892,0.0005238006853,-2.3426001950000005e-05,-0.00012476453740551866,-0.0001481727308817557,0.592592830189605,0.61398085276017,0.0011345928124975415,0.0013683710911102348,0.19094848017638957
15,-0.0001,-0.0004722231044,0.0006297670933,7.877199445000002e-05,-2.326439679624533e-05,-4.683378801719428e-05,0.592592830189605,0.61398085276017,0.0011345928124975415,0.0013683710911102348,0.19094848017638957
15,0.0,-0.0003748164566,0.0007344983927,0.00017984096805,7.71263665819578e-05,5.340031554726656e-05,0.592592830189605,0.61398085276017,0.0011345928124975415,0.0013683710911102348,0.19094848017638957
15,0.0001,-0.0002780223469,0.0008393615995,0.0002806696263,0.0001772078842943941,0.00015330925122880395,0.592592830189605,0.61398085276017,0.0011345928124975415,0.0013683710911102348,0.19094848017638957
15,0.0002,-0.0001813667701,0.0009440473712,0.00038134030055,0.0002771350200716289,0.0002530646370162716,0.592592830189605,0.61398085276017,0.0011345928124975415,0.0013683710911102348,0.19094848017638957
15,0.0005,0.0001132595277,0.001261046939,0.0006871532333499999,0.0005808763484817326,0.000556327445422638,0.592592830189605,0.61398085276017,0.0011345928124975415,0.0013683710911102348,0.19094848017638957
15,0.001,0.0005964199824,0.001782721546,0.0011895707642,0.0010797277449679221,0.001054355100350149,0.592592830189605,0.61398085276017,0.0011345928124975415,0.0013683710911102348,0.19094848017638957
15,0.002,0.001564713322,0.002851106806,0.002207910064,0.0020887992505789735,0.002061285837708554,0.592592830189605,0.61398085276017,0.0011345928124975415,0.0013683710911102348,0.19094848017638957
15,0.005,0.004562678464,0.005935366392,0.005249022428,0.005121921367779374,0.005092562287392969,0.592592830189605,0.61398085276017,0.0011345928124975415,0.0013683710911102348,0.19094848017638957
15,0.01,0.009667872996,0.01117418114,0.010421027068,0.010281553733809387,0.010249336781227292,0.592592830189605,0.61398085276017,0.0011345928124975415,0.0013683710911102348,0.19094848017638957
16,-0.01,-0.0114719022,-0.01089810164,-0.01118500192,-0.011243554485743358,-0.011255954335939627,0.602043409897264,0.623653444917564,0.0011134899965197299,0.001369564129163723,0.17852025603405478
16,-0.005,-0.006448670967,-0.00567151087,-0.006060090918500001,-0.006139394984833968,-0.006156189441746519,0.602043409897264,0.623653444917564,0.0011134899965197299,0.001369564129163723,0.17852025603405478
16,-0.002,-0.003470100898,-0.002543388011,-0.0030067444545,-0.003101309397485218,-0.0031213356954270513,0.602043409897264,0.623653444917564,0.0011134899965197299,0.001369564129163723,0.17852025603405478
16,-0.001,-0.002474696471,-0.001503930554,-0.0019893135125000003,-0.002088373776882724,-0.002109352062345608,0.602043409897264,0.623653444917564,0.0011134899965197299,0.001369564129163723,0.17852025603405478
16,-0.0005,-0.00197788648,-0.0009844716334,-0.0014811790567000002,-0.0015825504950896312,-0.0016040182247143435,0.602043409897264,0.623653444917564,0.0011134899965197299,0.001369564129163723,0.17852025603405478
16,-0.0002,-0.001679176005,-0.0006721635688,-0.0011756697869,-0.0012784287696987991,-0.0013001903437109587,0.602043409897264,0.623653444917564,0.0011134899965197299,0.001369564129163723,0.17852025603405478
16,-0.0001,-0.001579502116,-0.0005680090329,-0.00107375557445,-0.0011769717777370206,-0.0011988301786856027,0.602043409897264,0.623653444917564,0.0011134899965197299,0.001369564129163723,0.17852025603405478
16,0.0,-0.001479947183,-0.0004637697997,-0.00097185849135,-0.0010755526966024112,-0.001097512325442361,0.602043409897264,0.623653444917564,0.0011134899965197299,0.001369564129163723,0.17852025603405478
16,0.0001,-0.001380892603,-0.0003593331343,-0.00087011286865,-0.0009743562802489854,-0.0009964322161429115,0.602043409897264,0.623653444917564,0.0011134899965197299,0.001369564129163723,0.17852025603405478
16,0.0002,-0.0012814881,-0.0002552931013,-0.00076839060065,-0.0008731070375368663,-0.0008952831473964301,0.602043409897264,0.623653444917564,0.0011134899965197299,0.001369564129163723,0.17852025603405478
16,0.0005,-0.0009805145517,5.796194464e-05,-0.00046127630352999996,-0.0005672459863146972,-0.000589687499768363,0.602043409897264,0.623653444917564,0.0011134899965197299,0.001369564129163723,0.17852025603405478
16,0.001,-0.0004831919526,0.0005899761527,5.3392100049999975e-05,-5.611763280779819e-05,-7.93088331460001e-05,0.602043409897264,0.623653444917564,0.0011134899965197299,0.001369564129163723,0.17852025603405478
16,0.002,0.0005111949625,0.001655097624,0.00108314629325,0.000966418565079984,0.0009416987885051549,0.602043409897264,0.623653444917564,0.0011134899965197299,0.001369564129163723,0.17852025603405478
16,0.005,0.00350617887,0.004784909356,0.004145544113,0.0040150580938689735,0.003987424683284989,0.602043409897264,0.623653444917564,0.0011134899965197299,0.001369564129163723,0.17852025603405478
16,0.01,0.008491344113,0.0100276842,0.0092595141565,0.00910274077526066,0.0090695404121775,0.602043409897264,0.623653444917564,0.0011134899965197299,0.001369564129163723,0.17852025603405478
17,-0.01,-0.01290363883,-0.01041131369,-0.01165747626,-0.011973228088862978,-0.012042643514844213,0.6266896617120261,0.6545413351823809,0.0010582597355368614,0.0013711454569396858,0.18630107692893913
17,-0.005,-0.007775256607,-0.005347686533,-0.00656147157,-0.0068690196014572985,-0.00693663149048475,0.6266896617120261,0.6545413351823809,0.0010582597355368614,0.0013711454569396858,0.18630107692893913
17,-0.002,-0.004727460541,-0.002292926042,-0.0035101932915000003,-0.0038186236436045674,-0.0038864295035230287,0.6266896617120261,0.6545413351823809,0.0010582597355368614,0.0013711454569396858,0.18630107692893913
17,-0.001,-0.003712266051,-0.001270815175,-0.002491540613,-0.0028008471985669697,-0.0028688456911592332,0.6266896617120261,0.6545413351823809,0.0010582597355368614,0.0013711454569396858,0.18630107692893913
17,-0.0005,-0.003212956338,-0.0007590883386,-0.0019860223383,-0.002296902045029952,-0.0023652463752885937,0.6266896617120261,0.6545413351823809,0.0010582597355368614,0.0013711454569396858,0.18630107692893913
17,-0.0002,-0.002913233075,-0.0004521884293,-0.00168271075215,-0.001994499665771926,-0.0020630438776399274,0.6266896617120261,0.6545413351823809,0.0010582597355368614,0.0013711454569396858,0.18630107692893913
17,-0.0001,-0.002812990561,-0.0003497535843,-0.0015813720726499999,-0.001893438731944677,-0.0019620440038998293,0.6266896617120261,0.6545413351823809,0.0010582597355368614,0.0013711454569396858,0.18630107692893913
17,0.0,-0.002713260582,-0.0002481958519,-0.00148072821695,-0.0017930264337046161,-0.0018616826116506495,0.6266896617120261,0.6545413351823809,0.0010582597355368614,0.0013711454569396858,0.18630107692893913
17,0.0001,-0.002613585858,-0.0001471636085,-0.00138037473325,-0.0016928449336781695,-0.0017615389208112612,0.6266896617120261,0.6545413351823809,0.0010582597355368614,0.0013711454569396858,0.18630107692893913
17,0.0002,-0.002513938377,-4.510555013e-05,-0.001279521963565,-0.0015922975592247055,-0.0016610586849715816,0.6266896617120261,0.6545413351823809,0.0010582597355368614,0.0013711454569396858,0.18630107692893913
17,0.0005,-0.002213772725,0.0002626480217,-0.0009755623516499999,-0.001289299258306066,-0.0013582717203183667,0.6266896617120261,0.6545413351823809,0.0010582597355368614,0.0013711454569396858,0.18630107692893913
17,0.001,-0.001700282406,0.0007760799923,-0.00046210120684999994,-0.0007758307213670086,-0.000844801558278725,0.6266896617120261,0.6545413351823809,0.0010582597355368614,0.0013711454569396858,0.18630107692893913
17,0.002,-0.0006772227901,0.001804603237,0.00056369022345,0.0002492685236485993,0.00018014551553158215,0.6266896617120261,0.6545413351823809,0.0010582597355368614,0.0013711454569396858,0.18630107692893913
17,0.005,0.002381301031,0.00490976644,0.0036455337355,0.0033252033081832303,0.003254781315230675,0.6266896617120261,0.6545413351823809,0.0010582597355368614,0.0013711454569396858,0.18630107692893913
17,0.01,0.007722423871,0.01003085137,0.0088766376205,0.008584183721564952,0.008519890152632815,0.6266896617120261,0.6545413351823809,0.0010582597355368614,0.0013711454569396858,0.18630107692893913
18,-0.01,-0.01078961338,-0.01124758285,-0.011018598115,-0.010975613792936253,-0.010966561755436005,0.5938584881296713,0.6136240797099363,0.0011287448439297738,0.001364892895068883,0.17710436621001951
18,-0.005,-0.005820390185,-0.005935914431,-0.005878152308,-0.00586730937692812,-0.005865025971864066,0.5938584881296713,0.6136240797099363,0.0011287448439297738,0.001364892895068883,0.17710436621001951
18,-0.002,-0.002853531959,-0.002868379137,-0.002860955548,-0.0028595620143199284,-0.0028592685510634604,0.5938584881296713,0.6136240797099363,0.0011287448439297738,0.001364892895068883,0.17710436621001951
18,-0.001,-0.001851218955,-0.001856414083,-0.001853816519,-0.00185332891214028,-0.001853226227362025,0.5938584881296713,0.6136240797099363,0.0011287448439297738,0.001364892895068883,0.17710436621001951
18,-0.0005,-0.001348304314,-0.001348385187,-0.0013483447505,-0.0013483371598824896,-0.0013483355613798018,0.5938584881296713,0.6136240797099363,0.0011287448439297738,0.001364892895068883,0.17710436621001951
18,-0.0002,-0.001045858345,-0.001041226159,-0.001043542252,-0.0010439770219746953,-0.0010440685798712953,0.5938584881296713,0.6136240797099363,0.0011287448439297738,0.001364892895068883,0.17710436621001951
18,-0.0001,-0.0009452201162,-0.0009405571724,-0.0009428886443000001,-0.0009433263011553016,-0.0009434184669980143,0.5938584881296713,0.6136240797099363,0.0011287448439297738,0.001364892895068883,0.17710436621001951
18,0.0,-0.0008446874101,-0.0008408604232,-0.00084277391665,-0.0008431331118545261,-0.0008432087545145745,0.5938584881296713,0.6136240797099363,0.0011287448439297738,0.001364892895068883,0.17710436621001951
18,0.0001,-0.0007439073744,-0.0007410437234,-0.0007424755488999999,-0.000742744326853391,-0.0007428009286094856,0.5938584881296713,0.6136240797099363,0.0011287448439297738,0.001364892895068883,0.17710436621001951
18,0.0002,-0.0006416187213,-0.0006417129885,-0.0006416658549,-0.0006416570071231278,-0.0006416551438761533,0.5938584881296713,0.6136240797099363,0.0011287448439297738,0.001364892895068883,0.17710436621001951
18,0.0005,-0.0003285471001,-0.0003426253911,-0.0003355862456,-0.0003342648784912905,-0.00033398661274123637,0.5938584881296713,0.6136240797099363,0.0011287448439297738,0.001364892895068883,0.17710436621001951
18,0.001,0.0001724748445,0.0001595604168,0.00016601763065000002,0.00016722975930898195,0.00016748502061239302,0.5938584881296713,0.6136240797099363,0.0011287448439297738,0.001364892895068883,0.17710436621001951
18,0.002,0.001178793762,0.001151474424,0.001165134093,0.0011676982447613835,0.0011682382276385348,0.5938584881296713,0.6136240797099363,0.0011287448439297738,0.001364892895068883,0.17710436621001951
18,0.005,0.004201399818,0.004135421716,0.004168410767,0.0041746033719033855,0.004175907468120759,0.5938584881296713,0.6136240797099363,0.0011287448439297738,0.001364892895068883,0.17710436621001951
18,0.01,0.009225136637,0.009092307271,0.009158721953999999,0.009171189117471983,0.009173814568470204,0.5938584881296713,0.6136240797099363,0.0011287448439297738,0.001364892895068883,0.17710436621001951
19,-0.01,-0.01113626512,-0.01151156475,-0.011323914935,-0.011289133327626134,-0.011282128346309048,0.5926769029158518,0.611341939481668,0.0011256965971918895,0.001357878262609646,0.17059313381415783
19,-0.005,-0.006086267064,-0.006269187814,-0.0061777274390000005,-0.006160774910410955,-0.006157360687923559,0.5926769029158518,0.611341939481668,0.0011256965971918895,0.001357878262609646,0.17059313381415783
19,-0.002,-0.003058767812,-0.003263668562,-0.003161218187,-0.0031422286200848645,-0.0031384041400937517,0.5926769029158518,0.611341939481668,0.0011256965971918895,0.001357878262609646,0.17059313381415783
19,-0.001,-0.002038505544,-0.00223816563,-0.0021383355869999997,-0.0021198317085936074,-0.002116105045787683,0.5926769029158518,0.611341939481668,0.0011256965971918895,0.001357878262609646,0.17059313381415783
19,-0.0005,-0.001527165239,-0.001723406044,-0.0016252856415,-0.0016070986514668862,-0.0016034358096658561,0.5926769029158518,0.611341939481668,0.0011256965971918895,0.001357878262609646,0.17059313381415783
19,-0.0002,-0.001213981924,-0.001415815242,-0.001314898583,-0.0012961932961825296,-0.0012924260699218597,0.5926769029158518,0.611341939481668,0.0011256965971918895,0.001357878262609646,0.17059313381415783
19,-0.0001,-0.001109632006,-0.001314246483,-0.0012119392445,-0.0011929762084798932,-0.0011891570717847929,0.5926769029158518,0.611341939481668,0.0011256965971918895,0.001357878262609646,0.17059313381415783
19,0.0,-0.001005196099,-0.001213268029,-0.001109232064,-0.001089948601943876,-0.0010860649317621061,0.5926769029158518,0.611341939481668,0.0011256965971918895,0.001357878262609646,0.17059313381415783
19,0.0001,-0.0009013758712,-0.001112003435,-0.0010066896531000001,-0.000987169342818305,-0.0009832379716382092,0.5926769029158518,0.611341939481668,0.0011256965971918895,0.001357878262609646,0.17059313381415783
19,0.0002,-0.000797793375,-0.001008754767,-0.000903274071,-0.0008837228225546229,-0.0008797852204589675,0.5926769029158518,0.611341939481668,0.0011256965971918895,0.001357878262609646,0.17059313381415783
19,0.0005,-0.0004847716823,-0.0006895030282,-0.00058713735525,-0.000568163488182194,-0.0005643421701248018,0.5926769029158518,0.611341939481668,0.0011256965971918895,0.001357878262609646,0.17059313381415783
19,0.001,3.324437732e-05,-0.0001369429291,-5.1849275890000005e-05,-3.6076843415403325e-05,-3.290029111803627e-05,0.5926769029158518,0.611341939481668,0.0011256965971918895,0.001357878262609646,0.17059313381415783
19,0.002,0.001054514747,0.0008959084643,0.0009752116056499999,0.000989910744713632,0.0009928711367797956,0.5926769029158518,0.611341939481668,0.0011256965971918895,0.001357878262609646,0.17059313381415783
19,0.005,0.004137563244,0.003984749607,0.0040611564255,0.004075318720100467,0.004078170992222827,0.5926769029158518,0.611341939481668,0.0011256965971918895,0.001357878262609646,0.17059313381415783
19,0.01,0.009223614807,0.009175775586,0.009199695196500001,0.009204128787340187,0.009205021708149432,0.5926769029158518,0.611341939481668,0.0011256965971918895,0.001357878262609646,0.17059313381415783
20,-0.01,-0.008239878355,-0.01029131114,-0.009265594747500001,-0.009045965125312506,-0.008991686960523059,0.6070615736442436,0.6335202347255757,0.0011028554735114568,0.0013707956697560364,0.20286735086506386
20,-0.005,-0.003242337873,-0.005166781698,-0.0042045597855,-0.003998525801205553,-0.0039476075942698145,0.6070615736442436,0.6335202347255757,0.0011028554735114568,0.0013707956697560364,0.20286735086506386
20,-0.002,-0.0002461376996,-0.002147148778,-0.0011966432388,-0.0009931180012313552,-0.0009428197933961121,0.6070615736442436,0.6335202347255757,0.0011028554735114568,0.0013707956697560364,0.20286735086506386
20,-0.001,0.0007628825392,-0.001138422005,-0.00018776973290000003,1.5786923579003424e-05,6.609289612638779e-05,0.6070615736442436,0.6335202347255757,0.0011028554735114568,0.0013707956697560364,0.20286735086506386
20,-0.0005,0.001270101164,-0.0006441973958,0.00031295188410000003,0.0005178997003370973,0.0005685494771393276,0.6070615736442436,0.6335202347255757,0.0011028554735114568,0.0013707956697560364,0.20286735086506386
20,-0.0002,0.001576495532,-0.0005132107921,0.00053164236995,0.0007553696174624739,0.000810660448851352,0.6070615736442436,0.6335202347255757,0.0011028554735114568,0.0013707956697560364,0.20286735086506386
20,-0.0001,0.001679927598,-0.0004104742378,0.0006347266800999999,0.0008585283901895638,0.0009138376238867905,0.6070615736442436,0.6335202347255757,0.0011028554735114568,0.0013707956697560364,0.20286735086506386
20,0.0,0.00178379447,-0.0003064978089,0.0007386483305500001,0.0009624383113054462,0.0010177446462737868,0.6070615736442436,0.6335202347255757,0.0011028554735114568,0.0013707956697560364,0.20286735086506386
20,0.0001,0.001888315083,-0.0002014002534,0.0008434574148,0.001067185627183494,0.0011224766970257636,0.6070615736442436,0.6335202347255757,0.0011028554735114568,0.0013707956697560364,0.20286735086506386
20,0.0002,0.001993462565,-9.462874164e-05,0.00094941691168,0.0011729712528817434,0.001228219353071007,0.6070615736442436,0.6335202347255757,0.0011028554735114568,0.0013707956697560364,0.20286735086506386
20,0.0005,0.002303166655,0.0002222488669,0.0012627077609500001,0.0014854940939682847,0.001540552392461738,0.6070615736442436,0.6335202347255757,0.0011028554735114568,0.0013707956697560364,0.20286735086506386
20,0.001,0.002813286961,0.0007443346356,0.0017788107983,0.002000316090052241,0.0020550577984234336,0.6070615736442436,0.6335202347255757,0.0011028554735114568,0.0013707956697560364,0.20286735086506386
20,0.002,0.003818223259,0.00178462841,0.0028014258345,0.0030191456991887676,0.003072951896075202,0.6070615736442436,0.6335202347255757,0.0011028554735114568,0.0013707956697560364,0.20286735086506386
20,0.005,0.006821513999,0.004881624482,0.0058515692405,0.006059256864885992,0.0061105837441515235,0.6070615736442436,0.6335202347255757,0.0011028554735114568,0.0013707956697560364,0.20286735086506386
20,0.01,0.01176916182,0.009973397038,0.010871279429,0.011063536832455832,0.011111050364204561,0.6070615736442436,0.6335202347255757,0.0011028554735114568,0.0013707956697560364,0.20286735086506386
21,-0.01,-0.01033649756,-0.007995555407,-0.0091660264835,-0.00935680775859725,-0.009405591121659238,0.5814976460878185,0.6023368466633096,0.0011337970713988816,0.0013364735215370108,0.20639353772712568
21,-0.005,-0.005387097501,-0.002805094471,-0.004096095986,-0.004306523155136615,-0.00436033003416531,0.5814976460878185,0.6023368466633096,0.0011337970713988816,0.0013364735215370108,0.20639353772712568
21,-0.002,-0.002447762788,0.0002563664826,-0.0010956981527,-0.0013160783229710694,-0.0013724302152231592,0.5814976460878185,0.6023368466633096,0.0011337970713988816,0.0013364735215370108,0.20639353772712568
21,-0.001,-0.001460794167,0.001169493614,-0.00014565027650000008,-0.0003600125391850517,-0.00041482563382457384,0.5814976460878185,0.6023368466633096,0.0011337970713988816,0.0013364735215370108,0.20639353772712568
21,-0.0005,-0.0009653462571,0.001650563372,0.00034260855745000006,0.0001294180802998916,7.490461485171835e-05,0.5814976460878185,0.6023368466633096,0.0011337970713988816,0.0013364735215370108,0.20639353772712568
21,-0.0002,-0.0006679721622,0.001931411535,0.0006317196864,0.0004198760337991491,0.0003657069555605368,0.5814976460878185,0.6023368466633096,0.0011337970713988816,0.0013364735215370108,0.20639353772712568
21,-0.0001,-0.0005682162046,0.002022958456,0.0007273711257,0.0005161964902586978,0.0004621984817803245,0.5814976460878185,0.6023368466633096,0.0011337970713988816,0.0013364735215370108,0.20639353772712568
21,0.0,-0.0004677968719,0.002112969282,0.0008225862050499999,0.0006122598384040371,0.0005584787348844765,0.5814976460878185,0.6023368466633096,0.0011337970713988816,0.0013364735215370108,0.20639353772712568
21,0.0001,-0.00036691826,0.002206112411,0.0009195970755000001,0.0007099011325017398,0.0006562812302618804,0.5814976460878185,0.6023368466633096,0.0011337970713988816,0.0013364735215370108,0.20639353772712568
21,0.0002,-0.0002660607749,0.002300502738,0.00101722098155,0.0008080520967137675,0.0007545669648787074,0.5814976460878185,0.6023368466633096,0.0011337970713988816,0.0013364735215370108,0.20639353772712568
21,0.0005,3.660541676e-05,0.002576870316,0.00130673786638,0.0010997122566524303,0.0010467751669022882,0.5814976460878185,0.6023368466633096,0.0011337970713988816,0.0013364735215370108,0.20639353772712568
21,0.001,0.0005399493459,0.003029713624,0.00178483148495,0.001581921556971313,0.0015300368597942946,0.5814976460878185,0.6023368466633096,0.0011337970713988816,0.0013364735215370108,0.20639353772712568
21,0.002,0.001544283857,0.003985136699,0.002764710278,0.002565786516930238,0.0025149210949805424,0.5814976460878185,0.6023368466633096,0.0011337970713988816,0.0013364735215370108,0.20639353772712568
21,0.005,0.004504106627,0.006945474345,0.005724790485999999,0.00552582476374821,0.00547494861219428,0.5814976460878185,0.6023368466633096,0.0011337970713988816,0.0013364735215370108,0.20639353772712568
21,0.01,0.009567944041,0.01198719579,0.0107775699155,0.010580406592662663,0.010529991320222643,0.5814976460878185,0.6023368466633096,0.0011337970713988816,0.0013364735215370108,0.20639353772712568
22,-0.01,-0.009233677198,-0.01011827097,-0.009675974084,-0.009591599213032162,-0.0095723823606723,0.5953826192751434,0.6171065483464635,0.0011309221475215721,0.0013718559720000247,0.1889760889414915
22,-0.005,-0.004245938255,-0.005124219859,-0.004685079057,-0.0046013062571493065,-0.0045822265298793635,0.5953826192751434,0.6171065483464635,0.0011309221475215721,0.0013718559720000247,0.1889760889414915
22,-0.002,-0.00129134997,-0.002112441375,-0.0017018956724999998,-0.0016235778236267926,-0.0016057404921835015,0.5953826192751434,0.6171065483464635,0.0011309221475215721,0.0013718559720000247,0.1889760889414915
22,-0.001,-0.0003049155763,-0.001098098272,-0.00070150692415,-0.0006258510810704151,-0.0006086200364484295,0.5953826192751434,0.6171065483464635,0.0011309221475215721,0.0013718559720000247,0.1889760889414915
22,-0.0005,0.0001951955454,-0.00058829098,-0.00019654771729999998,-0.00012181672034056694,-0.00010479631463444208,0.5953826192751434,0.6171065483464635,0.0011309221475215721,0.0013718559720000247,0.1889760889414915
22,-0.0002,0.0004985631526,-0.0002786781693,0.00010994249164999998,0.00018407780474169678,0.00020096254008995155,0.5953826192751434,0.6171065483464635,0.0011309221475215721,0.0013718559720000247,0.1889760889414915
22,-0.0001,0.0005999439576,-0.0001746357947,0.00021265408144999998,0.0002865355270618657,0.00030336244266091167,0.5953826192751434,0.6171065483464635,0.0011309221475215721,0.0013718559720000247,0.1889760889414915
22,0.0,0.000700647136,-7.04961295e-05,0.00031507550325,0.00038862916774977727,0.0004053814293533255,0.5953826192751434,0.6171065483464635,0.0011309221475215721,0.0013718559720000247,0.1889760889414915
22,0.0001,0.0008006613947,3.258641438e-05,0.00041662390454,0.0004898849079626258,0.000506570514356553,0.5953826192751434,0.6171065483464635,0.0011309221475215721,0.0013718559720000247,0.1889760889414915
22,0.0002,0.0009012588942,0.0001345834381,0.00051792116615,0.0005910486792867831,0.0006077038825158215,0.5953826192751434,0.6171065483464635,0.0011309221475215721,0.0013718559720000247,0.1889760889414915
22,0.0005,0.001204652451,0.000441186747,0.000822919599,0.0008957409575742613,0.0009123264323763427,0.5953826192751434,0.6171065483464635,0.0011309221475215721,0.0013718559720000247,0.1889760889414915
22,0.001,0.001709893491,0.0009605450645,0.00133521927775,0.0014066940934192775,0.0014229728854862687,0.5953826192751434,0.6171065483464635,0.0011309221475215721,0.0013718559720000247,0.1889760889414915
22,0.002,0.002717295595,0.002006454115,0.002361874855,0.0024296767772518197,0.0024451190471442914,0.5953826192751434,0.6171065483464635,0.0011309221475215721,0.0013718559720000247,0.1889760889414915
22,0.005,0.005766001672,0.005147913395,0.0054569575334999995,0.005515912412303521,0.005529339718192881,0.5953826192751434,0.6171065483464635,0.0011309221475215721,0.0013718559720000247,0.1889760889414915
22,0.01,0.0109375889,0.01024860671,0.010593097805,0.010658814730916125,0.010673782131143086,0.5953826192751434,0.6171065483464635,0.0011309221475215721,0.0013718559720000247,0.1889760889414915
23,-0.01,-0.0116092376,-0.009520832017,-0.0105650348085,-0.010781775469535465,-0.010841689691397316,0.6037828393104163,0.6324718173276958,0.0011040418446212812,0.001362885201738198,0.22138824849087238
23,-0.005,-0.006721443609,-0.0039551386,-0.0053382911045,-0.005625386092732647,-0.0057047485563249374,0.6037828393104163,0.6324718173276958,0.0011040418446212812,0.001362885201738198,0.22138824849087238
23,-0.002,-0.003756328033,-0.0009064565082,-0.0023313922706,-0.0026271600291136493,-0.0027089199306407075,0.6037828393104163,0.6324718173276958,0.0011040418446212812,0.001362885201738198,0.22138824849087238
23,-0.001,-0.002764721109,0.0001108906315,-0.00132691523875,-0.0016253543899334582,-0.0017078527519428933,0.6037828393104163,0.6324718173276958,0.0011040418446212812,0.001362885201738198,0.22138824849087238
23,-0.0005,-0.002264793239,0.0006148592689,-0.00082496698505,-0.0011238254985472232,-0.00120643978604377,0.6037828393104163,0.6324718173276958,0.0011040418446212812,0.001362885201738198,0.22138824849087238
23,-0.0002,-0.001960025564,0.0009155219976,-0.0005222517832000001,-0.0008206842737149924,-0.0009031807944973762,0.6037828393104163,0.6324718173276958,0.0011040418446212812,0.001362885201738198,0.22138824849087238
23,-0.0001,-0.001859159969,0.001014751944,-0.0004222040125,-0.0007204667507591702,-0.0008029163464548248,0.6037828393104163,0.6324718173276958,0.0011040418446212812,0.001362885201738198,0.22138824849087238
23,0.0,-0.00175898428,0.001114790706,-0.000322096787,-0.000620345314586332,-0.0007027909819862935,0.6037828393104163,0.6324718173276958,0.0011040418446212812,0.001362885201738198,0.22138824849087238
23,0.0001,-0.001658887583,0.001214421135,-0.00022223322400000004,-0.0005204333609694124,-0.0006028656516169716,0.6037828393104163,0.6324718173276958,0.0011040418446212812,0.001362885201738198,0.22138824849087238
23,0.0002,-0.001558572636,0.001315988474,-0.00012129208100000006,-0.0004196221947671021,-0.0005020904152612184,0.6037828393104163,0.6324718173276958,0.0011040418446212812,0.001362885201738198,0.22138824849087238
23,0.0005,-0.001258329035,0.0016194849,0.00018057793249999998,-0.00011808976868138193,-0.00020065130940041733,0.6037828393104163,0.6324718173276958,0.0011040418446212812,0.001362885201738198,0.22138824849087238
23,0.001,-0.0007575882813,0.002127476313,0.0006849440158500001,0.0003855238206595915,0.00030275426593528776,0.6037828393104163,0.6324718173276958,0.0011040418446212812,0.001362885201738198,0.22138824849087238
23,0.002,0.0002440243993,0.003123105473,0.00168356493615,0.001384765727716532,0.0013021678340831874,0.6037828393104163,0.6324718173276958,0.0011040418446212812,0.001362885201738198,0.22138824849087238
23,0.005,0.003280454086,0.006229600812,0.004755027449000001,0.004448956628232701,0.004364348622640756,0.6037828393104163,0.6324718173276958,0.0011040418446212812,0.001362885201738198,0.22138824849087238
23,0.01,0.008296903767,0.01140006281,0.0098484832885,0.009526428632185665,0.009437402170616917,0.6037828393104163,0.6324718173276958,0.0011040418446212812,0.001362885201738198,0.22138824849087238
24,-0.01,-0.009921908944,-0.01201340431,-0.010967656627,-0.010797222967407389,-0.010757910351750355,0.5814889013684816,0.6002853167448254,0.0011359873356294689,0.0013390312570361897,0.1899693263992496
24,-0.005,-0.004975962872,-0.006979208288,-0.00597758558,-0.005814343311878713,-0.005776689478938821,0.5814889013684816,0.6002853167448254,0.0011359873356294689,0.0013390312570361897,0.1899693263992496
24,-0.002,-0.001999817313,-0.003927207438,-0.0029635123755,-0.00280645147170529,-0.0027702234463235264,0.5814889013684816,0.6002853167448254,0.0011359873356294689,0.0013390312570361897,0.1899693263992496
24,-0.001,-0.00102390763,-0.002904200479,-0.0019640540545,-0.0018108310559839776,-0.0017754882905650048,0.5814889013684816,0.6002853167448254,0.0011359873356294689,0.0013390312570361897,0.1899693263992496
24,-0.0005,-0.0005360413056,-0.002393832054,-0.0014649366798,-0.0013135473527403547,-0.0012786275461510997,0.5814889013684816,0.6002853167448254,0.0011359873356294689,0.0013390312570361897,0.1899693263992496
24,-0.0002,-0.0002407106109,-0.002088210247,-0.00116446042895,-0.0010139097133255413,-0.0009791833427577616,0.5814889013684816,0.6002853167448254,0.0011359873356294689,0.0013390312570361897,0.1899693263992496
24,-0.0001,-0.0001418188699,-0.001987277284,-0.00106454807695,-0.0009141636982637707,-0.0008794756953525784,0.5814889013684816,0.6002853167448254,0.0011359873356294689,0.0013390312570361897,0.1899693263992496
24,0.0,-4.330021586e-05,-0.001885916903,-0.00096460855943,-0.0008144557499517301,-0.0007798211613208641,0.5814889013684816,0.6002853167448254,0.0011359873356294689,0.0013390312570361897,0.1899693263992496
24,0.0001,5.55136222e-05,-0.001785452809,-0.0008649695934,-0.0007149512614652575,-0.000680347691730517,0.5814889013684816,0.6002853167448254,0.0011359873356294689,0.0013390312570361897,0.1899693263992496
24,0.0002,0.0001549056404,-0.0016841235,-0.0007646089298,-0.0006147484655641808,-0.000580181309952022,0.5814889013684816,0.6002853167448254,0.0011359873356294689,0.0013390312570361897,0.1899693263992496
24,0.0005,0.0004628199241,-0.00138169899,-0.00045943953294999996,-0.0003091317130866062,-0.00027446136940766005,0.5814889013684816,0.6002853167448254,0.0011359873356294689,0.0013390312570361897,0.1899693263992496
24,0.001,0.0009780323744,-0.0008770494089,5.049148274999997e-05,0.0002016600592198007,0.00023652894697579607,0.5814889013684816,0.6002853167448254,0.0011359873356294689,0.0013390312570361897,0.1899693263992496
24,0.002,0.002008017645,0.0001215789683,0.00106479830665,0.0012185221219132953,0.0012539804068625487,0.5814889013684816,0.6002853167448254,0.0011359873356294689,0.0013390312570361897,0.1899693263992496
24,0.005,0.005018434388,0.003129979405,0.0040742068965,0.004228095018348504,0.004263591202628499,0.5814889013684816,0.6002853167448254,0.0011359873356294689,0.0013390312570361897,0.1899693263992496
24,0.01,0.01004113534,0.008179005042,0.009110070191,0.009261813143188984,0.009296814517755067,0.5814889013684816,0.6002853167448254,0.0011359873356294689,0.0013390312570361897,0.1899693263992496
25,-0.01,-0.01044652989,-0.008963747491,-0.0097051386905,-0.009839608885618358,-0.009871585000317058,0.5906877470416734,0.6122526878720091,0.0011340048806737313,0.0013622804746074905,0.19535079024504456
25,-0.005,-0.005412774903,-0.003935434576,-0.0046741047394999995,-0.004808081405369439,-0.004839940162107463,0.5906877470416734,0.6122526878720091,0.0011340048806737313,0.0013622804746074905,0.19535079024504456
25,-0.002,-0.002459389234,-0.0008984520513,-0.00167892064265,-0.00182047851902264,-0.0018541400370074364,0.5906877470416734,0.6122526878720091,0.0011340048806737313,0.0013622804746074905,0.19535079024504456
25,-0.001,-0.001453301084,0.0001237790874,-0.0006647609983,-0.0008077828459483621,-0.0008417924865292989,0.5906877470416734,0.6122526878720091,0.0011340048806737313,0.0013622804746074905,0.19535079024504456
25,-0.0005,-0.000949024976,0.0006323114177,-0.00015835677915,-0.0003017646140096576,-0.00033586603977265466,0.5906877470416734,0.6122526878720091,0.0011340048806737313,0.0013622804746074905,0.19535079024504456
25,-0.0002,-0.0006463577177,0.0009408842589,0.0001472632706,3.319871732173534e-06,-3.090890757663056e-05,0.5906877470416734,0.6122526878720091,0.0011340048806737313,0.0013622804746074905,0.19535079024504456
25,-0.0001,-0.0005460976187,0.001045135235,0.00024951880814999994,0.00010521348562925431,7.089864329192755e-05,0.5906877470416734,0.6122526878720091,0.0011340048806737313,0.0013622804746074905,0.19535079024504456
25,0.0,-0.0004454122918,0.001148412149,0.00035149992859999997,0.000206959580883893,0.00017258885112409812,0.5906877470416734,0.6122526878720091,0.0011340048806737313,0.0013622804746074905,0.19535079024504456
25,0.0001,-0.0003451670357,0.001252250962,0.00045354196315,0.000308675723854766,0.00027422749925305214,0.5906877470416734,0.6122526878720091,0.0011340048806737313,0.0013622804746074905,0.19535079024504456
25,0.0002,-0.0002456995447,0.001356106017,0.00055520323615,0.0004099390985606049,0.0003753962564008417,0.5906877470416734,0.6122526878720091,0.0011340048806737313,0.0013622804746074905,0.19535079024504456
25,0.0005,5.350791777e-05,0.001658392514,0.0008559502158849999,0.0007104068475910157,0.0006757976062337984,0.5906877470416734,0.6122526878720091,0.0011340048806737313,0.0013622804746074905,0.19535079024504456
25,0.001,0.0005520072162,0.002159237172,0.0013556221940999999,0.0012098661304306097,0.0011752063115330396,0.5906877470416734,0.6122526878720091,0.0011340048806737313,0.0013622804746074905,0.19535079024504456
25,0.002,0.001547825842,0.003174597187,0.0023612115145,0.0022136832862699974,0.002178602058470587,0.5906877470416734,0.6122526878720091,0.0011340048806737313,0.0013622804746074905,0.19535079024504456
25,0.005,0.004589090538,0.006301706017,0.0054453982775,0.005290085038160794,0.005253152586691042,0.5906877470416734,0.6122526878720091,0.0011340048806737313,0.0013622804746074905,0.19535079024504456
25,0.01,0.009660295381,0.01141470942,0.0105375024005,0.010378398543924808,0.010340564708981863,0.5906877470416734,0.6122526878720091,0.0011340048806737313,0.0013622804746074905,0.19535079024504456
26,-0.01,-0.01140792014,-0.009239239728,-0.010323579934,-0.010540855085183539,-0.010595563096006736,0.6001877224423142,0.6254141276426748,0.0011163553120118138,0.0013677853053001324,0.2053086717081911
26,-0.005,-0.006425452832,-0.004266587399,-0.0053460201155,-0.00556231192629171,-0.005616772340477621,0.6001877224423142,0.6254141276426748,0.0011163553120118138,0.0013677853053001324,0.2053086717081911
26,-0.002,-0.003408908151,-0.001240512186,-0.0023247101684999998,-0.002541956821586454,-0.002596657656834371,0.6001877224423142,0.6254141276426748,0.0011163553120118138,0.0013677853053001324,0.2053086717081911
26,-0.001,-0.002393977412,-0.0002341571506,-0.0013140672813,-0.0015304547541744296,-0.0015849392552484548,0.6001877224423142,0.6254141276426748,0.0011163553120118138,0.0013677853053001324,0.2053086717081911
26,-0.0005,-0.001888825045,0.0002704543518,-0.0008091853466,-0.001025518631482006,-0.001079989488486473,0.6001877224423142,0.6254141276426748,0.0011163553120118138,0.0013677853053001324,0.2053086717081911
26,-0.0002,-0.001585995354,0.0005849930612,-0.0005005011464,-0.0007180075311675373,-0.0007727737646146611,0.6001877224423142,0.6254141276426748,0.0011163553120118138,0.0013677853053001324,0.2053086717081911
26,-0.0001,-0.001484780311,0.0006847786875,-0.00040000081175000003,-0.0006173639865139433,-0.0006720941609161927,0.6001877224423142,0.6254141276426748,0.0011163553120118138,0.0013677853053001324,0.2053086717081911
26,0.0,-0.00138367479,0.0007849997342,-0.00029933752789999997,-0.0005166120891982675,-0.0005713199514934357,0.6001877224423142,0.6254141276426748,0.0011163553120118138,0.0013677853053001324,0.2053086717081911
26,0.0001,-0.001283122167,0.0008847370448,-0.0001991925611,-0.00041638543810583256,-0.0004710727330000336,0.6001877224423142,0.6254141276426748,0.0011163553120118138,0.0013677853053001324,0.2053086717081911
26,0.0002,-0.001181943905,0.0009839484886,-9.899770820000003e-05,-0.0003159935341699165,-0.00037063121331124883,0.6001877224423142,0.6254141276426748,0.0011163553120118138,0.0013677853053001324,0.2053086717081911
26,0.0005,-0.0008776416738,0.001278455978,0.00020040715209999996,-1.5607360997064003e-05,-6.999795401291665e-05,0.6001877224423142,0.6254141276426748,0.0011163553120118138,0.0013677853053001324,0.2053086717081911
26,0.001,-0.0003792033699,0.001757724139,0.00068926038455,0.00047516648440898077,0.0004212594851856724,0.6001877224423142,0.6254141276426748,0.0011163553120118138,0.0013677853053001324,0.2053086717081911
26,0.002,0.0006116089074,0.002716223716,0.0016639163117,0.0014530597474079988,0.001399967881455576,0.6001877224423142,0.6254141276426748,0.0011163553120118138,0.0013677853053001324,0.2053086717081911
26,0.005,0.00357212021,0.00562680272,0.0045994614649999994,0.004393607503981042,0.004341775250425688,0.6001877224423142,0.6254141276426748,0.0011163553120118138,0.0013677853053001324,0.2053086717081911
26,0.01,0.008496537997,0.01067944065,0.0095879893235,0.009369289278382644,0.009314222491545125,0.6001877224423142,0.6254141276426748,0.0011163553120118138,0.0013677853053001324,0.2053086717081911
27,-0.01,-0.01150405217,-0.009319792613,-0.0104119223915,-0.010637185841622623,-0.010695957319205326,0.6031303488638569,0.6300371683370074,0.0011087176409070086,0.0013667925537223177,0.21146345789538834
27,-0.005,-0.006609063442,-0.004177010931,-0.0053930371865,-0.005643855610414649,-0.005709294408277349,0.6031303488638569,0.6300371683370074,0.0011087176409070086,0.0013667925537223177,0.21146345789538834
27,-0.002,-0.00362611512,-0.001165211697,-0.0023956634085,-0.0026494572370342495,-0.002715672321177769,0.6031303488638569,0.6300371683370074,0.0011087176409070086,0.0013667925537223177,0.21146345789538834
27,-0.001,-0.002620870763,-0.0001580113319,-0.00138944104745,-0.0016434365997819828,-0.0017097043138823368,0.6031303488638569,0.6300371683370074,0.0011087176409070086,0.0013667925537223177,0.21146345789538834
27,-0.0005,-0.002127061374,0.0003464399579,-0.0008903107080500001,-0.0011454037633240616,-0.0012119578171280925,0.6031303488638569,0.6300371683370074,0.0011087176409070086,0.0013667925537223177,0.21146345789538834
27,-0.0002,-0.001828546788,0.0006542782104,-0.0005871342888,-0.0008431888970528968,-0.0009099938210682708,0.6031303488638569,0.6300371683370074,0.0011087176409070086,0.0013667925537223177,0.21146345789538834
27,-0.0001,-0.001727540755,0.0007590272551,-0.00048425674995,-0.0007406973763053194,-0.0008076030128607913,0.6031303488638569,0.6300371683370074,0.0011087176409070086,0.0013667925537223177,0.21146345789538834
27,0.0,-0.001627193159,0.000863173462,-0.0003820098485000001,-0.0006388422269226345,-0.0007058500720158415,0.6031303488638569,0.6300371683370074,0.0011087176409070086,0.0013667925537223177,0.21146345789538834
27,0.0001,-0.001527235253,0.0009677803135,-0.00027972746975,-0.0005370392955438984,-0.0006041722289744143,0.6031303488638569,0.6300371683370074,0.0011087176409070086,0.0013667925537223177,0.21146345789538834
27,0.0002,-0.001427374696,0.001072265063,-0.0001775548165,-0.00043534353687963714,-0.0005026008926229595,0.6031303488638569,0.6300371683370074,0.0011087176409070086,0.0013667925537223177,0.21146345789538834
27,0.0005,-0.001125518067,0.001379988775,0.00012723535399999995,-0.00013115844069624028,-0.00019857366098267773,0.6031303488638569,0.6300371683370074,0.0011087176409070086,0.0013667925537223177,0.21146345789538834
27,0.001,-0.0006227682719,0.001896983263,0.0006371074955499999,0.0003772446407055242,0.000309446141038776,0.6031303488638569,0.6300371683370074,0.0011087176409070086,0.0013667925537223177,0.21146345789538834
27,0.002,0.000377091267,0.002923475198,0.0016502832325,0.0013876737693546508,0.0013191586766139025,0.6031303488638569,0.6300371683370074,0.0011087176409070086,0.0013667925537223177,0.21146345789538834
27,0.005,0.003401981788,0.006070905796,0.004736443792,0.004461196727963837,0.004389384471493023,0.6031303488638569,0.6300371683370074,0.0011087176409070086,0.0013667925537223177,0.21146345789538834
27,0.01,0.008393178349,0.01116640445,0.0097797913995,0.009493787624225517,0.009419168930167681,0.6031303488638569,0.6300371683370074,0.0011087176409070086,0.0013667925537223177,0.21146345789538834
28,-0.01,-0.01080238812,-0.008178571388,-0.009490479754000001,-0.009707464968296657,-0.00976738241134988,0.5826983118334105,0.6055342981744042,0.0011291621013744624,0.0013342988213863919,0.21940635462887578
28,-0.005,-0.005789331827,-0.003052374434,-0.0044208531305,-0.004647194886461072,-0.004709696008103502,0.5826983118334105,0.6055342981744042,0.0011291621013744624,0.0013342988213863919,0.21940635462887578
28,-0.002,-0.002809791257,-2.509613708e-05,-0.0014174436970400002,-0.0016477332824281206,-0.0017113245421504456,0.5826983118334105,0.6055342981744042,0.0011291621013744624,0.0013342988213863919,0.21940635462887578
28,-0.001,-0.00182018844,0.001090684587,-0.00036475192649999995,-0.0006054762117943093,-0.0006719488684792485,0.5826983118334105,0.6055342981744042,0.0011291621013744624,0.0013342988213863919,0.21940635462887578
28,-0.0005,-0.001320431901,0.001645920731,0.000162744415,-8.256793996899367e-05,-0.0001503075281559166,0.5826983118334105,0.6055342981744042,0.0011291621013744624,0.0013342988213863919,0.21940635462887578
28,-0.0002,-0.001019029759,0.001964713,0.0004728416204999999,0.00022609113138553764,0.00015795442249597448,0.5826983118334105,0.6055342981744042,0.0011291621013744624,0.0013342988213863919,0.21940635462887578
28,-0.0001,-0.0009194236198,0.002069426066,0.0005750012231,0.00032782839976052086,0.0002595750691603084,0.5826983118334105,0.6055342981744042,0.0011291621013744624,0.0013342988213863919,0.21940635462887578
28,0.0,-0.0008202274775,0.002173458027,0.00067661527475,0.0004290425373676985,0.0003606787760777054,0.5826983118334105,0.6055342981744042,0.0011291621013744624,0.0013342988213863919,0.21940635462887578
28,0.0001,-0.0007202610007,0.002279454305,0.0007795966521499999,0.0005315252603877674,0.0004630238026399321,0.5826983118334105,0.6055342981744042,0.0011291621013744624,0.0013342988213863919,0.21940635462887578
28,0.0002,-0.0006202314622,0.002386310854,0.0008830396959,0.0006344037218945484,0.0005657463626281855,0.5826983118334105,0.6055342981744042,0.0011291621013744624,0.0013342988213863919,0.21940635462887578
28,0.0005,-0.0003194972921,0.002706971674,0.00119373719095,0.0009434533166373232,0.0008743409126660219,0.5826983118334105,0.6055342981744042,0.0011291621013744624,0.0013342988213863919,0.21940635462887578
28,0.001,0.0001827019854,0.003234757418,0.0017087297017,0.0014563298698019912,0.0013866331736311814,0.5826983118334105,0.6055342981744042,0.0011291621013744624,0.0013342988213863919,0.21940635462887578
28,0.002,0.001165276899,0.004273605443,0.002719441171,0.0024623876477875978,0.0023914058996134923,0.5826983118334105,0.6055342981744042,0.0011291621013744624,0.0013342988213863919,0.21940635462887578
28,0.005,0.004105814894,0.00736221051,0.005734012702,0.005464714281895083,0.005390351276087233,0.5826983118334105,0.6055342981744042,0.0011291621013744624,0.0013342988213863919,0.21940635462887578
28,0.01,0.008995506479,0.01235883857,0.010677172524500001,0.010399030638439166,0.010322225632748865,0.5826983118334105,0.6055342981744042,0.0011291621013744624,0.0013342988213863919,0.21940635462887578
29,-0.01,-0.009947963456,-0.01028687158,-0.010117417518,-0.010085840234252123,-0.010078759304543118,0.5931735816043074,0.6140669423931623,0.0011359675427963414,0.0013716782406551793,0.18643310554130754
29,-0.005,-0.004969300554,-0.005245474475,-0.0051073875145,-0.005081655401134724,-0.005075885199762799,0.5931735816043074,0.6140669423931623,0.0011359675427963414,0.0013716782406551793,0.18643310554130754
29,-0.002,-0.002024767106,-0.002183095711,-0.0021039314085,-0.002089179365301736,-0.002085871348634275,0.5931735816043074,0.6140669423931623,0.0011359675427963414,0.0013716782406551793,0.18643310554130754
29,-0.001,-0.001047146862,-0.001158975113,-0.0011030609875,-0.0010926415488297842,-0.001090305080835255,0.5931735816043074,0.6140669423931623,0.0011359675427963414,0.0013716782406551793,0.18643310554130754
29,-0.0005,-0.0005574354256,-0.0006454575723,-0.0006014464989500001,-0.0005932451602814612,-0.0005914060818130486,0.5931735816043074,0.6140669423931623,0.0011359675427963414,0.0013716782406551793,0.18643310554130754
29,-0.0002,-0.0002593459679,-0.0003369257892,-0.00029813587855000005,-0.00029090748873925683,-0.0002892865855429011,0.5931735816043074,0.6140669423931623,0.0011359675427963414,0.0013716782406551793,0.18643310554130754
29,-0.0001,-0.0001609613636,-0.000233640153,-0.00019730075830000002,-0.00019052901518493682,-0.00018901051101630542,0.5931735816043074,0.6140669423931623,0.0011359675427963414,0.0013716782406551793,0.18643310554130754
29,0.0,-6.282667361e-05,-0.0001298324426,-9.632955810499999e-05,-9.008639062005085e-05,-8.868641491360812e-05,0.5931735816043074,0.6140669423931623,0.0011359675427963414,0.0013716782406551793,0.18643310554130754
29,0.0001,3.619153073e-05,-2.640636711e-05,4.89258181e-06,1.072505215265334e-05,1.2032932616848338e-05,0.5931735816043074,0.6140669423931623,0.0011359675427963414,0.0013716782406551793,0.18643310554130754
29,0.0002,0.0001359708875,7.643343849e-05,0.000106202162995,0.00011174948035884552,0.0001129934177614595,0.5931735816043074,0.6140669423931623,0.0011359675427963414,0.0013716782406551793,0.18643310554130754
29,0.0005,0.0004335874999,0.0003859611969,0.0004097743484,0.00041421186162908193,0.0004152069351607003,0.5931735816043074,0.6140669423931623,0.0011359675427963414,0.0013716782406551793,0.18643310554130754
29,0.001,0.0009264692558,0.0009011885022,0.000913828879,0.000916184377358568,0.000916712577264547,0.5931735816043074,0.6140669423931623,0.0011359675427963414,0.0013716782406551793,0.18643310554130754
29,0.002,0.001902081603,0.001924420432,0.0019132510175,0.0019111696287932238,0.0019107028955793264,0.5931735816043074,0.6140669423931623,0.0011359675427963414,0.0013716782406551793,0.18643310554130754
29,0.005,0.004814278267,0.004945541465,0.004879909866,0.004867679603709504,0.004864937074355391,0.5931735816043074,0.6140669423931623,0.0011359675427963414,0.0013716782406551793,0.18643310554130754
29,0.01,0.009613256893,0.009980779042,0.009797017967499998,0.009762774612558756,0.009755095839701805,0.5931735816043074,0.6140669423931623,0.0011359675427963414,0.0013716782406551793,0.18643310554130754
30,-0.01,-0.009856176883,-0.010949352,-0.010402764441500002,-0.01030270892574743,-0.01028009081810866,0.5915274361779778,0.6122177238428146,0.0011359964623495094,0.0013670455317295544,0.18754530031157848
30,-0.005,-0.004887511298,-0.005824012326,-0.005355761812000001,-0.005270046273929119,-0.005250669798261384,0.5915274361779778,0.6122177238428146,0.0011359964623495094,0.0013670455317295544,0.18754530031157848
30,-0.002,-0.001939748209,-0.00277951149,-0.0023596298495,-0.0022827684693936634,-0.0022653935255394064,0.5915274361779778,0.6122177238428146,0.0011359964623495094,0.0013670455317295544,0.18754530031157848
30,-0.001,-0.0009527931217,-0.001741580478,-0.00134718679985,-0.0012749911154382558,-0.0012586708781300228,0.5915274361779778,0.6122177238428146,0.0011359964623495094,0.0013670455317295544,0.18754530031157848
30,-0.0005,-0.0004634859461,-0.001216497121,-0.00083999153355,-0.0007710703512980362,-0.0007554903334745184,0.5915274361779778,0.6122177238428146,0.0011359964623495094,0.0013670455317295544,0.18754530031157848
30,-0.0002,-0.000171019241,-0.0009001646306,-0.0005355919358,-0.0004688551276889193,-0.0004537688998286058,0.5915274361779778,0.6122177238428146,0.0011359964623495094,0.0013670455317295544,0.18754530031157848
30,-0.0001,-7.386301687e-05,-0.000795148233,-0.00043450562493500003,-0.00036848823834954256,-0.0003535646397394189,0.5915274361779778,0.6122177238428146,0.0011359964623495094,0.0013670455317295544,0.18754530031157848
30,0.0,2.279675147e-05,-0.0006906219026,-0.000333912575565,-0.0002686151952364293,-0.0002538543580582603,0.5915274361779778,0.6122177238428146,0.0011359964623495094,0.0013670455317295544,0.18754530031157848
30,0.0001,0.0001194535132,-0.0005861014736,-0.0002333239802,-0.00016874634117560909,-0.00015414820553535697,0.5915274361779778,0.6122177238428146,0.0011359964623495094,0.0013670455317295544,0.18754530031157848
30,0.0002,0.0002170483654,-0.0004806791788,-0.00013181540669999998,-6.795419342861734e-05,-5.3518009827439194e-05,0.5915274361779778,0.6122177238428146,0.0011359964623495094,0.0013670455317295544,0.18754530031157848
30,0.0005,0.0005073195725,-0.0001669727186,0.00017017342695,0.00023188967158895767,0.00024584097306199854,0.5915274361779778,0.6122177238428146,0.0011359964623495094,0.0013670455317295544,0.18754530031157848
30,0.001,0.0009882182273,0.0003418723057,0.0006650452665,0.0007242036515881402,0.0007375767346370383,0.5915274361779778,0.6122177238428146,0.0011359964623495094,0.0013670455317295544,0.18754530031157848
30,0.002,0.001952224761,0.001356184131,0.001654204446,0.0017087585167218067,0.0017210907688164374,0.5915274361779778,0.6122177238428146,0.0011359964623495094,0.0013670455317295544,0.18754530031157848
30,0.005,0.004886978797,0.004368050707,0.004627514752,0.004675010909638435,0.004685747681097899,0.5915274361779778,0.6122177238428146,0.0011359964623495094,0.0013670455317295544,0.18754530031157848
30,0.01,0.00981890788,0.009421738758,0.009620323319,0.009656675190465718,0.00966489273385149,0.5915274361779778,0.6122177238428146,0.0011359964623495094,0.0013670455317295544,0.18754530031157848
31,-0.01,-0.009544984205,-0.012013639,-0.010779311602500001,-0.010571269576219762,-0.010519816986627639,0.5842734377854711,0.6051157968290823,0.0011344497246454594,0.0013448982810178433,0.20115782543394115
31,-0.005,-0.004554362787,-0.006859783139,-0.005707072963,-0.005512787264396369,-0.005464736865673536,0.5842734377854711,0.6051157968290823,0.0011344497246454594,0.0013448982810178433,0.20115782543394115
31,-0.002,-0.001608585355,-0.00372640484,-0.0026674950975,-0.002489019168889994,-0.0024448788147940674,0.5842734377854711,0.6051157968290823,0.0011344497246454594,0.0013448982810178433,0.20115782543394115
31,-0.001,-0.0005933462558,-0.002718850841,-0.0016560985484,-0.0014769749699764141,-0.0014326744402628337,0.5842734377854711,0.6051157968290823,0.0011344497246454594,0.0013448982810178433,0.20115782543394115
31,-0.0005,-0.0001042741897,-0.002213060743,-0.00115866746635,-0.0009809527739476343,-0.000937000687457416,0.5842734377854711,0.6051157968290823,0.0011344497246454594,0.0013448982810178433,0.20115782543394115
31,-0.0002,0.0001897217078,-0.001908135546,-0.0008592069191,-0.0006824132763390864,-0.0006386889822331424,0.5842734377854711,0.6051157968290823,0.0011344497246454594,0.0013448982810178433,0.20115782543394115
31,-0.0001,0.000287836183,-0.001806721003,-0.00075944241,-0.0005829268752975175,-0.0005392713623895294,0.5842734377854711,0.6051157968290823,0.0011344497246454594,0.0013448982810178433,0.20115782543394115
31,0.0,0.0003861805808,-0.001704892534,-0.0006593559766,-0.00048313405655503087,-0.0004395511599099266,0.5842734377854711,0.6051157968290823,0.0011344497246454594,0.0013448982810178433,0.20115782543394115
31,0.0001,0.0004881648818,-0.001604193969,-0.0005580145436,-0.0003816842701622264,-0.00033807457574577484,0.5842734377854711,0.6051157968290823,0.0011344497246454594,0.0013448982810178433,0.20115782543394115
31,0.0002,0.0005915188178,-0.001504614097,-0.00045654763960000004,-0.00027989931281452397,-0.00023621095800113094,0.5842734377854711,0.6051157968290823,0.0011344497246454594,0.0013448982810178433,0.20115782543394115
31,0.0005,0.0009088839349,-0.001205182398,-0.00014814923155000007,3.001040603000716e-05,7.40725355823196e-05,0.5842734377854711,0.6051157968290823,0.0011344497246454594,0.0013448982810178433,0.20115782543394115
31,0.001,0.001387986759,-0.0007062890049,0.00034084887704999994,0.0005173406953446467,0.0005609903427521837,0.5842734377854711,0.6051157968290823,0.0011344497246454594,0.0013448982810178433,0.20115782543394115
31,0.002,0.002341433706,0.000310800401,0.0013261170535000001,0.0014972455029940233,0.001539568691422748,0.5842734377854711,0.6051157968290823,0.0011344497246454594,0.0013448982810178433,0.20115782543394115
31,0.005,0.005242271779,0.003390028438,0.0043161501085,0.004472245022461316,0.0045108501432105765,0.5842734377854711,0.6051157968290823,0.0011344497246454594,0.0013448982810178433,0.20115782543394115
31,0.01,0.01023913476,0.008619208128,0.009429171444,0.00956568823023888,0.009599451322727331,0.5842734377854711,0.6051157968290823,0.0011344497246454594,0.0013448982810178433,0.20115782543394115
32,-0.01,-0.008778681269,-0.01106743303,-0.0099230571495,-0.009701160015469633,-0.009643916076386382,0.5969511581865119,0.6219621445497667,0.001120418998471179,0.0013635498664488527,0.2090391030080498
32,-0.005,-0.003730504969,-0.005969709766,-0.0048501073675,-0.004633013869014057,-0.004577009148371754,0.5969511581865119,0.6219621445497667,0.001120418998471179,0.0013635498664488527,0.2090391030080498
32,-0.002,-0.0007478073645,-0.002928532996,-0.0018381701802500001,-0.0016267463045890628,-0.0015722042055576154,0.5969511581865119,0.6219621445497667,0.001120418998471179,0.0013635498664488527,0.2090391030080498
32,-0.001,0.0002319293107,-0.001923724706,-0.0008458976976499999,-0.0006369045440815287,-0.0005829895108659491,0.5969511581865119,0.6219621445497667,0.001120418998471179,0.0013635498664488527,0.2090391030080498
32,-0.0005,0.0007272368927,-0.001424047402,-0.00034840525465,-0.00013983575069038176,-8.603000853215552e-05,0.5969511581865119,0.6219621445497667,0.001120418998471179,0.0013635498664488527,0.2090391030080498
32,-0.0002,0.001027153892,-0.00112561828,-4.923219400000006e-05,0.00015948156138709257,0.00021332451682417935,0.5969511581865119,0.6219621445497667,0.001120418998471179,0.0013635498664488527,0.2090391030080498
32,-0.0001,0.001126816964,-0.001024131169,5.13428975e-05,0.00025987981019346535,0.0003136771446159969,0.5969511581865119,0.6219621445497667,0.001120418998471179,0.0013635498664488527,0.2090391030080498
32,0.0,0.001226799424,-0.0009231226084,0.0001518384078,0.00036027583885187947,0.0004140475094862972,0.5969511581865119,0.6219621445497667,0.001120418998471179,0.0013635498664488527,0.2090391030080498
32,0.0001,0.001327746937,-0.0008274430193,0.00025015195885,0.0004591001212252229,0.0005130035478324662,0.5969511581865119,0.6219621445497667,0.001120418998471179,0.0013635498664488527,0.2090391030080498
32,0.0002,0.00142880346,-0.0007278746638,0.00035046439810000005,0.0005595568400379235,0.0006134974871822155,0.5969511581865119,0.6219621445497667,0.001120418998471179,0.0013635498664488527,0.2090391030080498
32,0.0005,0.001730703408,-0.0004290371012,0.0006508331534,0.0008602224971492669,0.0009142397375730372,0.5969511581865119,0.6219621445497667,0.001120418998471179,0.0013635498664488527,0.2090391030080498
32,0.001,0.002232992522,6.351340673e-05,0.001148252964365,0.0013585864772518758,0.0014128472898192598,0.5969511581865119,0.6219621445497667,0.001120418998471179,0.0013635498664488527,0.2090391030080498
32,0.002,0.003308449541,0.001050684166,0.0021795668535000002,0.0023984598215196547,0.0024549287605252082,0.5969511581865119,0.6219621445497667,0.001120418998471179,0.0013635498664488527,0.2090391030080498
32,0.005,0.006392895866,0.00403546147,0.005214178668,0.00544273466304092,0.005501696422571543,0.5969511581865119,0.6219621445497667,0.001120418998471179,0.0013635498664488527,0.2090391030080498
32,0.01,0.01163909673,0.009104347918,0.010371722324,0.010617469157035285,0.010680865725006492,0.5969511581865119,0.6219621445497667,0.001120418998471179,0.0013635498664488527,0.2090391030080498
33,-0.01,-0.009065347447,-0.01032944827,-0.0096973978585,-0.009574941602157962,-0.00954673014012972,0.5968722226217843,0.6191896371151072,0.0011272930558395562,0.0013716905723287571,0.19085930596210318
33,-0.005,-0.004119192684,-0.005248992865,-0.0046840927745,-0.004574646519848036,-0.004549432300914027,0.5968722226217843,0.6191896371151072,0.0011272930558395562,0.0013716905723287571,0.19085930596210318
33,-0.002,-0.001082491271,-0.002195393084,-0.0016389421775,-0.0015311329053148766,-0.0015062958142637848,0.5968722226217843,0.6191896371151072,0.0011272930558395562,0.0013716905723287571,0.19085930596210318
33,-0.001,-7.702894595e-05,-0.001159335151,-0.000618182048475,-0.000513336640834458,-0.0004891823646476616,0.5968722226217843,0.6191896371151072,0.0011272930558395562,0.0013716905723287571,0.19085930596210318
33,-0.0005,0.0004196737744,-0.0006433096364,-0.000111817931,-8.844365385718791e-06,1.4878675992631028e-05,0.5968722226217843,0.6191896371151072,0.0011272930558395562,0.0013716905723287571,0.19085930596210318
33,-0.0002,0.0007183199749,-0.0003330089388,0.00019265551804999997,0.000294500086626665,0.0003179630297625229,0.5968722226217843,0.6191896371151072,0.0011272930558395562,0.0013716905723287571,0.19085930596210318
33,-0.0001,0.0008181894427,-0.0002298374115,0.0002941760156,0.0003957007063336707,0.00041908995603898543,0.5968722226217843,0.6191896371151072,0.0011272930558395562,0.0013716905723287571,0.19085930596210318
33,0.0,0.0009176819145,-0.0001262764739,0.0003957027203,0.000496833289708964,0.0005201317417766681,0.5968722226217843,0.6191896371151072,0.0011272930558395562,0.0013716905723287571,0.19085930596210318
33,0.0001,0.001016620232,-2.323454968e-05,0.0004966928411599999,0.0005974258850652318,0.0006206327552408482,0.5968722226217843,0.6191896371151072,0.0011272930558395562,0.0013716905723287571,0.19085930596210318
33,0.0002,0.001115815086,8.011706371e-05,0.0005979660748549999,0.0006982964442392185,0.0007214105462925792,0.5968722226217843,0.6191896371151072,0.0011272930558395562,0.0013716905723287571,0.19085930596210318
33,0.0005,0.001413867164,0.0003882383884,0.0009010527762000001,0.0010004077152772314,0.0010232970977785759,0.5968722226217843,0.6191896371151072,0.0011272930558395562,0.0013716905723287571,0.19085930596210318
33,0.001,0.001909043288,0.0009011428464,0.0014050930672,0.00150273062315927,0.0015252243550824601,0.5968722226217843,0.6191896371151072,0.0011272930558395562,0.0013716905723287571,0.19085930596210318
33,0.002,0.002892087248,0.001921152128,0.002406619688,0.0025006763310959487,0.002522345092615113,0.5968722226217843,0.6191896371151072,0.0011272930558395562,0.0013716905723287571,0.19085930596210318
33,0.005,0.005808334192,0.004961776476,0.005385055334,0.005467063261526541,0.005485956240967033,0.5968722226217843,0.6191896371151072,0.0011272930558395562,0.0013716905723287571,0.19085930596210318
33,0.01,0.01077501686,0.01009360641,0.010434311635,0.01050032137980921,0.010515528699261941,0.5968722226217843,0.6191896371151072,0.0011272930558395562,0.0013716905723287571,0.19085930596210318
34,-0.01,-0.008786382733,-0.009795817939,-0.009291100335999999,-0.009191968290957146,-0.009170183318302185,0.5982054563320377,0.6197868045210766,0.001123828164334557,0.001371270330152191,0.1837436731362185
34,-0.005,-0.003826324179,-0.004765716119,-0.004296020149,-0.004203766734857662,-0.004183493390314545,0.5982054563320377,0.6197868045210766,0.001123828164334557,0.001371270330152191,0.1837436731362185
34,-0.002,-0.0008720029806,-0.001664908094,-0.0012684555373,-0.0011905879288105468,-0.0011734759674773922,0.5982054563320377,0.6197868045210766,0.001123828164334557,0.001371270330152191,0.1837436731362185
34,-0.001,0.0001063987434,-0.000638879753,-0.0002662405048,-0.00019305008996658307,-0.00017696597523797134,0.5982054563320377,0.6197868045210766,0.001123828164334557,0.001371270330152191,0.1837436731362185
34,-0.0005,0.0005947236853,-0.0001311527696,0.00023178545785000002,0.0003030704863441363,0.0003187358788595584,0.5982054563320377,0.6197868045210766,0.001123828164334557,0.001371270330152191,0.1837436731362185
34,-0.0002,0.0008880274497,0.0001743597173,0.0005311935835,0.0006012796488297925,0.0006166815606539988,0.5982054563320377,0.6197868045210766,0.001123828164334557,0.001371270330152191,0.1837436731362185
34,-0.0001,0.0009864854023,0.0002760413259,0.0006312633641,0.0007010328488212551,0.0007163651898028836,0.5982054563320377,0.6197868045210766,0.001123828164334557,0.001371270330152191,0.1837436731362185
34,0.0,0.001084760333,0.0003780508511,0.0007314055920499999,0.0008008083192141673,0.0008160600626115466,0.5982054563320377,0.6197868045210766,0.001123828164334557,0.001371270330152191,0.1837436731362185
34,0.0001,0.001182591157,0.0004794518364,0.0008310214967,0.000900073614544522,0.0009152483090477948,0.5982054563320377,0.6197868045210766,0.001123828164334557,0.001371270330152191,0.1837436731362185
34,0.0002,0.001280397509,0.0005811268065,0.00093076215775,0.0009994343561886372,0.0010145255606976837,0.5982054563320377,0.6197868045210766,0.001123828164334557,0.001371270330152191,0.1837436731362185
34,0.0005,0.001573814042,0.0008843612724,0.0012290876572,0.0012967956810579551,0.00131167500133859,0.5982054563320377,0.6197868045210766,0.001123828164334557,0.001371270330152191,0.1837436731362185
34,0.001,0.002063094223,0.00138993528,0.0017265147515,0.0017926226326813073,0.001807150310216756,0.5982054563320377,0.6197868045210766,0.001123828164334557,0.001371270330152191,0.1837436731362185
34,0.002,0.003039750763,0.002397626778,0.0027186887705,0.0027817488494686713,0.00279560675076949,0.5982054563320377,0.6197868045210766,0.001123828164334557,0.001371270330152191,0.1837436731362185
34,0.005,0.005954519326,0.005423937143,0.0056892282345,0.005741334299903164,0.005752784978737387,0.5982054563320377,0.6197868045210766,0.001123828164334557,0.001371270330152191,0.1837436731362185
34,0.01,0.01087881483,0.01056371074,0.010721262785,0.01075220772595054,0.010759008097032622,0.5982054563320377,0.6197868045210766,0.001123828164334557,0.001371270330152191,0.1837436731362185
35,-0.01,-0.007979507775,-0.00757420094,-0.0077768543575,-0.00781567474310999,-0.007821175967289061,0.5957802392106002,0.6093532256594208,0.00109327522551379,0.0013272837692340366,0.12646257018126328
35,-0.005,-0.002973859506,-0.002596160159,-0.0027850098325,-0.002821185966305347,-0.0028263124744239065,0.5957802392106002,0.6093532256594208,0.00109327522551379,0.0013272837692340366,0.12646257018126328
35,-0.002,9.704466788e-05,0.0004249942377,0.00026101945279,0.00022960836454362694,0.00022515710947656356,0.5957802392106002,0.6093532256594208,0.00109327522551379,0.0013272837692340366,0.12646257018126328
35,-0.001,0.001071244527,0.001403454819,0.001237349673,0.0012055304917640165,0.0012010214059725419,0.5957802392106002,0.6093532256594208,0.00109327522551379,0.0013272837692340366,0.12646257018126328
35,-0.0005,0.00154512047,0.001880770341,0.0017129454055,0.0016807967805646128,0.0016762410094139815,0.5957802392106002,0.6093532256594208,0.00109327522551379,0.0013272837692340366,0.12646257018126328
35,-0.0002,0.001830957907,0.002166999371,0.001998978639,0.0019667925071933995,0.001962231420956286,0.5957802392106002,0.6093532256594208,0.00109327522551379,0.0013272837692340366,0.12646257018126328
35,-0.0001,0.001926195297,0.002261975291,0.002094085294,0.0020619242058525456,0.002057366668544199,0.5957802392106002,0.6093532256594208,0.00109327522551379,0.0013272837692340366,0.12646257018126328
35,0.0,0.002021354016,0.002357064823,0.0021892094195,0.002157054958099956,0.0021524983598658226,0.5957802392106002,0.6093532256594208,0.00109327522551379,0.0013272837692340366,0.12646257018126328
35,0.0001,0.002116816854,0.002452707932,0.002284762393,0.0022525906652004534,0.0022480316201504797,0.5957802392106002,0.6093532256594208,0.00109327522551379,0.0013272837692340366,0.12646257018126328
35,0.0002,0.002212577739,0.002548518993,0.002380548366,0.0023483718323311707,0.002343812106243029,0.5957802392106002,0.6093532256594208,0.00109327522551379,0.0013272837692340366,0.12646257018126328
35,0.0005,0.002498450885,0.002834466542,0.0026664587135,0.0026342750534940327,0.0026297143175349805,0.5957802392106002,0.6093532256594208,0.00109327522551379,0.0013272837692340366,0.12646257018126328
35,0.001,0.002992930131,0.003310121653,0.003151525892,0.0031211452121472655,0.0031168399759174785,0.5957802392106002,0.6093532256594208,0.00109327522551379,0.0013272837692340366,0.12646257018126328
35,0.002,0.003966357796,0.004265252909,0.0041158053525,0.004087177107077979,0.0040831202077596124,0.5957802392106002,0.6093532256594208,0.00109327522551379,0.0013272837692340366,0.12646257018126328
35,0.005,0.006950604117,0.007189772692,0.0070701884045,0.007047280781174841,0.007044034549347383,0.5957802392106002,0.6093532256594208,0.00109327522551379,0.0013272837692340366,0.12646257018126328
35,0.01,0.01197535662,0.01217604039,0.012075698505,0.012056476965503715,0.012053753087413008,0.5957802392106002,0.6093532256594208,0.00109327522551379,0.0013272837692340366,0.12646257018126328
36,-0.01,-0.00888595344,-0.006917466856,-0.007901710148,-0.008038110446230878,-0.008063627280455135,0.5692919623326614,0.5822546283887374,0.0011285982133005116,0.0012975239899309197,0.1591274041869212
36,-0.005,-0.004019482388,-0.001959284644,-0.0029893835159999996,-0.003132138660475082,-0.0031588443158400347,0.5692919623326614,0.5822546283887374,0.0011285982133005116,0.0012975239899309197,0.1591274041869212
36,-0.002,-0.001092045665,0.001023223983,-3.441084100000002e-05,-0.00018098202577263798,-0.00020840155983821543,0.5692919623326614,0.5822546283887374,0.0011285982133005116,0.0012975239899309197,0.1591274041869212
36,-0.001,-0.0001018710934,0.002012616002,0.0009553724543,0.0008088554941326447,0.0007814461040350923,0.5692919623326614,0.5822546283887374,0.0011285982133005116,0.0012975239899309197,0.1591274041869212
36,-0.0005,0.0003780608468,0.002506471667,0.0014422662569,0.0012947844945182727,0.0012671946158258813,0.5692919623326614,0.5822546283887374,0.0011285982133005116,0.0012975239899309197,0.1591274041869212
36,-0.0002,0.0006582398265,0.002803020546,0.00173063018625,0.0015820141214225876,0.0015542120451921984,0.5692919623326614,0.5822546283887374,0.0011285982133005116,0.0012975239899309197,0.1591274041869212
36,-0.0001,0.0007521864724,0.002903186109,0.0018276862907,0.0016786393049031444,0.0016507566149271576,0.5692919623326614,0.5822546283887374,0.0011285982133005116,0.0012975239899309197,0.1591274041869212
36,0.0,0.0008461137315,0.003002848383,0.00192448105725,0.0017750366810167163,0.0017470796499577542,0.5692919623326614,0.5822546283887374,0.0011285982133005116,0.0012975239899309197,0.1591274041869212
36,0.0001,0.0009400816136,0.003101512758,0.0020207971858,0.0018710273803575939,0.0018430094702295344,0.5692919623326614,0.5822546283887374,0.0011285982133005116,0.0012975239899309197,0.1591274041869212
36,0.0002,0.001034006584,0.00320026376,0.002117135172,0.0019670309613577506,0.0019389504929936841,0.5692919623326614,0.5822546283887374,0.0011285982133005116,0.0012975239899309197,0.1591274041869212
36,0.0005,0.001314857736,0.003498210783,0.0024065342595,0.0022552454424083746,0.0022269433659775975,0.5692919623326614,0.5822546283887374,0.0011285982133005116,0.0012975239899309197,0.1591274041869212
36,0.001,0.001786182667,0.003994607472,0.0028903950695,0.002737368981097425,0.002708741907840255,0.5692919623326614,0.5822546283887374,0.0011285982133005116,0.0012975239899309197,0.1591274041869212
36,0.002,0.002727535839,0.004979613844,0.0038535748415,0.003697523937207325,0.0036683310020962758,0.5692919623326614,0.5822546283887374,0.0011285982133005116,0.0012975239899309197,0.1591274041869212
36,0.005,0.005598363529,0.007897402624,0.0067478830765000004,0.006588578146127944,0.006558776470089596,0.5692919623326614,0.5822546283887374,0.0011285982133005116,0.0012975239899309197,0.1591274041869212
36,0.01,0.01043911255,0.0130503306,0.011744721575,0.011563785152237036,0.011529936804655288,0.5692919623326614,0.5822546283887374,0.0011285982133005116,0.0012975239899309197,0.1591274041869212
37,-0.01,-0.007605424473,-0.007939828195,-0.007772626334,-0.0077370296784636155,-0.007732524707736209,0.6064481439485421,0.619919796418386,0.0010715381802492933,0.0013301588345265517,0.11497467071512404
37,-0.005,-0.002574794105,-0.002903496095,-0.0027391450999999997,-0.0027041553832523072,-0.0026997272242768816,0.6064481439485421,0.619919796418386,0.0010715381802492933,0.0013301588345265517,0.11497467071512404
37,-0.002,0.0004590028517,0.0001869142712,0.00032295856145,0.00035192188583381846,0.0003555873686313276,0.6064481439485421,0.619919796418386,0.0010715381802492933,0.0013301588345265517,0.11497467071512404
37,-0.001,0.001470615184,0.001246970893,0.0013587930385,0.0013825995581816376,0.001385612416346854,0.6064481439485421,0.619919796418386,0.0010715381802492933,0.0013301588345265517,0.11497467071512404
37,-0.0005,0.00197159572,0.001767077201,0.0018693364605000002,0.0018911070772506546,0.0018938622796622695,0.6064481439485421,0.619919796418386,0.0010715381802492933,0.0013301588345265517,0.11497467071512404
37,-0.0002,0.002272629399,0.002077853545,0.0021752414720000003,0.002195975000144292,0.0021985989527588973,0.6064481439485421,0.619919796418386,0.0010715381802492933,0.0013301588345265517,0.11497467071512404
37,-0.0001,0.00237236717,0.002181269489,0.0022768183295,0.0022971603229553204,0.002299734724501545,0.6064481439485421,0.619919796418386,0.0010715381802492933,0.0013301588345265517,0.11497467071512404
37,0.0,0.00247147789,0.002283779126,0.0023776285080000003,0.002397608693049235,0.0024001373055668623,0.6064481439485421,0.619919796418386,0.0010715381802492933,0.0013301588345265517,0.11497467071512404
37,0.0001,0.002570402114,0.002385292998,0.002477847556,0.0024975520778261553,0.002500045803505907,0.6064481439485421,0.619919796418386,0.0010715381802492933,0.0013301588345265517,0.11497467071512404
37,0.0002,0.002669667005,0.002487451086,0.0025785590455,0.002597955591875428,0.002600410341410669,0.6064481439485421,0.619919796418386,0.0010715381802492933,0.0013301588345265517,0.11497467071512404
37,0.0005,0.002968393392,0.002793475604,0.0028809344979999997,0.0028995541718761847,0.002901910603526914,0.6064481439485421,0.619919796418386,0.0010715381802492933,0.0013301588345265517,0.11497467071512404
37,0.001,0.003464610487,0.003299568077,0.003382089282,0.003399657740217294,0.0034018811342075997,0.6064481439485421,0.619919796418386,0.0010715381802492933,0.0013301588345265517,0.11497467071512404
37,0.002,0.004460746575,0.0042987985,0.0043797725375,0.0043970116094997885,0.0043991933176843485,0.6064481439485421,0.619919796418386,0.0010715381802492933,0.0013301588345265517,0.11497467071512404
37,0.005,0.007453222316,0.00727321011,0.007363216213,0.007382378178216782,0.007384803240096344,0.6064481439485421,0.619919796418386,0.0010715381802492933,0.0013301588345265517,0.11497467071512404
37,0.01,0.01248430276,0.01234580693,0.012415054844999999,0.012429797469048112,0.012431663236738395,0.6064481439485421,0.619919796418386,0.0010715381802492933,0.0013301588345265517,0.11497467071512404
38,-0.01,-0.0092452284,-0.009158207581,-0.0092017179905,-0.00920991506553162,-0.00921167123775928,0.594196712072079,0.6143777704422522,0.001130003271778315,0.0013673731330092129,0.17965918007423382
38,-0.005,-0.004238919695,-0.004157236523,-0.004198078109,-0.004205772395234019,-0.004207420848096012,0.594196712072079,0.6143777704422522,0.001130003271778315,0.0013673731330092129,0.17965918007423382
38,-0.002,-0.001204498852,-0.001183295579,-0.0011938972155,-0.001195894494101767,-0.0011963223985918187,0.594196712072079,0.6143777704422522,0.001130003271778315,0.0013673731330092129,0.17965918007423382
38,-0.001,-0.000171433806,-0.0001880827309,-0.00017975826845,-0.00017818999446488504,-0.00017785400153967753,0.594196712072079,0.6143777704422522,0.001130003271778315,0.0013673731330092129,0.17965918007423382
38,-0.0005,0.0002979770145,0.0003116895414,0.00030483327795,0.0003035416030018201,0.0003032648696960486,0.594196712072079,0.6143777704422522,0.001130003271778315,0.0013673731330092129,0.17965918007423382
38,-0.0002,0.0005766508705,0.0006169610231,0.0005968059468,0.0005930088629619562,0.0005921953614194252,0.594196712072079,0.6143777704422522,0.001130003271778315,0.0013673731330092129,0.17965918007423382
38,-0.0001,0.0006693254249,0.0007176816054,0.00069350351515,0.000688948521938536,0.000687972643037307,0.594196712072079,0.6143777704422522,0.001130003271778315,0.0013673731330092129,0.17965918007423382
38,0.0,0.000761514004,0.0008184638545,0.00078998892925,0.0007846244405799035,0.0007834751323227906,0.594196712072079,0.6143777704422522,0.001130003271778315,0.0013673731330092129,0.17965918007423382
38,0.0001,0.0008534055632,0.0009193531193,0.00088637934125,0.0008801672982961911,0.0008788364068171668,0.594196712072079,0.6143777704422522,0.001130003271778315,0.0013673731330092129,0.17965918007423382
38,0.0002,0.0009455879123,0.001020353006,0.00098297045915,0.0009759278331456992,0.0009744189944256882,0.594196712072079,0.6143777704422522,0.001130003271778315,0.0013673731330092129,0.17965918007423382
38,0.0005,0.001224445283,0.001321103266,0.0012727742745,0.001263669410305881,0.0012617187499090149,0.594196712072079,0.6143777704422522,0.001130003271778315,0.0013673731330092129,0.17965918007423382
38,0.001,0.001701206385,0.001822406401,0.001761806393,0.0017503897499897168,0.001747943805392355,0.594196712072079,0.6143777704422522,0.001130003271778315,0.0013673731330092129,0.17965918007423382
38,0.002,0.002652056295,0.002820330663,0.002736193479,0.0027203425868083933,0.0027169466319655815,0.594196712072079,0.6143777704422522,0.001130003271778315,0.0013673731330092129,0.17965918007423382
38,0.005,0.005532908775,0.005812060169,0.005672484472,0.005646189328514863,0.0056405557579384345,0.594196712072079,0.6143777704422522,0.001130003271778315,0.0013673731330092129,0.17965918007423382
38,0.01,0.01031286933,0.01089204503,0.01060245718,0.010547900733347956,0.010536212354739671,0.594196712072079,0.6143777704422522,0.001130003271778315,0.0013673731330092129,0.17965918007423382
39,-0.01,-0.008771326213,-0.009096629141,-0.008933977677,-0.008901483596030817,-0.008894800329296087,0.5998886827393818,0.6204334309094038,0.001116281560650199,0.0013668431084788433,0.17409969712286139
39,-0.005,-0.003688914451,-0.004268536745,-0.003978725598,-0.003920827890565961,-0.003908919696502002,0.5998886827393818,0.6204334309094038,0.001116281560650199,0.0013668431084788433,0.17409969712286139
39,-0.002,-0.0006572023421,-0.001209711757,-0.00093345704955,-0.0008782676118945323,-0.0008669164451038459,0.5998886827393818,0.6204334309094038,0.001116281560650199,0.0013668431084788433,0.17409969712286139
39,-0.001,0.0003589352298,-0.0001808864581,8.902438585e-05,0.0001429464631684807,0.00015403696380310238,0.5998886827393818,0.6204334309094038,0.001116281560650199,0.0013668431084788433,0.17409969712286139
39,-0.0005,0.0008702824978,0.0003416353166,0.0006059589072,0.0006587647777639553,0.0006696257009725014,0.5998886827393818,0.6204334309094038,0.001116281560650199,0.0013668431084788433,0.17409969712286139
39,-0.0002,0.001176811608,0.000651081578,0.000913946593,0.0009664610731732358,0.0009772620642450039,0.5998886827393818,0.6204334309094038,0.001116281560650199,0.0013668431084788433,0.17409969712286139
39,-0.0001,0.001278108814,0.0007556159031,0.00101686235855,0.0010690534871604662,0.0010797879724355286,0.5998886827393818,0.6204334309094038,0.001116281560650199,0.0013668431084788433,0.17409969712286139
39,0.0,0.001379240048,0.000859382566,0.001119311307,0.001171239186089192,0.0011819195271411838,0.5998886827393818,0.6204334309094038,0.001116281560650199,0.0013668431084788433,0.17409969712286139
39,0.0001,0.001480370912,0.000961040391,0.0012207056515,0.0012725808931490468,0.0012832504079199982,0.5998886827393818,0.6204334309094038,0.001116281560650199,0.0013668431084788433,0.17409969712286139
39,0.0002,0.001582220482,0.001062858046,0.001322539264,0.0013744176935963565,0.0013850878640529459,0.5998886827393818,0.6204334309094038,0.001116281560650199,0.0013668431084788433,0.17409969712286139
39,0.0005,0.00188658398,0.001376035401,0.0016313096905000001,0.0016823077155307732,0.001692796807514891,0.5998886827393818,0.6204334309094038,0.001116281560650199,0.0013668431084788433,0.17409969712286139
39,0.001,0.002393144764,0.0018923202,0.002142732482,0.0021927591879814853,0.0022030485025262263,0.5998886827393818,0.6204334309094038,0.001116281560650199,0.0013668431084788433,0.17409969712286139
39,0.002,0.00340753068,0.002907762496,0.0031576465880000003,0.003207567773574813,0.003217835385058483,0.5998886827393818,0.6204334309094038,0.001116281560650199,0.0013668431084788433,0.17409969712286139
39,0.005,0.006445319646,0.005875339849,0.0061603297475,0.00621726427861039,0.006228974370001757,0.5998886827393818,0.6204334309094038,0.001116281560650199,0.0013668431084788433,0.17409969712286139
39,0.01,0.01146584167,0.01084905329,0.01115744748,0.011219057658807157,0.011231729420748456,0.5998886827393818,0.6204334309094038,0.001116281560650199,0.0013668431084788433,0.17409969712286139
40,-0.01,-0.009653668035,-0.009025848454,-0.0093397582445,-0.00939752725684678,-0.009410188726238892,0.5920153083705451,0.6121826777474965,0.0011344633750130357,0.0013665798543726665,0.18289635589661257
40,-0.005,-0.00440769211,-0.004039446631,-0.0042235693705,-0.004257453591806243,-0.004264880134402629,0.5920153083705451,0.6121826777474965,0.0011344633750130357,0.0013665798543726665,0.18289635589661257
40,-0.002,-0.001518503221,-0.001057478124,-0.0012879906725,-0.0013304120389670154,-0.0013397097023902594,0.5920153083705451,0.6121826777474965,0.0011344633750130357,0.0013665798543726665,0.18289635589661257
40,-0.001,-0.0005636457096,-8.758725864e-05,-0.00032561648412,-0.0003694211492874884,-0.00037902199591301796,0.5920153083705451,0.6121826777474965,0.0011344633750130357,0.0013665798543726665,0.18289635589661257
40,-0.0005,-8.776885085e-05,0.0003973103907,0.000154770769925,0.0001101360539296266,0.00010035328168819633,0.5920153083705451,0.6121826777474965,0.0011344633750130357,0.0013665798543726665,0.18289635589661257
40,-0.0002,0.0001962544306,0.0006845679171,0.00044041117384999997,0.0003954788578082064,0.00038563085935421396,0.5920153083705451,0.6121826777474965,0.0011344633750130357,0.0013665798543726665,0.18289635589661257
40,-0.0001,0.0002904893808,0.0007810439126,0.0005357666467,0.0004906281201838545,0.0004807349257415065,0.5920153083705451,0.6121826777474965,0.0011344633750130357,0.0013665798543726665,0.18289635589661257
40,0.0,0.0003844662795,0.0008789252118,0.00063169574565,0.0005861979545178449,0.0005762260185884179,0.5920153083705451,0.6121826777474965,0.0011344633750130357,0.0013665798543726665,0.18289635589661257
40,0.0001,0.0004798220264,0.0009762362844,0.0007280291554,0.0006823514443705946,0.0006723400746655233,0.5920153083705451,0.6121826777474965,0.0011344633750130357,0.0013665798543726665,0.18289635589661257
40,0.0002,0.0005754909176,0.00107152519,0.0008235080538,0.0007778653072627548,0.0007678616008676368,0.5920153083705451,0.6121826777474965,0.0011344633750130357,0.0013665798543726665,0.18289635589661257
40,0.0005,0.0008627953491,0.001362306435,0.00111255089205,0.0010665882254464053,0.0010565144008691783,0.5920153083705451,0.6121826777474965,0.0011344633750130357,0.0013665798543726665,0.18289635589661257
40,0.001,0.001357621036,0.00184327089,0.0016004459629999999,0.0015557587419240794,0.0015459644619305992,0.5920153083705451,0.6121826777474965,0.0011344633750130357,0.0013665798543726665,0.18289635589661257
40,0.002,0.002354829806,0.002804176928,0.002579503367,0.0025381565530037528,0.002529094403615909,0.5920153083705451,0.6121826777474965,0.0011344633750130357,0.0013665798543726665,0.18289635589661257
40,0.005,0.005426751576,0.005630652921,0.0055287022485,0.0055099402033626545,0.005505828049621584,0.5920153083705451,0.6121826777474965,0.0011344633750130357,0.0013665798543726665,0.18289635589661257
40,0.01,0.01040633682,0.01063434518,0.010520340999999999,0.010499360740443536,0.010494762411626384,0.5920153083705451,0.6121826777474965,0.0011344633750130357,0.0013665798543726665,0.18289635589661257
41,-0.01,-0.009600983541,-0.01187370895,-0.0107373462455,-0.0105412171524447,-0.010493416357211374,0.5862968717112194,0.6073292388612651,0.0011345131046247524,0.0013505911598056964,0.1989467817923141
41,-0.005,-0.004619124044,-0.006674605452,-0.005646864748,-0.005469483132629028,-0.0054262514929858795,0.5862968717112194,0.6073292388612651,0.0011345131046247524,0.0013505911598056964,0.1989467817923141
41,-0.002,-0.001617206631,-0.003557991239,-0.002587598935,-0.0024201152946643147,-0.002379296000229701,0.5862968717112194,0.6073292388612651,0.0011345131046247524,0.0013505911598056964,0.1989467817923141
41,-0.001,-0.0006287526789,-0.002538009616,-0.0015833811474500002,-0.0014186182464853258,-0.001378462053600467,0.5862968717112194,0.6073292388612651,0.0011345131046247524,0.0013505911598056964,0.1989467817923141
41,-0.0005,-0.0001231575934,-0.002020956445,-0.0010720570192,-0.0009082829151697753,-0.000868367712945989,0.5862968717112194,0.6073292388612651,0.0011345131046247524,0.0013505911598056964,0.1989467817923141
41,-0.0002,0.0001796276525,-0.001714539852,-0.0007674560997500001,-0.000603995369614603,-0.0005641565432162731,0.5862968717112194,0.6073292388612651,0.0011345131046247524,0.0013505911598056964,0.1989467817923141
41,-0.0001,0.0002797273654,-0.001611830772,-0.0006660517033,-0.0005028161533824791,-0.00046303220815102576,0.5862968717112194,0.6073292388612651,0.0011345131046247524,0.0013505911598056964,0.1989467817923141
41,0.0,0.0003781556161,-0.00150872243,-0.0005652834069499999,-0.000402451734270992,-0.0003627662224380559,0.5862968717112194,0.6073292388612651,0.0011345131046247524,0.0013505911598056964,0.1989467817923141
41,0.0001,0.0004732259869,-0.001406528235,-0.00046665112405,-0.00030443421511407273,-0.00026489853416722343,0.5862968717112194,0.6073292388612651,0.0011345131046247524,0.0013505911598056964,0.1989467817923141
41,0.0002,0.0005710292729,-0.001304092702,-0.00036653171454999997,-0.00020471455403916632,-0.0001652763002119508,0.5862968717112194,0.6073292388612651,0.0011345131046247524,0.0013505911598056964,0.1989467817923141
41,0.0005,0.0008690293934,-0.0009949324916,-6.295154910000006e-05,9.790253056444755e-05,0.0001371060612834588,0.5862968717112194,0.6073292388612651,0.0011345131046247524,0.0013505911598056964,0.1989467817923141
41,0.001,0.001365069309,-0.0004805116747,0.00044227881715000006,0.0006015466825330249,0.000640363619387346,0.5862968717112194,0.6073292388612651,0.0011345131046247524,0.0013505911598056964,0.1989467817923141
41,0.002,0.002350672681,0.0005487665633,0.00144971962215,0.0016052184832248183,0.0016431168342621982,0.5862968717112194,0.6073292388612651,0.0011345131046247524,0.0013505911598056964,0.1989467817923141
41,0.005,0.00535436097,0.003663963791,0.0045091623805,0.00465503836899717,0.0046905914230953,0.5862968717112194,0.6073292388612651,0.0011345131046247524,0.0013505911598056964,0.1989467817923141
41,0.01,0.01047122896,0.008725555374,0.009598392167000001,0.009749038336500707,0.009785753984285595,0.5862968717112194,0.6073292388612651,0.0011345131046247524,0.0013505911598056964,0.1989467817923141
42,-0.01,-0.009604475923,-0.00980678399,-0.009705629956500001,-0.009686575910970042,-0.009682340778325093,0.5941833205788962,0.6151173975425679,0.0011334427605484154,0.001371497040158683,0.18516448141280326
42,-0.005,-0.004528614766,-0.004710804834,-0.0046197098,-0.0046025505344192644,-0.0045987365535137366,0.5941833205788962,0.6151173975425679,0.0011334427605484154,0.001371497040158683,0.18516448141280326
42,-0.002,-0.001529672427,-0.001674459389,-0.001602065908,-0.0015884293911423097,-0.0015853984097364653,0.5941833205788962,0.6151173975425679,0.0011334427605484154,0.001371497040158683,0.18516448141280326
42,-0.001,-0.0005214961516,-0.0006414703631,-0.0005814832573500001,-0.0005701836877270953,-0.0005676721383498983,0.5941833205788962,0.6151173975425679,0.0011334427605484154,0.001371497040158683,0.18516448141280326
42,-0.0005,-7.271444512e-06,-0.0001550465142,-8.115897935600001e-05,-6.724103259400637e-05,-6.414749791184584e-05,0.5941833205788962,0.6151173975425679,0.0011334427605484154,0.001371497040158683,0.18516448141280326
42,-0.0002,0.0002987967195,0.0001410652641,0.0002199309918,0.00023478666402931408,0.00023808862645624963,0.5941833205788962,0.6151173975425679,0.0011334427605484154,0.001371497040158683,0.18516448141280326
42,-0.0001,0.0003986264465,0.0002357129121,0.0003171696793,0.0003325134169370362,0.0003359238614045896,0.5941833205788962,0.6151173975425679,0.0011334427605484154,0.001371497040158683,0.18516448141280326
42,0.0,0.0004966487369,0.0003297764718,0.00041321260435,0.0004289291883896399,0.00043242250523034553,0.5941833205788962,0.6151173975425679,0.0011334427605484154,0.001371497040158683,0.18516448141280326
42,0.0001,0.0005912727787,0.0004219128339,0.0005065928063,0.0005225436882743226,0.0005260890823933289,0.5941833205788962,0.6151173975425679,0.0011334427605484154,0.001371497040158683,0.18516448141280326
42,0.0002,0.0006857655114,0.0005156386189,0.00060070206515,0.0006167251808054189,0.0006202866302666042,0.5941833205788962,0.6151173975425679,0.0011334427605484154,0.001371497040158683,0.18516448141280326
42,0.0005,0.0009681253071,0.0007972331795,0.0008826792433,0.0008987744313381604,0.0009023519002898245,0.5941833205788962,0.6151173975425679,0.0011334427605484154,0.001371497040158683,0.18516448141280326
42,0.001,0.001440195627,0.001269853118,0.0013550243724999998,0.0013710677956333605,0.0013746337588269515,0.5941833205788962,0.6151173975425679,0.0011334427605484154,0.001371497040158683,0.18516448141280326
42,0.002,0.002393813937,0.002223447231,0.002308630584,0.0023246762860871686,0.0023282427558226197,0.5941833205788962,0.6151173975425679,0.0011334427605484154,0.001371497040158683,0.18516448141280326
42,0.005,0.005448827857,0.005160485653,0.005304656755,0.005331813781235758,0.005337849959126168,0.5941833205788962,0.6151173975425679,0.0011334427605484154,0.001371497040158683,0.18516448141280326
42,0.01,0.01044635926,0.01015623054,0.0103012949,0.010328620186244905,0.010334693763198757,0.5941833205788962,0.6151173975425679,0.0011334427605484154,0.001371497040158683,0.18516448141280326
43,-0.01,-0.008629234153,-0.01013065715,-0.0093799456515,-0.009227555467998631,-0.009192289491292844,0.6014971688896867,0.6249855374415555,0.0011167020851008181,0.001371950414591192,0.1919245785890673
43,-0.005,-0.003607796743,-0.005015338917,-0.00431156783,-0.004168706284246165,-0.004135645414910955,0.6014971688896867,0.6249855374415555,0.0011167020851008181,0.001371950414591192,0.1919245785890673
43,-0.002,-0.0006093801528,-0.002027356806,-0.0013183684794,-0.001174447863548527,-0.0011411419053202199,0.6014971688896867,0.6249855374415555,0.0011167020851008181,0.001371950414591192,0.1919245785890673
43,-0.001,0.0003903751602,-0.001029733484,-0.00031967916189999993,-0.00017554215499792855,-0.0001421861197792643,0.6014971688896867,0.6249855374415555,0.0011167020851008181,0.001371950414591192,0.1919245785890673
43,-0.0005,0.0008803183571,-0.0005290249921,0.0001756466825,0.00031869104243730916,0.0003517942184394438,0.6014971688896867,0.6249855374415555,0.0011167020851008181,0.001371950414591192,0.1919245785890673
43,-0.0002,0.001173208869,-0.0002276020164,0.0004728034263,0.0006149817653179554,0.0006478845276657002,0.6014971688896867,0.6249855374415555,0.0011167020851008181,0.001371950414591192,0.1919245785890673
43,-0.0001,0.001268553854,-0.0001267593952,0.0005708972294,0.0007125175739080699,0.0007452912057505851,0.6014971688896867,0.6249855374415555,0.0011167020851008181,0.001371950414591192,0.1919245785890673
43,0.0,0.00136454648,-2.583011758e-05,0.00066935818121,0.0008104774695548453,0.0008431351475046976,0.6014971688896867,0.6249855374415555,0.0011167020851008181,0.001371950414591192,0.1919245785890673
43,0.0001,0.001461736216,7.4341017e-05,0.0007680386165,0.0009088553013296435,0.0009414429510908488,0.6014971688896867,0.6249855374415555,0.0011167020851008181,0.001371950414591192,0.1919245785890673
43,0.0002,0.001559468442,0.0001744627259,0.00086696558395,0.0010075397430301834,0.001040071267736385,0.6014971688896867,0.6249855374415555,0.0011167020851008181,0.001371950414591192,0.1919245785890673
43,0.0005,0.001854127363,0.0004743225773,0.00116422497015,0.001304271249518991,0.001336680612855145,0.6014971688896867,0.6249855374415555,0.0011167020851008181,0.001371950414591192,0.1919245785890673
43,0.001,0.002345460601,0.000973365376,0.0016594129885,0.0017986767692845579,0.001830905047617617,0.6014971688896867,0.6249855374415555,0.0011167020851008181,0.001371950414591192,0.1919245785890673
43,0.002,0.003320860864,0.001969813907,0.0026453373855,0.002782464826672526,0.0028141987155294234,0.6014971688896867,0.6249855374415555,0.0011167020851008181,0.001371950414591192,0.1919245785890673
43,0.005,0.006250998534,0.004921883271,0.0055864409025,0.0057213423388225715,0.005752561087967829,0.6014971688896867,0.6249855374415555,0.0011167020851008181,0.001371950414591192,0.1919245785890673
43,0.01,0.01116709539,0.009976875297,0.0105719853435,0.01069278931329512,0.010720745641497343,0.6014971688896867,0.6249855374415555,0.0011167020851008181,0.001371950414591192,0.1919245785890673
44,-0.01,-0.009909932237,-0.01060532702,-0.0102576296285,-0.010193153136278112,-0.010178644874984946,0.5927192636443578,0.6135826086792083,0.0011359984628605032,0.0013704251816790104,0.18692640344225978
44,-0.005,-0.004966608209,-0.005532876602,-0.0052497424055,-0.005197238417075967,-0.005185424164210476,0.5927192636443578,0.6135826086792083,0.0011359984628605032,0.0013704251816790104,0.18692640344225978
44,-0.002,-0.001985212638,-0.002449154779,-0.0022171837085,-0.002174167334812894,-0.002164487949849003,0.5927192636443578,0.6135826086792083,0.0011359984628605032,0.0013704251816790104,0.18692640344225978
44,-0.001,-0.0009869863889,-0.001407641395,-0.00119731389195,-0.0011583110695360952,-0.0011495347990031935,0.5927192636443578,0.6135826086792083,0.0011359984628605032,0.0013704251816790104,0.18692640344225978
44,-0.0005,-0.0004889075624,-0.0008839007652,-0.0006864041638,-0.0006497806848918576,-0.0006415398054154203,0.5927192636443578,0.6135826086792083,0.0011359984628605032,0.0013704251816790104,0.18692640344225978
44,-0.0002,-0.0001824367084,-0.0005702064838,-0.0003763215961,-0.00034036786806137403,-0.00033227769344311724,0.5927192636443578,0.6135826086792083,0.0011359984628605032,0.0013704251816790104,0.18692640344225978
44,-0.0001,-8.168020591e-05,-0.0004651420764,-0.000273411141155,-0.00023785683888747912,-0.000229856541575737,0.5927192636443578,0.6135826086792083,0.0011359984628605032,0.0013704251816790104,0.18692640344225978
44,0.0,1.876836241e-05,-0.000359826585,-0.00017052911129499998,-0.00013542606655167047,-0.00012752730953540447,0.5927192636443578,0.6135826086792083,0.0011359984628605032,0.0013704251816790104,0.18692640344225978
44,0.0001,0.0001187918889,-0.0002552040947,-6.82061029e-05,-3.352947069466071e-05,-2.572666344716555e-05,0.5927192636443578,0.6135826086792083,0.0011359984628605032,0.0013704251816790104,0.18692640344225978
44,0.0002,0.0002191862622,-0.0001505648125,3.431072485e-05,6.859377222789392e-05,7.630801647636685e-05,0.5927192636443578,0.6135826086792083,0.0011359984628605032,0.0013704251816790104,0.18692640344225978
44,0.0005,0.0005207730581,0.0001621279453,0.00034145050170000004,0.00037470381246846365,0.0003821863492018729,0.5927192636443578,0.6135826086792083,0.0011359984628605032,0.0013704251816790104,0.18692640344225978
44,0.001,0.001021033105,0.0006838948325,0.0008524639687500001,0.0008837231811225309,0.0008907570132261518,0.5927192636443578,0.6135826086792083,0.0011359984628605032,0.0013704251816790104,0.18692640344225978
44,0.002,0.002016421753,0.001720978648,0.0018687002005,0.0018960934676444028,0.0019022573990821851,0.5927192636443578,0.6135826086792083,0.0011359984628605032,0.0013704251816790104,0.18692640344225978
44,0.005,0.004995691226,0.004785879338,0.004890785282,0.0049102388857591925,0.00491461626357095,0.5927192636443578,0.6135826086792083,0.0011359984628605032,0.0013704251816790104,0.18692640344225978
44,0.01,0.009886988173,0.009847019809,0.009867003991,0.00987070982827915,0.00987154370204776,0.5927192636443578,0.6135826086792083,0.0011359984628605032,0.0013704251816790104,0.18692640344225978
45,-0.01,-0.00890749475,-0.01183740961,-0.01037245218,-0.010114127254293052,-0.010044691381430146,0.5881680656437058,0.6118670044118119,0.0011274148525831573,0.0013473314969801827,0.21522175288003348
45,-0.005,-0.004000948435,-0.006682076428,-0.0053415124315,-0.005105122562613999,-0.005041582674478436,0.5881680656437058,0.6118670044118119,0.0011274148525831573,0.0013473314969801827,0.21522175288003348
45,-0.002,-0.001043762989,-0.003582166619,-0.002312964804,-0.002089158666119939,-0.00202900119392383,0.5881680656437058,0.6118670044118119,0.0011274148525831573,0.0013473314969801827,0.21522175288003348
45,-0.001,-6.160222955e-05,-0.002583701013,-0.001322651621275,-0.0011002830501758698,-0.001040511985539773,0.5881680656437058,0.6118670044118119,0.0011274148525831573,0.0013473314969801827,0.21522175288003348
45,-0.0005,0.0004251714802,-0.002111388033,-0.0008431082764,-0.000619464730731016,-0.000559350962146032,0.5881680656437058,0.6118670044118119,0.0011274148525831573,0.0013473314969801827,0.21522175288003348
45,-0.0002,0.0007169454831,-0.001819799083,-0.0005514267999500001,-0.00032776693852478133,-0.00026764878438245135,0.5881680656437058,0.6118670044118119,0.0011274148525831573,0.0013473314969801827,0.21522175288003348
45,-0.0001,0.0008140896045,-0.001721901822,-0.00045390610875,-0.0002303126501864729,-0.00017021234465340726,0.5881680656437058,0.6118670044118119,0.0011274148525831573,0.0013473314969801827,0.21522175288003348
45,0.0,0.0009112435095,-0.001623918465,-0.00035633747774999996,-0.0001328171503648572,-7.273650196395066e-05,0.5881680656437058,0.6118670044118119,0.0011274148525831573,0.0013473314969801827,0.21522175288003348
45,0.0001,0.001008460783,-0.001525810548,-0.0002586748825,-3.523308142943044e-05,2.4826459665705384e-05,0.5881680656437058,0.6118670044118119,0.0011274148525831573,0.0013473314969801827,0.21522175288003348
45,0.0002,0.001105752981,-0.001427923924,-0.0001610854715,6.230392017998135e-05,0.00012234937400974093,0.5881680656437058,0.6118670044118119,0.0011274148525831573,0.0013473314969801827,0.21522175288003348
45,0.0005,0.00139795387,-0.001132382113,0.00013278587850000002,0.0003558807075497749,0.0004158469850736275,0.5881680656437058,0.6118670044118119,0.0011274148525831573,0.0013473314969801827,0.21522175288003348
45,0.001,0.00190939918,-0.0006085677317,0.00065041572415,0.0008724199961094446,0.0009320931397699401,0.5881680656437058,0.6118670044118119,0.0011274148525831573,0.0013473314969801827,0.21522175288003348
45,0.002,0.002883045214,0.0004015352096,0.0016422902117999999,0.0018610801487634518,0.00191988930241017,0.5881680656437058,0.6118670044118119,0.0011274148525831573,0.0013473314969801827,0.21522175288003348
45,0.005,0.005759292818,0.003424102534,0.004591697676,0.004797586886250257,0.004852928417802648,0.5881680656437058,0.6118670044118119,0.0011274148525831573,0.0013473314969801827,0.21522175288003348
45,0.01,0.01068495823,0.008559571815,0.0096222650225,0.009809656231455962,0.009860025633963609,0.5881680656437058,0.6118670044118119,0.0011274148525831573,0.0013473314969801827,0.21522175288003348
