trial_id,population,leg,band,target_epoch,trial_kind,injected_value
D4c8553e5871e3620,heldout,outbound,15_30,32,dvv,0.0002
D7ba601538d1191b9,heldout,outbound,15_30,4,dvv,0.0005
D66e092e866fb4580,heldout,outbound,15_30,34,dvv,-0.005
D6cc5aea528686e6d,heldout,outbound,15_30,42,dvv,-0.001
D600b92769c22b910,heldout,outbound,15_30,28,dvv,0.0002
D296052f99940fa4c,heldout,outbound,15_30,10,dvv,0.01
D46db6974f74e5098,heldout,outbound,15_30,34,dvv,-0.002
D2194416827c7e2ab,heldout,outbound,15_30,6,dvv,0.005
D1381af2ca4b6cc35,heldout,outbound,15_30,8,dvv,0.001
D1b643b9a7a1534e6,heldout,outbound,15_30,44,dvv,0.005
D307d6cd8480bc2c0,heldout,outbound,15_30,18,dvv,0.0001
D48a47c6d99d5d44f,heldout,outbound,15_30,6,dvv,0.001
D266c62ef7db858e4,heldout,outbound,15_30,6,dvv,-0.001
D5ee97f48c2f89da3,heldout,outbound,15_30,8,dvv,0.0002
D6e109d9ada2a31ab,heldout,outbound,15_30,8,dvv,-0.0002
D0bebcb42b5ed4e3c,heldout,outbound,15_30,28,dvv,-0.0001
D22fd86888bd4eba6,heldout,outbound,15_30,12,source_jitter,-0.000195139375
D6ae3a7832abd2720,heldout,outbound,15_30,24,dvv,-0.0005
D094eb33332f4ec87,heldout,outbound,15_30,18,dvv,-0.01
D22add256b1a82a17,heldout,outbound,15_30,24,dvv,0.005
D068aaf560b9bb284,heldout,outbound,15_30,28,dvv,-0.0002
D608d413798dbc88f,heldout,outbound,15_30,44,dvv,0.01
D67e096b30d9d489d,heldout,outbound,15_30,38,source_jitter,0.000705614705
D7f4523be8f919563,heldout,outbound,15_30,42,dvv,-0.005
D3f1d36024f931fdd,heldout,outbound,15_30,30,dvv,0.0001
D0a2aebd466f950b6,heldout,outbound,15_30,2,constant_shift,0.005
D2303f9ebdec49148,heldout,outbound,15_30,30,dvv,-0.01
D226110a498ae8ce3,heldout,outbound,15_30,22,dvv,0.0001
D66c8980a77bc69fb,heldout,outbound,15_30,6,dvv,-0.002
D76ac35a9c2b78735,heldout,outbound,15_30,18,source_jitter,-0.000312586401
D684d5fcf0890098a,heldout,outbound,15_30,16,dvv,0.01
D5358d95fad6e42dd,heldout,outbound,15_30,2,dvv,-0.005
D709cf7175bf37f0f,heldout,outbound,15_30,4,dvv,-0.0001
D0f1fda1bd51e90bb,heldout,outbound,15_30,44,dvv,-0.0001
D7c657232fb63a988,heldout,outbound,15_30,20,source_jitter,0.000652855893
D23fa0456002db56c,heldout,outbound,15_30,0,dvv,0.0005
D3029599c20ffa369,heldout,outbound,15_30,38,dvv,0.005
D1b7084755d228d1f,heldout,outbound,15_30,44,dvv,-0.005
D58a13b83148d4978,heldout,outbound,15_30,0,constant_shift,0.005
D5da9e643f5ae770b,heldout,outbound,15_30,10,dvv,-0.005
D3ac03f6b09d0150a,heldout,outbound,15_30,22,dvv,0.002
D6ddb3d66e2c07978,heldout,outbound,15_30,14,constant_shift,0.005
D73810ed892206e01,heldout,outbound,15_30,22,source_jitter,-0.00015048153
D0f2033a2ab75877d,heldout,outbound,15_30,20,dvv,0.005
D2091af57b2100e49,heldout,outbound,15_30,14,dvv,-0.0005
D376384f85a7d028c,heldout,outbound,15_30,16,dvv,0.001
D415df2ec46ed6a8a,heldout,outbound,15_30,22,constant_shift,0.005
D39e859814500c1a9,heldout,outbound,15_30,34,dvv,-0.001
D2e8d29facb1c27ca,heldout,outbound,15_30,26,source_jitter,-0.000449402448
D2e98da803fd2cbd9,heldout,outbound,15_30,36,dvv,0.001
D3c79e160d8ee34f4,heldout,outbound,15_30,14,dvv,0.01
D4c87dc912a41b7c7,heldout,outbound,15_30,34,dvv,-0.0001
D70d3b087905c3dec,heldout,outbound,15_30,28,dvv,0.0005
D738942fc76f93789,heldout,outbound,15_30,22,dvv,-0.0002
D29ac24a2f82470ac,heldout,outbound,15_30,8,source_jitter,8.59316496e-05
D660a5159c8d00fd9,heldout,outbound,15_30,22,dvv,-0.01
D1fbdbdf2439507df,heldout,outbound,15_30,26,dvv,0.0001
D73d8da08ac3784dd,heldout,outbound,15_30,32,dvv,-0.01
D319e93e7671e0a6f,heldout,outbound,15_30,16,dvv,-0.005
D09598052ad3ead2c,heldout,outbound,15_30,40,dvv,-0.01
D642b67fa1eeadb2f,heldout,outbound,15_30,38,dvv,-0.01
D2bb40e6386b9a21b,heldout,outbound,15_30,0,dvv,0.0001
D18e7dfd626ce5b89,heldout,outbound,15_30,42,dvv,-0.002
D69ad481303548c13,heldout,outbound,15_30,16,source_jitter,-0.000185582407
D6a5b63d41b8a01c8,heldout,outbound,15_30,26,dvv,0.002
D5760257cdacd054a,heldout,outbound,15_30,22,dvv,0.0005
D6209894611bacce1,heldout,outbound,15_30,22,dvv,0
D5f57a9ac9850fb8c,heldout,outbound,15_30,10,constant_shift,0.005
D76ae2de4a78181d2,heldout,outbound,15_30,12,dvv,0.0005
D03bf1698ecfa4ed1,heldout,outbound,15_30,20,dvv,0.002
D32cd08ac7610617f,heldout,outbound,15_30,18,dvv,0.0005
D5334bc086d9901ba,heldout,outbound,15_30,14,dvv,0.0005
D7845819f806fc1d3,heldout,outbound,15_30,16,dvv,-0.0002
D3b6b70d05174bd5e,heldout,outbound,15_30,0,dvv,0.005
D3fdd985d84f699dc,heldout,outbound,15_30,28,dvv,0
D0a160e0b9b57e336,heldout,outbound,15_30,8,dvv,-0.002
D3d14b693e2030291,heldout,outbound,15_30,16,dvv,-0.002
D04a86899128dd913,heldout,outbound,15_30,14,dvv,-0.001
D41f91ebcf346c611,heldout,outbound,15_30,12,dvv,0.0001
D1b1bd2e027397367,heldout,outbound,15_30,12,dvv,-0.005
D63c25155e8d74477,heldout,outbound,15_30,8,dvv,0.002
D1a1e58e5ffb4ac84,heldout,outbound,15_30,26,dvv,-0.002
D3a5c1e72480f1376,heldout,outbound,15_30,32,source_jitter,2.70589019e-05
D6b4f9bae1599d9ef,heldout,outbound,15_30,16,dvv,0.0005
D78fd8cec7379fb96,heldout,outbound,15_30,26,dvv,-0.0002
D5c7822af2f96792c,heldout,outbound,15_30,0,source_jitter,0.000267680973
D379496ac66c8372e,heldout,outbound,15_30,12,dvv,0.0002
D58868aead7efc291,heldout,outbound,15_30,12,dvv,0.002
D683f183e40952213,heldout,outbound,15_30,36,dvv,-0.0005
D1f9bff28df79c72b,heldout,outbound,15_30,2,dvv,-0.0005
D3d5ed51c3ee28196,heldout,outbound,15_30,24,dvv,0.001
D379414f791145b3f,heldout,outbound,15_30,6,constant_shift,0.005
D598b29bfe08855f3,heldout,outbound,15_30,42,dvv,0.01
D5ae91b99ddda5fdb,heldout,outbound,15_30,20,dvv,-0.01
D4cdda0a015f51593,heldout,outbound,15_30,36,constant_shift,0.005
D5d41f05b82683f5a,heldout,outbound,15_30,12,dvv,0.001
D70365a5b1ba972ec,heldout,outbound,15_30,38,dvv,0.0001
D31254831423e6ad7,heldout,outbound,15_30,6,dvv,-0.005
D51d5be471eb283b7,heldout,outbound,15_30,24,dvv,-0.005
D05e2ba956d4ce3d4,heldout,outbound,15_30,6,dvv,0.0005
D26ac3223997eb7a8,heldout,outbound,15_30,28,dvv,-0.002
D3e4ba6b468434c6c,heldout,outbound,15_30,12,dvv,-0.0002
D5e2b7c4ae5d684a9,heldout,outbound,15_30,20,dvv,-0.0001
D4def29431336a142,heldout,outbound,15_30,30,dvv,-0.005
D65862b0298307c99,heldout,outbound,15_30,10,dvv,0
D234a8506b4a2952e,heldout,outbound,15_30,38,dvv,-0.002
D12f63dd69e46ea0c,heldout,outbound,15_30,28,dvv,0.002
D3c62cc442329a7b5,heldout,outbound,15_30,36,dvv,-0.01
D61572fab1dfcb9e7,heldout,outbound,15_30,2,dvv,0.002
D6555ad1fd5890d67,heldout,outbound,15_30,36,dvv,-0.001
D7aa66a52fff8600a,heldout,outbound,15_30,28,dvv,-0.0005
D7ac4428bb8bc05e6,heldout,outbound,15_30,32,dvv,-0.002
D56543272e8a1c8e7,heldout,outbound,15_30,38,dvv,0
D4141886bd2f7a882,heldout,outbound,15_30,4,dvv,0.002
D5449892b822a7b6c,heldout,outbound,15_30,18,dvv,-0.001
D3b80eb85e146ffb9,heldout,outbound,15_30,18,dvv,-0.0005
D50e23c07e11ce9cf,heldout,outbound,15_30,40,dvv,-0.005
D429b342d6677c590,heldout,outbound,15_30,34,dvv,0.002
D7803f7bdb8c831fd,heldout,outbound,15_30,34,dvv,0
D680a0b14963bd9b7,heldout,outbound,15_30,12,dvv,-0.001
D1262ad639165292e,heldout,outbound,15_30,36,dvv,-0.002
D570fcdbbe6d29cdb,heldout,outbound,15_30,30,dvv,-0.0002
D4374f9a5ed09864b,heldout,outbound,15_30,14,dvv,-0.0001
D311e2c7f88886dd8,heldout,outbound,15_30,34,dvv,0.005
D60a61c7dbde6f9e4,heldout,outbound,15_30,32,dvv,0
D02f1718808cc5c68,heldout,outbound,15_30,20,dvv,-0.0002
D41f39360aba25f92,heldout,outbound,15_30,24,dvv,0.0001
D45984d7718c6c6b7,heldout,outbound,15_30,2,dvv,0.001
D3533a333da41b949,heldout,outbound,15_30,42,dvv,0.0001
D5461ab068724a5ca,heldout,outbound,15_30,14,dvv,0.0001
D6a538c28bde7cd05,heldout,outbound,15_30,4,source_jitter,1.4932463e-05
D2b2712665a0a811f,heldout,outbound,15_30,24,dvv,-0.002
D19cc4687bc66f807,heldout,outbound,15_30,18,dvv,0.01
D2dd7d91fbf574e66,heldout,outbound,15_30,26,dvv,-0.0001
D1e91d94e5008060b,heldout,outbound,15_30,28,dvv,-0.01
D457c51d7495a35d2,heldout,outbound,15_30,38,dvv,0.002
D3eb181cd178ea2ce,heldout,outbound,15_30,38,dvv,-0.005
D1884eb8b94461adc,heldout,outbound,15_30,2,dvv,-0.01
D68ae7c9e8fbfb81b,heldout,outbound,15_30,38,dvv,-0.0001
D1d43070397a04cb0,heldout,outbound,15_30,32,dvv,0.01
D15c304efca1c5eb7,heldout,outbound,15_30,30,dvv,-0.002
D02c5c2ea50c2963f,heldout,outbound,15_30,44,dvv,-0.0002
D075e59f3ee6a56f9,heldout,outbound,15_30,22,dvv,-0.002
D368b7d3bda0ca489,heldout,outbound,15_30,34,dvv,0.0001
D2e37768209ad3a7e,heldout,outbound,15_30,22,dvv,0.001
D68de40ced7d3a213,heldout,outbound,15_30,44,source_jitter,0.000385534302
D27d3e26f9f5e635a,heldout,outbound,15_30,40,dvv,-0.0001
D659040e4f79abfe8,heldout,outbound,15_30,40,source_jitter,-0.000255221305
D742403eeb9930378,heldout,outbound,15_30,44,dvv,0.0002
D62cc4ef5bb51acac,heldout,outbound,15_30,34,dvv,0.001
D052945dc3bcc7229,heldout,outbound,15_30,2,dvv,0.01
D6b582aa3e125a68f,heldout,outbound,15_30,0,dvv,-0.005
D5eb423a28e7188ad,heldout,outbound,15_30,34,source_jitter,0.000274231119
D559c877e3d9475e8,heldout,outbound,15_30,0,dvv,0
D72e719e82f3138bb,heldout,outbound,15_30,2,dvv,0
D4e6602c84050b38c,heldout,outbound,15_30,36,dvv,0
D69d407ca671170d7,heldout,outbound,15_30,16,dvv,0
D1115b5951c178b1c,heldout,outbound,15_30,36,source_jitter,-0.00078921682
D65d90d46cd01d9fc,heldout,outbound,15_30,32,dvv,0.002
D3ca0af85bf4fefb8,heldout,outbound,15_30,28,dvv,0.001
D0a0a4623a9bd82d1,heldout,outbound,15_30,34,dvv,-0.01
D2f91c0c7ec021c86,heldout,outbound,15_30,4,dvv,0.01
D4c64690683e6824e,heldout,outbound,15_30,38,dvv,0.01
D7da4e1587640ef44,heldout,outbound,15_30,20,dvv,0.0001
D67e4a7f076ae8ff5,heldout,outbound,15_30,14,dvv,-0.005
D230886324da2d7b8,heldout,outbound,15_30,4,dvv,0
D5c892c0c42c6be08,heldout,outbound,15_30,12,dvv,-0.01
D1bde0442ace5e7ae,heldout,outbound,15_30,20,dvv,0.01
D34bde64a82240a87,heldout,outbound,15_30,22,dvv,0.005
D619b92dad205e480,heldout,outbound,15_30,24,dvv,0.0005
D638b55bada3036bf,heldout,outbound,15_30,22,dvv,-0.001
D725b40e11c0d132e,heldout,outbound,15_30,24,dvv,0.0002
D736716827d4fc6ae,heldout,outbound,15_30,42,dvv,0
D58ffec13c452ef83,heldout,outbound,15_30,26,dvv,0.001
D0dae6f6ed3a6e604,heldout,outbound,15_30,2,dvv,0.005
D2a44e559ab290e7b,heldout,outbound,15_30,26,dvv,-0.005
D39cee4afabe6a973,heldout,outbound,15_30,30,dvv,0.001
D5f26a3846f600089,heldout,outbound,15_30,40,dvv,0.01
D341b6a1b32f456d9,heldout,outbound,15_30,10,dvv,0.005
D4961abf090f0221d,heldout,outbound,15_30,2,dvv,0.0005
D7a49ac1846fe4f68,heldout,outbound,15_30,16,dvv,0.0001
D76c7a0f1b8da46a4,heldout,outbound,15_30,8,dvv,0.005
D4fde3fd91c1458b7,heldout,outbound,15_30,20,dvv,-0.0005
D27f8866248a05e47,heldout,outbound,15_30,6,dvv,-0.0001
D67ba43e615ddca13,heldout,outbound,15_30,22,dvv,-0.005
D234a93b6d5d5c614,heldout,outbound,15_30,44,dvv,0.002
D6279d0e643c44fc9,heldout,outbound,15_30,10,dvv,-0.0001
D038aced6a81b5b84,heldout,outbound,15_30,0,dvv,0.002
D500add7f8cdcef18,heldout,outbound,15_30,10,dvv,0.0002
D00c6dbf8285af7bb,heldout,outbound,15_30,26,dvv,0.01
D2c1c406efe59f81d,heldout,outbound,15_30,30,dvv,-0.0005
D2fd41a2a7ec5f736,heldout,outbound,15_30,4,dvv,0.0002
D4de76ba0532bea2c,heldout,outbound,15_30,6,dvv,0.0002
D428cd23c4eddce6f,heldout,outbound,15_30,38,dvv,-0.001
D3243027354a04c08,heldout,outbound,15_30,28,dvv,0.0001
D4e0c5fc499542e2b,heldout,outbound,15_30,8,constant_shift,0.005
D3fca327010c320e2,heldout,outbound,15_30,36,dvv,0.0005
D058f38350a16d7bf,heldout,outbound,15_30,38,constant_shift,0.005
D6e28f385dbab2bcf,heldout,outbound,15_30,12,dvv,0.01
D5555e42321ca20f7,heldout,outbound,15_30,24,dvv,-0.01
D1e88f9da60f86880,heldout,outbound,15_30,30,dvv,0.0002
D5b241a5a514909c5,heldout,outbound,15_30,18,dvv,0.002
D10e7c6e42d89f2b4,heldout,outbound,15_30,8,dvv,0.0001
D437eda37324ea8e7,heldout,outbound,15_30,42,dvv,-0.0005
D43d72d8e201f537d,heldout,outbound,15_30,20,dvv,-0.001
D69bfe030e42abab4,heldout,outbound,15_30,30,dvv,0.01
D7af11009873a3c2f,heldout,outbound,15_30,24,dvv,-0.0002
D0cbe838ee4e1c8ed,heldout,outbound,15_30,30,dvv,-0.0001
D1de0a04fea01ed31,heldout,outbound,15_30,20,constant_shift,0.005
D2065794cc5e8b039,heldout,outbound,15_30,42,dvv,0.0005
D16384f14c3544da3,heldout,outbound,15_30,36,dvv,0.002
D45bd50812308a72f,heldout,outbound,15_30,2,dvv,-0.0002
D10cd024e11c60421,heldout,outbound,15_30,14,dvv,-0.01
D5c2fb747accd3a6c,heldout,outbound,15_30,24,dvv,-0.0001
D2af6710fafeaf36d,heldout,outbound,15_30,14,dvv,-0.002
D4b0c11ca0c939b21,heldout,outbound,15_30,14,dvv,0.005
D4ae0315844de480a,heldout,outbound,15_30,0,dvv,0.01
D5bda74e2222d167c,heldout,outbound,15_30,14,dvv,-0.0002
D3dfc03e3e457fdd1,heldout,outbound,15_30,18,constant_shift,0.005
D75bec0cb4890d951,heldout,outbound,15_30,26,constant_shift,0.005
D6e81141549b11470,heldout,outbound,15_30,18,dvv,0.0002
D59ed73b9fdb57f52,heldout,outbound,15_30,44,dvv,-0.002
D08ce7d30696742da,heldout,outbound,15_30,18,dvv,-0.005
D3b4d686752f390e8,heldout,outbound,15_30,10,dvv,-0.002
D63db9cb0b8b3c0c1,heldout,outbound,15_30,18,dvv,0.001
D54791a2957bf1409,heldout,outbound,15_30,42,dvv,-0.01
D308bb2d9c38ea611,heldout,outbound,15_30,20,dvv,-0.005
D275af7f769479cd3,heldout,outbound,15_30,24,dvv,0.01
D4ec8c492ed7d20f1,heldout,outbound,15_30,32,constant_shift,0.005
D6d819f8ff64ddbe4,heldout,outbound,15_30,16,constant_shift,0.005
D33d58374f817decc,heldout,outbound,15_30,44,dvv,-0.01
D595d40499ea7020d,heldout,outbound,15_30,36,dvv,0.0002
D4a733e5396d79eb8,heldout,outbound,15_30,16,dvv,-0.0001
D6a7c0a4b0ee75822,heldout,outbound,15_30,18,dvv,-0.002
D103bfa8da0722af9,heldout,outbound,15_30,44,dvv,0
D62238e91282d42ff,heldout,outbound,15_30,22,dvv,-0.0005
D2ff28051b264dc6f,heldout,outbound,15_30,10,dvv,0.002
D1f70676f7ab2db2b,heldout,outbound,15_30,32,dvv,0.001
D21c2e6551d14437b,heldout,outbound,15_30,12,dvv,-0.0001
D740ec8db5abb2a41,heldout,outbound,15_30,32,dvv,-0.001
D1cd96c8b796cd47a,heldout,outbound,15_30,38,dvv,0.001
D033161a786b2a37e,heldout,outbound,15_30,26,dvv,0.0005
D528be67cf4c009f4,heldout,outbound,15_30,40,dvv,0.0005
D3617f9edda98e1ac,heldout,outbound,15_30,42,dvv,-0.0001
D0c6f65fb41275152,heldout,outbound,15_30,40,dvv,-0.002
D3e029dbe1ec82638,heldout,outbound,15_30,20,dvv,0.0002
D43c4f1038d33c3d7,heldout,outbound,15_30,34,dvv,-0.0005
D78d78caebbc870d2,heldout,outbound,15_30,10,dvv,-0.001
D63eb3b05fefad6e5,heldout,outbound,15_30,4,dvv,0.001
D079ab4fb79c1abef,heldout,outbound,15_30,2,dvv,-0.001
D036a581adb83de65,heldout,outbound,15_30,2,dvv,-0.0001
D4ee871cb366f7b72,heldout,outbound,15_30,28,constant_shift,0.005
D77d4a69cc5829145,heldout,outbound,15_30,0,dvv,-0.002
D4d2ce2d5c6e5a123,heldout,outbound,15_30,4,dvv,-0.0005
D025dfabbdcb46f8a,heldout,outbound,15_30,6,dvv,-0.0005
D43896ce837336a20,heldout,outbound,15_30,42,dvv,0.0002
D11b1928fb2735cb1,heldout,outbound,15_30,38,dvv,0.0005
D6abe5f3ef115dee4,heldout,outbound,15_30,26,dvv,0.0002
D135e14f1e1cbac97,heldout,outbound,15_30,14,dvv,0.002
D4b5bc570417c945a,heldout,outbound,15_30,18,dvv,0.005
D66595469bdc315c3,heldout,outbound,15_30,0,dvv,-0.0002
D5ef113d82bb60eda,heldout,outbound,15_30,4,dvv,-0.002
D36ab5301d68ee30b,heldout,outbound,15_30,30,dvv,-0.001
D1b456fe20c04e836,heldout,outbound,15_30,38,dvv,-0.0005
D15c34df7dff8422b,heldout,outbound,15_30,16,dvv,0.005
D077d4636ef40b5d2,heldout,outbound,15_30,8,dvv,-0.01
D6858366238b062f6,heldout,outbound,15_30,28,source_jitter,0.000333737369
D05c9a95e5ea0aaeb,heldout,outbound,15_30,28,dvv,-0.001
D6b0d906f6267bbd4,heldout,outbound,15_30,16,dvv,-0.0005
D7a58239d31beb79c,heldout,outbound,15_30,2,dvv,0.0002
D6e6e6955982e079a,heldout,outbound,15_30,4,dvv,0.0001
D19b56d4b8ffdad19,heldout,outbound,15_30,4,dvv,-0.005
D30d66447c4201a17,heldout,outbound,15_30,16,dvv,0.0002
D187f4e829f69d7e2,heldout,outbound,15_30,26,dvv,-0.0005
D63aed30a032f3976,heldout,outbound,15_30,24,dvv,0.002
D58f6629ff9b4fdaa,heldout,outbound,15_30,26,dvv,0.005
D034ded3417e77f52,heldout,outbound,15_30,20,dvv,0.001
D52363ad751db15ea,heldout,outbound,15_30,6,dvv,-0.0002
D2837eb17428c30fb,heldout,outbound,15_30,24,constant_shift,0.005
D35c20044775cf6c5,heldout,outbound,15_30,32,dvv,-0.0001
D6caa55df569aa872,heldout,outbound,15_30,18,dvv,-0.0001
D33310426f96544fc,heldout,outbound,15_30,10,dvv,-0.0002
D45514a438fbc3797,heldout,outbound,15_30,14,source_jitter,3.59608746e-05
D0486c459b9aa63d5,heldout,outbound,15_30,2,dvv,0.0001
D0a9fba9887311725,heldout,outbound,15_30,36,dvv,0.0001
D773a2eab170666cd,heldout,outbound,15_30,4,constant_shift,0.005
D56ce701498ee03f7,heldout,outbound,15_30,6,dvv,0.0001
D0be6b59fded54139,heldout,outbound,15_30,14,dvv,0
D05444539620b328d,heldout,outbound,15_30,18,dvv,0
D1280d7f43c7f0510,heldout,outbound,15_30,18,dvv,-0.0002
D21e45236c554e2ce,heldout,outbound,15_30,28,dvv,-0.005
D5c6d5fec7bca4281,heldout,outbound,15_30,30,dvv,0
D3b233978be1cce27,heldout,outbound,15_30,8,dvv,-0.0001
D2aa06f0a84e65dbe,heldout,outbound,15_30,42,constant_shift,0.005
D1150be2ed0724f55,heldout,outbound,15_30,40,dvv,-0.0002
D0ef6a267dc49d162,heldout,outbound,15_30,8,dvv,-0.001
D39c2fd6e9c7bf9cd,heldout,outbound,15_30,12,dvv,-0.0005
D54e568cb91562bff,heldout,outbound,15_30,42,dvv,0.005
D3d99f9d89514b9f6,heldout,outbound,15_30,20,dvv,0.0005
D2233d2aa4dc52c93,heldout,outbound,15_30,4,dvv,-0.001
D10194ae75f245691,heldout,outbound,15_30,34,dvv,-0.0002
D5fbaf34d258922ab,heldout,outbound,15_30,0,dvv,-0.001
D0316e9effad227db,heldout,outbound,15_30,34,dvv,0.01
D35db3c5343b8a8c5,heldout,outbound,15_30,8,dvv,0.01
D29ea72bfa8a19e55,heldout,outbound,15_30,40,dvv,-0.0005
D2c264ce0e4f42c2b,heldout,outbound,15_30,42,dvv,0.002
D731568f0c2832861,heldout,outbound,15_30,8,dvv,0.0005
D7e4954993cd3ef30,heldout,outbound,15_30,8,dvv,-0.005
D6048ef9047a94504,heldout,outbound,15_30,26,dvv,0
D770cc75864eb6221,heldout,outbound,15_30,32,dvv,-0.0005
D19bec7cfb5aa11f8,heldout,outbound,15_30,24,dvv,0
D6416271c1fc430d3,heldout,outbound,15_30,0,dvv,-0.0005
D16ad2c5fb889dfa3,heldout,outbound,15_30,36,dvv,-0.0001
D720f03403fbe59ad,heldout,outbound,15_30,32,dvv,-0.0002
D729ad380e52dda3f,heldout,outbound,15_30,6,source_jitter,4.02908766e-07
D2b4f028bab671208,heldout,outbound,15_30,10,dvv,-0.0005
D38eae00fdef36c0f,heldout,outbound,15_30,40,dvv,0.001
D29fd8fcbca8d5755,heldout,outbound,15_30,34,dvv,0.0005
D7daa4d2ebc9661f0,heldout,outbound,15_30,44,dvv,-0.0005
D32f30f892b43fee4,heldout,outbound,15_30,32,dvv,0.0005
D52cecd4251913a3c,heldout,outbound,15_30,22,dvv,0.0002
D131309a33934a8f9,heldout,outbound,15_30,10,source_jitter,9.56749406e-05
D3588dcb5abc3b6cc,heldout,outbound,15_30,28,dvv,0.005
D3ef85aadbb800d14,heldout,outbound,15_30,14,dvv,0.001
D4e823c005f34b6f0,heldout,outbound,15_30,30,dvv,0.002
D0f906151e0ce2ba6,heldout,outbound,15_30,36,dvv,0.005
D423159ad52eea9df,heldout,outbound,15_30,6,dvv,-0.01
D59b6d5a936fb619e,heldout,outbound,15_30,36,dvv,-0.0002
D3384cfebae3aebd3,heldout,outbound,15_30,30,dvv,0.0005
D560799a79a4a9f66,heldout,outbound,15_30,0,dvv,0.001
D5cc2c055be917d1b,heldout,outbound,15_30,44,dvv,0.0005
D613946dcc8b1dac3,heldout,outbound,15_30,40,dvv,0.0001
D36fbdd5a6b3f543b,heldout,outbound,15_30,40,dvv,0.005
D354bfc623cbfde81,heldout,outbound,15_30,38,dvv,0.0002
D620b26ca49792e25,heldout,outbound,15_30,44,dvv,-0.001
D5cc8d5fd375e7963,heldout,outbound,15_30,16,dvv,-0.01
D203743866e8464e4,heldout,outbound,15_30,22,dvv,0.01
D161e40ee0df8ecb2,heldout,outbound,15_30,40,constant_shift,0.005
D3a514fe1a5ed316e,heldout,outbound,15_30,44,dvv,0.0001
D657bdc0116b122b1,heldout,outbound,15_30,6,dvv,0
D502b2893754bce93,heldout,outbound,15_30,4,dvv,0.005
D28a167c86e0b0e50,heldout,outbound,15_30,16,dvv,-0.001
D3f24aaadbf9dd4cd,heldout,outbound,15_30,26,dvv,-0.01
D14f9324f596fa866,heldout,outbound,15_30,32,dvv,0.005
D2b01777261fc47a0,heldout,outbound,15_30,30,source_jitter,-0.000108577403
D143efbbc4793a4c5,heldout,outbound,15_30,26,dvv,-0.001
D4beefb03b4010b58,heldout,outbound,15_30,0,dvv,-0.01
D7ac81adc05f9c1b3,heldout,outbound,15_30,42,source_jitter,0.000215567779
D181a9a617914a72f,heldout,outbound,15_30,42,dvv,0.001
D2477182844e16727,heldout,outbound,15_30,8,dvv,-0.0005
D141097833de472cb,heldout,outbound,15_30,40,dvv,0
D0b67abf50fd94649,heldout,outbound,15_30,10,dvv,0.0001
D09a69e718b7295e7,heldout,outbound,15_30,4,dvv,-0.0002
D09f897eac5a8ca50,heldout,outbound,15_30,22,dvv,-0.0001
D16d4d6b5f123c5ef,heldout,outbound,15_30,0,dvv,-0.0001
D3540bda7ae757973,heldout,outbound,15_30,24,dvv,-0.001
D57679598b70bc1e0,heldout,outbound,15_30,36,dvv,-0.005
D3090f6eeaf2a96d4,heldout,outbound,15_30,10,dvv,0.001
D5a16c98ce1128fbd,heldout,outbound,15_30,4,dvv,-0.01
D41296aa85db116ef,heldout,outbound,15_30,12,dvv,0
D773b45c04c5e7537,heldout,outbound,15_30,28,dvv,0.01
D7fbb06a2e36a56ac,heldout,outbound,15_30,30,dvv,0.005
D19f3fc9c6f4c3813,heldout,outbound,15_30,12,constant_shift,0.005
D35df4881c449674c,heldout,outbound,15_30,14,dvv,0.0002
D24d42754ebd1647e,heldout,outbound,15_30,44,dvv,0.001
D2d9815b2b17a068e,heldout,outbound,15_30,32,dvv,0.0001
D26a4c3ba997fca52,heldout,outbound,15_30,24,source_jitter,-0.000778851024
D611f1abc46ebbdbf,heldout,outbound,15_30,38,dvv,-0.0002
D2f6dafc013dc43b5,heldout,outbound,15_30,40,dvv,-0.001
D5bad35d52351e8c5,heldout,outbound,15_30,6,dvv,0.002
D7b8c6425fb7ed490,heldout,outbound,15_30,42,dvv,-0.0002
D27a71cc2e48db0f2,heldout,outbound,15_30,34,dvv,0.0002
D52b7c7200e7bd019,heldout,outbound,15_30,20,dvv,0
D6baf1ec5223f515f,heldout,outbound,15_30,6,dvv,0.01
D0e63204477d3e14e,heldout,outbound,15_30,34,constant_shift,0.005
D5d07706ea9ef45ee,heldout,outbound,15_30,20,dvv,-0.002
D64bf8eab5af9629b,heldout,outbound,15_30,2,source_jitter,0.000308416078
D7a0e024dcb458672,heldout,outbound,15_30,36,dvv,0.01
D5bb411193a6dcdca,heldout,outbound,15_30,2,dvv,-0.002
D75c8df5ee8e87f01,heldout,outbound,15_30,12,dvv,-0.002
D29cab56518cdb561,heldout,outbound,15_30,10,dvv,-0.01
D018f943238be6647,heldout,outbound,15_30,40,dvv,0.002
D63577ab1ed2e7ee1,heldout,outbound,15_30,10,dvv,0.0005
D600ed66672e7212e,heldout,outbound,15_30,12,dvv,0.005
D384bf25a043eb9e2,heldout,outbound,15_30,44,constant_shift,0.005
D75c09ff2cbf54bdf,heldout,outbound,15_30,30,constant_shift,0.005
D4a2c89772a05b256,heldout,outbound,15_30,8,dvv,0
D6a566da11d4fa773,heldout,outbound,15_30,32,dvv,-0.005
D3e1501981c6f7748,heldout,outbound,15_30,16,dvv,0.002
D269501dec0b265c0,heldout,outbound,15_30,0,dvv,0.0002
D3cc663405a54ef28,heldout,outbound,15_30,40,dvv,0.0002
D30f0d2d1f975375f,heldout,outbound,3_15,38,dvv,0.0005
D5c20f2675df864e3,heldout,outbound,3_15,38,dvv,-0.0001
D6bc181b54b2b0acd,heldout,outbound,3_15,18,dvv,0.005
D4f497e22c3b58fed,heldout,outbound,3_15,28,dvv,-0.0001
D0cce0bace754799f,heldout,outbound,3_15,36,dvv,0.0005
D027e262364323d08,heldout,outbound,3_15,34,dvv,0.0005
D23fd17e8520ee044,heldout,outbound,3_15,8,dvv,0
D07b6121ff9fd70c8,heldout,outbound,3_15,22,dvv,-0.0005
D31d5299696cef601,heldout,outbound,3_15,2,constant_shift,0.005
D103917441557ee8a,heldout,outbound,3_15,10,dvv,-0.002
D22e83433e350e64b,heldout,outbound,3_15,2,dvv,0.0001
D3177681e237257f9,heldout,outbound,3_15,18,dvv,-0.002
D6272e420bb181b26,heldout,outbound,3_15,36,dvv,-0.001
D3dc4c452e24d1efe,heldout,outbound,3_15,26,dvv,0.001
D470deaf60a1b9b02,heldout,outbound,3_15,18,dvv,-0.0002
D10ecbcd85babf122,heldout,outbound,3_15,0,dvv,-0.001
D7301ada9e64186fa,heldout,outbound,3_15,38,dvv,0.001
D70906891fca50e71,heldout,outbound,3_15,30,dvv,0.002
D709238669c6700e1,heldout,outbound,3_15,14,dvv,0
D000f64c462f21fdf,heldout,outbound,3_15,40,source_jitter,4.02411467e-05
D58cfd8c3cbdfe99f,heldout,outbound,3_15,44,constant_shift,0.005
D412c7123f75c7151,heldout,outbound,3_15,8,dvv,-0.0002
D2996bea83e3c40c9,heldout,outbound,3_15,44,dvv,0.0002
D652b6258bf0182a7,heldout,outbound,3_15,0,dvv,0.0005
D6c5490b1572ae19a,heldout,outbound,3_15,6,dvv,0.005
D6699a0ed71e168ed,heldout,outbound,3_15,32,dvv,-0.005
D49094fe519062057,heldout,outbound,3_15,6,dvv,-0.0002
D675d65717b960b88,heldout,outbound,3_15,36,dvv,0.0002
D5e2cf02ef94a1bb1,heldout,outbound,3_15,12,dvv,0.01
D0bcad409b7f2296e,heldout,outbound,3_15,26,dvv,-0.002
D46d6086dcb8d42c6,heldout,outbound,3_15,16,dvv,0
D373a91a4b0b9bfcf,heldout,outbound,3_15,4,constant_shift,0.005
D45637c7b63116782,heldout,outbound,3_15,38,dvv,0.0001
D79374e407256f1d7,heldout,outbound,3_15,4,dvv,-0.01
D42036d34eced2772,heldout,outbound,3_15,18,dvv,-0.01
D566b28ed3ff30ab8,heldout,outbound,3_15,6,source_jitter,9.72781629e-05
D1b516771d60bc766,heldout,outbound,3_15,0,dvv,-0.0002
D728bd74f87369a5c,heldout,outbound,3_15,14,dvv,-0.0001
D532a0a3dc0648df1,heldout,outbound,3_15,10,dvv,-0.0002
D190adfecc5e12949,heldout,outbound,3_15,22,dvv,-0.002
D39b494e8ca71e647,heldout,outbound,3_15,4,dvv,0.0002
D715995df137b24f8,heldout,outbound,3_15,32,dvv,-0.0002
D68b55103957b380d,heldout,outbound,3_15,2,dvv,0
D7074be136672b387,heldout,outbound,3_15,44,dvv,-0.0002
D4e775886923271e9,heldout,outbound,3_15,2,dvv,0.0002
D1cc498db5ca8e57c,heldout,outbound,3_15,20,dvv,-0.002
D0f256a8e40666052,heldout,outbound,3_15,12,dvv,0.0005
D0a7a29cf7487741a,heldout,outbound,3_15,22,dvv,-0.01
D63dfeae7f64d000c,heldout,outbound,3_15,16,dvv,-0.002
D7f31271c941d5087,heldout,outbound,3_15,38,dvv,-0.0002
D7e09849745166f41,heldout,outbound,3_15,40,dvv,-0.01
D38ff292ef02b9c70,heldout,outbound,3_15,6,dvv,0.002
D2c88d3ca77ad37b8,heldout,outbound,3_15,26,dvv,0.005
D3aa3efd675b1988f,heldout,outbound,3_15,36,constant_shift,0.005
D5a6a6ea70dc3da86,heldout,outbound,3_15,4,dvv,0.005
D08d2949bb9cba485,heldout,outbound,3_15,10,dvv,0.002
D6de9a266ef5c7efd,heldout,outbound,3_15,18,dvv,0.001
D5dfd32e1303f740b,heldout,outbound,3_15,18,dvv,-0.0001
D669c29cb6b93b647,heldout,outbound,3_15,42,dvv,0.0001
D4b3ea8f89a219a23,heldout,outbound,3_15,8,constant_shift,0.005
D1f37124571fc8c17,heldout,outbound,3_15,20,dvv,0.0001
D10f1c5ba9e33b4f1,heldout,outbound,3_15,2,dvv,-0.002
D5619baf2ede33cb5,heldout,outbound,3_15,36,dvv,0
D457bd9d51bd9c4a8,heldout,outbound,3_15,24,dvv,-0.0005
D275a50be714b93a8,heldout,outbound,3_15,6,dvv,0.01
D3a4d30795caffbbc,heldout,outbound,3_15,16,constant_shift,0.005
D4735b6237838ba10,heldout,outbound,3_15,10,dvv,0.0002
D010035d052d37a96,heldout,outbound,3_15,24,dvv,0.0001
D6b4509cec1ece2c5,heldout,outbound,3_15,10,dvv,-0.005
D28372f5c3c96f183,heldout,outbound,3_15,44,dvv,-0.002
D359e8ea95d98c374,heldout,outbound,3_15,4,dvv,0.002
D1523140e77593413,heldout,outbound,3_15,16,dvv,-0.01
D0109e8ec1e323f20,heldout,outbound,3_15,40,dvv,0.001
D37d3f6c79a938156,heldout,outbound,3_15,40,dvv,-0.0001
D71001eedeb7fae92,heldout,outbound,3_15,0,dvv,0.01
D2dcf77f92ad2ed20,heldout,outbound,3_15,20,constant_shift,0.005
D257025800f1bc271,heldout,outbound,3_15,32,dvv,0.005
D55fc3a569f0fe3fb,heldout,outbound,3_15,14,dvv,0.001
D0f0d590eb4bed267,heldout,outbound,3_15,28,dvv,0.005
D1f0be23cc5a68825,heldout,outbound,3_15,0,dvv,0.005
D335d740d2c6f55a2,heldout,outbound,3_15,22,dvv,-0.005
D2cc75203723ff939,heldout,outbound,3_15,34,dvv,0.01
D09886cab24199466,heldout,outbound,3_15,8,dvv,-0.0001
D4a03c13f368e4245,heldout,outbound,3_15,22,dvv,-0.0002
D1ed43d967de0b3b6,heldout,outbound,3_15,8,dvv,-0.002
D71bff5fdfa70fe10,heldout,outbound,3_15,4,dvv,-0.005
D37b551dbcf534bfd,heldout,outbound,3_15,38,dvv,-0.005
D0d8e08e5d671b3e3,heldout,outbound,3_15,30,dvv,-0.002
D686f840745f118a9,heldout,outbound,3_15,26,dvv,-0.0002
D55eac9fd453b7126,heldout,outbound,3_15,16,dvv,-0.0002
D32cc968a6e792fcc,heldout,outbound,3_15,12,dvv,-0.002
D032631ee8e09dd27,heldout,outbound,3_15,20,dvv,0.0005
D2be5e5b9fbd4f1f7,heldout,outbound,3_15,30,dvv,0.0001
D21626bc47016ff2e,heldout,outbound,3_15,26,dvv,0.0005
D5fb706104d5f77c7,heldout,outbound,3_15,0,dvv,-0.0005
D2679fd8dcc10d6c7,heldout,outbound,3_15,8,dvv,0.001
D0d37deaef3164666,heldout,outbound,3_15,30,dvv,-0.005
D7bf57998bf768dcb,heldout,outbound,3_15,28,dvv,0.001
D19bc09214270730b,heldout,outbound,3_15,2,dvv,-0.005
D2adbe9549155348a,heldout,outbound,3_15,2,dvv,0.01
D5d34ec587e4b1aec,heldout,outbound,3_15,34,dvv,-0.01
D2252f7a5e8ab5033,heldout,outbound,3_15,14,dvv,0.005
D63312fc6641e6488,heldout,outbound,3_15,34,dvv,-0.0002
D1970628458e52d67,heldout,outbound,3_15,12,dvv,0.002
D30ba336e21d8ce7d,heldout,outbound,3_15,2,dvv,0.005
D28bd22cb0d43808e,heldout,outbound,3_15,28,dvv,-0.001
D6043c0ebccf1aa55,heldout,outbound,3_15,32,dvv,0.002
D23ec3225c0af9a92,heldout,outbound,3_15,14,dvv,-0.01
D7e4e4fbd1cf7f93e,heldout,outbound,3_15,18,dvv,0.0005
D1f2a1640027af6f8,heldout,outbound,3_15,32,dvv,0.0002
D5a65fa77640ffb57,heldout,outbound,3_15,18,dvv,-0.0005
D118cbfe3799af6a9,heldout,outbound,3_15,4,dvv,0.01
D16c68c4362bbe7ef,heldout,outbound,3_15,2,dvv,0.002
D0cbeb84a103a9905,heldout,outbound,3_15,42,dvv,-0.0001
D7d924fe7e92d949c,heldout,outbound,3_15,24,dvv,-0.0001
D7c426a424a79ef04,heldout,outbound,3_15,42,dvv,-0.001
D6bb9611803d795bc,heldout,outbound,3_15,24,dvv,-0.0002
D3ac3594b0690c976,heldout,outbound,3_15,12,source_jitter,-3.52606971e-05
D6d95e2639b5dc5d5,heldout,outbound,3_15,14,dvv,0.0002
D1f270e2e1b897452,heldout,outbound,3_15,20,dvv,0.01
D245d531752b77296,heldout,outbound,3_15,2,dvv,-0.0005
D113ecb6fd44cb3e2,heldout,outbound,3_15,14,dvv,-0.005
D1d71a307c8869aaf,heldout,outbound,3_15,34,dvv,-0.001
D413f5c42dff63150,heldout,outbound,3_15,22,source_jitter,-0.00053651347
D3165e1010d49aa01,heldout,outbound,3_15,32,dvv,-0.002
D77cb37746fd41717,heldout,outbound,3_15,18,constant_shift,0.005
D721d5cc172cdf214,heldout,outbound,3_15,4,dvv,-0.0001
D3a676362abede4d0,heldout,outbound,3_15,26,dvv,-0.001
D524f84c54b7c65a9,heldout,outbound,3_15,22,dvv,0.005
D6d424943584813e3,heldout,outbound,3_15,22,dvv,0
D5225e6514135b8b2,heldout,outbound,3_15,42,constant_shift,0.005
D65e92cf47a7d2974,heldout,outbound,3_15,16,dvv,0.01
D276f9031b3e65a15,heldout,outbound,3_15,22,dvv,0.0005
D109770a3a414aeec,heldout,outbound,3_15,12,dvv,-0.0005
D0a69c29a7f7bf691,heldout,outbound,3_15,6,constant_shift,0.005
D50ab9417bda852d4,heldout,outbound,3_15,28,dvv,-0.002
D2511f7d8332b8af0,heldout,outbound,3_15,40,dvv,0.01
D6be3de59166dca43,heldout,outbound,3_15,36,dvv,-0.01
D1861db248144da56,heldout,outbound,3_15,40,dvv,0.0005
D39d2add847b06552,heldout,outbound,3_15,10,dvv,0.01
D6ea1d62b300bb1fd,heldout,outbound,3_15,24,dvv,0.001
D0a95aa6b97ea34a0,heldout,outbound,3_15,14,dvv,0.002
D559f70503f33e0d9,heldout,outbound,3_15,28,dvv,0.01
D70665867430d1258,heldout,outbound,3_15,42,dvv,-0.01
D798f39b881b09034,heldout,outbound,3_15,40,dvv,-0.002
D233e5d61bbf7aad8,heldout,outbound,3_15,28,dvv,0.0001
D586222b114eb03c7,heldout,outbound,3_15,20,dvv,0.0002
D0c81652a887dfeac,heldout,outbound,3_15,2,dvv,-0.0001
D4521b5b31edb7681,heldout,outbound,3_15,0,source_jitter,-6.66686089e-05
D54102e36bdc4f26f,heldout,outbound,3_15,16,dvv,-0.005
D04b160b30b07fdc8,heldout,outbound,3_15,30,dvv,0.001
D2480b022364219af,heldout,outbound,3_15,0,dvv,0.002
D541173e0c22d6f9b,heldout,outbound,3_15,16,dvv,-0.0001
D4d15a04d29a6aa54,heldout,outbound,3_15,36,dvv,-0.0001
D5153d8f879af491c,heldout,outbound,3_15,34,dvv,0.0001
D4a78b9d2d01d8182,heldout,outbound,3_15,44,source_jitter,-0.000231026639
D6e8c2c9add7a9b71,heldout,outbound,3_15,38,source_jitter,0.000184653196
D56f6e8a5c38e234c,heldout,outbound,3_15,6,dvv,-0.002
D502ff95fdb16c350,heldout,outbound,3_15,30,dvv,-0.01
D2adba4fee87675ae,heldout,outbound,3_15,42,dvv,0.0005
D71c7d3bc7e3331ab,heldout,outbound,3_15,14,source_jitter,-0.000252974651
D6129f23630dead32,heldout,outbound,3_15,44,dvv,-0.005
D1aedd760b2cfec7c,heldout,outbound,3_15,30,dvv,0.005
D1228b4a76615d39d,heldout,outbound,3_15,16,dvv,0.005
D01db58d2b47cd351,heldout,outbound,3_15,8,dvv,0.002
D3125c0bdf36a9087,heldout,outbound,3_15,18,dvv,0.0001
D0317f4f06d62555a,heldout,outbound,3_15,2,dvv,0.001
D7b449198030bd1c0,heldout,outbound,3_15,32,dvv,-0.0005
D360a657337da74b0,heldout,outbound,3_15,26,dvv,-0.0001
D4ccc3ee292dd3818,heldout,outbound,3_15,20,dvv,-0.0002
D6a3095695368bc0d,heldout,outbound,3_15,6,dvv,0.0001
D6532efcf63b91493,heldout,outbound,3_15,36,dvv,0.0001
D285fd5f77619a2d9,heldout,outbound,3_15,6,dvv,-0.0001
D093741011fa3ab40,heldout,outbound,3_15,28,dvv,0.002
D0640adeb7a7fca00,heldout,outbound,3_15,20,dvv,0.005
D4c28f1472ccb8701,heldout,outbound,3_15,36,dvv,-0.002
D2a8d53858846ebae,heldout,outbound,3_15,38,dvv,-0.0005
D28bb92988f6fb948,heldout,outbound,3_15,24,dvv,-0.001
D167e1bd095266fef,heldout,outbound,3_15,6,dvv,0.001
D7c2b7fa8f2b9c915,heldout,outbound,3_15,12,dvv,-0.0001
D0e3d7d0bd5a931fc,heldout,outbound,3_15,10,dvv,-0.0001
D5a16aa6d27aea9cb,heldout,outbound,3_15,32,source_jitter,0.000267797426
D5be73109bc876045,heldout,outbound,3_15,4,dvv,-0.002
D30dd745151b1e327,heldout,outbound,3_15,6,dvv,-0.01
D501870d3b2529bf5,heldout,outbound,3_15,44,dvv,0.01
D1eecc3f6e1c0e0f0,heldout,outbound,3_15,6,dvv,0
D4edac6c07fb78052,heldout,outbound,3_15,2,source_jitter,3.98011287e-05
D08c5be1db8ca6658,heldout,outbound,3_15,10,constant_shift,0.005
D0c3d662f7c727bc8,heldout,outbound,3_15,36,dvv,-0.0002
D560bb67217702061,heldout,outbound,3_15,12,constant_shift,0.005
D2201d79615e2bae6,heldout,outbound,3_15,26,dvv,0.002
D73e806b90d93b15f,heldout,outbound,3_15,36,dvv,0.005
D666f7de9e5967763,heldout,outbound,3_15,26,dvv,-0.0005
D27c28dd3cd16cd61,heldout,outbound,3_15,32,dvv,-0.001
D332e88c33c6ad463,heldout,outbound,3_15,38,dvv,-0.002
D7dd1d171c274a818,heldout,outbound,3_15,40,dvv,-0.0002
D2ff4e662e1e4f65b,heldout,outbound,3_15,42,dvv,0.01
D3f5f536480b81b32,heldout,outbound,3_15,16,source_jitter,-0.000230969458
D3fcc52e17b57d457,heldout,outbound,3_15,12,dvv,0.0001
D6d23bf06a00ac803,heldout,outbound,3_15,42,dvv,0.0002
D66a87ff7143ab6bd,heldout,outbound,3_15,42,dvv,-0.0005
D0c084c43e25eaf8a,heldout,outbound,3_15,28,constant_shift,0.005
D76fd3dcf6ac4df13,heldout,outbound,3_15,30,dvv,-0.0005
D48a3ab9792c98b10,heldout,outbound,3_15,10,dvv,0.001
D7f6f5f4504d23cb6,heldout,outbound,3_15,32,dvv,-0.01
D476e2b8eea1d2d4c,heldout,outbound,3_15,18,dvv,-0.005
D2084f1c355026054,heldout,outbound,3_15,8,dvv,-0.01
D7fcd0b762e75e2de,heldout,outbound,3_15,42,dvv,0.005
D098f31368f70ba0c,heldout,outbound,3_15,24,dvv,0.0005
D2ed94d3bf0e9ca4e,heldout,outbound,3_15,10,dvv,-0.01
D29e7ff7eac89adaa,heldout,outbound,3_15,0,dvv,0.001
D2f87d5aa2bc5084b,heldout,outbound,3_15,34,constant_shift,0.005
D55e1851592a78965,heldout,outbound,3_15,34,dvv,-0.002
D60bfaba159bd1b61,heldout,outbound,3_15,8,source_jitter,-0.000105211031
D2f20f169f2e9a24b,heldout,outbound,3_15,12,dvv,0.001
D6db79b7d22d73392,heldout,outbound,3_15,42,dvv,-0.002
D3a310cc0ac4dbc91,heldout,outbound,3_15,34,dvv,-0.0001
D4c5c47937ad1b912,heldout,outbound,3_15,44,dvv,-0.0001
D2e59d6eb42266a2b,heldout,outbound,3_15,20,dvv,0.002
D78a24f1526b69f41,heldout,outbound,3_15,42,source_jitter,-0.000348569677
D101fa4d6d172a732,heldout,outbound,3_15,10,dvv,0.005
D5d6e6630b5496839,heldout,outbound,3_15,32,dvv,0
D4b556c69eeeb8094,heldout,outbound,3_15,12,dvv,0.0002
D641449c04c6e101d,heldout,outbound,3_15,32,dvv,0.0001
D12def7660e4f94c6,heldout,outbound,3_15,40,dvv,0.005
D46dd0cec07bac6f5,heldout,outbound,3_15,24,source_jitter,-0.000758933407
D308bf1ab544ee266,heldout,outbound,3_15,18,dvv,0
D3b242a7b2c1967ee,heldout,outbound,3_15,10,source_jitter,2.68198399e-05
D3cbcc7e4b448afdb,heldout,outbound,3_15,30,dvv,0.0005
D598ce5952d64cacf,heldout,outbound,3_15,42,dvv,-0.0002
D0b034469e542f322,heldout,outbound,3_15,26,dvv,-0.005
D6bbbd5de63b63965,heldout,outbound,3_15,2,dvv,-0.01
D3d237bba91b00021,heldout,outbound,3_15,20,dvv,-0.0005
D6ffbc1252826c7b7,heldout,outbound,3_15,24,dvv,0.01
D7a6e99ad1f93e998,heldout,outbound,3_15,0,dvv,-0.005
D06b50d17412cd4af,heldout,outbound,3_15,34,dvv,0.001
D26fda58c8d6640b1,heldout,outbound,3_15,44,dvv,-0.01
D5cd08ba36b6678c9,heldout,outbound,3_15,6,dvv,0.0002
D7009009a489617c0,heldout,outbound,3_15,30,dvv,0.01
D6bb1d1cdb3ee25bf,heldout,outbound,3_15,24,dvv,0.002
D7babd94199d9c61f,heldout,outbound,3_15,40,constant_shift,0.005
D25db5f500c801c88,heldout,outbound,3_15,18,dvv,0.01
D3ed83c5c8da1e190,heldout,outbound,3_15,4,source_jitter,-0.00029187291
D5230a9c5659dd10d,heldout,outbound,3_15,16,dvv,0.0001
D6e53fcda3b10a014,heldout,outbound,3_15,0,dvv,0.0001
D7c4e75e2fad88e32,heldout,outbound,3_15,30,dvv,0
D1562981b785e2895,heldout,outbound,3_15,2,dvv,-0.001
D4ec930b8b9bea1c7,heldout,outbound,3_15,34,dvv,0.0002
D7fa5fa849ee300d9,heldout,outbound,3_15,6,dvv,-0.005
D27951d45efa919d9,heldout,outbound,3_15,38,dvv,0.01
D06245e7fd42bb573,heldout,outbound,3_15,22,dvv,0.002
D31a5924e55b19e26,heldout,outbound,3_15,40,dvv,-0.005
D77358426b9f4a4f9,heldout,outbound,3_15,10,dvv,-0.001
D37606e6f3ac7d578,heldout,outbound,3_15,6,dvv,0.0005
D67725c525b1a32e1,heldout,outbound,3_15,8,dvv,-0.0005
D00923051a5e5baeb,heldout,outbound,3_15,12,dvv,-0.005
D2653e177f6cfba0e,heldout,outbound,3_15,2,dvv,0.0005
D69eaa682c78d8728,heldout,outbound,3_15,16,dvv,-0.001
D5d9c925c8d22deab,heldout,outbound,3_15,44,dvv,0.0005
D7d2fdd64a35f550a,heldout,outbound,3_15,0,dvv,-0.0001
D31cb71105728a7a1,heldout,outbound,3_15,24,dvv,-0.005
D76a11f38fd70cf97,heldout,outbound,3_15,0,constant_shift,0.005
D00f9d22998e3bfd8,heldout,outbound,3_15,12,dvv,-0.0002
D445102a8f5c630fe,heldout,outbound,3_15,30,dvv,-0.0002
D2b41d5b2c402e49f,heldout,outbound,3_15,44,dvv,0.005
D51a3446f3f2e0418,heldout,outbound,3_15,26,dvv,0
D698d6977cfa4455e,heldout,outbound,3_15,38,dvv,0.002
D3eb9cccef232659c,heldout,outbound,3_15,30,source_jitter,-4.5941647e-05
D57b1edcda11427d1,heldout,outbound,3_15,36,dvv,-0.0005
D0b1ae291a15c3b5d,heldout,outbound,3_15,26,dvv,0.0001
D526bb8d15eb226a4,heldout,outbound,3_15,12,dvv,-0.01
D77d2dd95e1399e14,heldout,outbound,3_15,20,dvv,-0.01
D60df0838ca23f9a0,heldout,outbound,3_15,18,dvv,-0.001
D27e044145daf9ee1,heldout,outbound,3_15,34,source_jitter,0.000365766001
D175afe996fe30874,heldout,outbound,3_15,20,source_jitter,0.000319974254
D380b9a064105023a,heldout,outbound,3_15,8,dvv,0.0002
D2c3158bcd165201e,heldout,outbound,3_15,42,dvv,0.001
D7ddf2b6670ef0bed,heldout,outbound,3_15,42,dvv,-0.005
D622838317662d93e,heldout,outbound,3_15,20,dvv,-0.0001
D74921a2b49d32a56,heldout,outbound,3_15,36,dvv,0.001
D2bad539fde318481,heldout,outbound,3_15,34,dvv,-0.0005
D068a50cfcc662bf5,heldout,outbound,3_15,34,dvv,0.005
D6a05118fa829f85f,heldout,outbound,3_15,8,dvv,0.005
D74ca4997885d8113,heldout,outbound,3_15,14,dvv,-0.0002
D720a11e20d3fdd81,heldout,outbound,3_15,22,dvv,-0.0001
D59cc168ed4a16367,heldout,outbound,3_15,38,dvv,0.0002
D0519a5769ec95a8c,heldout,outbound,3_15,22,dvv,0.01
D7f3f844b89747068,heldout,outbound,3_15,0,dvv,0
D1efadf89cdb736b5,heldout,outbound,3_15,26,dvv,0.01
D136ae5d8bb77ba71,heldout,outbound,3_15,40,dvv,-0.001
D14d3f90a7de86fef,heldout,outbound,3_15,36,source_jitter,-0.000303513371
D76a8201434790792,heldout,outbound,3_15,38,dvv,-0.001
D1c91727cfab0eafe,heldout,outbound,3_15,40,dvv,0.0002
D40c05033b1e164a3,heldout,outbound,3_15,24,dvv,0.005
D66bfaef57ea4a4bb,heldout,outbound,3_15,24,dvv,0
D366e9f47187b7a7d,heldout,outbound,3_15,44,dvv,0.002
D67c15148aa5e0d8a,heldout,outbound,3_15,8,dvv,0.01
D7c6cf9fc006f6af3,heldout,outbound,3_15,0,dvv,-0.01
D3743bd69b47c6832,heldout,outbound,3_15,14,dvv,0.01
D0342427411bd4944,heldout,outbound,3_15,12,dvv,-0.001
D148729902ce53974,heldout,outbound,3_15,32,dvv,0.0005
D2d71e339b726c004,heldout,outbound,3_15,26,source_jitter,-0.000626086327
D19883a4ccb552c70,heldout,outbound,3_15,38,dvv,-0.01
D70b4051a84cedae9,heldout,outbound,3_15,28,dvv,-0.0002
D13ae70b151d82aff,heldout,outbound,3_15,40,dvv,0
D256f195bc7d158e7,heldout,outbound,3_15,6,dvv,-0.001
D17e21c5e8f916e3d,heldout,outbound,3_15,16,dvv,0.001
D75469f997186f611,heldout,outbound,3_15,40,dvv,-0.0005
D138cf30930ad9eb6,heldout,outbound,3_15,44,dvv,-0.0005
D5942a3ca2b1d0bbd,heldout,outbound,3_15,4,dvv,-0.001
D149256e83b0b0fdb,heldout,outbound,3_15,2,dvv,-0.0002
D39135a3ae5977261,heldout,outbound,3_15,22,dvv,0.0001
D4d83ad3d2796c3be,heldout,outbound,3_15,20,dvv,-0.001
D2db19a3b53768697,heldout,outbound,3_15,10,dvv,0.0001
D6d35b6b8c367755c,heldout,outbound,3_15,42,dvv,0
D043282cfb1d0f0da,heldout,outbound,3_15,16,dvv,0.0002
D52a580c0d2accd49,heldout,outbound,3_15,14,dvv,-0.0005
D5634dc340979b0f2,heldout,outbound,3_15,8,dvv,0.0001
D0333a326b23b49fd,heldout,outbound,3_15,38,dvv,0.005
D7166683a161847d6,heldout,outbound,3_15,32,dvv,0.001
D76324e135a8e2a42,heldout,outbound,3_15,24,dvv,-0.002
D79b55df52c71ffeb,heldout,outbound,3_15,4,dvv,0.0001
D06aadb4d5637e076,heldout,outbound,3_15,28,dvv,0
D155026967096cc60,heldout,outbound,3_15,22,dvv,0.0002
D5064dd9737bb0ea6,heldout,outbound,3_15,24,dvv,-0.01
D2810c3a0516e94d6,heldout,outbound,3_15,20,dvv,0
D0c73bec7c8502748,heldout,outbound,3_15,18,dvv,0.0002
D6dc99866b3b2d286,heldout,outbound,3_15,18,source_jitter,-0.000341829278
D3b64a554c083f329,heldout,outbound,3_15,34,dvv,0
D295a5fa018d9f643,heldout,outbound,3_15,14,dvv,-0.001
D13d5c7f4c8187750,heldout,outbound,3_15,10,dvv,0
D5dd462f18bbb93c1,heldout,outbound,3_15,20,dvv,-0.005
D259254c944eb4aba,heldout,outbound,3_15,0,dvv,0.0002
D360cded6b20d9207,heldout,outbound,3_15,30,dvv,-0.0001
D6f3f78b1731f1daa,heldout,outbound,3_15,34,dvv,0.002
D558185a09e761c5d,heldout,outbound,3_15,32,constant_shift,0.005
D6d43d9d29afd0a28,heldout,outbound,3_15,32,dvv,-0.0001
D5d6a4ae66412368a,heldout,outbound,3_15,28,dvv,0.0002
D7d6d9d015e4d298e,heldout,outbound,3_15,32,dvv,0.01
D03e642e076547079,heldout,outbound,3_15,28,dvv,0.0005
D19340f228cb555ba,heldout,outbound,3_15,14,constant_shift,0.005
D6a10446398a5b668,heldout,outbound,3_15,0,dvv,-0.002
D3ca57a1ef1563ef6,heldout,outbound,3_15,4,dvv,-0.0002
D155835056ef76e95,heldout,outbound,3_15,24,dvv,0.0002
D59d2ed703147dbed,heldout,outbound,3_15,44,dvv,0.0001
D128bc42a62889ba1,heldout,outbound,3_15,44,dvv,0.001
D1aa9657d04eaa3c6,heldout,outbound,3_15,30,dvv,-0.001
D0ea62a5bbf6171c8,heldout,outbound,3_15,4,dvv,0.0005
D7d4bed2fce257f7f,heldout,outbound,3_15,26,dvv,0.0002
D1e3e523e2c669aa5,heldout,outbound,3_15,28,dvv,-0.005
D25d238173e23e742,heldout,outbound,3_15,28,source_jitter,-8.06551334e-05
D7e36f2db9eaa7c83,heldout,outbound,3_15,4,dvv,0.001
D78b815906bad6164,heldout,outbound,3_15,14,dvv,0.0005
D7a0d8fb73cf1988a,heldout,outbound,3_15,4,dvv,0
D70ff2969b8653e0d,heldout,outbound,3_15,12,dvv,0
D71190fdca9fc6ea4,heldout,outbound,3_15,10,dvv,-0.0005
D790fa7ea24283003,heldout,outbound,3_15,16,dvv,0.0005
D2c15e019d9fbff6b,heldout,outbound,3_15,36,dvv,-0.005
D47805814c7128eda,heldout,outbound,3_15,40,dvv,0.0001
D5604c38e93b3c9a7,heldout,outbound,3_15,44,dvv,0
D7e3a8f23d41acf6c,heldout,outbound,3_15,6,dvv,-0.0005
D7885e72c48a3653b,heldout,outbound,3_15,8,dvv,-0.001
D23a4c8c4112da326,heldout,outbound,3_15,28,dvv,-0.01
D711c352c4588ec0b,heldout,outbound,3_15,36,dvv,0.01
D540c4b5b32761cd2,heldout,outbound,3_15,18,dvv,0.002
D1458a422737ddda8,heldout,outbound,3_15,22,dvv,0.001
D226a352c2ea4ab82,heldout,outbound,3_15,16,dvv,0.002
D4afa3b3aa931a11c,heldout,outbound,3_15,8,dvv,-0.005
D1334da6a6e9b6750,heldout,outbound,3_15,22,dvv,-0.001
D745c457d896fb54e,heldout,outbound,3_15,14,dvv,0.0001
D6b0f03bde5ab0f8a,heldout,outbound,3_15,42,dvv,0.002
D7d5a19427e8891e9,heldout,outbound,3_15,44,dvv,-0.001
D577e3b434163fef9,heldout,outbound,3_15,40,dvv,0.002
D1fafe2955fb00266,heldout,outbound,3_15,14,dvv,-0.002
D0a7cc2f4290b6e96,heldout,outbound,3_15,10,dvv,0.0005
D59728bc3bfd927e1,heldout,outbound,3_15,26,dvv,-0.01
D49b79c622c2b11a8,heldout,outbound,3_15,4,dvv,-0.0005
D7fd6c230bf128f27,heldout,outbound,3_15,30,dvv,0.0002
D719ae132d41191be,heldout,outbound,3_15,36,dvv,0.002
D748236bbc5667360,heldout,outbound,3_15,34,dvv,-0.005
D5b7ebf37dccc3971,heldout,outbound,3_15,26,constant_shift,0.005
D1ae5dca9e447e04a,heldout,outbound,3_15,12,dvv,0.005
D39b72a8bb4be652f,heldout,outbound,3_15,20,dvv,0.001
D59a0994a796159dc,heldout,outbound,3_15,24,constant_shift,0.005
D78f19ccd2302fa1e,heldout,outbound,3_15,16,dvv,-0.0005
D6b1ca52ef4d16258,heldout,outbound,3_15,22,constant_shift,0.005
D085ee368eccad873,heldout,outbound,3_15,30,constant_shift,0.005
D2706ffb3df4f20c0,heldout,outbound,3_15,38,dvv,0
D38f36c1701ca5092,heldout,outbound,3_15,28,dvv,-0.0005
D44c7c802000988d8,heldout,outbound,3_15,8,dvv,0.0005
D4a735ab6abb2809f,heldout,outbound,3_15,38,constant_shift,0.005
D67a4c38dc947b151,heldout,outbound,60_120,40,dvv,-0.0005
D1d6fa2b70f6d173c,heldout,outbound,60_120,44,dvv,-0.005
D326349f2d48ececc,heldout,outbound,60_120,2,dvv,0.0005
D0efbd28427110a47,heldout,outbound,60_120,40,dvv,-0.002
D482e9a4f2f920c8f,heldout,outbound,60_120,40,dvv,-0.001
D63b5f927d05da15c,heldout,outbound,60_120,2,source_jitter,-0.000102926333
D78983faf2c68a496,heldout,outbound,60_120,38,dvv,0
D06ed16ab0e34c64b,heldout,outbound,60_120,4,dvv,0.0002
D5099e20d59da2457,heldout,outbound,60_120,6,dvv,-0.0002
D2d99841f70cfd8ac,heldout,outbound,60_120,32,source_jitter,5.3192386e-05
D134ba6f280c544fd,heldout,outbound,60_120,44,dvv,0.002
D1f7e332ad7dee690,heldout,outbound,60_120,28,dvv,-0.0002
D6756c2a27ab2f1a0,heldout,outbound,60_120,34,dvv,-0.0001
D47e501657d030e1f,heldout,outbound,60_120,12,dvv,0.0001
D5bf63cf798ab9732,heldout,outbound,60_120,34,dvv,-0.005
D62717c2071864281,heldout,outbound,60_120,34,constant_shift,0.005
D01643158f3ab315b,heldout,outbound,60_120,4,dvv,-0.01
D7184430937eba93c,heldout,outbound,60_120,18,dvv,0.0002
D08c9d7c0cedcb9dd,heldout,outbound,60_120,12,constant_shift,0.005
D4793c2f15ed79f32,heldout,outbound,60_120,44,dvv,-0.0002
D0322b1de4ebbe061,heldout,outbound,60_120,44,dvv,0.001
D799eeb84ac983d8e,heldout,outbound,60_120,32,dvv,-0.0005
D4d4734b972b06ece,heldout,outbound,60_120,4,dvv,-0.0005
D1232e0a5c018e681,heldout,outbound,60_120,0,dvv,0.0002
D1016749457046fbf,heldout,outbound,60_120,10,dvv,0.0005
D59465d695f4e5ed7,heldout,outbound,60_120,44,constant_shift,0.005
D267d4cf211e7caff,heldout,outbound,60_120,12,dvv,0.0005
D2d7eb16d3bb74abc,heldout,outbound,60_120,22,constant_shift,0.005
D555c4d0bd578cf86,heldout,outbound,60_120,12,dvv,-0.001
D6035e05757c1e4d0,heldout,outbound,60_120,8,dvv,0.0005
D3e073fa6f343199d,heldout,outbound,60_120,30,dvv,0.002
D72880355bd1cb13c,heldout,outbound,60_120,36,constant_shift,0.005
D2c24a8d1da0a04bb,heldout,outbound,60_120,28,dvv,0.0001
D0604ad9c6a75ac1e,heldout,outbound,60_120,10,dvv,0.01
D61478f451285d288,heldout,outbound,60_120,20,dvv,-0.0002
D2e63a097f6a4b6f5,heldout,outbound,60_120,16,constant_shift,0.005
D42d4de4311c168b7,heldout,outbound,60_120,0,source_jitter,6.11642815e-05
D3cc6fd29bdd1b2e5,heldout,outbound,60_120,2,dvv,0
D0ea705e0844830ae,heldout,outbound,60_120,8,dvv,0
D204702281c45e3aa,heldout,outbound,60_120,22,dvv,-0.0001
D402ebb4b6e502cd1,heldout,outbound,60_120,24,dvv,-0.01
D5058727a2100d83d,heldout,outbound,60_120,28,dvv,0.0002
D4f2cc621d4105387,heldout,outbound,60_120,10,dvv,0.0001
D2de2cd2244a57167,heldout,outbound,60_120,32,constant_shift,0.005
D4a6713c5cb09df9a,heldout,outbound,60_120,18,dvv,-0.005
D60dea5bbbc2b810a,heldout,outbound,60_120,14,source_jitter,-0.00013779198
D266e3b084dd170a3,heldout,outbound,60_120,6,dvv,-0.01
D7db4125826bf9a71,heldout,outbound,60_120,24,dvv,-0.0005
D57abce28bcd358d1,heldout,outbound,60_120,30,dvv,0.0005
D44191ea0c0a379de,heldout,outbound,60_120,30,dvv,0.005
D112bfdb3ffeeef69,heldout,outbound,60_120,30,dvv,0.0001
D13ea618d20c69825,heldout,outbound,60_120,2,dvv,0.001
D45516d5fc5d31ba2,heldout,outbound,60_120,22,dvv,0.001
D1a35bdc23f1885a0,heldout,outbound,60_120,40,source_jitter,-0.000339475809
D2eab380a273c747f,heldout,outbound,60_120,22,dvv,-0.001
D187005af8c54810f,heldout,outbound,60_120,40,dvv,-0.0002
D132a02de62dad73c,heldout,outbound,60_120,34,dvv,0.005
D38d397c8f77c8cf4,heldout,outbound,60_120,24,dvv,0.0002
D126f8a67d531a463,heldout,outbound,60_120,44,dvv,0.0002
D52b1479e7e1aa782,heldout,outbound,60_120,0,dvv,-0.001
D6aa99e4535434838,heldout,outbound,60_120,14,dvv,-0.0005
D0735d8fd4be6eaec,heldout,outbound,60_120,44,dvv,-0.001
D421d879ddb02514a,heldout,outbound,60_120,44,dvv,0.01
D4b4ebb7e3c31f6ba,heldout,outbound,60_120,20,dvv,0.001
D7049608cac5e4aa6,heldout,outbound,60_120,26,constant_shift,0.005
D5d90bc78d2ed6c0e,heldout,outbound,60_120,2,dvv,-0.005
D5130945e0a1fccba,heldout,outbound,60_120,42,dvv,0.001
D023ad838de5f7b49,heldout,outbound,60_120,38,dvv,-0.01
D0328703ecb77302b,heldout,outbound,60_120,28,dvv,0.005
D0c58a278518d6b35,heldout,outbound,60_120,28,dvv,-0.002
D7001862096e0a86d,heldout,outbound,60_120,36,source_jitter,-5.66710227e-05
D14f71a72921398ce,heldout,outbound,60_120,38,dvv,-0.0001
D05d450540e60db7f,heldout,outbound,60_120,8,dvv,0.002
D022a3837a372ebcd,heldout,outbound,60_120,14,dvv,0.002
D69b7d76d3221aff0,heldout,outbound,60_120,20,constant_shift,0.005
D4b5195df7d56ca1a,heldout,outbound,60_120,24,dvv,0.001
D5785d3336e8993d5,heldout,outbound,60_120,24,constant_shift,0.005
D568158bc46acc821,heldout,outbound,60_120,36,dvv,-0.002
D5fca0d21dad99758,heldout,outbound,60_120,12,dvv,0.002
D5ea6fbb4fa6c1a08,heldout,outbound,60_120,32,dvv,-0.005
D0797c42be2938a59,heldout,outbound,60_120,24,dvv,0.002
D4eddfbe10ab30a04,heldout,outbound,60_120,24,dvv,0.01
D31d72d78df0e3e10,heldout,outbound,60_120,28,dvv,0.01
D035e2d4aa49722d7,heldout,outbound,60_120,14,dvv,0
D25cc946561ca152e,heldout,outbound,60_120,20,dvv,0.0005
D375e64b8ba8e47e2,heldout,outbound,60_120,16,dvv,0
D65627841151a5bae,heldout,outbound,60_120,10,dvv,0.002
D7858a3cff06b4f4c,heldout,outbound,60_120,12,dvv,-0.0001
D27b3f5f92eb784a9,heldout,outbound,60_120,18,dvv,-0.0005
D59e526995c4021dd,heldout,outbound,60_120,42,dvv,-0.0002
D7adeceb20f69594c,heldout,outbound,60_120,14,dvv,-0.0002
D64e115eba7defacd,heldout,outbound,60_120,6,dvv,0.005
D5feb2d2a4cfa004b,heldout,outbound,60_120,0,dvv,-0.0005
D46cb25e57fc4c5c5,heldout,outbound,60_120,38,dvv,0.0002
D306e33bef0e9874d,heldout,outbound,60_120,32,dvv,-0.0002
D707d981e4b5bf946,heldout,outbound,60_120,40,dvv,-0.0001
D34aefc1a83b4cd96,heldout,outbound,60_120,42,source_jitter,0.000100596316
D7111f99b08597b6d,heldout,outbound,60_120,22,dvv,-0.01
D05d2b67540183671,heldout,outbound,60_120,6,dvv,-0.002
D15dec1bd5fa8ec3e,heldout,outbound,60_120,10,dvv,0
D1f0a0e34da1ca4b2,heldout,outbound,60_120,38,dvv,-0.002
D3efde382e379fd26,heldout,outbound,60_120,40,dvv,0
D79931680b66754e5,heldout,outbound,60_120,14,dvv,0.0001
D0a7b7762c1bb71b6,heldout,outbound,60_120,0,dvv,0.001
D3a552a0a1f51b762,heldout,outbound,60_120,4,dvv,0.001
D013234546d553de8,heldout,outbound,60_120,36,dvv,-0.0005
D5bc645c6aca6fad3,heldout,outbound,60_120,34,dvv,0
D63ff0d5e17331f52,heldout,outbound,60_120,8,dvv,-0.005
D2bf75d67623ad63a,heldout,outbound,60_120,22,dvv,-0.0002
D1da67373ddca809d,heldout,outbound,60_120,2,dvv,0.0001
D5d8be0b35950b0b2,heldout,outbound,60_120,16,dvv,0.01
D3de2c74b4ff6d7fb,heldout,outbound,60_120,20,dvv,0.0002
D54ef50c7d9e14177,heldout,outbound,60_120,8,dvv,-0.001
D3af57aa8badcc9e0,heldout,outbound,60_120,28,dvv,0.002
D7de128dee84e0130,heldout,outbound,60_120,32,dvv,-0.001
D01bf8c8dc6a2cb60,heldout,outbound,60_120,34,dvv,0.01
D0a64e301c6973428,heldout,outbound,60_120,38,dvv,0.01
D720269c68b0c9be1,heldout,outbound,60_120,36,dvv,0
D50f44c72dc3d82e8,heldout,outbound,60_120,28,dvv,0
D76f6050a72752859,heldout,outbound,60_120,4,dvv,-0.0001
D473ca1faf96f67f6,heldout,outbound,60_120,26,dvv,-0.0002
D1efc935906373b28,heldout,outbound,60_120,6,dvv,0.001
D71c225d2970bae2a,heldout,outbound,60_120,36,dvv,0.01
D06dc22f732652f0e,heldout,outbound,60_120,0,dvv,-0.005
D6dd4ba8d50176219,heldout,outbound,60_120,18,dvv,-0.0001
D63ced844e414f603,heldout,outbound,60_120,28,dvv,-0.0001
D50c50767643cc8c8,heldout,outbound,60_120,10,dvv,-0.01
D77977bf693602021,heldout,outbound,60_120,44,dvv,-0.0001
D6a155cda99963640,heldout,outbound,60_120,2,dvv,-0.0002
D324dec754eba0ae6,heldout,outbound,60_120,16,dvv,-0.0001
D6cc5cc2d9ff86e99,heldout,outbound,60_120,36,dvv,0.0005
D554812c3c56740bd,heldout,outbound,60_120,16,dvv,-0.0002
D48c6520f3ce845ae,heldout,outbound,60_120,6,dvv,0.01
D57c9e060400ce2f9,heldout,outbound,60_120,30,dvv,0.001
D1e4a03ddd4ae3515,heldout,outbound,60_120,24,dvv,0
D3cf0b870332f46f6,heldout,outbound,60_120,38,dvv,0.002
D12588a5927825a16,heldout,outbound,60_120,42,dvv,-0.01
D13f480d8f10edeae,heldout,outbound,60_120,4,dvv,0
D2ee46fdaecc8b597,heldout,outbound,60_120,4,constant_shift,0.005
D210295154a5bbd54,heldout,outbound,60_120,30,dvv,0
D6486225adc5ae57c,heldout,outbound,60_120,24,dvv,-0.001
D13ac90a679528734,heldout,outbound,60_120,14,dvv,0.001
D364adf1ae478baf6,heldout,outbound,60_120,18,dvv,0.01
D65dc7896758dc4d4,heldout,outbound,60_120,30,source_jitter,-0.00034468812
D67ff590f07d764eb,heldout,outbound,60_120,36,dvv,0.005
D3cc93ce8104654e1,heldout,outbound,60_120,42,dvv,-0.005
D4ff7c4e03e524978,heldout,outbound,60_120,8,dvv,0.005
D639f39149a1a3bd5,heldout,outbound,60_120,26,dvv,0.002
D6439b7cbf897df5e,heldout,outbound,60_120,16,dvv,0.0002
D1f03a6912c43c016,heldout,outbound,60_120,20,dvv,0.002
D6af67769aa27b08d,heldout,outbound,60_120,2,dvv,-0.01
D1fdd2317739a7081,heldout,outbound,60_120,20,dvv,-0.001
D2a91a3a23e51b512,heldout,outbound,60_120,26,dvv,0.005
D6924642da06da259,heldout,outbound,60_120,28,dvv,0.001
D7ee9554abef2e7c7,heldout,outbound,60_120,0,dvv,-0.0001
D484f30ece418bf04,heldout,outbound,60_120,30,dvv,-0.0005
D342b5654c50626d8,heldout,outbound,60_120,8,dvv,-0.0002
D007ea33f3d1000d7,heldout,outbound,60_120,32,dvv,0.001
D0602a2b4794fcd07,heldout,outbound,60_120,0,dvv,-0.0002
D5eddcda001fe29fc,heldout,outbound,60_120,42,dvv,0.0001
D15dd8e9dbe43cd8e,heldout,outbound,60_120,4,dvv,-0.0002
D5c767fefb514d264,heldout,outbound,60_120,20,dvv,-0.0005
D0a937e298d39fdeb,heldout,outbound,60_120,12,dvv,0.0002
D3e73b14188d7b064,heldout,outbound,60_120,8,dvv,-0.01
D0861c782aea232d7,heldout,outbound,60_120,32,dvv,-0.0001
D6a6c45a8f76c87de,heldout,outbound,60_120,4,dvv,-0.005
D73805d5e6e0cfdb1,heldout,outbound,60_120,36,dvv,0.0001
D2ca8ea6f2f152d49,heldout,outbound,60_120,42,constant_shift,0.005
D1c6fb6aedff3c169,heldout,outbound,60_120,30,dvv,-0.01
D6b7c1805d5b63bcd,heldout,outbound,60_120,24,dvv,-0.0002
D5fad01ee7536ca25,heldout,outbound,60_120,26,dvv,-0.0001
D4a17d48deaf87fee,heldout,outbound,60_120,14,dvv,-0.001
D41dc6c5dbc6cc08f,heldout,outbound,60_120,18,dvv,-0.001
D035735b0945f4406,heldout,outbound,60_120,22,dvv,-0.005
D618f9ab684aadfa7,heldout,outbound,60_120,10,dvv,-0.001
D53069b1e4c54e66c,heldout,outbound,60_120,22,dvv,-0.002
D2d6a36a48cad0702,heldout,outbound,60_120,10,source_jitter,0.000283703857
D2a46e484ffafcb45,heldout,outbound,60_120,32,dvv,0
D4f348209a55f6c17,heldout,outbound,60_120,42,dvv,0.0002
D2808e4763b7151e6,heldout,outbound,60_120,40,dvv,0.0001
D7548feff3c3c3880,heldout,outbound,60_120,22,dvv,0.0005
D6246325740e8017b,heldout,outbound,60_120,10,constant_shift,0.005
D5d1415eede8b7409,heldout,outbound,60_120,18,dvv,0.001
D17f2da26df2617b0,heldout,outbound,60_120,8,dvv,0.01
D0a63ff996de5106b,heldout,outbound,60_120,36,dvv,-0.005
D648e4e8ac790696c,heldout,outbound,60_120,38,dvv,0.0005
D1053b0e6b8130a60,heldout,outbound,60_120,6,dvv,-0.001
D589693ca5cbe227c,heldout,outbound,60_120,18,constant_shift,0.005
D2e6e440786f21a00,heldout,outbound,60_120,22,dvv,0.01
D6abcad2ef21a98a8,heldout,outbound,60_120,8,dvv,-0.002
D439726a05b335864,heldout,outbound,60_120,0,constant_shift,0.005
D64b9cd97ac9fc905,heldout,outbound,60_120,0,dvv,-0.01
D2ac0243fdfe807e3,heldout,outbound,60_120,4,dvv,-0.001
D62e9cc34997033c5,heldout,outbound,60_120,4,dvv,0.01
D69839bbb6faa2276,heldout,outbound,60_120,2,dvv,0.01
D2d487a4749939515,heldout,outbound,60_120,12,dvv,-0.002
D0c14a9e42d80e8f9,heldout,outbound,60_120,8,dvv,0.001
D2571ef5bc1aee120,heldout,outbound,60_120,18,dvv,0
D19fa96a761d27331,heldout,outbound,60_120,0,dvv,0
D172050ba2af02f84,heldout,outbound,60_120,6,dvv,-0.0005
D0c57b1c2c2c66567,heldout,outbound,60_120,8,dvv,0.0001
D35df6a7a7de4a1eb,heldout,outbound,60_120,40,constant_shift,0.005
D37f118cef8fd2567,heldout,outbound,60_120,26,source_jitter,0.000154067029
D705e0911499a1f1c,heldout,outbound,60_120,44,dvv,-0.002
D555b8a3f83ab8fc0,heldout,outbound,60_120,44,dvv,0.0005
D6c38d7bbb01845c1,heldout,outbound,60_120,12,dvv,-0.0005
D4badafb143c1d7e1,heldout,outbound,60_120,30,constant_shift,0.005
D2c6d68db2afb3024,heldout,outbound,60_120,16,dvv,0.0001
D4cf6ccc8fb60880a,heldout,outbound,60_120,28,dvv,0.0005
D7f25cb8997d88f29,heldout,outbound,60_120,32,dvv,0.002
D51d682b3f742ec62,heldout,outbound,60_120,38,dvv,-0.001
D722e512075945937,heldout,outbound,60_120,22,dvv,-0.0005
D13f37c969e016ff3,heldout,outbound,60_120,12,dvv,0.005
D24a688a37ee802a5,heldout,outbound,60_120,6,dvv,-0.0001
D71d811315d2acc6d,heldout,outbound,60_120,10,dvv,-0.005
D48d09d649dc4d752,heldout,outbound,60_120,30,dvv,-0.0002
D319d204a1d888215,heldout,outbound,60_120,2,dvv,0.002
D414264b221915945,heldout,outbound,60_120,20,dvv,0
D45406d78fd2b82eb,heldout,outbound,60_120,18,dvv,0.0005
D220e6735cb231075,heldout,outbound,60_120,20,dvv,0.005
D006f9126b1b4ff5a,heldout,outbound,60_120,16,dvv,0.005
D2df19efc94d23fc0,heldout,outbound,60_120,10,dvv,0.005
D2c3a0d36b256a163,heldout,outbound,60_120,18,dvv,-0.002
D1b307181ce357449,heldout,outbound,60_120,38,dvv,0.0001
D59d798cc79b22223,heldout,outbound,60_120,38,dvv,0.001
D7b227434b149978d,heldout,outbound,60_120,40,dvv,0.0002
D569569f4c589dffa,heldout,outbound,60_120,12,dvv,0
D5b682fe452d4c87c,heldout,outbound,60_120,34,dvv,0.0005
D723bf3894555d3ba,heldout,outbound,60_120,42,dvv,0.0005
D14d0c93730681cee,heldout,outbound,60_120,20,source_jitter,0.000161790004
D30695b49cd1f4896,heldout,outbound,60_120,28,source_jitter,0.000286971568
D6a08647bb0287538,heldout,outbound,60_120,26,dvv,0
D1ec7476a1e89c527,heldout,outbound,60_120,16,dvv,-0.005
D1a736eb652b53dc0,heldout,outbound,60_120,18,dvv,0.002
D1b532defcaf39cbe,heldout,outbound,60_120,34,source_jitter,0.000473882664
D3e8581877e7d3516,heldout,outbound,60_120,14,dvv,0.0002
D2f88d6b4bf975999,heldout,outbound,60_120,24,dvv,0.0005
D0deefee2131ece32,heldout,outbound,60_120,14,dvv,-0.0001
D5e97eed3751229c3,heldout,outbound,60_120,12,dvv,0.001
D46651b13416d5979,heldout,outbound,60_120,24,dvv,-0.005
D3cba13739fa54b08,heldout,outbound,60_120,34,dvv,-0.01
D55f706cffbacbf8d,heldout,outbound,60_120,40,dvv,0.002
D17375aeeb3e3a425,heldout,outbound,60_120,26,dvv,0.001
D6c979071155295e4,heldout,outbound,60_120,32,dvv,-0.01
D3fdc7027f3386197,heldout,outbound,60_120,32,dvv,0.01
D7e5a5bc42e3eef73,heldout,outbound,60_120,38,constant_shift,0.005
D05776e4982f41c3a,heldout,outbound,60_120,42,dvv,-0.002
D0ada1bcc86800137,heldout,outbound,60_120,26,dvv,0.0001
D06dc22f9f45fe92b,heldout,outbound,60_120,14,constant_shift,0.005
D3755c6ff337f39c3,heldout,outbound,60_120,40,dvv,0.005
D53995e24b02e59f8,heldout,outbound,60_120,30,dvv,-0.0001
D33798dfc3fff3c6a,heldout,outbound,60_120,12,source_jitter,-0.000679634725
D7976592cd7b1610f,heldout,outbound,60_120,2,dvv,-0.0005
D7242beb281a5022f,heldout,outbound,60_120,26,dvv,0.01
D66838b8e46e7e290,heldout,outbound,60_120,0,dvv,0.0005
D3880a2f41de17a87,heldout,outbound,60_120,30,dvv,-0.002
D0e23401169d30c91,heldout,outbound,60_120,34,dvv,0.0001
D4e8bffbb0d1df52c,heldout,outbound,60_120,18,dvv,0.0001
D1df4d6e992301001,heldout,outbound,60_120,20,dvv,-0.002
D04d29c7ae42ee78c,heldout,outbound,60_120,32,dvv,-0.002
D6ba1d6d9a07cbdd4,heldout,outbound,60_120,4,dvv,0.002
D6758556f82b2a986,heldout,outbound,60_120,42,dvv,0.002
D1ad4f8a76de9c9af,heldout,outbound,60_120,28,constant_shift,0.005
D3c65c22ec2ad4474,heldout,outbound,60_120,6,dvv,0
D3c6bb19c2468d800,heldout,outbound,60_120,10,dvv,0.001
D57e0e68b68d93237,heldout,outbound,60_120,26,dvv,0.0005
D5feedb34969cb6e4,heldout,outbound,60_120,36,dvv,0.002
D7c5862c1ef5c69e8,heldout,outbound,60_120,6,dvv,0.0002
D164746890ae969b1,heldout,outbound,60_120,26,dvv,-0.01
D51ade9154378db49,heldout,outbound,60_120,22,dvv,0.002
D7a5952bb813e9c05,heldout,outbound,60_120,42,dvv,0
D3999858d608b16ac,heldout,outbound,60_120,10,dvv,0.0002
D114ecfaeecfffd33,heldout,outbound,60_120,36,dvv,-0.0002
D5d4548caf2aa43fd,heldout,outbound,60_120,36,dvv,-0.001
D558a43d0baeaa73b,heldout,outbound,60_120,42,dvv,-0.001
D0f60344f207f768a,heldout,outbound,60_120,8,constant_shift,0.005
D252ba27d746237e5,heldout,outbound,60_120,44,source_jitter,-0.000232017375
D1535ad961d633dae,heldout,outbound,60_120,10,dvv,-0.0002
D2b0bc95e74a28ede,heldout,outbound,60_120,34,dvv,-0.002
D718b68965d4d9861,heldout,outbound,60_120,28,dvv,-0.0005
D4d822341c80c8909,heldout,outbound,60_120,22,dvv,0.005
D0a150f813cc4d8ff,heldout,outbound,60_120,14,dvv,0.01
D3643354e84c5249d,heldout,outbound,60_120,32,dvv,0.005
D72f02ad438aa8f2a,heldout,outbound,60_120,26,dvv,-0.005
D27627dfa4e5720df,heldout,outbound,60_120,4,dvv,0.0005
D716be2e6d667f9a9,heldout,outbound,60_120,12,dvv,-0.005
D1370dab52b4117e8,heldout,outbound,60_120,6,dvv,-0.005
D7ba9b2349609015c,heldout,outbound,60_120,42,dvv,-0.0001
D18ec1f5e3aa5fad0,heldout,outbound,60_120,16,source_jitter,0.000297981157
D65cf7db63217c748,heldout,outbound,60_120,44,dvv,-0.01
D717b64d91902c4c1,heldout,outbound,60_120,24,dvv,-0.002
D7394554312b70a94,heldout,outbound,60_120,36,dvv,0.001
D0c919b5d7c1c196e,heldout,outbound,60_120,22,dvv,0
D038e71e057f4e7da,heldout,outbound,60_120,36,dvv,-0.0001
D73a1e8d59e26e4bd,heldout,outbound,60_120,6,dvv,0.0001
D0fad50351bbdd92c,heldout,outbound,60_120,16,dvv,-0.002
D2c782464e43ba7ce,heldout,outbound,60_120,30,dvv,0.0002
D5befed75ec2bbebc,heldout,outbound,60_120,2,dvv,-0.002
D5c14069f65060ee2,heldout,outbound,60_120,2,dvv,-0.0001
D0b25810d4a1a2956,heldout,outbound,60_120,38,dvv,-0.0005
D4241928e688a7def,heldout,outbound,60_120,0,dvv,0.005
D60eed7cf24204fc0,heldout,outbound,60_120,44,dvv,0.0001
D7315c7ef9e54f2c4,heldout,outbound,60_120,10,dvv,-0.0001
D6b307785af868445,heldout,outbound,60_120,38,dvv,-0.005
D0eb7a17d6aed777e,heldout,outbound,60_120,34,dvv,-0.0002
D42ab95292d3c6df5,heldout,outbound,60_120,44,dvv,0
D03d99e955f815fe7,heldout,outbound,60_120,14,dvv,-0.005
D68e1967ada92b422,heldout,outbound,60_120,30,dvv,0.01
D534392d91a117ef6,heldout,outbound,60_120,8,source_jitter,0.000804218957
D1a6a0ac52ab0a906,heldout,outbound,60_120,16,dvv,0.001
D4687ee0a23876630,heldout,outbound,60_120,18,dvv,-0.0002
D7a724fcf993445bb,heldout,outbound,60_120,6,source_jitter,-0.000374621242
D70fbe0f6fba10967,heldout,outbound,60_120,22,dvv,0.0002
D7429566dac8be6e8,heldout,outbound,60_120,6,dvv,0.002
D37d03767c5f82f98,heldout,outbound,60_120,20,dvv,-0.01
D377e34815d66c17e,heldout,outbound,60_120,8,dvv,-0.0005
D0e8139ee16a9f796,heldout,outbound,60_120,24,dvv,0.005
D5a2539df7904573e,heldout,outbound,60_120,10,dvv,-0.002
D6e1d8f0860d4dc90,heldout,outbound,60_120,44,dvv,0.005
D10164074848e8023,heldout,outbound,60_120,34,dvv,0.0002
D23f640e5dea22c75,heldout,outbound,60_120,18,source_jitter,-0.000324441842
D224a284dc1f7e7b7,heldout,outbound,60_120,24,dvv,0.0001
D24a3494fd2d7bdbd,heldout,outbound,60_120,16,dvv,0.0005
D0649b9ec89f9f0a6,heldout,outbound,60_120,36,dvv,0.0002
D48a91eae5048223b,heldout,outbound,60_120,42,dvv,0.005
D29af55c77612951a,heldout,outbound,60_120,30,dvv,-0.005
D0d44b26502ef5ca5,heldout,outbound,60_120,16,dvv,-0.0005
D51f7989481ef8742,heldout,outbound,60_120,20,dvv,0.01
D2cfa0ae14c3aea1c,heldout,outbound,60_120,26,dvv,-0.0005
D1de249cfa15b9273,heldout,outbound,60_120,36,dvv,-0.01
D685e869860546ef5,heldout,outbound,60_120,26,dvv,0.0002
D24a51cef6d84a405,heldout,outbound,60_120,34,dvv,-0.001
D7813df886c9dffa7,heldout,outbound,60_120,14,dvv,0.005
D2101de36dcef9490,heldout,outbound,60_120,4,dvv,-0.002
D70d26cafd850a8f2,heldout,outbound,60_120,4,dvv,0.0001
D512908a13dd30fd8,heldout,outbound,60_120,40,dvv,0.0005
D47d065acc1f503d4,heldout,outbound,60_120,22,dvv,0.0001
D7b6a6c8de114a104,heldout,outbound,60_120,2,constant_shift,0.005
D06e61ca78218a24d,heldout,outbound,60_120,0,dvv,0.002
D60b77725807032cb,heldout,outbound,60_120,34,dvv,-0.0005
D5a91eb967af95b2a,heldout,outbound,60_120,24,dvv,-0.0001
D477379b70cb2da6c,heldout,outbound,60_120,14,dvv,0.0005
D36aa46c99ec19de9,heldout,outbound,60_120,28,dvv,-0.001
D7973afe76e324b4c,heldout,outbound,60_120,40,dvv,0.001
D2a73c1559a47d965,heldout,outbound,60_120,18,dvv,0.005
D2f16e207d7546672,heldout,outbound,60_120,30,dvv,-0.001
D279b3518b5c26495,heldout,outbound,60_120,40,dvv,-0.005
D7fd961614be10c78,heldout,outbound,60_120,26,dvv,-0.002
D310674a605d0a938,heldout,outbound,60_120,20,dvv,-0.005
D48b51791bde1129d,heldout,outbound,60_120,20,dvv,0.0001
D28fe899ba80e61bd,heldout,outbound,60_120,16,dvv,0.002
D0eacc97cc33b29b9,heldout,outbound,60_120,38,source_jitter,0.000195758955
D4f2172d3bdaf0959,heldout,outbound,60_120,12,dvv,0.01
D4a8aeda38da1d909,heldout,outbound,60_120,6,dvv,0.0005
D38dc9b550644d43d,heldout,outbound,60_120,38,dvv,-0.0002
D25048b7f8f13ae0f,heldout,outbound,60_120,2,dvv,0.0002
D495e1a74f2fae4d2,heldout,outbound,60_120,34,dvv,0.002
D1f8ce588037cec52,heldout,outbound,60_120,12,dvv,-0.01
D11dbbb13365c0e80,heldout,outbound,60_120,0,dvv,0.0001
D65ce44b4ea5cf848,heldout,outbound,60_120,16,dvv,-0.01
D38f391fdc4522ef3,heldout,outbound,60_120,10,dvv,-0.0005
D3513de6e26c14213,heldout,outbound,60_120,40,dvv,0.01
D170553a4dbfb5ae9,heldout,outbound,60_120,32,dvv,0.0002
D485e02661b3aa01d,heldout,outbound,60_120,8,dvv,0.0002
D778292e6c74d568f,heldout,outbound,60_120,22,source_jitter,-0.000287331426
D6a4dc4517ffe09f3,heldout,outbound,60_120,8,dvv,-0.0001
D03de82bfaf1dfff3,heldout,outbound,60_120,16,dvv,-0.001
D036c7ca7db27e40b,heldout,outbound,60_120,12,dvv,-0.0002
D788a0c2ccfc3a7f1,heldout,outbound,60_120,14,dvv,-0.01
D69e0e9c464c30d6a,heldout,outbound,60_120,24,source_jitter,0.000406031783
D25bdffcf3727c65b,heldout,outbound,60_120,34,dvv,0.001
D7d6ab962fc9ac2b7,heldout,outbound,60_120,18,dvv,-0.01
D317225babf4192d5,heldout,outbound,60_120,2,dvv,-0.001
D5df4e03af56f3973,heldout,outbound,60_120,28,dvv,-0.005
D5778d5b71b556476,heldout,outbound,60_120,42,dvv,0.01
D7561d8151cdd4b4e,heldout,outbound,60_120,0,dvv,-0.002
D013de839060bdb11,heldout,outbound,60_120,26,dvv,-0.001
D69fbe35b903e057f,heldout,outbound,60_120,20,dvv,-0.0001
D208a8cb1c8cbe216,heldout,outbound,60_120,32,dvv,0.0005
D5fc7b27387adc2af,heldout,outbound,60_120,0,dvv,0.01
D7ff3eae34f244834,heldout,outbound,60_120,28,dvv,-0.01
D783fc526171e0a5b,heldout,outbound,60_120,44,dvv,-0.0005
D1574453f555e7d4d,heldout,outbound,60_120,14,dvv,-0.002
D6a2488287ba3c007,heldout,outbound,60_120,4,source_jitter,0.000381582774
D1a085d64200c57b3,heldout,outbound,60_120,42,dvv,-0.0005
D487811e86e37f656,heldout,outbound,60_120,4,dvv,0.005
D217c7b409a834682,heldout,outbound,60_120,2,dvv,0.005
D14cc518379f6fcef,heldout,outbound,60_120,32,dvv,0.0001
D0a72ee01bcc62552,heldout,outbound,60_120,38,dvv,0.005
D169e7b2c62a27424,heldout,outbound,60_120,40,dvv,-0.01
D54f0bb974465b5f2,heldout,outbound,60_120,6,constant_shift,0.005
D7bab7884bb226f3d,heldout,return,15_30,18,dvv,0.0005
D026ee73b1d0151ed,heldout,return,15_30,42,dvv,-0.002
D7bba57bf9cc0afce,heldout,return,15_30,38,dvv,0.0005
D0228c3a3cc6e871d,heldout,return,15_30,12,dvv,0.0005
D48f15f5f0e8d7a25,heldout,return,15_30,30,dvv,0.01
D06ae46d9913ea79c,heldout,return,15_30,20,dvv,0.001
D01e48142786229c8,heldout,return,15_30,2,dvv,0.002
D48751db8571a2385,heldout,return,15_30,18,dvv,-0.002
D41f7ae4d32018e54,heldout,return,15_30,24,dvv,0.0005
D273fe31a1da04412,heldout,return,15_30,30,dvv,0.001
D614af4d4ad580ced,heldout,return,15_30,14,dvv,0
D1dd85bf3e0c1a765,heldout,return,15_30,2,dvv,-0.002
D4a804e1d2c2b3488,heldout,return,15_30,2,dvv,0.001
D61252bb0f9815b01,heldout,return,15_30,30,dvv,-0.002
D6e5f72db1d49d54c,heldout,return,15_30,38,dvv,-0.0001
D3aedc18ff921c112,heldout,return,15_30,30,dvv,-0.0005
D1c00d03f0ea98cd1,heldout,return,15_30,2,dvv,0.0005
D412f34f6f5aa8533,heldout,return,15_30,10,dvv,-0.005
D4bb1f3c324c75918,heldout,return,15_30,0,dvv,-0.01
D23fd9edde4003631,heldout,return,15_30,16,dvv,0.0001
D624ba773b8303529,heldout,return,15_30,18,dvv,0.0002
D1c25604da2ec47ff,heldout,return,15_30,42,dvv,0.002
D1aef381e2df697fd,heldout,return,15_30,36,dvv,0.0005
D0a3e50af0d5640ef,heldout,return,15_30,0,dvv,-0.0005
D6396557a37d5111f,heldout,return,15_30,4,dvv,0
D3a0732802891bec7,heldout,return,15_30,14,dvv,0.001
D1f6a2e4ff3c12f52,heldout,return,15_30,2,dvv,-0.0001
D5f0bff1d49e944bb,heldout,return,15_30,34,dvv,0.0002
D1e8c0853f405e718,heldout,return,15_30,32,dvv,0.001
D008afc27d808bb86,heldout,return,15_30,2,dvv,-0.01
D5ed72938090dc90c,heldout,return,15_30,6,dvv,0.002
D452159b9f6cb5a19,heldout,return,15_30,4,constant_shift,0.005
D49d39f98e3984af7,heldout,return,15_30,32,dvv,-0.001
D1ba2f6411bf25fe5,heldout,return,15_30,34,dvv,0.0001
D6203b401013ee838,heldout,return,15_30,40,dvv,-0.0005
D3ccb0e8b96257214,heldout,return,15_30,28,dvv,-0.001
D535279cd79a0266a,heldout,return,15_30,8,dvv,0.01
D4c42302fb4384b59,heldout,return,15_30,28,dvv,-0.01
D08e500092abdb46d,heldout,return,15_30,20,dvv,-0.002
D4da9e576d72d9fee,heldout,return,15_30,22,dvv,-0.0001
D1f10fbd9cd3f14bb,heldout,return,15_30,22,dvv,-0.0002
D32b61ccb3c9b7c8e,heldout,return,15_30,18,dvv,-0.0001
D41c6ec1f5cb9f707,heldout,return,15_30,16,dvv,-0.002
D3be6192592f959e0,heldout,return,15_30,6,source_jitter,0.000102843094
D4f5719169a8babd8,heldout,return,15_30,8,dvv,-0.01
D507a2ef63f1cd0c9,heldout,return,15_30,22,dvv,-0.005
D177af325cb1a0fd8,heldout,return,15_30,24,dvv,0.001
D0b78042f08d5e8fa,heldout,return,15_30,10,dvv,-0.0005
D29242ae9f871d4dd,heldout,return,15_30,24,dvv,-0.001
D5cbd4ca1bb62fa98,heldout,return,15_30,14,dvv,-0.01
D1c125ed66fa50e12,heldout,return,15_30,34,source_jitter,-8.00809201e-05
D529f359cb913b814,heldout,return,15_30,40,dvv,-0.0002
D43b4e6093c575eff,heldout,return,15_30,26,dvv,0.01
D654a07e520845d01,heldout,return,15_30,0,dvv,0.001
D798b53d18c30a50f,heldout,return,15_30,14,dvv,-0.001
D051840d053828455,heldout,return,15_30,24,dvv,-0.0002
D4868418333e70e7c,heldout,return,15_30,40,dvv,-0.001
D10a8a4653314db75,heldout,return,15_30,16,dvv,0.0002
D7ac8cf4b9878900b,heldout,return,15_30,34,dvv,-0.0002
D4a63ed876357248c,heldout,return,15_30,14,dvv,-0.0002
D7482ae18f7f191a8,heldout,return,15_30,36,dvv,-0.01
D01d4018801d9df48,heldout,return,15_30,14,dvv,-0.002
D7a6f753f2d80b48e,heldout,return,15_30,16,dvv,-0.0001
D483b3fadf2ad4f2d,heldout,return,15_30,6,dvv,-0.0002
D401c7d75a654d9a7,heldout,return,15_30,18,dvv,-0.0002
D0790bdc78c4edc55,heldout,return,15_30,4,dvv,0.001
D21ebd90e20d9b82c,heldout,return,15_30,30,source_jitter,-0.000219617689
D0bfb3ea9e700f1ee,heldout,return,15_30,38,constant_shift,0.005
D17baad13eb1570ba,heldout,return,15_30,34,dvv,-0.001
D6583da5c33f963ab,heldout,return,15_30,20,dvv,0.0002
D78d826b3e6772a20,heldout,return,15_30,12,dvv,0.005
D7ca08d762113d058,heldout,return,15_30,22,dvv,-0.001
D303f3d204df6f743,heldout,return,15_30,22,source_jitter,-0.000113601349
D3a7443322617eb9a,heldout,return,15_30,24,dvv,-0.005
D2339f70dbc2b4c9c,heldout,return,15_30,2,constant_shift,0.005
D0ce692647e4f164c,heldout,return,15_30,26,dvv,0.0002
D6aa472e487c6bffb,heldout,return,15_30,12,constant_shift,0.005
D1bd298e8a25cf8b6,heldout,return,15_30,42,dvv,-0.01
D6f439edb01e862b5,heldout,return,15_30,44,dvv,-0.001
D60b358bd9d2ceaf1,heldout,return,15_30,2,dvv,0.0001
D6402a8072e60e91a,heldout,return,15_30,40,source_jitter,0.000153389335
D5a17fe53aa3d90e0,heldout,return,15_30,38,dvv,-0.001
D15f192c3bf98cd07,heldout,return,15_30,32,dvv,0.0005
D6731f8cf3bb1b80a,heldout,return,15_30,6,constant_shift,0.005
D4952e4ffd55104ee,heldout,return,15_30,26,source_jitter,-0.000254489517
D17586f6c2af60a81,heldout,return,15_30,42,dvv,-0.001
D05e25426bac2a033,heldout,return,15_30,28,source_jitter,-0.000368252022
D2fb73fec9761adbe,heldout,return,15_30,34,dvv,-0.0005
D41c0aa1c443bd19d,heldout,return,15_30,44,dvv,0
D5c7cd50444e2ec90,heldout,return,15_30,44,source_jitter,0.000581755072
D54fced9e6ecd2622,heldout,return,15_30,42,dvv,0.0005
D13de6393ae02c77d,heldout,return,15_30,4,dvv,-0.005
D25e47b6187835d17,heldout,return,15_30,10,source_jitter,-0.00023398196
D08b9df4597e2e535,heldout,return,15_30,6,dvv,0.0005
D610617ebace6a3bc,heldout,return,15_30,4,dvv,-0.001
D0946a66923cf8a14,heldout,return,15_30,16,constant_shift,0.005
D11e9ada64de3efdb,heldout,return,15_30,22,dvv,0.01
D6254b362038f9438,heldout,return,15_30,4,source_jitter,0.000475549345
D4b7d8b3df9a6f7b8,heldout,return,15_30,38,dvv,-0.002
D63dbf3117419cbb7,heldout,return,15_30,2,dvv,0.0002
D03fafa902f293f99,heldout,return,15_30,28,dvv,0.001
D020a239a7bf9875c,heldout,return,15_30,42,dvv,0.005
D6edac3a7a592f393,heldout,return,15_30,8,dvv,0.0002
D55378b1e96888e3e,heldout,return,15_30,14,dvv,0.005
D3f54b278c7e352f0,heldout,return,15_30,10,dvv,0.005
D4d5f668578089476,heldout,return,15_30,36,source_jitter,-0.000441323024
D6e1921f4e436a94c,heldout,return,15_30,32,dvv,0.0001
D3be38e43f04dfa93,heldout,return,15_30,36,dvv,-0.001
D690c41ce3bccaf60,heldout,return,15_30,40,dvv,0.0001
D375209b02619d519,heldout,return,15_30,24,dvv,-0.002
D23bf78dba2533fb4,heldout,return,15_30,32,dvv,0.01
D16e1d3a0358c3a85,heldout,return,15_30,4,dvv,0.0002
D1676214711ac2ca6,heldout,return,15_30,30,dvv,-0.01
D383701063bc1533e,heldout,return,15_30,26,dvv,-0.002
D5aae85de36e0a3ab,heldout,return,15_30,24,dvv,0.005
D145fb2e6a9fe9dee,heldout,return,15_30,0,dvv,0.0005
D58a36cf4f6a62c50,heldout,return,15_30,26,dvv,0.0005
D256c3e4cee68d8bb,heldout,return,15_30,0,dvv,-0.0002
D502230da9220c6e0,heldout,return,15_30,2,dvv,-0.0002
D5af5489a29b8a23e,heldout,return,15_30,18,source_jitter,-0.000302987318
D7aed1cbc6503b7f8,heldout,return,15_30,8,dvv,0.001
D2b01774c7bd6c984,heldout,return,15_30,24,dvv,0
D41f916303de434cc,heldout,return,15_30,16,dvv,0.005
D7b689d5fef4b412d,heldout,return,15_30,2,dvv,0.005
D46170dd7af4269ad,heldout,return,15_30,10,dvv,0.0005
D24914d76cc31f2c9,heldout,return,15_30,10,dvv,-0.001
D2854475ff255fbb0,heldout,return,15_30,8,dvv,0
D35656f29d2637764,heldout,return,15_30,26,dvv,0.001
D5ff3faebae1cdbf3,heldout,return,15_30,44,dvv,0.002
D6bb8d326e6b30258,heldout,return,15_30,22,dvv,0.0001
D26dfc0f809e024f8,heldout,return,15_30,4,dvv,0.002
D21b44931a69df14b,heldout,return,15_30,38,dvv,-0.0002
D6d9dc148ca2e71ee,heldout,return,15_30,30,dvv,0.002
D38ebf2ff50271f68,heldout,return,15_30,4,dvv,-0.0002
D05dcce74f67d8642,heldout,return,15_30,16,dvv,-0.001
D1018767027c7243e,heldout,return,15_30,8,dvv,-0.002
D4c3f574056c8a641,heldout,return,15_30,6,dvv,0.001
D37feac0c54c5d8e8,heldout,return,15_30,0,dvv,-0.0001
D2c0508370f619ee5,heldout,return,15_30,40,dvv,0
D478be9abded9cf96,heldout,return,15_30,22,dvv,0.001
D055baa0f30dfac0d,heldout,return,15_30,40,dvv,0.0002
D020e0ddf542a1eb8,heldout,return,15_30,20,dvv,-0.01
D5eff5fcfed093889,heldout,return,15_30,10,dvv,0.01
D0401bb1ae68a4ef5,heldout,return,15_30,40,dvv,0.001
D17fe6ecd615d34aa,heldout,return,15_30,18,dvv,0.001
D54175d6b99859a49,heldout,return,15_30,8,dvv,-0.0005
D6465877eb4bf1845,heldout,return,15_30,18,constant_shift,0.005
D5046838d42a08770,heldout,return,15_30,40,dvv,0.01
D005f3f5d9abdb890,heldout,return,15_30,28,dvv,-0.0001
D7253041e632196a8,heldout,return,15_30,34,constant_shift,0.005
D4b36bf6b34686f71,heldout,return,15_30,40,dvv,-0.002
D5326dcebe98841b2,heldout,return,15_30,4,dvv,0.005
D1e7c3fc488243370,heldout,return,15_30,32,dvv,0.005
D56b1ba721ab7dc04,heldout,return,15_30,4,dvv,-0.002
D38fbc0003072a630,heldout,return,15_30,10,constant_shift,0.005
D47444b545ed2a3e3,heldout,return,15_30,24,dvv,0.0002
D03cbdb87033e6179,heldout,return,15_30,18,dvv,0
D034a1904044e8d24,heldout,return,15_30,8,dvv,0.0005
D3e6331f60bfe1a0b,heldout,return,15_30,6,dvv,0
D436e3bf29ee5d83b,heldout,return,15_30,38,source_jitter,-0.000335955038
D61e8e10efbe1e91e,heldout,return,15_30,0,dvv,0.002
D43fa95bc6ccb6cbb,heldout,return,15_30,12,dvv,-0.0002
D5aee1abb3185ebaa,heldout,return,15_30,38,dvv,-0.01
D0c577e6d67e97f9f,heldout,return,15_30,24,source_jitter,0.000189969952
D789427fba085b53a,heldout,return,15_30,6,dvv,0.005
D61a59910bdffcbf2,heldout,return,15_30,6,dvv,0.0001
D2447ec5f2b80189b,heldout,return,15_30,12,dvv,0.002
D1a753f367ceaceb1,heldout,return,15_30,10,dvv,0.001
D3fa7477f80174f5d,heldout,return,15_30,6,dvv,-0.001
D1492815267adbf72,heldout,return,15_30,40,dvv,-0.005
D3b0e0bbb1af24134,heldout,return,15_30,16,dvv,-0.0005
D0c6a49ca6e32c217,heldout,return,15_30,26,dvv,0.005
D6840b74d6b51dc90,heldout,return,15_30,22,dvv,0.002
D5ce707b587870e7d,heldout,return,15_30,24,dvv,0.01
D0017bf6afa3c4997,heldout,return,15_30,28,dvv,0.005
D3936ac5534845761,heldout,return,15_30,16,source_jitter,-0.000690066135
D2d52d63000316d6e,heldout,return,15_30,16,dvv,-0.01
D23f84790dd3d3efc,heldout,return,15_30,40,dvv,0.002
D30650849aa3358dd,heldout,return,15_30,10,dvv,0
D2db48a20cc0c2d7c,heldout,return,15_30,36,dvv,0.002
D199296cb66dfe760,heldout,return,15_30,42,dvv,-0.0002
D53aa51c2bf1273ee,heldout,return,15_30,0,dvv,-0.002
D6861e53d1153e2da,heldout,return,15_30,12,dvv,-0.005
D1cf1bcbaf49e5e02,heldout,return,15_30,44,dvv,0.01
D4f04b3bf641edfc1,heldout,return,15_30,8,dvv,-0.001
D1f2cfb58df1ffc1a,heldout,return,15_30,32,dvv,-0.0002
D3ec72769509cdd4c,heldout,return,15_30,20,dvv,0.002
D7f467b6bea8aa2e2,heldout,return,15_30,16,dvv,-0.0002
D2c8301bad5a84bad,heldout,return,15_30,10,dvv,0.002
D2d2fbeb3428d32f3,heldout,return,15_30,36,dvv,-0.0002
D58fc4bc11de85220,heldout,return,15_30,14,dvv,0.0001
D03e67af745202df5,heldout,return,15_30,34,dvv,0
D3af48543943cc67a,heldout,return,15_30,6,dvv,-0.002
D28ca6034dde14a23,heldout,return,15_30,8,dvv,0.0001
D178dd95d2e7ebab2,heldout,return,15_30,36,dvv,-0.005
D21327814f103df33,heldout,return,15_30,22,dvv,0.005
D38644d598b55a803,heldout,return,15_30,20,dvv,0.0001
D69649aef0a9983c5,heldout,return,15_30,14,dvv,0.01
D3cc7894fa11243c4,heldout,return,15_30,38,dvv,0.002
D69694c3f7812779f,heldout,return,15_30,32,source_jitter,0.000236694562
D2d23b1686665a722,heldout,return,15_30,20,constant_shift,0.005
D596d411949d8c88d,heldout,return,15_30,26,dvv,-0.005
D2148921c951694c8,heldout,return,15_30,34,dvv,-0.005
D1d117c968a7fcc0d,heldout,return,15_30,38,dvv,0.0001
D33ae4fccd5f30e39,heldout,return,15_30,12,dvv,0.001
D5deba34fbc0d0e63,heldout,return,15_30,20,dvv,0.01
D0f4aaabfbc7394ab,heldout,return,15_30,4,dvv,0.01
D33cd37adc22fbfd9,heldout,return,15_30,22,dvv,-0.002
D3f934227d44082ca,heldout,return,15_30,42,dvv,-0.0005
D37d93d64463e02d6,heldout,return,15_30,30,constant_shift,0.005
D26c11c4c7ed98094,heldout,return,15_30,26,dvv,-0.0002
D0d7e26d9ed0e2a90,heldout,return,15_30,42,dvv,-0.005
D4ee07683c25d9a46,heldout,return,15_30,42,dvv,0.001
D1fa0ecf2adcd4f3f,heldout,return,15_30,10,dvv,-0.002
D34b56845481aa670,heldout,return,15_30,24,constant_shift,0.005
D090e7c930a0a775f,heldout,return,15_30,44,dvv,-0.002
D7d2df57e4eacd196,heldout,return,15_30,44,dvv,0.0002
D5aee28c1cac9886c,heldout,return,15_30,6,dvv,-0.0001
D19d4d5f34ec04e4a,heldout,return,15_30,30,dvv,0.0002
D70951d8c5dfb4b09,heldout,return,15_30,28,dvv,-0.005
D4ecc3be0113903f4,heldout,return,15_30,12,source_jitter,-0.000464411902
D0aec6ef8553f5f4b,heldout,return,15_30,2,dvv,0.01
D56bffe050d59e96d,heldout,return,15_30,14,dvv,-0.0001
D043386259b3dadc8,heldout,return,15_30,38,dvv,0.001
D7a13b367aa94f216,heldout,return,15_30,4,dvv,-0.01
D462bb4723344b9d8,heldout,return,15_30,40,constant_shift,0.005
D5270f8519897bec7,heldout,return,15_30,28,dvv,0.0002
D6bf181f2a14c2c29,heldout,return,15_30,32,dvv,-0.005
D2b6877938300f263,heldout,return,15_30,2,source_jitter,-0.000298450861
D6b1127c3ea539650,heldout,return,15_30,42,source_jitter,0.000102559805
D5c2107c1a5828476,heldout,return,15_30,32,dvv,-0.002
D3557be1d616d22c9,heldout,return,15_30,42,dvv,0.0001
D3fb5374486786320,heldout,return,15_30,20,dvv,0
D16a96417caa4f8bb,heldout,return,15_30,10,dvv,0.0002
D3fc9f2f03cb14152,heldout,return,15_30,8,dvv,-0.0001
D2f10a9df2595d5a0,heldout,return,15_30,10,dvv,0.0001
D742cd7223cb48bfb,heldout,return,15_30,42,dvv,-0.0001
D16fc36b256cb9adb,heldout,return,15_30,12,dvv,0.01
D48f9ae0c293c16f2,heldout,return,15_30,22,dvv,-0.0005
D23caf880d21bb969,heldout,return,15_30,20,source_jitter,-0.000211583304
D06d7d2dd68e7fa42,heldout,return,15_30,42,constant_shift,0.005
D6b549810155e3b5e,heldout,return,15_30,30,dvv,0.005
D1f7f7409ce9f5757,heldout,return,15_30,22,constant_shift,0.005
D0fc9d3d07c696783,heldout,return,15_30,6,dvv,0.0002
D7f9770264b3ba1b7,heldout,return,15_30,16,dvv,0.0005
D3323afd88e544f01,heldout,return,15_30,16,dvv,0.002
D65f05f6100a72fab,heldout,return,15_30,10,dvv,-0.0002
D54dcc4b448ca2697,heldout,return,15_30,44,dvv,-0.01
D296bd44347440111,heldout,return,15_30,14,dvv,0.0005
D53c0a921c0f54196,heldout,return,15_30,20,dvv,-0.0002
D411075a6736b6787,heldout,return,15_30,38,dvv,0.005
D22b9f5ddb904bbf1,heldout,return,15_30,12,dvv,-0.002
D03fc121cb995e02e,heldout,return,15_30,16,dvv,0
D51743176ab94e0ee,heldout,return,15_30,8,dvv,-0.0002
D1195fefc04698799,heldout,return,15_30,44,dvv,0.005
D4738aa822cca6be4,heldout,return,15_30,6,dvv,-0.0005
D16d4dbecac033d6e,heldout,return,15_30,36,dvv,0.0001
D20dbfdda93833749,heldout,return,15_30,26,dvv,-0.001
D524a91f9a114d59c,heldout,return,15_30,4,dvv,0.0001
D568d409d8d98d21b,heldout,return,15_30,40,dvv,0.0005
D4bdd9ebd11217d47,heldout,return,15_30,14,constant_shift,0.005
D0e006f1e9da3817d,heldout,return,15_30,32,dvv,-0.01
D48d88dc36e4ea124,heldout,return,15_30,24,dvv,0.002
D09a0e16c10cf3e95,heldout,return,15_30,34,dvv,-0.002
D089bdfb6b259f42b,heldout,return,15_30,4,dvv,-0.0001
D640a378c8e4cf353,heldout,return,15_30,0,dvv,0
D41f37674632c5306,heldout,return,15_30,30,dvv,0.0005
D444d3a2c15475647,heldout,return,15_30,18,dvv,-0.01
D1bcb4eae319c8c8c,heldout,return,15_30,18,dvv,0.002
D56364e9386fdc1ed,heldout,return,15_30,36,dvv,-0.0005
D11dbe7ef12976181,heldout,return,15_30,26,dvv,-0.0005
D7ea225d2dfe9f607,heldout,return,15_30,38,dvv,-0.0005
D3b977501e967a140,heldout,return,15_30,28,dvv,-0.0005
D6629a2692c1125f8,heldout,return,15_30,8,source_jitter,-0.0003202701
D793d357399731de4,heldout,return,15_30,32,dvv,0.0002
D73ca5ec49f97bb58,heldout,return,15_30,28,dvv,0
D55b8c04bc65a5d1e,heldout,return,15_30,0,source_jitter,-0.000113443611
D74861f6456efe26f,heldout,return,15_30,20,dvv,0.0005
D4b1aeac9111902b5,heldout,return,15_30,8,dvv,0.002
D45e803a2f4281ed2,heldout,return,15_30,38,dvv,0
D42206c8d00dc7589,heldout,return,15_30,0,dvv,0.0001
D70ef25aa058eba89,heldout,return,15_30,6,dvv,-0.005
D40ba99ee5c4bbffc,heldout,return,15_30,34,dvv,0.01
D470aa46137a22e5a,heldout,return,15_30,0,dvv,-0.005
D76bfd665aea448b9,heldout,return,15_30,2,dvv,0
D23775ed18931fc7c,heldout,return,15_30,36,dvv,0.0002
D73f9126bf6c7c62a,heldout,return,15_30,28,constant_shift,0.005
D3b635eb7d2a953b9,heldout,return,15_30,36,dvv,0.005
D788d709e5931ebab,heldout,return,15_30,24,dvv,0.0001
D25eb35c6a40f9fa9,heldout,return,15_30,24,dvv,-0.01
D2b77e1b88f5ff3a2,heldout,return,15_30,20,dvv,-0.001
D00b1d8ad6f920ebd,heldout,return,15_30,44,dvv,-0.0005
D2627feb69aa87c05,heldout,return,15_30,0,dvv,0.0002
D7dfb868c75089756,heldout,return,15_30,12,dvv,-0.0005
D0ef672a9bb8b86ea,heldout,return,15_30,38,dvv,0.0002
D057e49e3e4feff64,heldout,return,15_30,32,dvv,0
D57c9d81731e5fbb5,heldout,return,15_30,30,dvv,-0.005
D725df05f74d92b9d,heldout,return,15_30,40,dvv,0.005
D784e9fc985ddca09,heldout,return,15_30,20,dvv,0.005
D559579e8a6fc1055,heldout,return,15_30,24,dvv,-0.0001
D5f0e8d1f839f74c1,heldout,return,15_30,44,dvv,-0.0002
D70a399c2bed42085,heldout,return,15_30,42,dvv,0.01
D0596cb37e7796ccd,heldout,return,15_30,36,dvv,0
D6fc8610805fa0999,heldout,return,15_30,0,dvv,0.01
D49a4f6057d3c810c,heldout,return,15_30,36,dvv,0.001
D670918dfb3c6d345,heldout,return,15_30,40,dvv,-0.0001
D6431d87f8823ea33,heldout,return,15_30,36,dvv,-0.002
D0d23aeb55e31d225,heldout,return,15_30,12,dvv,-0.001
D34e745d9c869eaa2,heldout,return,15_30,44,constant_shift,0.005
D76e02f8703671e75,heldout,return,15_30,10,dvv,-0.0001
D7b78b8087721dde8,heldout,return,15_30,32,dvv,-0.0001
D3ba67db3df2f2797,heldout,return,15_30,8,dvv,-0.005
D27557f1939534784,heldout,return,15_30,6,dvv,-0.01
D79d253dc9695d1dd,heldout,return,15_30,28,dvv,0.0005
D0a6b6d32467033b2,heldout,return,15_30,16,dvv,0.001
D6a740b7c63322e08,heldout,return,15_30,2,dvv,-0.001
D3acc43d8169c00d0,heldout,return,15_30,18,dvv,0.0001
D62d8194a90e40738,heldout,return,15_30,30,dvv,-0.0001
D10b8a9b07cc71382,heldout,return,15_30,30,dvv,-0.0002
D408ee03d5a6248c7,heldout,return,15_30,38,dvv,0.01
D4f7510e5ef0ee160,heldout,return,15_30,18,dvv,0.01
D51e6a1085c4a6ade,heldout,return,15_30,34,dvv,0.0005
D41e98b30969e8185,heldout,return,15_30,14,dvv,-0.005
D50b17bf64c3a8e75,heldout,return,15_30,10,dvv,-0.01
D77dff122ccf88e22,heldout,return,15_30,26,dvv,0.002
D7dd4c5227ab3e02f,heldout,return,15_30,42,dvv,0
D2e85940be8344056,heldout,return,15_30,26,dvv,0
D092a56de24a29235,heldout,return,15_30,14,source_jitter,-9.27961176e-06
D570e2ed75255bd9a,heldout,return,15_30,18,dvv,-0.005
D08781fd3c7b64ff7,heldout,return,15_30,20,dvv,-0.0005
D4b34eb9354c43791,heldout,return,15_30,0,constant_shift,0.005
D7bf8afdcb72f4509,heldout,return,15_30,44,dvv,0.001
D4a2d55c957a56008,heldout,return,15_30,20,dvv,-0.0001
D3344b201098a5c78,heldout,return,15_30,34,dvv,0.005
D486f1c087ae2fb3b,heldout,return,15_30,18,dvv,-0.0005
D023ff077161a7648,heldout,return,15_30,22,dvv,-0.01
D02b890d77685c7ea,heldout,return,15_30,4,dvv,-0.0005
D728dbdb4d8a08bc6,heldout,return,15_30,26,constant_shift,0.005
D3d970516fd69b4f3,heldout,return,15_30,22,dvv,0.0002
D39f7b5c9fea06c09,heldout,return,15_30,2,dvv,-0.0005
D391a59d27708758b,heldout,return,15_30,38,dvv,-0.005
D46a3ae6e2a96418f,heldout,return,15_30,36,constant_shift,0.005
D05327a55c54ff73d,heldout,return,15_30,14,dvv,0.0002
D531fdd8fcbfe3a5d,heldout,return,15_30,12,dvv,0.0001
D1d48ac8c578b58c4,heldout,return,15_30,30,dvv,0.0001
D71f9235d0cff3e2f,heldout,return,15_30,44,dvv,0.0005
D103bf0f344ac3bdc,heldout,return,15_30,30,dvv,0
D39ee93ddd8dc8e2b,heldout,return,15_30,44,dvv,-0.0001
D045c0337d927ad98,heldout,return,15_30,28,dvv,0.01
D5d27e41a6a7ded77,heldout,return,15_30,26,dvv,-0.0001
D32845ade7b933f15,heldout,return,15_30,18,dvv,0.005
D7784bfa17c4fb929,heldout,return,15_30,30,dvv,-0.001
D10a1eab87a813595,heldout,return,15_30,34,dvv,0.001
D0b92c4f6ff80bb81,heldout,return,15_30,22,dvv,0.0005
D45c26012884faf0f,heldout,return,15_30,34,dvv,0.002
D034e071b5472fe49,heldout,return,15_30,14,dvv,-0.0005
D04e3b41517942bd7,heldout,return,15_30,22,dvv,0
D78e1df892b7168ef,heldout,return,15_30,34,dvv,-0.01
D519439ffb3995220,heldout,return,15_30,16,dvv,0.01
D3a78efd8437c7ebf,heldout,return,15_30,28,dvv,0.0001
D156e356e9597c378,heldout,return,15_30,12,dvv,0
D241c63a2d7fc5747,heldout,return,15_30,32,constant_shift,0.005
D4fb6f6adbee39fea,heldout,return,15_30,20,dvv,-0.005
D2f15187476eba034,heldout,return,15_30,4,dvv,0.0005
D65a0ba6306c9f882,heldout,return,15_30,18,dvv,-0.001
D6965e5b95bf2ae54,heldout,return,15_30,2,dvv,-0.005
D75c6d2ff8205a3c9,heldout,return,15_30,28,dvv,-0.002
D660ad11ceab79dbd,heldout,return,15_30,6,dvv,0.01
D2c3e30f3c516dc01,heldout,return,15_30,0,dvv,0.005
D45fe6a7bea0ae3cb,heldout,return,15_30,14,dvv,0.002
D15659c6c015ec38e,heldout,return,15_30,12,dvv,0.0002
D1136fc4817e3c7be,heldout,return,15_30,8,constant_shift,0.005
D737e4e2e66be5442,heldout,return,15_30,44,dvv,-0.005
D6480760ed7af334a,heldout,return,15_30,32,dvv,-0.0005
D6ab910aea40e3dee,heldout,return,15_30,26,dvv,0.0001
D28e8cd59f2a7a966,heldout,return,15_30,24,dvv,-0.0005
D6df90364d494c04a,heldout,return,15_30,26,dvv,-0.01
D2d93842fdeb59965,heldout,return,15_30,40,dvv,-0.01
D583ad196c284af2e,heldout,return,15_30,28,dvv,0.002
D5ee97226489dcff5,heldout,return,15_30,0,dvv,-0.001
D54f243b48b1d8888,heldout,return,15_30,28,dvv,-0.0002
D398e45d7d8f7fbc9,heldout,return,15_30,36,dvv,-0.0001
D58913f0170fa25ac,heldout,return,15_30,36,dvv,0.01
D3298611d9d221c15,heldout,return,15_30,16,dvv,-0.005
D4a801010cfd0a1e9,heldout,return,15_30,44,dvv,0.0001
D1eb048db1dbfb9c2,heldout,return,15_30,34,dvv,-0.0001
D68faaa7f02cc6e0d,heldout,return,15_30,42,dvv,0.0002
D3c92fafb355370ad,heldout,return,15_30,8,dvv,0.005
D769e755dd5ed50e0,heldout,return,15_30,12,dvv,-0.0001
D3c70aaf520cca0ca,heldout,return,15_30,12,dvv,-0.01
D0cbc2fbda245c9c1,heldout,return,15_30,32,dvv,0.002
D15e3707e934f694a,heldout,return,3_15,40,dvv,-0.0002
D58543b584f3f6cb9,heldout,return,3_15,16,dvv,-0.0002
D61731f955e92d934,heldout,return,3_15,6,dvv,-0.01
D508d8e384b72ea69,heldout,return,3_15,28,dvv,-0.01
D71709a6b3dee04d8,heldout,return,3_15,32,dvv,0.001
D3b0bb9de3f54caa3,heldout,return,3_15,34,dvv,0.005
D4b9c06cd49b9aec5,heldout,return,3_15,20,dvv,0.0002
D2844f3b5f6646691,heldout,return,3_15,28,dvv,-0.002
D0a80ae6da4f34da0,heldout,return,3_15,38,dvv,-0.001
D2554ab3b8a57bcc3,heldout,return,3_15,36,dvv,0.005
D3968c47d4dc7046e,heldout,return,3_15,40,dvv,0.0001
D77bce8357d1e59c1,heldout,return,3_15,24,dvv,0.01
D7cadc04755322855,heldout,return,3_15,8,dvv,0
D35adabc5a5b3d155,heldout,return,3_15,22,dvv,0
D2f29e2cf6a7eb6b9,heldout,return,3_15,36,dvv,0.0001
D281486e58773b353,heldout,return,3_15,8,constant_shift,0.005
D28389255ed684c86,heldout,return,3_15,42,dvv,0.0005
D27a97b87e4e5d870,heldout,return,3_15,12,dvv,-0.0001
D5aa8215984bd76fe,heldout,return,3_15,16,constant_shift,0.005
D46e69b6b67ace72f,heldout,return,3_15,32,dvv,0.0001
D1d3405132a2bed20,heldout,return,3_15,24,dvv,0.005
D7567d1e490bf03ea,heldout,return,3_15,40,dvv,-0.005
D1d54a015283a2cda,heldout,return,3_15,30,dvv,0.001
D5a2120fa906cab69,heldout,return,3_15,0,dvv,0
D189ddc3366d6e80a,heldout,return,3_15,26,dvv,-0.0005
D034cf67c1f17093f,heldout,return,3_15,38,dvv,0.0001
D432990462ac517a0,heldout,return,3_15,28,dvv,0.01
D2cfefd6076386ea3,heldout,return,3_15,34,dvv,-0.005
D5f33aacb4a706938,heldout,return,3_15,18,dvv,-0.0005
D21b77481f2680204,heldout,return,3_15,28,dvv,-0.0005
D41b77fd74ecc0322,heldout,return,3_15,16,dvv,0.002
D325ef46510b92a4e,heldout,return,3_15,2,constant_shift,0.005
D429aeef1a4b0ab25,heldout,return,3_15,12,dvv,0.001
D2351ca2ea155f550,heldout,return,3_15,40,dvv,-0.002
D299f2d1d8d2db3a1,heldout,return,3_15,2,dvv,0.001
D5ce1bf5013ea32e4,heldout,return,3_15,14,dvv,-0.002
D3e6b8473745d44a9,heldout,return,3_15,2,source_jitter,0.000215896829
D2fd1963630cc16b0,heldout,return,3_15,14,dvv,-0.0005
D374434153163c376,heldout,return,3_15,6,dvv,0.0005
D5041ec77c2e144ba,heldout,return,3_15,8,dvv,0.01
D6f2283f44556bd06,heldout,return,3_15,44,dvv,-0.001
D146728e7cd514b67,heldout,return,3_15,28,source_jitter,0.000184129656
D069d169c158d449e,heldout,return,3_15,44,dvv,0
D71d53ba4a590d32c,heldout,return,3_15,28,dvv,0.0005
D1ffda632b3e83927,heldout,return,3_15,18,dvv,0.01
D67b64d51240dd047,heldout,return,3_15,28,dvv,-0.0001
D0f5267db00c79c2c,heldout,return,3_15,20,dvv,-0.01
D511078218f08e816,heldout,return,3_15,34,dvv,0.0005
D5b0107d4d3879e66,heldout,return,3_15,22,source_jitter,-0.00022360635
D037a783fcb049302,heldout,return,3_15,22,dvv,0.002
D743588312b75697e,heldout,return,3_15,18,dvv,-0.005
D268a9f904f308cae,heldout,return,3_15,10,dvv,0.0002
D53c5a56f2b3b4ad6,heldout,return,3_15,42,dvv,-0.01
D77b758cfa27476f5,heldout,return,3_15,4,dvv,0.0001
D3bc402779c28d7a8,heldout,return,3_15,34,source_jitter,0.000284104045
D3f556c600cfb89ae,heldout,return,3_15,26,dvv,0.0005
D08363cadd0016f15,heldout,return,3_15,0,dvv,-0.0002
D5c1cda43e4ec1292,heldout,return,3_15,0,dvv,-0.002
D5bcbe81fc1e95cd7,heldout,return,3_15,34,dvv,0.001
D255dcd57c09b4954,heldout,return,3_15,20,dvv,-0.0002
D12b609352bea7d6e,heldout,return,3_15,12,constant_shift,0.005
D4202de75394df193,heldout,return,3_15,8,dvv,0.005
D25c1bd92297bee1e,heldout,return,3_15,4,dvv,-0.0005
D7599efcf2f9b269c,heldout,return,3_15,18,dvv,-0.001
D3f5fcd8cff90e187,heldout,return,3_15,2,dvv,0.0005
D1ce1bddbe53b9a99,heldout,return,3_15,14,dvv,0.0002
D0167eaeb6f4f1f78,heldout,return,3_15,20,source_jitter,0.000402268801
D0971606f4d6c666e,heldout,return,3_15,28,dvv,0.0001
D2decb945ff7274b8,heldout,return,3_15,42,dvv,0.0001
D53f130afd393ff99,heldout,return,3_15,30,dvv,-0.01
D145dcc066c3bbc57,heldout,return,3_15,42,dvv,-0.0005
D3ed3285125e1e655,heldout,return,3_15,12,dvv,0.0002
D6a434ed4302bee82,heldout,return,3_15,6,source_jitter,0.000538799917
D374ff94e53b811d6,heldout,return,3_15,28,dvv,-0.005
D1aee58b7b0d9efca,heldout,return,3_15,0,dvv,0.0002
D016b816a1a3102ca,heldout,return,3_15,40,source_jitter,0.000310626264
D3e34c75b6c78cd9b,heldout,return,3_15,6,dvv,0
D29a650cd1517fdc1,heldout,return,3_15,34,dvv,0.01
D22af42b7ac1e185b,heldout,return,3_15,28,dvv,0
D67cafaba7562e2fc,heldout,return,3_15,26,source_jitter,0.000109730292
D7b9d00704fa4c318,heldout,return,3_15,36,dvv,-0.0005
D72423e227189d8c2,heldout,return,3_15,20,constant_shift,0.005
D47351d0a632aa5de,heldout,return,3_15,26,dvv,-0.001
D3d02d9950f4481ad,heldout,return,3_15,8,dvv,-0.01
D47f81d4625a9f6b6,heldout,return,3_15,34,dvv,0
D4d638a14b6e4194c,heldout,return,3_15,16,dvv,0.01
D1ede6ce3d5347a11,heldout,return,3_15,0,constant_shift,0.005
D5a58f37823c6fd00,heldout,return,3_15,6,dvv,-0.0002
D4e18bf5bbaec8e06,heldout,return,3_15,30,dvv,-0.005
D43be0d463f48a009,heldout,return,3_15,10,dvv,0.01
D366c468998be0710,heldout,return,3_15,2,dvv,-0.001
D798d85eb2e1c313a,heldout,return,3_15,12,dvv,-0.002
D7ce8a54725d25bee,heldout,return,3_15,0,dvv,0.0001
D57653bc0ba9ac790,heldout,return,3_15,16,dvv,0.005
D7b338aea5363d49f,heldout,return,3_15,32,dvv,0.002
D4a0d2ad65402158f,heldout,return,3_15,12,dvv,-0.0005
D7f6727da09117a95,heldout,return,3_15,26,dvv,0.0002
D19523c7d2948c86b,heldout,return,3_15,2,dvv,-0.0001
D4b42215e5edc3606,heldout,return,3_15,18,dvv,0
D7ce474a4d7818169,heldout,return,3_15,28,dvv,-0.001
D6bbb1a58da427525,heldout,return,3_15,32,constant_shift,0.005
D20a2485447ea4609,heldout,return,3_15,28,dvv,0.005
D750e022763be724b,heldout,return,3_15,38,source_jitter,0.000206624906
D10824992efa44f3d,heldout,return,3_15,22,dvv,0.001
D39de72c49e94b259,heldout,return,3_15,38,dvv,0
D124a25b590f09822,heldout,return,3_15,38,dvv,0.0002
D1869cedc58064c61,heldout,return,3_15,32,dvv,-0.0002
D585b46fe19394154,heldout,return,3_15,30,dvv,0.01
D53ce1ec36d927e9c,heldout,return,3_15,8,dvv,-0.005
D57d2419037755c10,heldout,return,3_15,32,source_jitter,-2.41670149e-06
D637b29c3b756304f,heldout,return,3_15,6,dvv,0.002
D316aaac8afc7867e,heldout,return,3_15,36,dvv,0.0002
D5c4dea0bb0e0547f,heldout,return,3_15,6,dvv,0.001
D45e22833460d2b07,heldout,return,3_15,22,dvv,-0.002
D70110d3371d93712,heldout,return,3_15,22,dvv,-0.001
D08bb17314b11d2d0,heldout,return,3_15,24,dvv,-0.005
D3cd672d313043605,heldout,return,3_15,4,dvv,-0.005
D02df2f6699f1f465,heldout,return,3_15,10,dvv,-0.0001
D1273685d3b3519b1,heldout,return,3_15,30,dvv,-0.0005
D1aa5ee6e1c8cbad9,heldout,return,3_15,38,dvv,-0.002
D7678c3fe189bbcd6,heldout,return,3_15,36,dvv,0
D35993d5e9a2f2c93,heldout,return,3_15,44,constant_shift,0.005
D1a03c66f9b808708,heldout,return,3_15,4,dvv,-0.01
D18801b7487802265,heldout,return,3_15,20,dvv,-0.0001
D49b3f884ebc5d42e,heldout,return,3_15,4,dvv,0.0002
D733d95aafe38584c,heldout,return,3_15,12,dvv,-0.0002
D10e7106ddb095c7d,heldout,return,3_15,4,source_jitter,6.63651955e-05
D7f5c8d610674c091,heldout,return,3_15,34,dvv,0.0001
D5a05a890f7510e63,heldout,return,3_15,34,dvv,-0.01
D6690f2d4594487e0,heldout,return,3_15,24,dvv,-0.0005
D5c0cda4204985719,heldout,return,3_15,24,dvv,-0.0002
D051cfaf794292a36,heldout,return,3_15,12,dvv,0.002
D4038a48202eafdf9,heldout,return,3_15,6,dvv,-0.001
D28440dc7426f7044,heldout,return,3_15,6,dvv,-0.002
D54a56df3a4236d4c,heldout,return,3_15,24,constant_shift,0.005
D0d5197b2b9cd1061,heldout,return,3_15,6,dvv,0.01
D3beda282604f3d68,heldout,return,3_15,18,dvv,-0.0002
D5849f8506e9cc829,heldout,return,3_15,30,dvv,-0.002
D22244c6cd9ab870e,heldout,return,3_15,18,dvv,0.0001
D1cb8a82e6bd49843,heldout,return,3_15,16,dvv,0.0005
D4b76713980786367,heldout,return,3_15,34,dvv,-0.0001
D55b6ceb9345b9c9a,heldout,return,3_15,30,dvv,0.002
D0acd275f9083203b,heldout,return,3_15,4,dvv,0.002
D4b41f13430e4a3e9,heldout,return,3_15,30,constant_shift,0.005
D3f9648d4b57fa56e,heldout,return,3_15,18,dvv,0.002
D4f6bee2c92b3abad,heldout,return,3_15,14,dvv,0.002
D79fe3e32e166b1ab,heldout,return,3_15,44,dvv,0.002
D074e06f9b88ede67,heldout,return,3_15,4,dvv,0.001
D63ea4c2f7110b045,heldout,return,3_15,42,dvv,-0.001
D2e2c889b9dfe8fe1,heldout,return,3_15,18,dvv,0.0005
D528b85460a914dc2,heldout,return,3_15,34,dvv,0.0002
D0247c65bb2ad8312,heldout,return,3_15,44,dvv,-0.0001
D1d20cef6cbf9bde5,heldout,return,3_15,14,dvv,-0.0001
D2bd6eba81a03c9de,heldout,return,3_15,2,dvv,-0.0005
D3a325ccaff77e09f,heldout,return,3_15,34,dvv,-0.0002
D496c7d434244c961,heldout,return,3_15,18,dvv,-0.0001
D2cc574383c1befed,heldout,return,3_15,36,dvv,0.0005
D4a3d279593f55fd6,heldout,return,3_15,42,dvv,0.0002
D551449012792009a,heldout,return,3_15,38,dvv,-0.005
D08fa7a756b2b2b40,heldout,return,3_15,40,dvv,-0.0001
D777af5694cd192c1,heldout,return,3_15,10,dvv,-0.005
D1a3141f2e7a377e9,heldout,return,3_15,22,constant_shift,0.005
D4fe4e3e1e9a106ce,heldout,return,3_15,22,dvv,-0.0001
D70884504a469c5fa,heldout,return,3_15,40,dvv,0
D1c3d2972aced51db,heldout,return,3_15,32,dvv,-0.002
D54b4c6f3073b4885,heldout,return,3_15,24,dvv,-0.001
D07819c2c9adc1439,heldout,return,3_15,4,dvv,0.005
D511375090971d181,heldout,return,3_15,2,dvv,-0.002
D00e59fb9f70da655,heldout,return,3_15,12,dvv,0.0001
D3f41df331ee911bd,heldout,return,3_15,38,dvv,0.005
D65fd606b00bbee6c,heldout,return,3_15,42,source_jitter,-1.25691341e-05
D06a12a5fc6944a5d,heldout,return,3_15,16,dvv,-0.0001
D3396a8cbcac46711,heldout,return,3_15,28,dvv,0.001
D7ce3780edbf42105,heldout,return,3_15,32,dvv,-0.0005
D05831a63bc445b1a,heldout,return,3_15,14,dvv,0.005
D77adcfcf06d0a16b,heldout,return,3_15,18,constant_shift,0.005
D517271c267dbd166,heldout,return,3_15,40,dvv,-0.01
D75471962f3863967,heldout,return,3_15,28,constant_shift,0.005
D68c8f3e2c0348a93,heldout,return,3_15,26,dvv,0.0001
D46c95b6431903584,heldout,return,3_15,12,dvv,0.005
D2c4484d228f8b896,heldout,return,3_15,10,dvv,-0.0005
D6a6d3bf7780b2614,heldout,return,3_15,0,dvv,0.002
D37f9c2e92184153a,heldout,return,3_15,42,dvv,-0.0001
D1de93ca31ac4c1fd,heldout,return,3_15,38,dvv,-0.0005
D28e83caeb1ac6ade,heldout,return,3_15,30,dvv,0.0002
D02ac3d7952536cb1,heldout,return,3_15,0,source_jitter,-0.000226061545
D708ffb641103b2a3,heldout,return,3_15,44,dvv,-0.005
D725a3f9d6c190ec4,heldout,return,3_15,36,dvv,0.01
D20d43ee24297b7f9,heldout,return,3_15,42,dvv,0.002
D66d8884afbfb40b2,heldout,return,3_15,32,dvv,0.0005
D288b7b2c444e9d88,heldout,return,3_15,30,dvv,0.0001
D479f8f3e2b2b5bc2,heldout,return,3_15,36,dvv,-0.002
D65ba95f5d54a4ae7,heldout,return,3_15,16,dvv,-0.001
D4910a6a95c7745eb,heldout,return,3_15,6,dvv,0.0001
D3ea488d100b36ac1,heldout,return,3_15,22,dvv,-0.005
D2742fd66c79a0c64,heldout,return,3_15,16,dvv,0.0002
D67948af1a60c4c81,heldout,return,3_15,20,dvv,0.0005
D3353d3cb42eb4364,heldout,return,3_15,4,dvv,0
D32ec4ecc1d5d682a,heldout,return,3_15,42,dvv,0.001
D5f7033bbe1782b24,heldout,return,3_15,18,dvv,0.001
D5f015f8a6011e514,heldout,return,3_15,10,dvv,-0.001
D5e16bdf0c3d4a332,heldout,return,3_15,14,dvv,-0.01
D12d1a40396c08f94,heldout,return,3_15,38,constant_shift,0.005
D2a39af5e4bd7ed2b,heldout,return,3_15,14,source_jitter,0.000451428641
D1ddd01c34b5ab795,heldout,return,3_15,22,dvv,-0.0002
D662c115275665d5e,heldout,return,3_15,0,dvv,-0.005
D194ee1902b45b1e7,heldout,return,3_15,36,dvv,0.002
D3ebc927debc96c95,heldout,return,3_15,32,dvv,-0.001
D762df8ee8138c423,heldout,return,3_15,30,dvv,0.0005
D0d64da9b3217fc9a,heldout,return,3_15,34,dvv,-0.0005
D587e1429dd67f9d1,heldout,return,3_15,42,dvv,0.01
D3637dd55b40b872e,heldout,return,3_15,4,constant_shift,0.005
D37c8508433ada2b3,heldout,return,3_15,44,dvv,-0.01
D79c508beec3fc29b,heldout,return,3_15,44,dvv,-0.0002
D0ea230cbf6d01ea5,heldout,return,3_15,14,dvv,0.0001
D0bebd45b1ebffe31,heldout,return,3_15,24,source_jitter,0.000233906987
D4adf92b617c11b97,heldout,return,3_15,20,dvv,-0.005
D737562f4edab17f3,heldout,return,3_15,24,dvv,0
D6bde859494dd3aa8,heldout,return,3_15,20,dvv,0.002
D18b27ce17a534bae,heldout,return,3_15,0,dvv,-0.0005
D24b5244d8598aa9b,heldout,return,3_15,6,constant_shift,0.005
D588b6994a6d3aaa5,heldout,return,3_15,36,dvv,-0.005
D2fb0f79eb5b54aad,heldout,return,3_15,30,dvv,-0.001
D56d193e64bda5de7,heldout,return,3_15,8,dvv,0.001
D5491318d40c77477,heldout,return,3_15,0,dvv,-0.001
D204ce7571f5c7284,heldout,return,3_15,10,dvv,-0.0002
D7bb0870881a5d95e,heldout,return,3_15,40,dvv,0.0005
D0c35fde3b831a165,heldout,return,3_15,34,dvv,0.002
D313f52c60c85640b,heldout,return,3_15,0,dvv,0.005
D33b5cce4b22530a9,heldout,return,3_15,36,dvv,-0.001
D27684c685f6f7cc9,heldout,return,3_15,36,source_jitter,-0.000171450579
D5b6fe831c91905da,heldout,return,3_15,16,dvv,0.001
D669948b238b072a1,heldout,return,3_15,20,dvv,0.005
D37684174093a3f71,heldout,return,3_15,8,source_jitter,0.000306750714
D1e9dc05952734c1b,heldout,return,3_15,2,dvv,0.01
D1846a79d1ea046e6,heldout,return,3_15,26,dvv,-0.005
D100f4b3ba33b197c,heldout,return,3_15,4,dvv,0.01
D298ff7187bcd9d0b,heldout,return,3_15,30,dvv,0
D39a68654a12b048a,heldout,return,3_15,8,dvv,-0.002
D6c92833feb0bae80,heldout,return,3_15,12,dvv,0.0005
D475962dc9dd18e40,heldout,return,3_15,8,dvv,0.0001
D4df02b50c6567d97,heldout,return,3_15,26,dvv,0.001
D7900651af4e881ef,heldout,return,3_15,40,dvv,0.005
D44c030a1e6fd6852,heldout,return,3_15,10,dvv,0.005
D2317587db15db90a,heldout,return,3_15,14,dvv,0.001
D2b6752ff3259fe9c,heldout,return,3_15,16,dvv,0.0001
D303ff7c28b0fd888,heldout,return,3_15,22,dvv,0.0005
D31e7f667f4036776,heldout,return,3_15,6,dvv,-0.0001
D24b931a20ae221bf,heldout,return,3_15,26,constant_shift,0.005
D5b29e6772c958dfd,heldout,return,3_15,16,dvv,-0.002
D3ca290944a7439e5,heldout,return,3_15,20,dvv,0
D41ec9e672123ae13,heldout,return,3_15,20,dvv,0.001
D2c51db591fae954e,heldout,return,3_15,24,dvv,-0.002
D7ba8b5347c1cf348,heldout,return,3_15,26,dvv,-0.0002
D3282764f8548f711,heldout,return,3_15,28,dvv,0.0002
D47221a4634259777,heldout,return,3_15,32,dvv,-0.005
D076f5e8d14a6a893,heldout,return,3_15,14,dvv,0.0005
D293d3b55ffd42623,heldout,return,3_15,20,dvv,-0.002
D1feb2cf35c9d8985,heldout,return,3_15,26,dvv,0.01
D68360782c76449dd,heldout,return,3_15,30,dvv,-0.0002
D5e4e7fa0648f3103,heldout,return,3_15,10,dvv,-0.002
D037e2c1be640564e,heldout,return,3_15,36,dvv,-0.0002
D73415c12fce6b3b8,heldout,return,3_15,42,dvv,-0.005
D699d4ecec6155048,heldout,return,3_15,36,dvv,-0.0001
D50f0cf821e2f40db,heldout,return,3_15,30,dvv,0.005
D53ae102bbd29775d,heldout,return,3_15,22,dvv,-0.01
D07c7f4036821cfd2,heldout,return,3_15,44,dvv,0.0005
D2085a42647f5bf3c,heldout,return,3_15,12,dvv,0
D3bf813f50e7197ea,heldout,return,3_15,38,dvv,0.002
D2436950fef3a5901,heldout,return,3_15,12,source_jitter,-0.000163283718
D61e44e417efe1309,heldout,return,3_15,14,dvv,-0.001
D2858a838874f215b,heldout,return,3_15,0,dvv,-0.01
D37068dc4ab291275,heldout,return,3_15,40,dvv,0.0002
D1114205de5b5ba62,heldout,return,3_15,34,dvv,-0.001
D34a6628e31906472,heldout,return,3_15,38,dvv,0.0005
D3d5594e0b58cd244,heldout,return,3_15,8,dvv,-0.0002
D5d64a041ad7fc1f7,heldout,return,3_15,32,dvv,0.01
D14780182faaf8942,heldout,return,3_15,18,dvv,-0.01
D7ebc8edb040b83bc,heldout,return,3_15,22,dvv,-0.0005
D644c5d96246e25a2,heldout,return,3_15,32,dvv,0.0002
D5a6ec8ac9c9e3c5f,heldout,return,3_15,4,dvv,0.0005
D13f60ce22932ab03,heldout,return,3_15,44,dvv,0.001
D5dd5b20d7ee1c8fc,heldout,return,3_15,24,dvv,0.001
D25536aea307b169b,heldout,return,3_15,0,dvv,0.01
D6f829ac339962425,heldout,return,3_15,8,dvv,0.0002
D7577b7511bc23e0a,heldout,return,3_15,26,dvv,0
D2d73223027061e1a,heldout,return,3_15,40,dvv,-0.0005
D531d6782b05fb23d,heldout,return,3_15,10,dvv,0
D201bb3dea6612694,heldout,return,3_15,36,dvv,-0.01
D795b18fef49c4ed3,heldout,return,3_15,22,dvv,0.0002
D3562251be2291869,heldout,return,3_15,24,dvv,0.0002
D34a9485f20fdd717,heldout,return,3_15,8,dvv,0.002
D61afa9c5c7a204bb,heldout,return,3_15,6,dvv,0.005
D74cd1e52827a80ac,heldout,return,3_15,44,source_jitter,-4.60924046e-05
D734b9199343bf32b,heldout,return,3_15,32,dvv,0
D0a87311486d6d089,heldout,return,3_15,8,dvv,-0.0005
D27c4c2c055e4ce5d,heldout,return,3_15,26,dvv,-0.0001
D6a16aab6829b9aad,heldout,return,3_15,38,dvv,-0.0001
D5f2f47c176d811c8,heldout,return,3_15,2,dvv,-0.005
D54ac9033257c64dd,heldout,return,3_15,10,dvv,0.0001
D49bf1c2c7d32a849,heldout,return,3_15,2,dvv,0.0002
D6b5fc89e388c42d2,heldout,return,3_15,8,dvv,0.0005
D28f6353bdfced9ff,heldout,return,3_15,10,constant_shift,0.005
D7f79bde9b47663eb,heldout,return,3_15,38,dvv,0.001
D49222a5481df9084,heldout,return,3_15,44,dvv,0.0001
D6804f3475e1abb99,heldout,return,3_15,36,dvv,0.001
D460f70e9a617160f,heldout,return,3_15,44,dvv,0.005
D48f0fbd3f3a2a8b4,heldout,return,3_15,34,dvv,-0.002
D4274c50f6160c32a,heldout,return,3_15,2,dvv,0.005
D27eb463454a89639,heldout,return,3_15,10,source_jitter,0.000172950451
D77aa1a0286de937f,heldout,return,3_15,14,dvv,-0.005
D5f2152954fdc24be,heldout,return,3_15,18,dvv,0.0002
D1b3775a89e03a08d,heldout,return,3_15,26,dvv,-0.002
D6686216a43b35470,heldout,return,3_15,2,dvv,0
D0ccb4f0979a179e5,heldout,return,3_15,16,dvv,-0.005
D3cdfa51312136ffd,heldout,return,3_15,12,dvv,-0.005
D4c55de5c0f9f9257,heldout,return,3_15,2,dvv,-0.01
D5bd0ede9b3607fe5,heldout,return,3_15,2,dvv,0.002
D550d19dc3d4e9fb8,heldout,return,3_15,10,dvv,-0.01
D2f325e2317958bf3,heldout,return,3_15,20,dvv,-0.001
D3725c20942108d66,heldout,return,3_15,42,dvv,-0.002
D093ce95ce6894133,heldout,return,3_15,28,dvv,-0.0002
D175d4aeb952a248b,heldout,return,3_15,24,dvv,-0.01
D03a0536dfe62208f,heldout,return,3_15,40,constant_shift,0.005
D50a50e7b2612068b,heldout,return,3_15,6,dvv,0.0002
D56d42b6022a55da5,heldout,return,3_15,30,dvv,-0.0001
D0a5d41b36fa21ee7,heldout,return,3_15,10,dvv,0.002
D1a0910bac82f80ef,heldout,return,3_15,38,dvv,-0.0002
D6859309da0837881,heldout,return,3_15,16,dvv,-0.0005
D304733dae010f314,heldout,return,3_15,20,dvv,0.0001
D03010b24d1cfabff,heldout,return,3_15,24,dvv,0.002
D32e23d65877dd47e,heldout,return,3_15,22,dvv,0.01
D4569be7d4501e2d9,heldout,return,3_15,44,dvv,0.01
D2d4096efa5c9b278,heldout,return,3_15,14,dvv,0
D3ff5f5339bd84b8b,heldout,return,3_15,40,dvv,-0.001
D6c5d72dd4865749f,heldout,return,3_15,26,dvv,0.002
D13beed1789a81843,heldout,return,3_15,20,dvv,0.01
D2a4899d7d4c7f509,heldout,return,3_15,42,dvv,0
D326dac6961e7dab4,heldout,return,3_15,10,dvv,0.001
D455616cf80332da8,heldout,return,3_15,38,dvv,0.01
D422c7415a2d6faeb,heldout,return,3_15,2,dvv,0.0001
D0ee84e6117912955,heldout,return,3_15,42,constant_shift,0.005
D0710ae522209f3c9,heldout,return,3_15,32,dvv,-0.01
D1466de8d6e64d549,heldout,return,3_15,4,dvv,-0.002
D5e2d103eda3fcb49,heldout,return,3_15,22,dvv,0.005
D5134543c46e2f130,heldout,return,3_15,16,dvv,-0.01
D0ec73e589e9bd2e0,heldout,return,3_15,6,dvv,-0.0005
D183ded163258c9ba,heldout,return,3_15,18,source_jitter,1.38894049e-05
D7549e3742c8238cb,heldout,return,3_15,24,dvv,-0.0001
D0cc42f1995e54ce9,heldout,return,3_15,32,dvv,-0.0001
D2ec8b69dfb1a4326,heldout,return,3_15,32,dvv,0.005
D5597334828f10cbe,heldout,return,3_15,16,source_jitter,-0.000389034334
D2e3799c179e141dc,heldout,return,3_15,40,dvv,0.001
D6411fdee0094f743,heldout,return,3_15,42,dvv,-0.0002
D42d4f92aa3b52f47,heldout,return,3_15,6,dvv,-0.005
D103339421ec6a900,heldout,return,3_15,0,dvv,0.0005
D71155cbbbb4b5c56,heldout,return,3_15,44,dvv,-0.0005
D06562fd356802003,heldout,return,3_15,40,dvv,0.01
D00ecc96be022c8fe,heldout,return,3_15,44,dvv,0.0002
D36e31e27b5399191,heldout,return,3_15,4,dvv,-0.0002
D51e40c94fd49c71e,heldout,return,3_15,12,dvv,-0.001
D7bf1a2c0708f299a,heldout,return,3_15,0,dvv,0.001
D631d84f5591d3539,heldout,return,3_15,12,dvv,0.01
D33b8ba043ad7e4e7,heldout,return,3_15,26,dvv,0.005
D4ea178ddf7e49d81,heldout,return,3_15,12,dvv,-0.01
D16bc0a3f6502ae39,heldout,return,3_15,42,dvv,0.005
D1734ad17201f096c,heldout,return,3_15,22,dvv,0.0001
D688aa6a5bb7b19cf,heldout,return,3_15,2,dvv,-0.0002
D040790809aa91b26,heldout,return,3_15,24,dvv,0.0001
D0a5819657ccfeaae,heldout,return,3_15,0,dvv,-0.0001
D678dd6409d778db2,heldout,return,3_15,40,dvv,0.002
D1bd2356790614383,heldout,return,3_15,18,dvv,0.005
D263d73edc358b1be,heldout,return,3_15,8,dvv,-0.0001
D6047daa85fc9257d,heldout,return,3_15,20,dvv,-0.0005
D6793ae9c826c3cb4,heldout,return,3_15,36,constant_shift,0.005
D56025a0f42236d25,heldout,return,3_15,14,dvv,-0.0002
D1e3fff2bb3e8f708,heldout,return,3_15,24,dvv,0.0005
D51f92553f9a14ed0,heldout,return,3_15,14,constant_shift,0.005
D553cb193b6a414dc,heldout,return,3_15,10,dvv,0.0005
D662f86956e1dfb3f,heldout,return,3_15,30,source_jitter,-7.33953626e-05
D5a9e6b79439368d0,heldout,return,3_15,14,dvv,0.01
D0fb62d3482d089cd,heldout,return,3_15,18,dvv,-0.002
D0259eb788f4f992e,heldout,return,3_15,4,dvv,-0.001
D399d22caa05345c9,heldout,return,3_15,38,dvv,-0.01
D67ad4903f41e9d1f,heldout,return,3_15,34,constant_shift,0.005
D67bb226dd04ede86,heldout,return,3_15,16,dvv,0
D116328617e7b79aa,heldout,return,3_15,28,dvv,0.002
D60c21bbc92e82834,heldout,return,3_15,8,dvv,-0.001
D7ee58dcabab893ca,heldout,return,3_15,4,dvv,-0.0001
D1893c8647c77076f,heldout,return,3_15,44,dvv,-0.002
D0faf8998354ff1dd,heldout,return,3_15,26,dvv,-0.01
D5a03c3be7ee11726,heldout,return,60_120,2,dvv,0.001
D39bf9aded9ad2b52,heldout,return,60_120,4,dvv,0.0005
D04008ab1f798d558,heldout,return,60_120,34,source_jitter,0.000631129426
D39bd0590991426ec,heldout,return,60_120,38,dvv,0
D4fe3f7b06d5b25dc,heldout,return,60_120,42,dvv,0
D3e0706a892d3e4b8,heldout,return,60_120,30,dvv,0.005
D436dd0fc4a9fba27,heldout,return,60_120,36,dvv,-0.0001
D7d5b2a884ac80922,heldout,return,60_120,4,dvv,-0.0005
D2708fc2b9437cb30,heldout,return,60_120,40,dvv,-0.0005
D3400d2d0a9537c81,heldout,return,60_120,22,dvv,0.001
D15fa86bc24ddbaa5,heldout,return,60_120,32,dvv,0.0001
D4b5033c9de7155ab,heldout,return,60_120,16,constant_shift,0.005
D2c0292ef2c8fda4d,heldout,return,60_120,32,dvv,0.002
D1f81dd086ac7504f,heldout,return,60_120,4,dvv,0
D27d1cd6aa04ec49b,heldout,return,60_120,42,dvv,0.0001
D6ebae5a867d44563,heldout,return,60_120,34,dvv,0.01
D5618b0c53d4b8416,heldout,return,60_120,38,dvv,0.001
D0056083dc3183cce,heldout,return,60_120,22,dvv,0.0002
D196f10278fe072ce,heldout,return,60_120,42,dvv,0.01
D6ab9cae699c43d6e,heldout,return,60_120,24,dvv,0.005
D58c531d1615f05e1,heldout,return,60_120,44,dvv,0.002
D234e80de5070077c,heldout,return,60_120,0,dvv,0.0001
D282b4e4ceac695da,heldout,return,60_120,38,dvv,0.0005
D3413b96c46643a56,heldout,return,60_120,6,dvv,0.0005
D73793714f7ce9014,heldout,return,60_120,0,dvv,-0.002
D28a45c508d533cb9,heldout,return,60_120,16,dvv,-0.002
D711f6fe563229f05,heldout,return,60_120,34,dvv,-0.002
D3303974718e91660,heldout,return,60_120,8,dvv,-0.002
D228575a14e1e2dfa,heldout,return,60_120,20,dvv,-0.002
D1c00f9739a845e4a,heldout,return,60_120,26,dvv,-0.002
D2593e288ca17c383,heldout,return,60_120,12,dvv,-0.0002
D10bad58305018859,heldout,return,60_120,14,source_jitter,0.000144165196
D04faca4e8aa36e96,heldout,return,60_120,0,dvv,-0.01
D40d852e32ac3a271,heldout,return,60_120,40,dvv,0.0005
D61b15673fa055c63,heldout,return,60_120,4,dvv,-0.001
D017759c7613ec8fe,heldout,return,60_120,10,dvv,-0.002
D5676bd359949fc81,heldout,return,60_120,42,dvv,-0.0001
D09181a66a5e1f33c,heldout,return,60_120,16,dvv,0
D6505833479d7042a,heldout,return,60_120,44,dvv,-0.005
D5e618ae157d7f1c2,heldout,return,60_120,30,dvv,0.0005
D0b029332d4355cec,heldout,return,60_120,4,dvv,-0.01
D07d46f3c2e05175f,heldout,return,60_120,22,dvv,0
D257b3ff9246578e1,heldout,return,60_120,44,dvv,-0.0001
D0e36933a3b414248,heldout,return,60_120,28,dvv,-0.002
D300b7307d524c222,heldout,return,60_120,14,dvv,0.001
D4d26083b619f0b55,heldout,return,60_120,14,dvv,0.01
D3aca8f7f89972d84,heldout,return,60_120,42,source_jitter,-8.18547748e-05
D1d53bd7e4a74b47d,heldout,return,60_120,12,dvv,0.0002
D5236fdcd585314dd,heldout,return,60_120,22,dvv,-0.0002
D25316507495ffa28,heldout,return,60_120,34,dvv,0.0002
D33d347240d3157a2,heldout,return,60_120,40,dvv,0.002
D3a07625b35d4ceec,heldout,return,60_120,6,dvv,-0.0002
D4e1866143d736bc5,heldout,return,60_120,40,dvv,-0.0002
D741bab07af4b455d,heldout,return,60_120,42,dvv,0.0005
D5c496bdd6da2c4ce,heldout,return,60_120,22,dvv,-0.0005
D29b7dad94deb88a9,heldout,return,60_120,20,dvv,-0.0001
D2468e2e9ff1f88c2,heldout,return,60_120,28,dvv,-0.001
D5b3365436cb2ec8b,heldout,return,60_120,0,source_jitter,-2.6958876e-05
D18ee4c388fa4a419,heldout,return,60_120,4,dvv,-0.0002
D4e3e03d33985822e,heldout,return,60_120,38,dvv,-0.005
D54c73469e9a256d0,heldout,return,60_120,18,dvv,-0.0002
D3206da8738bd46f5,heldout,return,60_120,24,dvv,0.0002
D22775041e84917c9,heldout,return,60_120,10,dvv,-0.0001
D03ec561ca02acfd9,heldout,return,60_120,0,dvv,-0.0002
D1758988cdce93545,heldout,return,60_120,0,dvv,0.01
D508985f0bab56d86,heldout,return,60_120,20,dvv,-0.0005
D327418f833ef3fb3,heldout,return,60_120,32,dvv,0
D37ff04b0f4cab726,heldout,return,60_120,18,dvv,-0.0001
D21b95609cb7e1b5e,heldout,return,60_120,26,dvv,0.0001
D3034b31d75bf9b89,heldout,return,60_120,34,constant_shift,0.005
D3ae7253b5e516b47,heldout,return,60_120,36,dvv,0.005
D2496b3cfdaf3d9d0,heldout,return,60_120,22,dvv,-0.01
D0b118966b98f56ac,heldout,return,60_120,38,dvv,-0.0002
D4c5c3b98ea2a3800,heldout,return,60_120,20,dvv,-0.0002
D47be7bcdc639cef5,heldout,return,60_120,20,source_jitter,-0.000412160814
D3a22fe037b266cca,heldout,return,60_120,8,dvv,-0.01
D6be66acd3226e3c3,heldout,return,60_120,44,constant_shift,0.005
D6354c4bd75c7207f,heldout,return,60_120,0,dvv,0.0005
D60ff1c4261ae4aa8,heldout,return,60_120,38,dvv,0.01
D21ed4ec382da400c,heldout,return,60_120,38,dvv,-0.0005
D050c691c9578608c,heldout,return,60_120,0,dvv,-0.0001
D119ce43ecbf4df75,heldout,return,60_120,0,dvv,0
D0542557dae504ee3,heldout,return,60_120,6,dvv,0.002
D444473561d776c03,heldout,return,60_120,0,dvv,-0.0005
D4841ef2128aba54e,heldout,return,60_120,44,dvv,-0.0005
D7f239af66b5d0bfd,heldout,return,60_120,24,dvv,-0.002
D537f27949672d157,heldout,return,60_120,34,dvv,-0.0001
D3381ff32e1a2fe37,heldout,return,60_120,12,dvv,-0.0001
D0bf193a3b0f45bc3,heldout,return,60_120,34,dvv,0.005
D120cea8b9ee85144,heldout,return,60_120,32,dvv,-0.0005
D6242af84359726d6,heldout,return,60_120,34,dvv,0.0005
D1eb7e3497dca85d4,heldout,return,60_120,38,dvv,0.005
D65d05971073cef63,heldout,return,60_120,32,dvv,-0.0002
D6499abdb31365a50,heldout,return,60_120,12,dvv,-0.01
D6700f98168c7abc6,heldout,return,60_120,24,dvv,0.01
D139838e2d4271111,heldout,return,60_120,10,source_jitter,-0.000164899099
D1ca58f1a446366be,heldout,return,60_120,26,source_jitter,-3.0616171e-05
D631f9a66b84ffc83,heldout,return,60_120,40,dvv,0.0001
D54f9904fac1656dd,heldout,return,60_120,38,dvv,-0.01
D314eafd9a8c12f53,heldout,return,60_120,18,dvv,-0.005
D7da41aac3429b10a,heldout,return,60_120,44,dvv,-0.001
D7a1502a8c9c4df2e,heldout,return,60_120,18,dvv,0.001
D451ecc198ac00007,heldout,return,60_120,14,dvv,0.0005
D6c2475c5f15ae012,heldout,return,60_120,44,dvv,-0.0002
D082def1a866d9b8a,heldout,return,60_120,26,dvv,-0.01
D07aa20a7d4ef0d8b,heldout,return,60_120,18,dvv,0.005
D0074d9a9e2175ee2,heldout,return,60_120,28,dvv,0.0005
D11efdc3f9530df0f,heldout,return,60_120,34,dvv,-0.0002
D20a0bd65cb3b6ce9,heldout,return,60_120,18,dvv,-0.0005
D0d872a24feecc846,heldout,return,60_120,26,dvv,0.002
D64f1fe3eb33a372d,heldout,return,60_120,32,dvv,-0.01
D647c71da02a7dddd,heldout,return,60_120,4,dvv,0.0002
D7fe03c83c5443d74,heldout,return,60_120,44,dvv,0.0001
D70851753f2e5d3ad,heldout,return,60_120,36,dvv,-0.01
D1d6d0ee7e8cafd09,heldout,return,60_120,22,dvv,-0.001
D697397dc0e1a2fd8,heldout,return,60_120,6,dvv,-0.0005
D3a70db8aa065ca15,heldout,return,60_120,2,dvv,0.01
D6758753be5bd054c,heldout,return,60_120,10,dvv,0
D00e246189cb23c60,heldout,return,60_120,36,dvv,-0.001
D47db8ec78dc87b39,heldout,return,60_120,40,dvv,0.001
D6fb57c71c144b8f0,heldout,return,60_120,44,dvv,-0.002
D6fca133f946f33a6,heldout,return,60_120,2,source_jitter,0.000449106251
D166ece844a825c95,heldout,return,60_120,12,dvv,-0.0005
D672d1d4651b89942,heldout,return,60_120,44,dvv,0.01
D1e0b1ce4d2b7ae98,heldout,return,60_120,4,dvv,-0.005
D5d15a740f567d822,heldout,return,60_120,26,dvv,-0.0002
D0f0162520223ce1f,heldout,return,60_120,8,dvv,-0.0002
D6516b7701f333cb1,heldout,return,60_120,2,dvv,-0.0002
D6a14fe32f7361d20,heldout,return,60_120,14,dvv,-0.0001
D4a433b07f49973ee,heldout,return,60_120,36,dvv,0.0002
D72b67b80cdd90d9d,heldout,return,60_120,28,dvv,-0.0002
D4cfc74e3c81a8aaa,heldout,return,60_120,18,dvv,0.0002
D185a8c149f144807,heldout,return,60_120,10,dvv,-0.005
D0919e5aea5d27580,heldout,return,60_120,0,dvv,0.005
D5fbeb308a20ca795,heldout,return,60_120,38,dvv,0.0001
D51596756feeb1fbf,heldout,return,60_120,26,dvv,-0.001
D097bd76a3c7cdb00,heldout,return,60_120,24,dvv,-0.005
D435f5a6a921b972d,heldout,return,60_120,10,dvv,0.01
D59c1d31a2cc184cc,heldout,return,60_120,14,dvv,-0.001
D3cc866686ab6faf5,heldout,return,60_120,18,dvv,0.0001
D2b3d08c07726360c,heldout,return,60_120,20,dvv,0
D36de4654de2c952f,heldout,return,60_120,4,dvv,0.005
D1092b65abece545a,heldout,return,60_120,28,dvv,0.005
D33f78980414b33b9,heldout,return,60_120,6,source_jitter,0.000439477323
D20450977972df9d6,heldout,return,60_120,6,dvv,0
D0af2dd917e1277c9,heldout,return,60_120,24,dvv,0.001
D4c977c41b4784fb5,heldout,return,60_120,4,dvv,0.0001
D7e4429c5b9b5d57e,heldout,return,60_120,28,dvv,-0.01
D77109a7b7c6d523b,heldout,return,60_120,34,dvv,0
D127c4f9823d84691,heldout,return,60_120,28,source_jitter,2.29543286e-06
D4bd2bdeb37b4b96b,heldout,return,60_120,30,dvv,-0.0005
D68c589e886c723f2,heldout,return,60_120,36,dvv,0.01
D3143649fb4241343,heldout,return,60_120,42,constant_shift,0.005
D5c3d33a0fe5dfe99,heldout,return,60_120,18,dvv,-0.001
D48994eb0dba607d0,heldout,return,60_120,24,dvv,-0.0005
D26ebb2b34dde9323,heldout,return,60_120,16,dvv,0.0005
D3516811f85c41b55,heldout,return,60_120,0,dvv,0.001
D3f2efac88c67e1c8,heldout,return,60_120,24,dvv,0
D3c7aed3dc87e55ee,heldout,return,60_120,4,dvv,0.01
D592a0455dc50dfce,heldout,return,60_120,38,dvv,-0.0001
D5ec9ce0b9f12a492,heldout,return,60_120,38,dvv,0.002
D599789bce0b535d5,heldout,return,60_120,42,dvv,-0.01
D092797d4b235085d,heldout,return,60_120,10,dvv,0.0002
D145d48d0a895b38d,heldout,return,60_120,36,dvv,0
D499ecb74f0335500,heldout,return,60_120,14,dvv,-0.005
D51afda02f11d0616,heldout,return,60_120,2,dvv,-0.0005
D14ac2bb71e0d053a,heldout,return,60_120,30,dvv,-0.002
D55ae428f6f6e610f,heldout,return,60_120,14,constant_shift,0.005
D4e3724fe43459ca1,heldout,return,60_120,14,dvv,0.0001
D08b7ead008cf6749,heldout,return,60_120,10,dvv,0.0005
D701bd2eb41c347d8,heldout,return,60_120,6,dvv,0.0001
D47b14bc2b300ee58,heldout,return,60_120,40,dvv,0.0002
D12251004e58e457c,heldout,return,60_120,24,dvv,0.002
D289e0f88239e6af7,heldout,return,60_120,40,constant_shift,0.005
D62be2c3f4af7b07f,heldout,return,60_120,0,constant_shift,0.005
D0af878db17535c4f,heldout,return,60_120,40,dvv,-0.001
D78d6e11c81aedaff,heldout,return,60_120,30,source_jitter,0.000132144499
D2777249d29ff498d,heldout,return,60_120,12,dvv,-0.001
D09bcc594567ba3ac,heldout,return,60_120,10,dvv,0.005
D2f554c7ea9e6f1b3,heldout,return,60_120,42,dvv,-0.002
D6cd578c4d9b575c3,heldout,return,60_120,22,dvv,-0.005
D12141f0965d0a43a,heldout,return,60_120,28,dvv,-0.0005
D769e686c68255d2c,heldout,return,60_120,40,dvv,0.005
D71e01494dd9b98f5,heldout,return,60_120,12,dvv,0.005
D6db53cf58a49e1c5,heldout,return,60_120,8,dvv,0.0005
D2dcd2cfa1af08ef0,heldout,return,60_120,10,dvv,-0.01
D7cfe71568c801c5c,heldout,return,60_120,4,dvv,-0.0001
D4d793c790adb113b,heldout,return,60_120,12,dvv,0.0005
D10c14ae0878ebe69,heldout,return,60_120,38,constant_shift,0.005
D30427ed473af7c30,heldout,return,60_120,18,source_jitter,-0.000796574074
D335b39a067fe630b,heldout,return,60_120,30,dvv,-0.001
D4a8e93e9dae79d84,heldout,return,60_120,12,dvv,0.0001
D640e6762d3ef398b,heldout,return,60_120,36,dvv,0.001
D6c08c596414b4618,heldout,return,60_120,32,source_jitter,-5.84343947e-05
D3c215b7d20d9c23b,heldout,return,60_120,4,source_jitter,0.000113009044
D7974d00ac3fa77a3,heldout,return,60_120,32,dvv,0.005
D4fb00009751ca8bf,heldout,return,60_120,24,dvv,-0.001
D5bb05eef5d952f4a,heldout,return,60_120,22,source_jitter,0.000312076586
D15b5426aeeee7d2d,heldout,return,60_120,16,dvv,0.0002
D2bb51338a65cb61b,heldout,return,60_120,16,dvv,0.01
D7da3079c041e95bc,heldout,return,60_120,28,dvv,0
D66fb7619a21b16f5,heldout,return,60_120,20,dvv,0.01
D4e86add3595594e5,heldout,return,60_120,22,dvv,0.002
D395de88ed195c65d,heldout,return,60_120,36,dvv,-0.0005
D112ba413dc4b9810,heldout,return,60_120,36,dvv,-0.005
D52cfae959b3441ff,heldout,return,60_120,34,dvv,-0.0005
D79e2033528756881,heldout,return,60_120,12,constant_shift,0.005
D209e30c7a839965a,heldout,return,60_120,8,dvv,0.001
D456a609a32bf4312,heldout,return,60_120,0,dvv,0.002
D5faea507bde0a24b,heldout,return,60_120,30,dvv,-0.01
D52363c94efc94b1f,heldout,return,60_120,30,dvv,-0.0002
D0cbe8c0d9ea43669,heldout,return,60_120,2,dvv,-0.005
D23bb4b77555267d7,heldout,return,60_120,24,dvv,-0.01
D0c235a07e0952298,heldout,return,60_120,14,dvv,-0.01
D4b73cc5e09379649,heldout,return,60_120,22,dvv,0.005
D7e4268113e62af20,heldout,return,60_120,22,dvv,0.01
D101069d8a61ef45b,heldout,return,60_120,6,dvv,-0.002
D089d599d9a2d37a9,heldout,return,60_120,16,dvv,-0.001
D050bb6c9885fc3aa,heldout,return,60_120,12,dvv,-0.005
D373b20e2c0af83cd,heldout,return,60_120,30,dvv,0
D45dcf2e9bdb392b8,heldout,return,60_120,36,dvv,-0.0002
D70cb6c73efd47829,heldout,return,60_120,2,dvv,-0.002
D7ef2e334158fa975,heldout,return,60_120,16,source_jitter,0.000151996716
D7ec7fb12719fee50,heldout,return,60_120,8,dvv,0.0001
D2a0cab6fa92b0cc1,heldout,return,60_120,0,dvv,-0.001
D07632ca71a5da691,heldout,return,60_120,34,dvv,0.002
D45ee0f356454298d,heldout,return,60_120,8,dvv,0.005
D1ab09494c78f26e1,heldout,return,60_120,44,dvv,0
D40e4ed0cbf31ded7,heldout,return,60_120,8,dvv,0.002
D52cf8113e39248ec,heldout,return,60_120,18,dvv,0.0005
D2e0813a3086053fa,heldout,return,60_120,20,dvv,-0.01
D684d2f5b4fa5bb15,heldout,return,60_120,10,dvv,0.002
D61be93951e4e4a9e,heldout,return,60_120,22,dvv,0.0005
D477cc6a0edc01c97,heldout,return,60_120,36,dvv,0.0005
D20bf7f9ba0678b39,heldout,return,60_120,30,dvv,0.0001
D5d0f21c8269fe76b,heldout,return,60_120,30,constant_shift,0.005
D29a868071e796fbb,heldout,return,60_120,28,constant_shift,0.005
D55a06eea2f0f9c48,heldout,return,60_120,32,constant_shift,0.005
D1e4b8510c005eedf,heldout,return,60_120,10,dvv,-0.001
D53596036ce30f36c,heldout,return,60_120,20,dvv,-0.005
D59e5a1463ab2ff74,heldout,return,60_120,4,constant_shift,0.005
D5a7ad2b55c077dc9,heldout,return,60_120,6,dvv,-0.001
D62cd2b23514a2d14,heldout,return,60_120,10,dvv,0.0001
D4f9a045d6320f0b2,heldout,return,60_120,2,dvv,-0.01
D6120345b2ffb16a0,heldout,return,60_120,22,dvv,0.0001
D1b8ad1d1cbc1ff53,heldout,return,60_120,8,dvv,-0.0005
D4f8ccd59e21ecea2,heldout,return,60_120,2,dvv,0.0005
D34e7d3b064942a05,heldout,return,60_120,10,dvv,-0.0005
D7fbf845d99a0627a,heldout,return,60_120,6,dvv,-0.005
D6b3e57387704d5ed,heldout,return,60_120,32,dvv,0.0005
D0cc96b6a9ab6af6a,heldout,return,60_120,24,dvv,-0.0001
D64c8b013972fd407,heldout,return,60_120,2,dvv,0.002
D6e8b84b9a432780a,heldout,return,60_120,32,dvv,-0.0001
D079d276aaad5e178,heldout,return,60_120,20,dvv,0.001
D7b30d6401d811f7e,heldout,return,60_120,8,dvv,0.0002
D2c28357d5347e3f0,heldout,return,60_120,14,dvv,-0.0002
D6dc5e81055d0f100,heldout,return,60_120,30,dvv,0.0002
D6fdf112389344cff,heldout,return,60_120,4,dvv,0.001
D0f50635bf40cda19,heldout,return,60_120,6,dvv,0.001
D33e52b683f2d5f70,heldout,return,60_120,6,dvv,0.0002
D292810c7185a7694,heldout,return,60_120,26,constant_shift,0.005
D1d80ae186adf1c30,heldout,return,60_120,24,dvv,-0.0002
D4be01ac8ca2bc57c,heldout,return,60_120,24,dvv,0.0005
D63baa0f824b3fe1e,heldout,return,60_120,16,dvv,0.002
D124c87e4a8876948,heldout,return,60_120,6,dvv,0.01
D0b67696b5843a70f,heldout,return,60_120,28,dvv,-0.0001
D58092aee6804c1fb,heldout,return,60_120,40,dvv,-0.0001
D0b0841c3368be659,heldout,return,60_120,32,dvv,0.01
D6b6dd596cc2a3674,heldout,return,60_120,26,dvv,-0.0001
D4fa2d1becddf79b7,heldout,return,60_120,44,dvv,-0.01
D2c7101a8e3da5633,heldout,return,60_120,16,dvv,-0.0002
D1f69516671315b72,heldout,return,60_120,26,dvv,-0.0005
D15d58f3efd18fa07,heldout,return,60_120,26,dvv,0
D3793a2d732a435cc,heldout,return,60_120,18,dvv,0.01
D1db1487462b8691f,heldout,return,60_120,42,dvv,-0.005
D0a221210a86bceac,heldout,return,60_120,12,dvv,-0.002
D5c8256e65006b24a,heldout,return,60_120,26,dvv,0.0002
D3062e44980caff12,heldout,return,60_120,0,dvv,0.0002
D43c03858c8910c91,heldout,return,60_120,42,dvv,0.005
D63b8e47c2d137c50,heldout,return,60_120,0,dvv,-0.005
D5356a2c5c0655972,heldout,return,60_120,12,dvv,0.002
D7eb353386c5c01a3,heldout,return,60_120,40,dvv,0
D592fbadba0bfc249,heldout,return,60_120,38,dvv,0.0002
D0c99a22a0841bd65,heldout,return,60_120,30,dvv,-0.005
D3dfb10b48661b8e7,heldout,return,60_120,20,dvv,0.002
D0cc88fa2fdf676c8,heldout,return,60_120,16,dvv,-0.005
D49fe0a876056f357,heldout,return,60_120,20,dvv,-0.001
D71ff62d45a36b1ab,heldout,return,60_120,34,dvv,0.001
D2058c21ebc99fd40,heldout,return,60_120,44,dvv,0.0005
D7e9216888c31a216,heldout,return,60_120,14,dvv,0.002
D08b99356daa93105,heldout,return,60_120,24,source_jitter,-0.000365551628
D758c4f11b5312c6a,heldout,return,60_120,4,dvv,0.002
D5f571ec7e2880b8d,heldout,return,60_120,12,dvv,0.001
D02551eba0046b402,heldout,return,60_120,40,dvv,-0.002
D2bd86be2429f1a6b,heldout,return,60_120,8,dvv,-0.005
D5afda8a3a032877d,heldout,return,60_120,32,dvv,0.0002
D63ae19c78d42b7eb,heldout,return,60_120,8,constant_shift,0.005
D2c54839ae0dc5a5f,heldout,return,60_120,18,dvv,-0.002
D4e900733505f4490,heldout,return,60_120,2,dvv,-0.0001
D54e581518e13fb74,heldout,return,60_120,26,dvv,0.01
D2ce3a64d69d9541e,heldout,return,60_120,44,source_jitter,7.22954822e-05
D6d4682bd1b6ee020,heldout,return,60_120,14,dvv,-0.0005
D35a00155d5e4a456,heldout,return,60_120,38,source_jitter,-0.000249409096
D43e665e3461bdde9,heldout,return,60_120,2,dvv,0
D50103baa942506e5,heldout,return,60_120,28,dvv,0.002
D2d1b7101f5f4a69c,heldout,return,60_120,16,dvv,-0.0005
D2c0608dd99c81d94,heldout,return,60_120,38,dvv,-0.002
D5f48728632747b18,heldout,return,60_120,42,dvv,0.002
D623bc4fdd1b0a20b,heldout,return,60_120,12,dvv,0
D1ab9d07f053937aa,heldout,return,60_120,36,dvv,0.0001
D6f5fd3a3ab8eafa7,heldout,return,60_120,8,dvv,0.01
D127945deec9719c2,heldout,return,60_120,8,dvv,0
D325cd81237f46ec5,heldout,return,60_120,2,dvv,-0.001
D15ff73a8192021b3,heldout,return,60_120,6,dvv,0.005
D21599c41ce253ce9,heldout,return,60_120,42,dvv,-0.001
D41cd433cc8255f75,heldout,return,60_120,34,dvv,0.0001
D7e864c4441529031,heldout,return,60_120,26,dvv,0.001
D075d523ca2eeee54,heldout,return,60_120,22,constant_shift,0.005
D2fb8d6ae40356657,heldout,return,60_120,36,constant_shift,0.005
D212c158c63766d01,heldout,return,60_120,40,dvv,-0.01
D65b5d001c645042b,heldout,return,60_120,30,dvv,-0.0001
D5a6a84ed4353687d,heldout,return,60_120,42,dvv,0.0002
D5da7d933ae1f73db,heldout,return,60_120,44,dvv,0.005
D3d2f8ad7eeed1057,heldout,return,60_120,14,dvv,0.0002
D2b732ecc24cd6b3a,heldout,return,60_120,20,dvv,0.0002
D7f8d9ec352294e38,heldout,return,60_120,12,dvv,0.01
D0fcf3af6d65e70e2,heldout,return,60_120,34,dvv,-0.001
D78de7282596aeacf,heldout,return,60_120,30,dvv,0.01
D77b94c09bf11ac46,heldout,return,60_120,40,dvv,0.01
D288e6e02f3fd1005,heldout,return,60_120,42,dvv,-0.0005
D4c1645dd7f187169,heldout,return,60_120,2,dvv,0.005
D175a33ad45efd7a0,heldout,return,60_120,16,dvv,-0.01
D5967f82db89a1eb2,heldout,return,60_120,20,dvv,0.0005
D2d62e20797deb62c,heldout,return,60_120,2,dvv,0.0001
D593e5f6fd3131f0a,heldout,return,60_120,18,dvv,-0.01
D2f85d29b5e5cf349,heldout,return,60_120,18,dvv,0.002
D1ca45573a456c569,heldout,return,60_120,32,dvv,0.001
D4b4a8e41c4fbaf1f,heldout,return,60_120,2,dvv,0.0002
D7854292ce25ee9da,heldout,return,60_120,10,constant_shift,0.005
D180efb7e51997fa4,heldout,return,60_120,6,dvv,-0.0001
D26bf1224b1cea819,heldout,return,60_120,44,dvv,0.0002
D51ed5027aaad6e44,heldout,return,60_120,30,dvv,0.001
D099d153fdc517900,heldout,return,60_120,4,dvv,-0.002
D2d3d5127f7a720ad,heldout,return,60_120,42,dvv,-0.0002
D3a0bdafe3c61d190,heldout,return,60_120,18,dvv,0
D77376bea4f121bdd,heldout,return,60_120,16,dvv,0.005
D2cf72011d4d522df,heldout,return,60_120,32,dvv,-0.005
D4c8f72aa13933ea7,heldout,return,60_120,32,dvv,-0.001
D64c88eaa93b7ac69,heldout,return,60_120,6,dvv,-0.01
D64c0e56a84aa03cc,heldout,return,60_120,24,dvv,0.0001
D6c81e3a7d5b95133,heldout,return,60_120,16,dvv,0.001
D7417a5eeefbce78f,heldout,return,60_120,44,dvv,0.001
D072b3c7f2d5eb4a8,heldout,return,60_120,10,dvv,-0.0002
D33f3ed7a6e937828,heldout,return,60_120,14,dvv,0.005
D31fe46e7b03f0f3f,heldout,return,60_120,14,dvv,-0.002
D3372d7f95bcf0e02,heldout,return,60_120,28,dvv,0.0002
D2ff9ac0f5e261319,heldout,return,60_120,20,dvv,0.005
D221e1bb3ff067e51,heldout,return,60_120,20,dvv,0.0001
D0e7221ee141770b3,heldout,return,60_120,40,source_jitter,0.000231584569
D39d040fae54cc66d,heldout,return,60_120,26,dvv,-0.005
D391fe396bba65e56,heldout,return,60_120,26,dvv,0.0005
D54a2fbdf1b8a8720,heldout,return,60_120,28,dvv,-0.005
D78ec15577553ae3b,heldout,return,60_120,10,dvv,0.001
D6147dc2d88b3f9c2,heldout,return,60_120,36,dvv,-0.002
D4ba00f26f0422d1f,heldout,return,60_120,30,dvv,0.002
D6ff8ccf6b8e17f82,heldout,return,60_120,28,dvv,0.0001
D28bc2fccb319cb81,heldout,return,60_120,36,dvv,0.002
D187fa7da4b8b5010,heldout,return,60_120,8,source_jitter,0.000224920533
D43c382c559f31c56,heldout,return,60_120,22,dvv,-0.0001
D314223f1d2320776,heldout,return,60_120,8,dvv,-0.001
D275f7bb2c8487456,heldout,return,60_120,28,dvv,0.01
D1e426079f08440e9,heldout,return,60_120,16,dvv,0.0001
D687f0c95660eb1b4,heldout,return,60_120,36,source_jitter,-0.000269475779
D0d4e859de56b7586,heldout,return,60_120,34,dvv,-0.005
D5695b20fa4b8e8c1,heldout,return,60_120,38,dvv,-0.001
D41d60106dc9bd819,heldout,return,60_120,8,dvv,-0.0001
D0c7873c474d9d02c,heldout,return,60_120,12,source_jitter,-4.97507606e-05
D4b27a209ae29774d,heldout,return,60_120,18,constant_shift,0.005
D6aea89c8c95d08cf,heldout,return,60_120,42,dvv,0.001
D2f9d20ff6f973f9b,heldout,return,60_120,16,dvv,-0.0001
D147d282c87142b89,heldout,return,60_120,22,dvv,-0.002
D2dc9bfb4440fee79,heldout,return,60_120,6,constant_shift,0.005
D2c8e87709fca7c6e,heldout,return,60_120,26,dvv,0.005
D09e9baeb9cd45caa,heldout,return,60_120,14,dvv,0
D32eff3a98cf41a8a,heldout,return,60_120,34,dvv,-0.01
D55dca054a095d60c,heldout,return,60_120,28,dvv,0.001
D241521654d22d5d1,heldout,return,60_120,24,constant_shift,0.005
D7d656ac329bcbeef,heldout,return,60_120,32,dvv,-0.002
D025a2c3a9e46d1d6,heldout,return,60_120,40,dvv,-0.005
D796698591ede8f4e,heldout,return,60_120,20,constant_shift,0.005
D55444189b63e681d,heldout,return,60_120,2,constant_shift,0.005
D38eae00fdef36c0f,allbursts,outbound,15_30,37,dvv,0.0002
D29fd8fcbca8d5755,allbursts,outbound,15_30,37,dvv,-0.005
D7daa4d2ebc9661f0,allbursts,outbound,15_30,41,dvv,0.002
D32f30f892b43fee4,allbursts,outbound,15_30,10,dvv,0.0005
D52cecd4251913a3c,allbursts,outbound,15_30,35,dvv,0
D131309a33934a8f9,allbursts,outbound,15_30,41,dvv,-0.0001
D3588dcb5abc3b6cc,allbursts,outbound,15_30,3,dvv,-0.0005
D3ef85aadbb800d14,allbursts,outbound,15_30,12,dvv,0.0005
D4e823c005f34b6f0,allbursts,outbound,15_30,8,dvv,-0.0002
D0f906151e0ce2ba6,allbursts,outbound,15_30,8,dvv,-0.002
D423159ad52eea9df,allbursts,outbound,15_30,26,dvv,0.01
D59b6d5a936fb619e,allbursts,outbound,15_30,2,dvv,0.01
D3384cfebae3aebd3,allbursts,outbound,15_30,39,dvv,0.0001
D560799a79a4a9f66,allbursts,outbound,15_30,9,dvv,-0.001
D5cc2c055be917d1b,allbursts,outbound,15_30,3,dvv,-0.0002
D613946dcc8b1dac3,allbursts,outbound,15_30,10,dvv,0.01
D36fbdd5a6b3f543b,allbursts,outbound,15_30,44,dvv,0.0001
D354bfc623cbfde81,allbursts,outbound,15_30,43,dvv,-0.005
D620b26ca49792e25,allbursts,outbound,15_30,13,dvv,-0.0002
D5cc8d5fd375e7963,allbursts,outbound,15_30,15,dvv,-0.005
D203743866e8464e4,allbursts,outbound,15_30,11,dvv,-0.001
D161e40ee0df8ecb2,allbursts,outbound,15_30,29,source_jitter,0.000195327371
D3a514fe1a5ed316e,allbursts,outbound,15_30,44,dvv,-0.0001
D657bdc0116b122b1,allbursts,outbound,15_30,17,dvv,0.005
D502b2893754bce93,allbursts,outbound,15_30,35,dvv,0.01
D28a167c86e0b0e50,allbursts,outbound,15_30,31,dvv,-0.0001
D3f24aaadbf9dd4cd,allbursts,outbound,15_30,37,dvv,0.01
D14f9324f596fa866,allbursts,outbound,15_30,45,dvv,-0.005
D2b01777261fc47a0,allbursts,outbound,15_30,24,dvv,0.002
D143efbbc4793a4c5,allbursts,outbound,15_30,33,dvv,0.0002
D4beefb03b4010b58,allbursts,outbound,15_30,42,dvv,-0.0002
D7ac81adc05f9c1b3,allbursts,outbound,15_30,29,dvv,0.0002
D181a9a617914a72f,allbursts,outbound,15_30,17,dvv,-0.0005
D2477182844e16727,allbursts,outbound,15_30,18,dvv,-0.01
D141097833de472cb,allbursts,outbound,15_30,25,dvv,-0.002
D0b67abf50fd94649,allbursts,outbound,15_30,21,dvv,0.0001
D09a69e718b7295e7,allbursts,outbound,15_30,0,dvv,0.01
D09f897eac5a8ca50,allbursts,outbound,15_30,29,dvv,-0.001
D16d4d6b5f123c5ef,allbursts,outbound,15_30,5,dvv,-0.005
D3540bda7ae757973,allbursts,outbound,15_30,28,dvv,0.001
D57679598b70bc1e0,allbursts,outbound,15_30,2,dvv,-0.002
D3090f6eeaf2a96d4,allbursts,outbound,15_30,1,dvv,0.001
D5a16c98ce1128fbd,allbursts,outbound,15_30,12,dvv,0.0002
D41296aa85db116ef,allbursts,outbound,15_30,5,dvv,-0.002
D773b45c04c5e7537,allbursts,outbound,15_30,14,source_jitter,0.000333737369
D7fbb06a2e36a56ac,allbursts,outbound,15_30,36,dvv,0.001
D19f3fc9c6f4c3813,allbursts,outbound,15_30,29,dvv,0
D35df4881c449674c,allbursts,outbound,15_30,35,dvv,-0.0001
D24d42754ebd1647e,allbursts,outbound,15_30,38,dvv,0.01
D2d9815b2b17a068e,allbursts,outbound,15_30,14,dvv,-0.005
D26a4c3ba997fca52,allbursts,outbound,15_30,14,dvv,0.01
D611f1abc46ebbdbf,allbursts,outbound,15_30,27,dvv,-0.002
D2f6dafc013dc43b5,allbursts,outbound,15_30,36,dvv,-0.01
D5bad35d52351e8c5,allbursts,outbound,15_30,39,dvv,0.005
D7b8c6425fb7ed490,allbursts,outbound,15_30,32,dvv,0.002
D27a71cc2e48db0f2,allbursts,outbound,15_30,11,dvv,-0.0002
D52b7c7200e7bd019,allbursts,outbound,15_30,21,dvv,-0.0001
D6baf1ec5223f515f,allbursts,outbound,15_30,13,dvv,-0.002
D0e63204477d3e14e,allbursts,outbound,15_30,14,dvv,-0.0001
D5d07706ea9ef45ee,allbursts,outbound,15_30,41,dvv,0.0001
D64bf8eab5af9629b,allbursts,outbound,15_30,30,dvv,-0.0002
D7a0e024dcb458672,allbursts,outbound,15_30,45,dvv,0.005
D5bb411193a6dcdca,allbursts,outbound,15_30,36,dvv,-0.001
D75c8df5ee8e87f01,allbursts,outbound,15_30,1,source_jitter,0.000308416078
D29cab56518cdb561,allbursts,outbound,15_30,28,constant_shift,0.005
D018f943238be6647,allbursts,outbound,15_30,32,dvv,0.001
D63577ab1ed2e7ee1,allbursts,outbound,15_30,41,dvv,0.0005
D600ed66672e7212e,allbursts,outbound,15_30,26,dvv,0.002
D384bf25a043eb9e2,allbursts,outbound,15_30,44,dvv,0.005
D75c09ff2cbf54bdf,allbursts,outbound,15_30,3,dvv,0.005
D4a2c89772a05b256,allbursts,outbound,15_30,23,constant_shift,0.005
D6a566da11d4fa773,allbursts,outbound,15_30,30,dvv,-0.002
D3e1501981c6f7748,allbursts,outbound,15_30,45,dvv,0.002
D269501dec0b265c0,allbursts,outbound,15_30,43,dvv,0.002
D3cc663405a54ef28,allbursts,outbound,15_30,27,dvv,-0.0005
D438415a8f42e1c9a,allbursts,outbound,15_30,2,constant_shift,0.005
D70f5b1fb2db9bb69,allbursts,outbound,15_30,34,dvv,0.0002
D48fd1b33d78b5fce,allbursts,outbound,15_30,38,dvv,0.0001
D550d0634cd65a91b,allbursts,outbound,15_30,25,dvv,0
D2321c4bb1bad9ad2,allbursts,outbound,15_30,33,source_jitter,0.000294936089
D614771c81531bb21,allbursts,outbound,15_30,0,dvv,-0.0001
D10ff377da51622d8,allbursts,outbound,15_30,20,dvv,-0.001
D4d3ca8ad792dc79b,allbursts,outbound,15_30,25,dvv,0.005
D56964caacdf23dd7,allbursts,outbound,15_30,20,constant_shift,0.005
D1a926a544112cccd,allbursts,outbound,15_30,10,source_jitter,0.000652855893
D4d313601138bdb2e,allbursts,outbound,15_30,5,dvv,-0.0002
D2d8999f86426a4e4,allbursts,outbound,15_30,4,dvv,-0.0002
D2e2ab1ec667462fa,allbursts,outbound,15_30,19,dvv,-0.001
D3dc296de7316b9f1,allbursts,outbound,15_30,37,dvv,-0.0002
D04d2be1907c29193,allbursts,outbound,15_30,18,dvv,0.005
D31427a475d1273db,allbursts,outbound,15_30,28,dvv,0.002
D7cc58c91a7ed0b21,allbursts,outbound,15_30,19,dvv,0.001
D1fd58aaafb3d1629,allbursts,outbound,15_30,26,dvv,-0.001
D0a230d1a3ce708c4,allbursts,outbound,15_30,36,dvv,0.002
D0c400328db63600f,allbursts,outbound,15_30,4,dvv,0.01
D446728251e4f4404,allbursts,outbound,15_30,29,dvv,0.0001
D073c7ffb2d930ff5,allbursts,outbound,15_30,28,dvv,-0.002
D1f87cf0fbe121e8e,allbursts,outbound,15_30,5,dvv,-0.01
D6194fde978eee923,allbursts,outbound,15_30,38,dvv,-0.005
D355b2a924ff19c6b,allbursts,outbound,15_30,2,dvv,-0.0001
D43e3afb2462e46b4,allbursts,outbound,15_30,41,dvv,-0.01
D594b79b2fe5d433e,allbursts,outbound,15_30,27,dvv,-0.001
D5f453533bac82050,allbursts,outbound,15_30,31,dvv,-0.002
D431cf3cefb73bbb3,allbursts,outbound,15_30,32,dvv,-0.0002
D0c62e58d5b51a780,allbursts,outbound,15_30,40,dvv,-0.001
D112a08bd42f9f475,allbursts,outbound,15_30,33,dvv,0.01
D7cc13dc4148ebb11,allbursts,outbound,15_30,7,source_jitter,3.59608746e-05
D0e9adcd010d401fc,allbursts,outbound,15_30,15,dvv,-0.002
D653e8861fe53c8e0,allbursts,outbound,15_30,28,dvv,0.0002
D2b4ed535def3ed2a,allbursts,outbound,15_30,28,dvv,-0.005
D5c994ea6b238b39c,allbursts,outbound,15_30,28,dvv,0.01
D3c7b4a38f5f2d8a3,allbursts,outbound,15_30,20,dvv,-0.002
D0921f95403ff4bcc,allbursts,outbound,15_30,30,source_jitter,3.91772165e-05
D12e772426d1a291e,allbursts,outbound,15_30,7,constant_shift,0.005
D061186f90e7d6658,allbursts,outbound,15_30,17,dvv,0.01
D188866c3350a6349,allbursts,outbound,15_30,2,dvv,-0.0005
D6cc9ee690b2f028e,allbursts,outbound,15_30,42,dvv,-0.001
D7b624918ba7c521f,allbursts,outbound,15_30,27,dvv,0.01
D0053279a387b10a8,allbursts,outbound,15_30,1,constant_shift,0.005
D4ce6ae41062b7a87,allbursts,outbound,15_30,19,dvv,-0.01
D30610b309782b627,allbursts,outbound,15_30,29,dvv,0.01
D1cf4c239e5f15c12,allbursts,outbound,15_30,29,dvv,-0.01
D20332150c51f2314,allbursts,outbound,15_30,40,dvv,0.0002
D792a23eb5b622469,allbursts,outbound,15_30,1,dvv,0.002
D31b3bfd55619b666,allbursts,outbound,15_30,10,dvv,-0.005
D08d9b17235bff414,allbursts,outbound,15_30,19,dvv,0
D530ad0a93ae4a9aa,allbursts,outbound,15_30,37,dvv,0.002
D5432dc11f954ef5e,allbursts,outbound,15_30,25,constant_shift,0.005
D101ca7399be9d801,allbursts,outbound,15_30,29,dvv,0.0005
D2a337f7f4951e06e,allbursts,outbound,15_30,28,dvv,-0.01
D76d5e66de4bdf2fc,allbursts,outbound,15_30,5,dvv,0
D35ef647b169ab7f7,allbursts,outbound,15_30,33,dvv,-0.005
D0afdca85e9a1061f,allbursts,outbound,15_30,23,dvv,-0.01
D4e84a5f14e3aa073,allbursts,outbound,15_30,8,dvv,0.001
D67e7194ba4029104,allbursts,outbound,15_30,22,dvv,0
D67384e3614814c29,allbursts,outbound,15_30,34,dvv,0.002
D0c680b752db8ab83,allbursts,outbound,15_30,14,dvv,0.0005
D5797c1b563cf2d48,allbursts,outbound,15_30,42,dvv,0
D03163eef5a66304e,allbursts,outbound,15_30,37,dvv,0.0001
D53da73571929435a,allbursts,outbound,15_30,32,constant_shift,0.005
D42192cfc662654ae,allbursts,outbound,15_30,33,constant_shift,0.005
D1e39fa6cdc9c01f2,allbursts,outbound,15_30,0,dvv,-0.002
D13ceccfb4b9e40e4,allbursts,outbound,15_30,23,dvv,-0.001
D01e62a134e9ab7b0,allbursts,outbound,15_30,26,dvv,-0.005
D0330825b2d2d4aea,allbursts,outbound,15_30,38,dvv,-0.0005
D5368b6952bb8da7d,allbursts,outbound,15_30,7,dvv,0.0002
D3cc7de9f67f98eb9,allbursts,outbound,15_30,32,dvv,0.0005
D57414136e3ac5e22,allbursts,outbound,15_30,1,dvv,0.01
D4604856cf82a2140,allbursts,outbound,15_30,40,dvv,0.0005
D46b570fe2ae9e99d,allbursts,outbound,15_30,35,dvv,0.005
D7cbffa29d8193af0,allbursts,outbound,15_30,44,dvv,-0.0002
D7333a9e6c7b5b9e8,allbursts,outbound,15_30,7,dvv,-0.01
D178fcf56b826d64c,allbursts,outbound,15_30,1,dvv,0.005
D2f7ba910dee2780a,allbursts,outbound,15_30,43,dvv,-0.002
D3ee257a9afd8b985,allbursts,outbound,15_30,6,dvv,0.01
D54f3c7f8a5999bc3,allbursts,outbound,15_30,9,dvv,-0.0005
D7d502ba5b0f1ae98,allbursts,outbound,15_30,0,dvv,-0.01
D5189ba181fa42741,allbursts,outbound,15_30,0,source_jitter,0.000267680973
D73c0616bbe93ca98,allbursts,outbound,15_30,5,constant_shift,0.005
D0548c1338b59a88e,allbursts,outbound,15_30,10,dvv,0.0001
D12ec942edd0c297d,allbursts,outbound,15_30,28,dvv,-0.0001
D71c9990012ab923b,allbursts,outbound,15_30,43,dvv,-0.0002
D0945a12550b28a9e,allbursts,outbound,15_30,31,dvv,-0.005
D4fe7c611bec1e5ab,allbursts,outbound,15_30,16,constant_shift,0.005
D5494e45d83c7749a,allbursts,outbound,15_30,38,dvv,-0.002
D113fc86089f4eeae,allbursts,outbound,15_30,27,dvv,0.001
D70170ebf9749f610,allbursts,outbound,15_30,27,dvv,0
D071665d4e67c24cf,allbursts,outbound,15_30,21,dvv,-0.001
D2686c018fbcf7e90,allbursts,outbound,15_30,32,dvv,-0.0001
D148c58fda6ce9f6b,allbursts,outbound,15_30,32,dvv,0
D6f6e9c68afe1bb9e,allbursts,outbound,15_30,32,source_jitter,1.83846756e-05
D02d48ec5d99bf7f1,allbursts,outbound,15_30,16,dvv,-0.0002
D6c3a6a59d55cdc03,allbursts,outbound,15_30,20,dvv,-0.0005
D4b73829929dc795d,allbursts,outbound,15_30,12,dvv,-0.0001
D1e85b0370c24c355,allbursts,outbound,15_30,9,dvv,0.002
D1a8ba0d316893c93,allbursts,outbound,15_30,22,constant_shift,0.005
D6b1591f4fd388b24,allbursts,outbound,15_30,2,dvv,0.0005
D6501a586701e98d9,allbursts,outbound,15_30,16,dvv,0.0001
D709908862a38ab81,allbursts,outbound,15_30,45,dvv,0.01
D2b383236a7fec34e,allbursts,outbound,15_30,38,dvv,-0.01
D2f2f3148241c4f9e,allbursts,outbound,15_30,38,dvv,0.001
D43eaca24b840c722,allbursts,outbound,15_30,35,dvv,0.002
D12627b4167d251fb,allbursts,outbound,15_30,3,dvv,-0.001
D1d8c85c61824c889,allbursts,outbound,15_30,43,dvv,0.0005
D6f33574b180b6d45,allbursts,outbound,15_30,19,source_jitter,0.000705614705
D77f530a05180a72d,allbursts,outbound,15_30,15,constant_shift,0.005
D400a0024ae5e2465,allbursts,outbound,15_30,0,dvv,0.0001
D21916bbc927fed4b,allbursts,outbound,15_30,16,dvv,-0.0001
D6e77f0c36ac95d00,allbursts,outbound,15_30,22,source_jitter,0.000385534302
D1ef1185e82a61165,allbursts,outbound,15_30,23,dvv,0.0001
D5a78ebd1d9467d73,allbursts,outbound,15_30,41,source_jitter,0.000234128491
D779f8f011967732f,allbursts,outbound,15_30,21,dvv,-0.01
D7787f99cf6dfadfb,allbursts,outbound,15_30,37,source_jitter,5.70857658e-05
D0952e05aed6abab6,allbursts,outbound,15_30,16,dvv,-0.0005
D79d7d003234de0dc,allbursts,outbound,15_30,13,dvv,-0.005
D71e3f43dc6b82539,allbursts,outbound,15_30,12,dvv,0.01
D4bbdc9adb5bc260c,allbursts,outbound,15_30,17,dvv,-0.0002
D4494649bd74aa7a0,allbursts,outbound,15_30,7,dvv,0.002
D3cf201b3a48b8c27,allbursts,outbound,15_30,8,dvv,0
D328cb62e86aad858,allbursts,outbound,15_30,24,dvv,0.001
D6a10e07e3986fb97,allbursts,outbound,15_30,0,dvv,-0.005
D0b259189568b555e,allbursts,outbound,15_30,20,dvv,0.001
D3a5c52846cee43f4,allbursts,outbound,15_30,38,dvv,0
D183602757b9b2640,allbursts,outbound,15_30,8,constant_shift,0.005
D4ff5aad852fd164a,allbursts,outbound,15_30,28,dvv,-0.0005
D2d39b2e053e51f60,allbursts,outbound,15_30,39,dvv,-0.0002
D1bba95a94fb47e1b,allbursts,outbound,15_30,45,dvv,-0.002
D0713b400c0e69f00,allbursts,outbound,15_30,6,dvv,0.0005
D13f30461560ebefb,allbursts,outbound,15_30,7,dvv,0.0001
D112a9107d7b2954d,allbursts,outbound,15_30,11,dvv,0.001
D78fe5c5b1b4f59e2,allbursts,outbound,15_30,9,dvv,-0.002
D142340b5d6159780,allbursts,outbound,15_30,17,dvv,0.001
D010af2cb1e89d1c7,allbursts,outbound,15_30,41,constant_shift,0.005
D46a603976eb31fa9,allbursts,outbound,15_30,9,dvv,0.0001
D19d5345e8315d631,allbursts,outbound,15_30,35,dvv,0.0001
D1962dda310d3da2c,allbursts,outbound,15_30,16,dvv,0
D38b566096dbcff51,allbursts,outbound,15_30,10,dvv,0.002
D1e3fb9a212b6aa81,allbursts,outbound,15_30,0,dvv,0.001
D4133504cb25acfb2,allbursts,outbound,15_30,7,dvv,0
D1beb6e6942d97d3d,allbursts,outbound,15_30,37,dvv,-0.0005
D1840c505a3f10c6f,allbursts,outbound,15_30,29,dvv,0.001
D0c14015f760685a5,allbursts,outbound,15_30,3,dvv,0.002
D4367d91e043acb2f,allbursts,outbound,15_30,42,dvv,0.0005
D761d90584d9ed4c4,allbursts,outbound,15_30,21,source_jitter,0.000215567779
D5974a4db1fd96aab,allbursts,outbound,15_30,39,dvv,-0.01
D595771b3a5c690a3,allbursts,outbound,15_30,44,dvv,-0.0005
D455c306dbd353f5a,allbursts,outbound,15_30,31,dvv,0.005
D63f8071131467c31,allbursts,outbound,15_30,34,dvv,0.0005
D29274718593c8336,allbursts,outbound,15_30,13,dvv,0.01
D59314cc046213f03,allbursts,outbound,15_30,40,source_jitter,0.00011528107
D082c49373809a35a,allbursts,outbound,15_30,6,dvv,-0.005
D14a2b1fdf9997aaf,allbursts,outbound,15_30,22,dvv,-0.0002
D657126a2f406ef14,allbursts,outbound,15_30,6,constant_shift,0.005
D3bbc13b896846dd0,allbursts,outbound,15_30,18,constant_shift,0.005
D5405b1206d34561a,allbursts,outbound,15_30,5,dvv,0.0001
D5002ea106c857f96,allbursts,outbound,15_30,39,constant_shift,0.005
D743a08be3b7258f7,allbursts,outbound,15_30,30,dvv,-0.0005
D26e285b00c6ba7a8,allbursts,outbound,15_30,14,dvv,0.001
D530d80f0bee3195d,allbursts,outbound,15_30,37,dvv,0.001
D7d3b3696c3b3f81c,allbursts,outbound,15_30,33,dvv,0.002
D5e4f97456a1814a2,allbursts,outbound,15_30,28,dvv,-0.001
D5136e2d1c045cfee,allbursts,outbound,15_30,21,dvv,0.002
D4afcec99981d6bb1,allbursts,outbound,15_30,40,constant_shift,0.005
D53c16d9ae9dd5cce,allbursts,outbound,15_30,39,dvv,0.001
D43b4f5cdb0dc2d5c,allbursts,outbound,15_30,26,dvv,0.0001
D414d36df3aff07a3,allbursts,outbound,15_30,7,dvv,0.01
D0a887a8d41e50784,allbursts,outbound,15_30,1,dvv,-0.0005
D3b898624601dbe47,allbursts,outbound,15_30,15,dvv,-0.0001
D4acba27bdf6b4e7c,allbursts,outbound,15_30,16,dvv,-0.001
D2bffe7f07d3759d3,allbursts,outbound,15_30,38,dvv,0.005
D70526942f6324eee,allbursts,outbound,15_30,38,dvv,0.0005
D563aba4bfe6adfa8,allbursts,outbound,15_30,40,dvv,-0.002
D30e7701811f749e9,allbursts,outbound,15_30,26,dvv,0.005
D4694eb7e20609f4e,allbursts,outbound,15_30,0,dvv,0
D3c805dcb63c1e654,allbursts,outbound,15_30,37,dvv,-0.001
D5dec33e303311769,allbursts,outbound,15_30,4,dvv,-0.005
D1a1a3690d90ff897,allbursts,outbound,15_30,16,source_jitter,2.70589019e-05
D671a32e7feca6d49,allbursts,outbound,15_30,10,dvv,-0.0001
D08d15848757c47b6,allbursts,outbound,15_30,25,dvv,-0.01
D2836a23f6a7648fb,allbursts,outbound,15_30,19,dvv,-0.0005
D2a7b6e54409061cf,allbursts,outbound,15_30,25,dvv,-0.005
D4b3a04064cc8edce,allbursts,outbound,15_30,19,dvv,-0.005
D675bb475efde91ff,allbursts,outbound,15_30,44,dvv,0.01
D2748fb5bf7cd3829,allbursts,outbound,15_30,4,dvv,-0.002
D77e9c24cea6ecd66,allbursts,outbound,15_30,25,dvv,-0.0002
D745e483c93fda9e9,allbursts,outbound,15_30,0,dvv,0.0005
D3fdb47237b7d0bf1,allbursts,outbound,15_30,19,dvv,0.0001
D7fc27bea3f968566,allbursts,outbound,15_30,38,source_jitter,-0.00018572577
D73eb358a87fb1fcd,allbursts,outbound,15_30,24,dvv,-0.0001
D7cfa14ed0232347a,allbursts,outbound,15_30,15,dvv,0.005
D5016c24eaad8db97,allbursts,outbound,15_30,23,dvv,0.01
D61454806486d9fa8,allbursts,outbound,15_30,43,dvv,0.0002
D632e5a29803a38c0,allbursts,outbound,15_30,24,dvv,0.0001
D5b4dd0796707ab3a,allbursts,outbound,15_30,17,dvv,-0.01
D24281158f1466b59,allbursts,outbound,15_30,31,dvv,-0.001
D27edf4b750ac0363,allbursts,outbound,15_30,23,dvv,-0.005
D7ac309e511e1092c,allbursts,outbound,15_30,35,constant_shift,0.005
D046ea70a638f3eea,allbursts,outbound,15_30,34,dvv,-0.01
D1a5a5f890c268aad,allbursts,outbound,15_30,34,dvv,0
D2a40177392a6946d,allbursts,outbound,15_30,1,dvv,-0.01
D44be3b557f13553d,allbursts,outbound,15_30,17,dvv,0.002
D0c5af3c9d4e199a2,allbursts,outbound,15_30,25,source_jitter,0.000135505382
D65a9940a4d1f532f,allbursts,outbound,15_30,19,dvv,0.01
D1aba5fc309734aa2,allbursts,outbound,15_30,14,dvv,-0.0002
D1c2d96e40279088a,allbursts,outbound,15_30,17,dvv,-0.0001
D3eb7245eb255a7c1,allbursts,outbound,15_30,30,dvv,0.01
D6fcdea9c4e759599,allbursts,outbound,15_30,41,dvv,-0.001
D13a81b522cc8bff1,allbursts,outbound,15_30,23,dvv,-0.0005
D63390840bc4d1b70,allbursts,outbound,15_30,0,constant_shift,0.005
D2fb27879effe110c,allbursts,outbound,15_30,25,dvv,-0.0005
D4d01eac9e233c775,allbursts,outbound,15_30,13,dvv,0.001
D5f5d973c90f582fd,allbursts,outbound,15_30,9,dvv,-0.005
D08b1117903bf8324,allbursts,outbound,15_30,30,dvv,0.002
D7833ab9a5aad146a,allbursts,outbound,15_30,0,dvv,0.005
D018ccff8effff424,allbursts,outbound,15_30,33,dvv,-0.0002
D7f834e0decfee893,allbursts,outbound,15_30,45,dvv,-0.0002
D447e14ace6218616,allbursts,outbound,15_30,8,dvv,0.01
D10ae4668b8bbc0ee,allbursts,outbound,15_30,8,dvv,0.002
D6383a767212f4c34,allbursts,outbound,15_30,27,dvv,0.005
D06adb40e1b205586,allbursts,outbound,15_30,40,dvv,-0.005
D586538c0e00613f3,allbursts,outbound,15_30,4,dvv,0.001
D563fbdfee129ac93,allbursts,outbound,15_30,19,dvv,0.005
D741a862db12b88b7,allbursts,outbound,15_30,41,dvv,0.005
D1021fd883adcb24e,allbursts,outbound,15_30,6,dvv,0.0001
D12673a69915d6fd4,allbursts,outbound,15_30,12,dvv,-0.002
D3b7ef102550909e3,allbursts,outbound,15_30,12,dvv,-0.001
D4594c0096603da77,allbursts,outbound,15_30,12,dvv,-0.005
D13480e707e529583,allbursts,outbound,15_30,32,dvv,0.0002
D7c16f071173390d8,allbursts,outbound,15_30,45,dvv,-0.0001
D2eb9e494ecc972c3,allbursts,outbound,15_30,8,dvv,-0.0001
D0921f9bbf7f16b40,allbursts,outbound,15_30,33,dvv,0.005
D42ceaa060add3d72,allbursts,outbound,15_30,20,dvv,-0.005
D4a9d4acfeac7c2e9,allbursts,outbound,15_30,4,source_jitter,8.59316496e-05
D739a509f56ad1d6b,allbursts,outbound,15_30,30,dvv,0.005
D7ce71c613acc5c9a,allbursts,outbound,15_30,8,dvv,-0.0005
D0df29fcd0812495a,allbursts,outbound,15_30,2,dvv,0.0002
D7a2ab7c6df448136,allbursts,outbound,15_30,36,dvv,0.0001
D5dde5abd4b40d157,allbursts,outbound,15_30,6,dvv,-0.002
D439e861b8b55071a,allbursts,outbound,15_30,31,dvv,0
D254628473fe0ab46,allbursts,outbound,15_30,10,constant_shift,0.005
D2b3d7d8ebf529be2,allbursts,outbound,15_30,30,dvv,0
D5dfecc89ac0b0bb9,allbursts,outbound,15_30,15,dvv,0.001
D22dce7778a9467fb,allbursts,outbound,15_30,27,dvv,-0.005
D5b52410487a43cd5,allbursts,outbound,15_30,11,dvv,-0.0001
D5a12cb6ccd4b8cdb,allbursts,outbound,15_30,15,dvv,0.01
D792e0d44e53b9fab,allbursts,outbound,15_30,13,dvv,0.002
D752f6bd2ea1f071f,allbursts,outbound,15_30,2,dvv,-0.0002
D0d1635fdf598365d,allbursts,outbound,15_30,40,dvv,0.005
D5b095b689e0ceda9,allbursts,outbound,15_30,22,dvv,0.005
D4946cbe5f75cdbc9,allbursts,outbound,15_30,36,dvv,-0.002
D507d129eaafacac2,allbursts,outbound,15_30,19,dvv,-0.0001
D7c2081f78346560f,allbursts,outbound,15_30,40,dvv,0.01
D4092e175ac19cea6,allbursts,outbound,15_30,7,dvv,-0.0005
D3d0af5e9c1b91990,allbursts,outbound,15_30,2,source_jitter,1.4932463e-05
D42b95636c4ccc2cf,allbursts,outbound,15_30,12,dvv,0.0001
D1cd062d8fed6811d,allbursts,outbound,15_30,21,dvv,-0.0005
D1e788deee7efdbf9,allbursts,outbound,15_30,1,dvv,-0.005
D3d34caeea2e18c8f,allbursts,outbound,15_30,16,dvv,0.01
D725928ec3fd23112,allbursts,outbound,15_30,43,dvv,0.0001
D130af58b7aa899e5,allbursts,outbound,15_30,26,dvv,0
D075f54909633727e,allbursts,outbound,15_30,32,dvv,0.0001
D23ea3b144b66a553,allbursts,outbound,15_30,40,dvv,-0.0001
D360261a47c109196,allbursts,outbound,15_30,9,dvv,0.01
D7d98f1ac34f202ad,allbursts,outbound,15_30,23,dvv,0.0005
D69b6d427b3eae402,allbursts,outbound,15_30,2,dvv,0.0001
D6f97e8f9b63e2373,allbursts,outbound,15_30,18,dvv,-0.0005
D2e10e8af15bced8c,allbursts,outbound,15_30,9,constant_shift,0.005
D24d073efe3306c9d,allbursts,outbound,15_30,25,dvv,0.001
D59b810180303c904,allbursts,outbound,15_30,37,constant_shift,0.005
D41cbd4ce54212a8c,allbursts,outbound,15_30,11,dvv,-0.01
D7f3bc062f57251c6,allbursts,outbound,15_30,43,dvv,0.005
D788388823289c50c,allbursts,outbound,15_30,14,dvv,0.002
D248f8c1ea31eaccc,allbursts,outbound,15_30,1,dvv,-0.002
D73a6686c5ad76fa5,allbursts,outbound,15_30,28,source_jitter,-9.93634507e-05
D724d90b21f35a100,allbursts,outbound,15_30,24,dvv,0
D72079f4bb93166d8,allbursts,outbound,15_30,22,dvv,0.01
D1a2eac52ab78128b,allbursts,outbound,15_30,44,constant_shift,0.005
D54beb5f585800536,allbursts,outbound,15_30,36,dvv,-0.005
D11ff7ed995d68917,allbursts,outbound,15_30,44,dvv,0.0005
D0e80e2963bc6b897,allbursts,outbound,15_30,12,dvv,0.005
D1fd8ead7cf1f92af,allbursts,outbound,15_30,17,dvv,-0.005
D51a9c473e400f275,allbursts,outbound,15_30,44,dvv,0.0002
D7c023b2d71bf8925,allbursts,outbound,15_30,26,dvv,-0.002
D25243858389b0a62,allbursts,outbound,15_30,42,dvv,0.005
D0757a373d70c4cd6,allbursts,outbound,15_30,18,dvv,0.0005
D125b3bc3fdaf6586,allbursts,outbound,15_30,11,dvv,0.0005
D74052166b53aa3ec,allbursts,outbound,15_30,44,source_jitter,8.61868493e-05
D79723f6d1c3cb630,allbursts,outbound,15_30,21,dvv,0.0005
D6ee9c6604136c512,allbursts,outbound,15_30,16,dvv,0.001
D30f0d2d1f975375f,allbursts,outbound,15_30,0,dvv,-0.001
D5c20f2675df864e3,allbursts,outbound,15_30,44,dvv,-0.002
D6bc181b54b2b0acd,allbursts,outbound,15_30,16,dvv,-0.005
D4f497e22c3b58fed,allbursts,outbound,15_30,32,dvv,0.01
D0cce0bace754799f,allbursts,outbound,15_30,32,dvv,-0.01
D027e262364323d08,allbursts,outbound,15_30,9,dvv,-0.01
D23fd17e8520ee044,allbursts,outbound,15_30,1,dvv,0
D07b6121ff9fd70c8,allbursts,outbound,15_30,27,dvv,-0.0001
D31d5299696cef601,allbursts,outbound,15_30,16,dvv,-0.01
D103917441557ee8a,allbursts,outbound,15_30,29,dvv,0.002
D22e83433e350e64b,allbursts,outbound,15_30,36,constant_shift,0.005
D3177681e237257f9,allbursts,outbound,15_30,20,dvv,0.002
D6272e420bb181b26,allbursts,outbound,15_30,14,dvv,-0.01
D3dc4c452e24d1efe,allbursts,outbound,15_30,42,constant_shift,0.005
D470deaf60a1b9b02,allbursts,outbound,15_30,31,dvv,0.001
D10ecbcd85babf122,allbursts,outbound,15_30,6,dvv,0.001
D7301ada9e64186fa,allbursts,outbound,15_30,18,dvv,-0.002
D70906891fca50e71,allbursts,outbound,15_30,45,source_jitter,-6.50368179e-05
D709238669c6700e1,allbursts,outbound,15_30,24,dvv,0.01
D000f64c462f21fdf,allbursts,outbound,15_30,3,dvv,-0.005
D58cfd8c3cbdfe99f,allbursts,outbound,15_30,43,dvv,0.001
D412c7123f75c7151,allbursts,outbound,15_30,12,dvv,0.001
D2996bea83e3c40c9,allbursts,outbound,15_30,18,dvv,0
D652b6258bf0182a7,allbursts,outbound,15_30,22,dvv,0.0002
D6c5490b1572ae19a,allbursts,outbound,15_30,30,dvv,-0.001
D6699a0ed71e168ed,allbursts,outbound,15_30,1,dvv,-0.0002
D49094fe519062057,allbursts,outbound,15_30,34,dvv,-0.001
D675d65717b960b88,allbursts,outbound,15_30,9,dvv,0.0002
D5e2cf02ef94a1bb1,allbursts,outbound,15_30,29,dvv,-0.0002
D0bcad409b7f2296e,allbursts,outbound,15_30,0,dvv,-0.0005
D46d6086dcb8d42c6,allbursts,outbound,15_30,35,dvv,-0.001
D373a91a4b0b9bfcf,allbursts,outbound,15_30,37,dvv,0.005
D45637c7b63116782,allbursts,outbound,15_30,23,dvv,0.005
D79374e407256f1d7,allbursts,outbound,15_30,20,dvv,0.01
D42036d34eced2772,allbursts,outbound,15_30,31,dvv,0.01
D566b28ed3ff30ab8,allbursts,outbound,15_30,19,dvv,-0.002
D1b516771d60bc766,allbursts,outbound,15_30,11,dvv,0
D728bd74f87369a5c,allbursts,outbound,15_30,8,source_jitter,-0.000185582407
D532a0a3dc0648df1,allbursts,outbound,15_30,31,dvv,-0.0002
D190adfecc5e12949,allbursts,outbound,15_30,3,dvv,-0.002
D39b494e8ca71e647,allbursts,outbound,15_30,6,dvv,0.002
D715995df137b24f8,allbursts,outbound,15_30,18,dvv,-0.005
D68b55103957b380d,allbursts,outbound,15_30,43,dvv,-0.0001
D7074be136672b387,allbursts,outbound,15_30,29,dvv,-0.0005
D4e775886923271e9,allbursts,outbound,15_30,18,dvv,-0.001
D1cc498db5ca8e57c,allbursts,outbound,15_30,22,dvv,-0.001
D0f256a8e40666052,allbursts,outbound,15_30,8,dvv,0.005
D0a7a29cf7487741a,allbursts,outbound,15_30,39,dvv,-0.001
D63dfeae7f64d000c,allbursts,outbound,15_30,3,constant_shift,0.005
D7f31271c941d5087,allbursts,outbound,15_30,41,dvv,-0.002
D7e09849745166f41,allbursts,outbound,15_30,9,dvv,0.0005
D38ff292ef02b9c70,allbursts,outbound,15_30,43,constant_shift,0.005
D2c88d3ca77ad37b8,allbursts,outbound,15_30,14,dvv,0.0002
D3aa3efd675b1988f,allbursts,outbound,15_30,10,dvv,0.0002
D5a6a6ea70dc3da86,allbursts,outbound,15_30,25,dvv,0.0005
D08d2949bb9cba485,allbursts,outbound,15_30,20,dvv,0.0001
D6de9a266ef5c7efd,allbursts,outbound,15_30,5,dvv,0.01
D5dfd32e1303f740b,allbursts,outbound,15_30,7,dvv,-0.005
D669c29cb6b93b647,allbursts,outbound,15_30,34,constant_shift,0.005
D4b3ea8f89a219a23,allbursts,outbound,15_30,35,dvv,0.0005
D1f37124571fc8c17,allbursts,outbound,15_30,15,dvv,0.0001
D10f1c5ba9e33b4f1,allbursts,outbound,15_30,38,dvv,0.0002
D5619baf2ede33cb5,allbursts,outbound,15_30,34,dvv,0.01
D457bd9d51bd9c4a8,allbursts,outbound,15_30,15,source_jitter,-0.000108577403
D275a50be714b93a8,allbursts,outbound,15_30,30,dvv,0.001
D3a4d30795caffbbc,allbursts,outbound,15_30,22,dvv,-0.01
D4735b6237838ba10,allbursts,outbound,15_30,33,dvv,0.0001
D010035d052d37a96,allbursts,outbound,15_30,39,dvv,0.0002
D6b4509cec1ece2c5,allbursts,outbound,15_30,11,dvv,-0.002
D28372f5c3c96f183,allbursts,outbound,15_30,24,dvv,0.0005
D359e8ea95d98c374,allbursts,outbound,15_30,4,dvv,-0.0005
D1523140e77593413,allbursts,outbound,15_30,24,dvv,-0.0005
D0109e8ec1e323f20,allbursts,outbound,15_30,3,dvv,0.0002
D37d3f6c79a938156,allbursts,outbound,15_30,44,dvv,0.001
D71001eedeb7fae92,allbursts,outbound,15_30,42,dvv,-0.0005
D2dcf77f92ad2ed20,allbursts,outbound,15_30,10,dvv,-0.001
D257025800f1bc271,allbursts,outbound,15_30,2,dvv,0
D55fc3a569f0fe3fb,allbursts,outbound,15_30,2,dvv,0.002
D0f0d590eb4bed267,allbursts,outbound,15_30,15,dvv,0.0002
D1f0be23cc5a68825,allbursts,outbound,15_30,40,dvv,0.002
D335d740d2c6f55a2,allbursts,outbound,15_30,26,dvv,-0.01
D2cc75203723ff939,allbursts,outbound,15_30,11,constant_shift,0.005
D09886cab24199466,allbursts,outbound,15_30,10,dvv,0.005
D4a03c13f368e4245,allbursts,outbound,15_30,42,dvv,-0.005
D1ed43d967de0b3b6,allbursts,outbound,15_30,7,dvv,-0.002
D71bff5fdfa70fe10,allbursts,outbound,15_30,44,dvv,-0.005
D37b551dbcf534bfd,allbursts,outbound,15_30,35,dvv,0.001
D0d8e08e5d671b3e3,allbursts,outbound,15_30,13,constant_shift,0.005
D686f840745f118a9,allbursts,outbound,15_30,45,dvv,0.0001
D55eac9fd453b7126,allbursts,outbound,15_30,24,dvv,-0.01
D32cc968a6e792fcc,allbursts,outbound,15_30,14,dvv,-0.002
D032631ee8e09dd27,allbursts,outbound,15_30,24,dvv,-0.005
D2be5e5b9fbd4f1f7,allbursts,outbound,15_30,40,dvv,0.0001
D21626bc47016ff2e,allbursts,outbound,15_30,1,dvv,0.0005
D5fb706104d5f77c7,allbursts,outbound,15_30,35,dvv,-0.0005
D2679fd8dcc10d6c7,allbursts,outbound,15_30,15,dvv,-0.0005
D0d37deaef3164666,allbursts,outbound,15_30,21,dvv,0.0002
D7bf57998bf768dcb,allbursts,outbound,15_30,26,dvv,0.0002
D19bc09214270730b,allbursts,outbound,15_30,8,dvv,0.0001
D2adbe9549155348a,allbursts,outbound,15_30,10,dvv,-0.01
D5d34ec587e4b1aec,allbursts,outbound,15_30,10,dvv,-0.0005
D2252f7a5e8ab5033,allbursts,outbound,15_30,11,dvv,0.0001
D63312fc6641e6488,allbursts,outbound,15_30,23,dvv,-0.002
D1970628458e52d67,allbursts,outbound,15_30,5,dvv,0.005
D30ba336e21d8ce7d,allbursts,outbound,15_30,22,dvv,-0.0001
D28bd22cb0d43808e,allbursts,outbound,15_30,40,dvv,0
D6043c0ebccf1aa55,allbursts,outbound,15_30,15,dvv,-0.0002
D23ec3225c0af9a92,allbursts,outbound,15_30,14,dvv,0
D7e4e4fbd1cf7f93e,allbursts,outbound,15_30,42,dvv,0.0002
D1f2a1640027af6f8,allbursts,outbound,15_30,18,source_jitter,-0.00078921682
D5a65fa77640ffb57,allbursts,outbound,15_30,45,dvv,0
D118cbfe3799af6a9,allbursts,outbound,15_30,26,dvv,-0.0005
D16c68c4362bbe7ef,allbursts,outbound,15_30,20,dvv,0.0002
D0cbeb84a103a9905,allbursts,outbound,15_30,23,dvv,0.001
D7d924fe7e92d949c,allbursts,outbound,15_30,7,dvv,-0.001
D7c426a424a79ef04,allbursts,outbound,15_30,6,dvv,-0.0002
D6bb9611803d795bc,allbursts,outbound,15_30,31,dvv,0.0005
D3ac3594b0690c976,allbursts,outbound,15_30,41,dvv,0.001
D6d95e2639b5dc5d5,allbursts,outbound,15_30,24,dvv,-0.0002
D1f270e2e1b897452,allbursts,outbound,15_30,9,dvv,-0.0002
D245d531752b77296,allbursts,outbound,15_30,26,source_jitter,-0.000341321612
D113ecb6fd44cb3e2,allbursts,outbound,15_30,6,dvv,0.0002
D1d71a307c8869aaf,allbursts,outbound,15_30,22,dvv,-0.005
D413f5c42dff63150,allbursts,outbound,15_30,8,dvv,0.0005
D3165e1010d49aa01,allbursts,outbound,15_30,40,dvv,-0.0005
D77cb37746fd41717,allbursts,outbound,15_30,14,dvv,-0.0005
D721d5cc172cdf214,allbursts,outbound,15_30,7,dvv,0.0005
D3a676362abede4d0,allbursts,outbound,15_30,45,dvv,0.0002
D524f84c54b7c65a9,allbursts,outbound,15_30,41,dvv,-0.0002
D6d424943584813e3,allbursts,outbound,15_30,20,dvv,-0.01
D5225e6514135b8b2,allbursts,outbound,15_30,31,dvv,0.002
D65e92cf47a7d2974,allbursts,outbound,15_30,6,dvv,-0.001
D276f9031b3e65a15,allbursts,outbound,15_30,24,dvv,0.005
D109770a3a414aeec,allbursts,outbound,15_30,23,dvv,0
D0a69c29a7f7bf691,allbursts,outbound,15_30,14,dvv,0.0001
D50ab9417bda852d4,allbursts,outbound,15_30,8,dvv,-0.005
D2511f7d8332b8af0,allbursts,outbound,15_30,6,source_jitter,-0.000195139375
D6be3de59166dca43,allbursts,outbound,15_30,40,dvv,-0.0002
D1861db248144da56,allbursts,outbound,15_30,23,dvv,0.002
D39d2add847b06552,allbursts,outbound,15_30,3,dvv,0.001
D6ea1d62b300bb1fd,allbursts,outbound,15_30,31,dvv,-0.0005
D0a95aa6b97ea34a0,allbursts,outbound,15_30,44,dvv,0
D559f70503f33e0d9,allbursts,outbound,15_30,35,dvv,-0.0002
D70665867430d1258,allbursts,outbound,15_30,4,dvv,0.0002
D798f39b881b09034,allbursts,outbound,15_30,5,source_jitter,9.56749406e-05
D233e5d61bbf7aad8,allbursts,outbound,15_30,21,dvv,0.005
D586222b114eb03c7,allbursts,outbound,15_30,3,source_jitter,4.02908766e-07
D0c81652a887dfeac,allbursts,outbound,15_30,5,dvv,-0.0001
D4521b5b31edb7681,allbursts,outbound,15_30,6,dvv,-0.01
D54102e36bdc4f26f,allbursts,outbound,15_30,16,dvv,0.002
D04b160b30b07fdc8,allbursts,outbound,15_30,24,dvv,0.0002
D2480b022364219af,allbursts,outbound,15_30,7,dvv,0.005
D541173e0c22d6f9b,allbursts,outbound,15_30,4,dvv,0.005
D4d15a04d29a6aa54,allbursts,outbound,15_30,33,dvv,-0.01
D5153d8f879af491c,allbursts,outbound,15_30,32,dvv,-0.0005
D4a78b9d2d01d8182,allbursts,outbound,15_30,42,dvv,0.002
D6e8c2c9add7a9b71,allbursts,outbound,15_30,25,dvv,-0.0001
D56f6e8a5c38e234c,allbursts,outbound,15_30,11,dvv,0.002
D502ff95fdb16c350,allbursts,outbound,15_30,34,dvv,-0.005
D2adba4fee87675ae,allbursts,outbound,15_30,35,dvv,-0.01
D71c7d3bc7e3331ab,allbursts,outbound,15_30,5,dvv,0.002
D6129f23630dead32,allbursts,outbound,15_30,24,dvv,-0.001
D1aedd760b2cfec7c,allbursts,outbound,15_30,23,dvv,0.0002
D1228b4a76615d39d,allbursts,outbound,15_30,11,dvv,-0.005
D01db58d2b47cd351,allbursts,outbound,15_30,0,dvv,0.002
D3125c0bdf36a9087,allbursts,outbound,15_30,13,dvv,-0.0001
D0317f4f06d62555a,allbursts,outbound,15_30,22,dvv,0.002
D7b449198030bd1c0,allbursts,outbound,15_30,17,source_jitter,0.000274231119
D360a657337da74b0,allbursts,outbound,15_30,4,dvv,0.002
D4ccc3ee292dd3818,allbursts,outbound,15_30,37,dvv,-0.0001
D6a3095695368bc0d,allbursts,outbound,15_30,11,dvv,-0.0005
D6532efcf63b91493,allbursts,outbound,15_30,36,dvv,-0.0001
D285fd5f77619a2d9,allbursts,outbound,15_30,27,dvv,-0.0002
D093741011fa3ab40,allbursts,outbound,15_30,19,dvv,0.0005
D0640adeb7a7fca00,allbursts,outbound,15_30,26,dvv,-0.0002
D4c28f1472ccb8701,allbursts,outbound,15_30,7,dvv,-0.0001
D2a8d53858846ebae,allbursts,outbound,15_30,10,dvv,0
D28bb92988f6fb948,allbursts,outbound,15_30,23,source_jitter,-0.000298101905
D167e1bd095266fef,allbursts,outbound,15_30,3,dvv,0.0005
D7c2b7fa8f2b9c915,allbursts,outbound,15_30,34,source_jitter,-1.23165338e-05
D0e3d7d0bd5a931fc,allbursts,outbound,15_30,33,dvv,-0.0001
D5a16aa6d27aea9cb,allbursts,outbound,15_30,18,dvv,0.002
D5be73109bc876045,allbursts,outbound,15_30,21,dvv,0
D30dd745151b1e327,allbursts,outbound,15_30,26,constant_shift,0.005
D501870d3b2529bf5,allbursts,outbound,15_30,37,dvv,-0.002
D1eecc3f6e1c0e0f0,allbursts,outbound,15_30,9,source_jitter,-0.000312586401
D4edac6c07fb78052,allbursts,outbound,15_30,36,dvv,0.01
D08c5be1db8ca6658,allbursts,outbound,15_30,24,constant_shift,0.005
D0c3d662f7c727bc8,allbursts,outbound,15_30,25,dvv,0.002
D560bb67217702061,allbursts,outbound,15_30,6,dvv,-0.0001
D2201d79615e2bae6,allbursts,outbound,15_30,33,dvv,-0.002
D73e806b90d93b15f,allbursts,outbound,15_30,31,source_jitter,-0.000156081753
D666f7de9e5967763,allbursts,outbound,15_30,22,dvv,-0.0005
D27c28dd3cd16cd61,allbursts,outbound,15_30,11,dvv,0.005
D332e88c33c6ad463,allbursts,outbound,15_30,22,dvv,0.0005
D7dd1d171c274a818,allbursts,outbound,15_30,27,dvv,0.0001
D2ff4e662e1e4f65b,allbursts,outbound,15_30,42,dvv,0.01
D3f5f536480b81b32,allbursts,outbound,15_30,43,dvv,0.01
D3fcc52e17b57d457,allbursts,outbound,15_30,10,dvv,-0.0002
D6d23bf06a00ac803,allbursts,outbound,15_30,39,source_jitter,0.000273072881
D66a87ff7143ab6bd,allbursts,outbound,15_30,5,dvv,0.0005
D0c084c43e25eaf8a,allbursts,outbound,15_30,12,dvv,-0.0002
D76fd3dcf6ac4df13,allbursts,outbound,15_30,13,dvv,-0.01
D48a3ab9792c98b10,allbursts,outbound,15_30,31,dvv,0.0001
D7f6f5f4504d23cb6,allbursts,outbound,15_30,4,dvv,0.0005
D476e2b8eea1d2d4c,allbursts,outbound,15_30,16,dvv,-0.002
D2084f1c355026054,allbursts,outbound,15_30,38,constant_shift,0.005
D7fcd0b762e75e2de,allbursts,outbound,15_30,41,dvv,-0.005
D098f31368f70ba0c,allbursts,outbound,15_30,37,dvv,0.0005
D2ed94d3bf0e9ca4e,allbursts,outbound,15_30,35,dvv,-0.002
D29e7ff7eac89adaa,allbursts,outbound,15_30,29,constant_shift,0.005
D2f87d5aa2bc5084b,allbursts,outbound,15_30,27,dvv,0.002
D55e1851592a78965,allbursts,outbound,15_30,45,dvv,-0.001
D60bfaba159bd1b61,allbursts,outbound,15_30,8,dvv,-0.01
D2f20f169f2e9a24b,allbursts,outbound,15_30,30,dvv,0.0002
D6db79b7d22d73392,allbursts,outbound,15_30,14,constant_shift,0.005
D3a310cc0ac4dbc91,allbursts,outbound,15_30,26,dvv,-0.0001
D4c5c47937ad1b912,allbursts,outbound,15_30,27,dvv,-0.01
D2e59d6eb42266a2b,allbursts,outbound,15_30,12,constant_shift,0.005
D78a24f1526b69f41,allbursts,outbound,15_30,13,source_jitter,-0.000449402448
D101fa4d6d172a732,allbursts,outbound,15_30,30,dvv,-0.0001
D5d6e6630b5496839,allbursts,outbound,15_30,15,dvv,-0.01
D4b556c69eeeb8094,allbursts,outbound,15_30,28,dvv,0.0005
D641449c04c6e101d,allbursts,outbound,15_30,12,dvv,-0.0005
D12def7660e4f94c6,allbursts,outbound,15_30,22,dvv,0.001
D46dd0cec07bac6f5,allbursts,outbound,15_30,17,dvv,-0.002
D308bf1ab544ee266,allbursts,outbound,15_30,9,dvv,0.001
D3b242a7b2c1967ee,allbursts,outbound,15_30,33,dvv,0.001
D3cbcc7e4b448afdb,allbursts,outbound,15_30,17,dvv,0.0001
D598ce5952d64cacf,allbursts,outbound,15_30,40,dvv,0.001
D0b034469e542f322,allbursts,outbound,15_30,35,dvv,0.0002
D6bbbd5de63b63965,allbursts,outbound,15_30,20,dvv,-0.0001
D3d237bba91b00021,allbursts,outbound,15_30,25,dvv,0.0001
D6ffbc1252826c7b7,allbursts,outbound,15_30,14,dvv,0.005
D7a6e99ad1f93e998,allbursts,outbound,15_30,29,dvv,-0.002
D06b50d17412cd4af,allbursts,outbound,15_30,4,dvv,0
D26fda58c8d6640b1,allbursts,outbound,15_30,34,dvv,-0.0005
D5cd08ba36b6678c9,allbursts,outbound,15_30,16,dvv,0.0002
D7009009a489617c0,allbursts,outbound,15_30,27,dvv,0.0005
D6bb1d1cdb3ee25bf,allbursts,outbound,15_30,2,dvv,-0.001
D7babd94199d9c61f,allbursts,outbound,15_30,13,dvv,0.0001
D25db5f500c801c88,allbursts,outbound,15_30,27,dvv,0.0002
D3ed83c5c8da1e190,allbursts,outbound,15_30,45,dvv,0.001
D5230a9c5659dd10d,allbursts,outbound,15_30,36,dvv,0.0002
D6e53fcda3b10a014,allbursts,outbound,15_30,41,dvv,0
D7c4e75e2fad88e32,allbursts,outbound,15_30,21,constant_shift,0.005
D1562981b785e2895,allbursts,outbound,15_30,12,dvv,0.002
D4ec930b8b9bea1c7,allbursts,outbound,15_30,42,dvv,0.001
D7fa5fa849ee300d9,allbursts,outbound,15_30,45,dvv,0.0005
D27951d45efa919d9,allbursts,outbound,15_30,42,source_jitter,0.000135727709
D06245e7fd42bb573,allbursts,outbound,15_30,18,dvv,0.01
D31a5924e55b19e26,allbursts,outbound,15_30,27,source_jitter,0.000135961872
D77358426b9f4a4f9,allbursts,outbound,15_30,25,dvv,0.01
D37606e6f3ac7d578,allbursts,outbound,15_30,40,dvv,-0.01
D67725c525b1a32e1,allbursts,outbound,15_30,18,dvv,0.001
D00923051a5e5baeb,allbursts,outbound,15_30,25,dvv,0.0002
D2653e177f6cfba0e,allbursts,outbound,15_30,3,dvv,-0.0001
D69eaa682c78d8728,allbursts,outbound,15_30,5,dvv,0.0002
D5d9c925c8d22deab,allbursts,outbound,15_30,20,dvv,0.0005
D7d2fdd64a35f550a,allbursts,outbound,15_30,30,constant_shift,0.005
D31cb71105728a7a1,allbursts,outbound,15_30,34,dvv,0.0001
D76a11f38fd70cf97,allbursts,outbound,15_30,27,constant_shift,0.005
D00f9d22998e3bfd8,allbursts,outbound,15_30,21,dvv,-0.0002
D445102a8f5c630fe,allbursts,outbound,15_30,36,source_jitter,-0.000443766554
D2b41d5b2c402e49f,allbursts,outbound,15_30,35,source_jitter,0.000119031854
D51a3446f3f2e0418,allbursts,outbound,15_30,12,dvv,-0.01
D698d6977cfa4455e,allbursts,outbound,15_30,36,dvv,0.005
D3eb9cccef232659c,allbursts,outbound,15_30,4,dvv,0.0001
D57b1edcda11427d1,allbursts,outbound,15_30,1,dvv,-0.0001
D0b1ae291a15c3b5d,allbursts,outbound,15_30,44,dvv,-0.001
D526bb8d15eb226a4,allbursts,outbound,15_30,29,dvv,-0.0001
D77d2dd95e1399e14,allbursts,outbound,15_30,45,dvv,-0.0005
D60df0838ca23f9a0,allbursts,outbound,15_30,18,dvv,0.0002
D27e044145daf9ee1,allbursts,outbound,15_30,19,constant_shift,0.005
D175afe996fe30874,allbursts,outbound,15_30,18,dvv,-0.0001
D380b9a064105023a,allbursts,outbound,15_30,41,dvv,-0.0005
D2c3158bcd165201e,allbursts,outbound,15_30,42,dvv,-0.01
D7ddf2b6670ef0bed,allbursts,outbound,15_30,35,dvv,-0.005
D622838317662d93e,allbursts,outbound,15_30,7,dvv,-0.0002
D74921a2b49d32a56,allbursts,outbound,15_30,17,dvv,0
D2bad539fde318481,allbursts,outbound,15_30,2,dvv,-0.01
D068a50cfcc662bf5,allbursts,outbound,15_30,26,dvv,0.0005
D6a05118fa829f85f,allbursts,outbound,15_30,43,dvv,-0.001
D74ca4997885d8113,allbursts,outbound,15_30,39,dvv,-0.0005
D720a11e20d3fdd81,allbursts,outbound,15_30,39,dvv,-0.0001
D59cc168ed4a16367,allbursts,outbound,15_30,28,dvv,0
D0519a5769ec95a8c,allbursts,outbound,15_30,42,dvv,0.0001
D7f3f844b89747068,allbursts,outbound,15_30,43,dvv,-0.0005
D1efadf89cdb736b5,allbursts,outbound,15_30,19,dvv,0.002
D136ae5d8bb77ba71,allbursts,outbound,15_30,28,dvv,-0.0002
D14d3f90a7de86fef,allbursts,outbound,15_30,39,dvv,0.01
D76a8201434790792,allbursts,outbound,15_30,6,dvv,0
D1c91727cfab0eafe,allbursts,outbound,15_30,23,dvv,-0.0002
D40c05033b1e164a3,allbursts,outbound,15_30,13,dvv,0.0005
D66bfaef57ea4a4bb,allbursts,outbound,15_30,12,source_jitter,-0.000778851024
D366e9f47187b7a7d,allbursts,outbound,15_30,4,constant_shift,0.005
D67c15148aa5e0d8a,allbursts,outbound,15_30,44,dvv,-0.01
D7c6cf9fc006f6af3,allbursts,outbound,15_30,5,dvv,-0.001
D3743bd69b47c6832,allbursts,outbound,15_30,2,dvv,0.001
D0342427411bd4944,allbursts,outbound,15_30,1,dvv,-0.001
D148729902ce53974,allbursts,outbound,15_30,17,dvv,-0.001
D2d71e339b726c004,allbursts,outbound,15_30,45,dvv,-0.01
D19883a4ccb552c70,allbursts,outbound,15_30,32,dvv,0.005
D70b4051a84cedae9,allbursts,outbound,15_30,38,dvv,-0.0002
D13ae70b151d82aff,allbursts,outbound,15_30,33,dvv,0.0005
D256f195bc7d158e7,allbursts,outbound,15_30,13,dvv,0.0002
D17e21c5e8f916e3d,allbursts,outbound,15_30,19,dvv,-0.0002
D75469f997186f611,allbursts,outbound,15_30,21,dvv,-0.005
D138cf30930ad9eb6,allbursts,outbound,15_30,33,dvv,0
D5942a3ca2b1d0bbd,allbursts,outbound,15_30,41,dvv,0.01
D149256e83b0b0fdb,allbursts,outbound,15_30,9,dvv,0.005
D39135a3ae5977261,allbursts,outbound,15_30,0,dvv,-0.0002
D4d83ad3d2796c3be,allbursts,outbound,15_30,43,source_jitter,-5.39092461e-05
D2db19a3b53768697,allbursts,outbound,15_30,36,dvv,-0.0005
D6d35b6b8c367755c,allbursts,outbound,15_30,15,dvv,-0.001
D043282cfb1d0f0da,allbursts,outbound,15_30,23,dvv,-0.0001
D52a580c0d2accd49,allbursts,outbound,15_30,31,constant_shift,0.005
D5634dc340979b0f2,allbursts,outbound,15_30,43,dvv,-0.01
D0333a326b23b49fd,allbursts,outbound,15_30,4,dvv,-0.01
D7166683a161847d6,allbursts,outbound,15_30,39,dvv,0.002
D76324e135a8e2a42,allbursts,outbound,15_30,14,dvv,-0.001
D79b55df52c71ffeb,allbursts,outbound,15_30,29,dvv,0.005
D06aadb4d5637e076,allbursts,outbound,15_30,30,dvv,0.0005
D155026967096cc60,allbursts,outbound,15_30,42,dvv,-0.0001
D5064dd9737bb0ea6,allbursts,outbound,15_30,32,dvv,-0.005
D2810c3a0516e94d6,allbursts,outbound,15_30,1,dvv,0.0002
D0c73bec7c8502748,allbursts,outbound,15_30,36,dvv,0.0005
D6dc99866b3b2d286,allbursts,outbound,15_30,2,dvv,-0.005
D3b64a554c083f329,allbursts,outbound,15_30,8,dvv,0.0002
D295a5fa018d9f643,allbursts,outbound,15_30,31,dvv,0.0002
D13d5c7f4c8187750,allbursts,outbound,15_30,13,dvv,-0.0005
D5dd462f18bbb93c1,allbursts,outbound,15_30,33,dvv,-0.001
D259254c944eb4aba,allbursts,outbound,15_30,26,dvv,0.001
D360cded6b20d9207,allbursts,outbound,15_30,13,dvv,0.005
D6f3f78b1731f1daa,allbursts,outbound,15_30,28,dvv,0.0001
D558185a09e761c5d,allbursts,outbound,15_30,10,dvv,0.001
D6d43d9d29afd0a28,allbursts,outbound,15_30,37,dvv,0
D5d6a4ae66412368a,allbursts,outbound,15_30,5,dvv,0.001
D7d6d9d015e4d298e,allbursts,outbound,15_30,9,dvv,-0.0001
D03e642e076547079,allbursts,outbound,15_30,39,dvv,0
D19340f228cb555ba,allbursts,outbound,15_30,10,dvv,-0.002
D6a10446398a5b668,allbursts,outbound,15_30,32,dvv,-0.002
D3ca57a1ef1563ef6,allbursts,outbound,15_30,1,dvv,0.0001
D155835056ef76e95,allbursts,outbound,15_30,22,dvv,-0.002
D59d2ed703147dbed,allbursts,outbound,15_30,18,dvv,0.0001
D128bc42a62889ba1,allbursts,outbound,15_30,28,dvv,0.005
D1aa9657d04eaa3c6,allbursts,outbound,15_30,34,dvv,0.001
D0ea62a5bbf6171c8,allbursts,outbound,15_30,3,dvv,0.0001
D7d4bed2fce257f7f,allbursts,outbound,15_30,32,dvv,-0.001
D1e3e523e2c669aa5,allbursts,outbound,15_30,41,dvv,0.0002
D25d238173e23e742,allbursts,outbound,15_30,20,dvv,-0.0002
D7e36f2db9eaa7c83,allbursts,outbound,15_30,9,dvv,0
D78b815906bad6164,allbursts,outbound,15_30,43,dvv,0
D7a0d8fb73cf1988a,allbursts,outbound,15_30,15,dvv,0
D70ff2969b8653e0d,allbursts,outbound,15_30,4,dvv,-0.0001
D71190fdca9fc6ea4,allbursts,outbound,15_30,39,dvv,-0.002
D790fa7ea24283003,allbursts,outbound,15_30,21,dvv,-0.002
D2c15e019d9fbff6b,allbursts,outbound,15_30,4,dvv,-0.001
D47805814c7128eda,allbursts,outbound,15_30,6,dvv,-0.0005
D5604c38e93b3c9a7,allbursts,outbound,15_30,15,dvv,0.0005
D7e3a8f23d41acf6c,allbursts,outbound,15_30,44,dvv,0.002
D7885e72c48a3653b,allbursts,outbound,15_30,36,dvv,-0.0002
D23a4c8c4112da326,allbursts,outbound,15_30,34,dvv,-0.0002
D711c352c4588ec0b,allbursts,outbound,15_30,39,dvv,-0.005
D540c4b5b32761cd2,allbursts,outbound,15_30,21,dvv,0.001
D1458a422737ddda8,allbursts,outbound,15_30,20,source_jitter,-0.000255221305
D226a352c2ea4ab82,allbursts,outbound,15_30,38,dvv,0.002
D4afa3b3aa931a11c,allbursts,outbound,15_30,38,dvv,-0.001
D1334da6a6e9b6750,allbursts,outbound,15_30,13,dvv,0
D745c457d896fb54e,allbursts,outbound,15_30,12,dvv,0
D6b0f03bde5ab0f8a,allbursts,outbound,15_30,29,dvv,-0.005
D7d5a19427e8891e9,allbursts,outbound,15_30,34,dvv,-0.0001
D577e3b434163fef9,allbursts,outbound,15_30,21,dvv,0.01
D1fafe2955fb00266,allbursts,outbound,15_30,17,dvv,0.0002
D0a7cc2f4290b6e96,allbursts,outbound,15_30,5,dvv,-0.0005
D59728bc3bfd927e1,allbursts,outbound,15_30,17,dvv,0.0005
D49b79c622c2b11a8,allbursts,outbound,15_30,30,dvv,-0.01
D7fd6c230bf128f27,allbursts,outbound,15_30,16,dvv,0.0005
D719ae132d41191be,allbursts,outbound,15_30,11,dvv,0.0002
D748236bbc5667360,allbursts,outbound,15_30,3,dvv,0.01
D5b7ebf37dccc3971,allbursts,outbound,15_30,45,constant_shift,0.005
D1ae5dca9e447e04a,allbursts,outbound,15_30,7,dvv,0.001
D39b72a8bb4be652f,allbursts,outbound,15_30,15,dvv,0.002
D59a0994a796159dc,allbursts,outbound,15_30,33,dvv,-0.0005
D78f19ccd2302fa1e,allbursts,outbound,15_30,3,dvv,-0.01
D6b1ca52ef4d16258,allbursts,outbound,15_30,31,dvv,-0.01
D085ee368eccad873,allbursts,outbound,15_30,30,dvv,0.0001
D2706ffb3df4f20c0,allbursts,outbound,15_30,18,dvv,-0.0002
D38f36c1701ca5092,allbursts,outbound,15_30,11,source_jitter,-0.00015048153
D44c7c802000988d8,allbursts,outbound,15_30,34,dvv,0.005
D4a735ab6abb2809f,allbursts,outbound,15_30,24,dvv,-0.002
D04efb8f294d69109,allbursts,outbound,15_30,2,dvv,0.005
D134065792ec7fdcb,allbursts,outbound,15_30,20,dvv,0.005
D77082897f150707b,allbursts,outbound,15_30,19,dvv,0.0002
D4c59dffadf4debc6,allbursts,outbound,15_30,42,dvv,-0.002
D3ceb10f970358b7e,allbursts,outbound,15_30,11,dvv,0.01
D2e31dafa0c7c021e,allbursts,outbound,15_30,25,dvv,-0.001
D2f5188be8aa3f4ef,allbursts,outbound,15_30,30,dvv,-0.005
D69a9e13d58d7b58d,allbursts,outbound,15_30,24,source_jitter,0.000445829574
D18191884525fd95c,allbursts,outbound,15_30,22,dvv,0.0001
D5fe510cfb0245d9f,allbursts,outbound,15_30,3,dvv,0
D2d9ff198687ff6ba,allbursts,outbound,15_30,37,dvv,-0.01
D7500f6bef771ed4d,allbursts,outbound,15_30,8,dvv,-0.001
D18ec9a7b172bd4cd,allbursts,outbound,15_30,17,constant_shift,0.005
D67d7e5450fbe7b79,allbursts,outbound,15_30,16,dvv,0.005
D03937bda5e059e6c,allbursts,outbound,15_30,6,dvv,0.005
D7ec9794bd952f01c,allbursts,outbound,15_30,13,dvv,-0.001
D47935738078b01f1,allbursts,outbound,15_30,34,dvv,-0.002
D267bf01a0f437403,allbursts,outbound,15_30,0,dvv,0.0002
D1f29aa6aef6c1449,allbursts,outbound,15_30,38,dvv,-0.0001
D11c298f3bf8563cd,allbursts,outbound,15_30,20,dvv,0
D48922bc9dcdbb128,allbursts,outbound,15_30,39,dvv,0.0005
D34f469d2b91b64ff,allbursts,outbound,15_30,36,dvv,0
D1de249cfa15b9273,allbursts,outbound,3_15,34,dvv,0.001
D685e869860546ef5,allbursts,outbound,3_15,36,dvv,0.002
D24a51cef6d84a405,allbursts,outbound,3_15,1,dvv,0.0002
D7813df886c9dffa7,allbursts,outbound,3_15,27,dvv,-0.0001
D2101de36dcef9490,allbursts,outbound,3_15,9,dvv,-0.0002
D70d26cafd850a8f2,allbursts,outbound,3_15,17,dvv,0
D512908a13dd30fd8,allbursts,outbound,3_15,19,dvv,-0.001
D47d065acc1f503d4,allbursts,outbound,3_15,3,constant_shift,0.005
D7b6a6c8de114a104,allbursts,outbound,3_15,7,dvv,0.0002
D06e61ca78218a24d,allbursts,outbound,3_15,35,dvv,0
D60b77725807032cb,allbursts,outbound,3_15,4,dvv,-0.001
D5a91eb967af95b2a,allbursts,outbound,3_15,2,dvv,0.0002
D477379b70cb2da6c,allbursts,outbound,3_15,41,dvv,0.0001
D36aa46c99ec19de9,allbursts,outbound,3_15,42,dvv,0.001
D7973afe76e324b4c,allbursts,outbound,3_15,32,dvv,-0.002
D2a73c1559a47d965,allbursts,outbound,3_15,34,dvv,-0.0001
D2f16e207d7546672,allbursts,outbound,3_15,39,constant_shift,0.005
D279b3518b5c26495,allbursts,outbound,3_15,40,dvv,-0.005
D7fd961614be10c78,allbursts,outbound,3_15,23,dvv,0.005
D310674a605d0a938,allbursts,outbound,3_15,3,dvv,0.0005
D48b51791bde1129d,allbursts,outbound,3_15,26,dvv,-0.005
D28fe899ba80e61bd,allbursts,outbound,3_15,7,dvv,0.002
D0eacc97cc33b29b9,allbursts,outbound,3_15,11,dvv,-0.005
D4f2172d3bdaf0959,allbursts,outbound,3_15,9,dvv,-0.005
D4a8aeda38da1d909,allbursts,outbound,3_15,2,dvv,0
D38dc9b550644d43d,allbursts,outbound,3_15,31,dvv,0.005
D25048b7f8f13ae0f,allbursts,outbound,3_15,39,dvv,-0.01
D495e1a74f2fae4d2,allbursts,outbound,3_15,26,dvv,0.01
D1f8ce588037cec52,allbursts,outbound,3_15,6,dvv,-0.002
D11dbbb13365c0e80,allbursts,outbound,3_15,16,dvv,-0.0002
D65ce44b4ea5cf848,allbursts,outbound,3_15,16,dvv,0.0001
D38f391fdc4522ef3,allbursts,outbound,3_15,19,dvv,0
D3513de6e26c14213,allbursts,outbound,3_15,10,dvv,0.0005
D170553a4dbfb5ae9,allbursts,outbound,3_15,5,dvv,0
D485e02661b3aa01d,allbursts,outbound,3_15,0,dvv,0.0005
D778292e6c74d568f,allbursts,outbound,3_15,13,constant_shift,0.005
D6a4dc4517ffe09f3,allbursts,outbound,3_15,35,dvv,-0.001
D03de82bfaf1dfff3,allbursts,outbound,3_15,32,dvv,-0.0002
D036c7ca7db27e40b,allbursts,outbound,3_15,37,dvv,0
D788a0c2ccfc3a7f1,allbursts,outbound,3_15,16,dvv,-0.002
D69e0e9c464c30d6a,allbursts,outbound,3_15,19,dvv,0.0005
D25bdffcf3727c65b,allbursts,outbound,3_15,24,dvv,-0.005
D7d6ab962fc9ac2b7,allbursts,outbound,3_15,36,dvv,-0.01
D317225babf4192d5,allbursts,outbound,3_15,42,dvv,-0.01
D5df4e03af56f3973,allbursts,outbound,3_15,3,dvv,-0.0005
D5778d5b71b556476,allbursts,outbound,3_15,18,dvv,0
D7561d8151cdd4b4e,allbursts,outbound,3_15,36,dvv,-0.002
D013de839060bdb11,allbursts,outbound,3_15,21,dvv,-0.001
D69fbe35b903e057f,allbursts,outbound,3_15,16,dvv,0.0005
D208a8cb1c8cbe216,allbursts,outbound,3_15,20,dvv,0.001
D5fc7b27387adc2af,allbursts,outbound,3_15,18,dvv,0.0005
D7ff3eae34f244834,allbursts,outbound,3_15,24,dvv,0.005
D783fc526171e0a5b,allbursts,outbound,3_15,39,dvv,0.001
D1574453f555e7d4d,allbursts,outbound,3_15,4,dvv,0.0002
D6a2488287ba3c007,allbursts,outbound,3_15,39,dvv,-0.005
D1a085d64200c57b3,allbursts,outbound,3_15,27,dvv,-0.005
D487811e86e37f656,allbursts,outbound,3_15,21,dvv,0.01
D217c7b409a834682,allbursts,outbound,3_15,43,dvv,0.0001
D14cc518379f6fcef,allbursts,outbound,3_15,6,dvv,-0.01
D0a72ee01bcc62552,allbursts,outbound,3_15,15,dvv,0.001
D169e7b2c62a27424,allbursts,outbound,3_15,23,dvv,0.001
D54f0bb974465b5f2,allbursts,outbound,3_15,26,dvv,-0.002
D739d4a4d430d53ca,allbursts,outbound,3_15,19,dvv,-0.0001
D3ba374cb9da1bfb3,allbursts,outbound,3_15,3,dvv,0
D7af9ab8ea15a066d,allbursts,outbound,3_15,29,dvv,-0.01
D1277855ca84cd369,allbursts,outbound,3_15,23,dvv,-0.002
D2b87c891491feabc,allbursts,outbound,3_15,42,dvv,0
D350a29620983b5f2,allbursts,outbound,3_15,15,dvv,0.002
D1a56aea03481f0f0,allbursts,outbound,3_15,0,dvv,-0.002
D203df7f19ab352e1,allbursts,outbound,3_15,23,dvv,-0.0005
D6edcfb157890e6f2,allbursts,outbound,3_15,14,dvv,0.0005
D0bd0be76b21e5cb3,allbursts,outbound,3_15,20,dvv,0
D766808f920a90ad0,allbursts,outbound,3_15,22,dvv,-0.0001
D1770bbbd83b9738f,allbursts,outbound,3_15,32,dvv,0.0005
D3992d8e8d4c2bd1d,allbursts,outbound,3_15,27,dvv,0.0005
D1a700bbec924c3ae,allbursts,outbound,3_15,24,dvv,0.001
D2e0487229b957cb6,allbursts,outbound,3_15,34,dvv,-0.002
D164a5b735c28f5d6,allbursts,outbound,3_15,14,dvv,-0.0001
D084b945c5689a23f,allbursts,outbound,3_15,37,source_jitter,-0.000717483009
D32f6a747468842b9,allbursts,outbound,3_15,10,source_jitter,-0.000882792425
D4ac0c34dbea7fae8,allbursts,outbound,3_15,20,dvv,-0.0005
D2b5e085cbe8afcc3,allbursts,outbound,3_15,26,dvv,-0.0001
D6305f4f000e7bb78,allbursts,outbound,3_15,12,dvv,0.0002
D67ab58d5ab8c2e0b,allbursts,outbound,3_15,45,dvv,-0.0005
D7bae3ac102327677,allbursts,outbound,3_15,35,dvv,0.001
D2d96c53031a73b2d,allbursts,outbound,3_15,21,dvv,-0.002
D33c8ffa22b47e424,allbursts,outbound,3_15,40,dvv,-0.0001
D7d8805828803a5dc,allbursts,outbound,3_15,26,dvv,0.0005
D044de63c93994ea9,allbursts,outbound,3_15,4,dvv,0.002
D6b4e0bd3ee24428e,allbursts,outbound,3_15,1,dvv,0
D1af6d16bafdb2f8a,allbursts,outbound,3_15,3,dvv,0.001
D3cf8c101e3f932cd,allbursts,outbound,3_15,40,dvv,0.002
D60df0ad6499f3e6f,allbursts,outbound,3_15,16,dvv,0.001
D695fb9962ebcffd8,allbursts,outbound,3_15,43,constant_shift,0.005
D26b3375c4c994961,allbursts,outbound,3_15,27,dvv,0.001
D3a2eb77a08932565,allbursts,outbound,3_15,24,constant_shift,0.005
D4b2610daad1b73f8,allbursts,outbound,3_15,24,dvv,-0.01
D773bfca5dc35fffe,allbursts,outbound,3_15,45,dvv,0.002
D07af2b31fd989dae,allbursts,outbound,3_15,26,dvv,-0.01
D5ce8c406d97fc13a,allbursts,outbound,3_15,39,dvv,0.0002
D4a83fdf035c3c01d,allbursts,outbound,3_15,11,dvv,-0.0002
D7b1eb70869fca36a,allbursts,outbound,3_15,41,dvv,0.0005
D31e16914146b2045,allbursts,outbound,3_15,41,dvv,-0.002
D4e61f9e265791ad0,allbursts,outbound,3_15,40,dvv,0.01
D5dfa12b4d7e59d4b,allbursts,outbound,3_15,2,dvv,-0.001
D6e80b4ede29677f0,allbursts,outbound,3_15,44,dvv,0
D6f424b6d7662db30,allbursts,outbound,3_15,6,dvv,-0.0002
D24a432430a341edb,allbursts,outbound,3_15,5,dvv,0.01
D7133f15655c7fe7f,allbursts,outbound,3_15,26,dvv,0.0001
D438f7f85dd078536,allbursts,outbound,3_15,30,dvv,0.002
D4eb08957901ab9fd,allbursts,outbound,3_15,30,dvv,-0.0001
D1f96a97259044a85,allbursts,outbound,3_15,15,source_jitter,0.00024634698
D241d9def2708b34a,allbursts,outbound,3_15,27,dvv,0.005
D4fb14a7035786564,allbursts,outbound,3_15,1,dvv,0.0005
D5d2699e0eedb1dbe,allbursts,outbound,3_15,10,dvv,0.001
D108a1674181765a8,allbursts,outbound,3_15,45,dvv,-0.002
D43aa2974968dd0aa,allbursts,outbound,3_15,7,source_jitter,0.000271195971
D214df531389013c9,allbursts,outbound,3_15,22,dvv,0
D459cc3390ed08ff2,allbursts,outbound,3_15,24,source_jitter,-0.000290641075
D0c72dee671c9f914,allbursts,outbound,3_15,1,constant_shift,0.005
D2fdb7d09f6f0118f,allbursts,outbound,3_15,10,dvv,-0.0001
D52f4ffdb4f138757,allbursts,outbound,3_15,40,dvv,0.0005
D6dbcf7432c8a0eb5,allbursts,outbound,3_15,38,dvv,-0.005
D383923d3a5943cad,allbursts,outbound,3_15,30,dvv,-0.01
D0d331452f31e6611,allbursts,outbound,3_15,33,dvv,-0.002
D07a41e86649acb45,allbursts,outbound,3_15,42,dvv,0.0002
D5dcacc4e2551fefb,allbursts,outbound,3_15,10,dvv,0.002
D0e4153c5f1269914,allbursts,outbound,3_15,38,constant_shift,0.005
D5d1b018f1b88b9cb,allbursts,outbound,3_15,38,source_jitter,-5.6300917e-05
D5f39224455080a4d,allbursts,outbound,3_15,21,dvv,0.0001
D198dd0bea3d4875c,allbursts,outbound,3_15,30,dvv,-0.001
D151c02a122ef1b65,allbursts,outbound,3_15,23,dvv,0.0005
D13b4a567de7214e3,allbursts,outbound,3_15,40,dvv,-0.0002
D7e11243512187925,allbursts,outbound,3_15,10,dvv,0.0002
D52797fdc13c8a1bd,allbursts,outbound,3_15,25,dvv,0.001
D0d9069c7fb79b9ba,allbursts,outbound,3_15,36,dvv,-0.001
D761a47ccebbc4f84,allbursts,outbound,3_15,11,dvv,0
D63fd584acd8393a8,allbursts,outbound,3_15,14,dvv,-0.002
D25435b7331c6bb95,allbursts,outbound,3_15,44,dvv,-0.0002
D116398fe1a4f9273,allbursts,outbound,3_15,2,dvv,0.01
D08eae00978eb4347,allbursts,outbound,3_15,28,constant_shift,0.005
D7367ec6e761d6f41,allbursts,outbound,3_15,43,dvv,0.001
D20d9c0ea4a7c10c5,allbursts,outbound,3_15,22,dvv,-0.0002
D72291fed30ad4b16,allbursts,outbound,3_15,36,dvv,0.005
D386064dc1c02771e,allbursts,outbound,3_15,35,constant_shift,0.005
D7edd8b7b6baaf3c1,allbursts,outbound,3_15,15,dvv,-0.0002
D344cf128d4b5dbe7,allbursts,outbound,3_15,17,dvv,-0.01
D67dd50bea62924e2,allbursts,outbound,3_15,24,dvv,0
D75de442ea3a3531d,allbursts,outbound,3_15,15,dvv,0.0005
D70be56ad71364eb6,allbursts,outbound,3_15,38,dvv,-0.01
D7604a9887ca12c88,allbursts,outbound,3_15,24,dvv,-0.0002
D36f3588ca07ff9e3,allbursts,outbound,3_15,7,dvv,-0.002
D16b0c4c3566f15b3,allbursts,outbound,3_15,28,dvv,-0.0002
D06a2820700712f9a,allbursts,outbound,3_15,12,dvv,-0.0001
D40a85ebd51c78e8a,allbursts,outbound,3_15,37,dvv,0.01
D639d45e91ca6934d,allbursts,outbound,3_15,12,dvv,-0.001
D1c880e5d49141152,allbursts,outbound,3_15,17,dvv,0.002
D41fe8651876a1db6,allbursts,outbound,3_15,4,dvv,0.0005
D675768af7a8b87fb,allbursts,outbound,3_15,36,dvv,-0.005
D740efe717b4a1e6e,allbursts,outbound,3_15,20,dvv,-0.0002
D770fc87ba609bce1,allbursts,outbound,3_15,30,dvv,-0.002
D0439892f3db21293,allbursts,outbound,3_15,41,dvv,0
D5cace345839e7f04,allbursts,outbound,3_15,6,dvv,0.005
D3e2ba3cba41cd54c,allbursts,outbound,3_15,31,constant_shift,0.005
D0293435e2a0abb5a,allbursts,outbound,3_15,15,dvv,0.0001
D6170a48dc8d3f5f1,allbursts,outbound,3_15,36,dvv,0.001
D72e1878bd101af6d,allbursts,outbound,3_15,0,source_jitter,0.000100596316
D003b4d0b7520baf5,allbursts,outbound,3_15,13,dvv,0.005
D5b9c59cdf2684b8e,allbursts,outbound,3_15,12,dvv,-0.01
D6fbd4486edfb7e00,allbursts,outbound,3_15,7,dvv,0.01
D0a0985177b2538d6,allbursts,outbound,3_15,12,constant_shift,0.005
D758729046abb258d,allbursts,outbound,3_15,43,dvv,-0.0005
D135300243a780804,allbursts,outbound,3_15,38,dvv,-0.001
D200cc506e9a0de50,allbursts,outbound,3_15,2,dvv,-0.0005
D123814a42aa4a76c,allbursts,outbound,3_15,31,dvv,0
D1a6d18142dedfa7c,allbursts,outbound,3_15,10,dvv,0
D669f385a64c4a06b,allbursts,outbound,3_15,39,dvv,0
D0aa4977cc162ad63,allbursts,outbound,3_15,19,dvv,0.005
D12f0f949ef92f1bb,allbursts,outbound,3_15,33,dvv,0.0001
D47211b43f8ec83b8,allbursts,outbound,3_15,5,dvv,-0.001
D589da6ce669b8f75,allbursts,outbound,3_15,6,dvv,0.0001
D30efb603f44415e7,allbursts,outbound,3_15,12,dvv,0.0005
D077221920122b512,allbursts,outbound,3_15,28,dvv,-0.002
D1667c180a6e5e59c,allbursts,outbound,3_15,39,dvv,-0.0001
D764689786e2ae060,allbursts,outbound,3_15,36,source_jitter,-0.000315178241
D4c66e675836db6b6,allbursts,outbound,3_15,20,dvv,0.0001
D7ec18297cdd7197b,allbursts,outbound,3_15,25,source_jitter,0.000232142422
D4e568d13429c11ac,allbursts,outbound,3_15,8,dvv,0
D2c419b8102f0af63,allbursts,outbound,3_15,3,dvv,-0.002
D6ddab9dcfd1496d9,allbursts,outbound,3_15,20,dvv,0.005
D14af3218a82a4d24,allbursts,outbound,3_15,34,dvv,-0.005
D6b467520fc70d8b1,allbursts,outbound,3_15,14,dvv,0.001
D65a28f2e4a65343f,allbursts,outbound,3_15,41,dvv,0.002
D0127e9cdeb7a1251,allbursts,outbound,3_15,1,dvv,-0.01
D7f94826d6ea446b9,allbursts,outbound,3_15,0,dvv,-0.005
D56b3a8426c4d0228,allbursts,outbound,3_15,27,dvv,0.0002
D6e85c99b4bea2441,allbursts,outbound,3_15,41,dvv,-0.0005
D71e88dffa5155f56,allbursts,outbound,3_15,1,dvv,-0.0001
D1fef8ef9458a75f7,allbursts,outbound,3_15,3,dvv,-0.0002
D51957d6f5c81626a,allbursts,outbound,3_15,5,dvv,-0.002
D03bfc2341ffcde54,allbursts,outbound,3_15,14,dvv,-0.001
D423d4429ddd48c83,allbursts,outbound,3_15,28,dvv,0
D2e370baa135c13a1,allbursts,outbound,3_15,8,constant_shift,0.005
D499e8325f94830ce,allbursts,outbound,3_15,34,dvv,0.01
D5369c12d77f8a056,allbursts,outbound,3_15,1,dvv,-0.0005
D44b4f5bae39f55fa,allbursts,outbound,3_15,21,source_jitter,8.8488375e-05
D5704b5ed94b4e0d4,allbursts,outbound,3_15,22,dvv,-0.01
D2f031a0f0eecfb88,allbursts,outbound,3_15,9,dvv,-0.0005
D0c8702eddfbf1776,allbursts,outbound,3_15,4,dvv,0.005
D78b7b28edcb02337,allbursts,outbound,3_15,0,dvv,-0.0005
D3bc961f6e10671e5,allbursts,outbound,3_15,33,dvv,0.0005
D77e27cf54ece4ef2,allbursts,outbound,3_15,7,dvv,-0.0005
D387a80f37760d169,allbursts,outbound,3_15,4,constant_shift,0.005
D0d232319ed6a80a1,allbursts,outbound,3_15,6,dvv,0
D7bae4ece3588f309,allbursts,outbound,3_15,33,dvv,0.0002
D2932d9a69c7a0d98,allbursts,outbound,3_15,12,dvv,0
D75f462c7d2c146e5,allbursts,outbound,3_15,40,dvv,0.0001
D05f35cb0dae22164,allbursts,outbound,3_15,38,dvv,-0.002
D7ee996d3fbb2235d,allbursts,outbound,3_15,41,dvv,-0.0002
D351cc3e8cb8b0716,allbursts,outbound,3_15,0,dvv,0.001
D271a1ad213631ffa,allbursts,outbound,3_15,38,dvv,-0.0002
D7bb67ef837ed8132,allbursts,outbound,3_15,21,dvv,0.001
D5ed329241b48a32f,allbursts,outbound,3_15,17,dvv,-0.005
D31fa2c36a3e82a62,allbursts,outbound,3_15,14,dvv,0.002
D226fc5f31ced28d7,allbursts,outbound,3_15,9,dvv,0.002
D33d9e4bbb77b6baf,allbursts,outbound,3_15,15,dvv,-0.001
D7a4d88d907fbce4f,allbursts,outbound,3_15,6,dvv,0.0002
D301ccb6a22f5105a,allbursts,outbound,3_15,25,dvv,-0.0005
D144cbd17dca75f22,allbursts,outbound,3_15,17,dvv,-0.001
D19b1e0b8f63ac797,allbursts,outbound,3_15,39,dvv,0.01
D1e2df62bf1821019,allbursts,outbound,3_15,16,dvv,-0.001
D26637ee4f209c43e,allbursts,outbound,3_15,43,dvv,0.005
D443a9dc251f2fd51,allbursts,outbound,3_15,13,dvv,-0.0001
D11bea9609dc0bdfe,allbursts,outbound,3_15,38,dvv,0.0001
D13b99c1fb85cfb7a,allbursts,outbound,3_15,14,dvv,-0.0005
D2ccd3e2a1591ff75,allbursts,outbound,3_15,14,dvv,0.005
D7efc9b813d2d3dad,allbursts,outbound,3_15,38,dvv,0
D288686cdde31d04a,allbursts,outbound,3_15,38,dvv,0.0005
D251bbc16b62b6029,allbursts,outbound,3_15,23,dvv,0.0002
D1a3a0e29005db73c,allbursts,outbound,3_15,28,dvv,0.001
D1bc923caf1e6dd47,allbursts,outbound,3_15,17,dvv,0.0001
D410f26510d0b1416,allbursts,outbound,3_15,0,dvv,0.01
D0632e9cd51d8f1be,allbursts,outbound,3_15,8,dvv,-0.0001
D5ed33b2b74e47618,allbursts,outbound,3_15,37,dvv,-0.002
D5fd9a6334ddf476a,allbursts,outbound,3_15,40,dvv,0.005
D284a8b9d34d8101a,allbursts,outbound,3_15,25,dvv,-0.0002
D421aff04a82fb0ce,allbursts,outbound,3_15,14,dvv,0
D5674e1afd5ff3460,allbursts,outbound,3_15,0,dvv,0.0001
D5e835d51f83444e9,allbursts,outbound,3_15,25,dvv,0.0001
D0f70286013e38b7f,allbursts,outbound,3_15,9,dvv,0
D1c2d3c064afd69e9,allbursts,outbound,3_15,18,dvv,-0.0005
D41da1524e58aca6b,allbursts,outbound,3_15,32,dvv,-0.0001
D1eaa8d5a2a949d9a,allbursts,outbound,3_15,45,dvv,0.0005
D63ff4bc73b3d4223,allbursts,outbound,3_15,2,dvv,-0.0001
D74c3e3f8e9ee8799,allbursts,outbound,3_15,3,dvv,-0.005
D296dfeca68095255,allbursts,outbound,3_15,29,dvv,-0.0005
D53618ee32d4da710,allbursts,outbound,3_15,25,dvv,-0.002
D3b368ba0caa8a5ef,allbursts,outbound,3_15,39,dvv,0.002
D2cf94af9c9f12395,allbursts,outbound,3_15,43,dvv,0.002
D74932967f8baf6d0,allbursts,outbound,3_15,30,dvv,0.01
D367b3a866627c1fc,allbursts,outbound,3_15,30,dvv,0.001
D1e0c1ef91ed07c95,allbursts,outbound,3_15,18,dvv,-0.001
D7dbbfecc24264309,allbursts,outbound,3_15,20,dvv,0.01
D3c543941feee81fe,allbursts,outbound,3_15,45,dvv,-0.01
D1bb35ea023b07dc3,allbursts,outbound,3_15,31,dvv,-0.0002
D41885c1ebcd76043,allbursts,outbound,3_15,41,dvv,0.01
D38c2a52cfae0606b,allbursts,outbound,3_15,2,dvv,0.002
D54671bfd2d25cb6c,allbursts,outbound,3_15,2,source_jitter,-1.06460897e-05
D10d819e43fea2d06,allbursts,outbound,3_15,28,dvv,-0.001
D0695cebc2bc39728,allbursts,outbound,3_15,3,dvv,-0.01
D75a988ffb311e6ae,allbursts,outbound,3_15,14,dvv,0.01
D0242a79c59dc1883,allbursts,outbound,3_15,36,dvv,-0.0002
D5dfdbde4be8caf1f,allbursts,outbound,3_15,12,dvv,0.002
D3ac3f2c5beaaf84b,allbursts,outbound,3_15,2,dvv,-0.01
D2ed90211f8749e3d,allbursts,outbound,3_15,32,dvv,0.005
D71d48f7b14a784f1,allbursts,outbound,3_15,41,dvv,-0.0001
D1bd3db34293120fc,allbursts,outbound,3_15,8,dvv,0.0001
D3c8c6d100466b1fd,allbursts,outbound,3_15,40,dvv,0.0002
D66abab95331a364a,allbursts,outbound,3_15,19,dvv,0.002
D4cc506390e269715,allbursts,outbound,3_15,45,dvv,-0.0002
D3db1df21dfb39456,allbursts,outbound,3_15,0,dvv,-0.0001
D0622466ad43f5727,allbursts,outbound,3_15,43,dvv,-0.0002
D482d93d1a34174ce,allbursts,outbound,3_15,1,dvv,0.005
D376853a3b3b23aa7,allbursts,outbound,3_15,29,dvv,-0.001
D3e440f8a0603bb9a,allbursts,outbound,3_15,32,dvv,0.002
D0316d6dd0f433642,allbursts,outbound,3_15,19,dvv,-0.0002
D3f10fd3e1f3846c5,allbursts,outbound,3_15,20,dvv,-0.002
D788c481aec1d0022,allbursts,outbound,3_15,3,source_jitter,-0.0002324774
D422c3153e76bd2c8,allbursts,outbound,3_15,22,dvv,0.005
D2a297fedfaf356b1,allbursts,outbound,3_15,0,dvv,-0.001
D2c8f73d477f7325d,allbursts,outbound,3_15,26,dvv,-0.0005
D7b0564eb797d2c85,allbursts,outbound,3_15,30,dvv,0
D19678f36a7d89cac,allbursts,outbound,3_15,17,source_jitter,0.00017914689
D515712e2fd91f68a,allbursts,outbound,3_15,35,dvv,-0.002
D7199c38ea4c8899c,allbursts,outbound,3_15,15,dvv,0.005
D1882b5c08d478dcc,allbursts,outbound,3_15,21,dvv,-0.0002
D4cc0afd9bbd1108c,allbursts,outbound,3_15,15,dvv,-0.0001
D4db89590a2e29669,allbursts,outbound,3_15,25,dvv,0.005
D017c44d535cd9f5b,allbursts,outbound,3_15,7,dvv,0.001
D054a4d851248510f,allbursts,outbound,3_15,23,dvv,0
D6a22934e0f6903d6,allbursts,outbound,3_15,11,dvv,-0.01
D307b0faba43d03a8,allbursts,outbound,3_15,26,dvv,-0.0002
D0a38fe96a311248b,allbursts,outbound,3_15,24,dvv,0.0002
D1ee29646e1e7c26d,allbursts,outbound,3_15,32,dvv,0.001
D3501ab31f3c5d27f,allbursts,outbound,3_15,13,dvv,-0.002
D59ccb071463534f2,allbursts,outbound,3_15,17,dvv,-0.002
D19e48f560b93890f,allbursts,outbound,3_15,17,dvv,-0.0001
D520263ebfda6ecf2,allbursts,outbound,3_15,35,dvv,0.0002
D09c888d9801c4668,allbursts,outbound,3_15,33,dvv,0
D2d54184be4624568,allbursts,outbound,3_15,8,dvv,-0.0005
D346d6c101ba41f2c,allbursts,outbound,3_15,36,constant_shift,0.005
D6307b982c7cebfc9,allbursts,outbound,3_15,33,dvv,-0.01
D00946679af6e8629,allbursts,outbound,3_15,32,dvv,0.0001
D6fefe7b98a75141c,allbursts,outbound,3_15,23,dvv,-0.01
D459350a329f149bb,allbursts,outbound,3_15,22,dvv,0.0001
D78b652eeb1725d81,allbursts,outbound,3_15,29,dvv,0.002
D2ce87f01cfd7a6f4,allbursts,outbound,3_15,4,dvv,-0.01
D52f9d18a22953f58,allbursts,outbound,3_15,9,dvv,-0.0001
D6edac9d37e6a4481,allbursts,outbound,3_15,10,dvv,-0.0002
D0f595d64deba8226,allbursts,outbound,3_15,9,constant_shift,0.005
D6aaa6f7b16125fb9,allbursts,outbound,3_15,26,dvv,-0.001
D5c5bd525862ab09b,allbursts,outbound,3_15,39,dvv,-0.002
D6438df54e17a8650,allbursts,outbound,3_15,20,dvv,-0.0001
D4a9c1575b1051779,allbursts,outbound,3_15,33,constant_shift,0.005
D16670e592106b759,allbursts,outbound,3_15,23,source_jitter,-0.000465050575
D7b42713444aabddb,allbursts,outbound,3_15,28,dvv,0.01
D106e3d80ecd39ab4,allbursts,outbound,3_15,6,dvv,-0.001
D1eb822f59a942faf,allbursts,outbound,3_15,9,dvv,0.01
D43bbe7ee4e0efbc7,allbursts,outbound,3_15,38,dvv,0.001
D56aaf985a262d4c0,allbursts,outbound,3_15,31,dvv,0.002
D28df5dd88fec852c,allbursts,outbound,3_15,0,dvv,0.0002
D09d394e1f8e368fe,allbursts,outbound,3_15,5,dvv,0.002
D57da617be082d0ab,allbursts,outbound,3_15,11,dvv,0.01
D10cb1838b38dbf66,allbursts,outbound,3_15,39,dvv,0.0005
D5b87b62bdc5dd70b,allbursts,outbound,3_15,25,dvv,0.01
D52dc8cd4368e7d01,allbursts,outbound,3_15,28,dvv,0.0002
D143961cc3de75d5e,allbursts,outbound,3_15,4,dvv,-0.0001
D0f8705a66b926791,allbursts,outbound,3_15,35,dvv,0.002
D16e75f648e3d41a1,allbursts,outbound,3_15,34,constant_shift,0.005
D69984c264f255579,allbursts,outbound,3_15,27,dvv,0.0001
D0b6a0d3a31b1df0f,allbursts,outbound,3_15,44,dvv,-0.0001
D29d45a4941e4630a,allbursts,outbound,3_15,11,dvv,-0.001
D19d7273fbba13eeb,allbursts,outbound,3_15,28,dvv,-0.01
D4f65fa20a4d491b0,allbursts,outbound,3_15,34,dvv,-0.001
D403b86dc59249ebb,allbursts,outbound,3_15,4,dvv,-0.0002
D236f1739475201d7,allbursts,outbound,3_15,14,dvv,0.0002
D7d442efebe47cb3a,allbursts,outbound,3_15,44,dvv,0.001
D045d061c6b8d522a,allbursts,outbound,3_15,7,dvv,-0.005
D4afc44ae77574ced,allbursts,outbound,3_15,38,dvv,0.0002
D36ef11cbd076ec1d,allbursts,outbound,3_15,19,constant_shift,0.005
D5cc73c4256a193ce,allbursts,outbound,3_15,7,dvv,0.0001
D1a5a56ee559128f4,allbursts,outbound,3_15,9,dvv,0.001
D0ecb110c48d893d1,allbursts,outbound,3_15,12,dvv,0.0001
D4eb4837dde466019,allbursts,outbound,3_15,16,dvv,-0.005
D72099aaffdba6946,allbursts,outbound,3_15,1,dvv,0.01
D120eb50b101f35ea,allbursts,outbound,3_15,18,dvv,0.001
D623d21ba97cded7f,allbursts,outbound,3_15,14,source_jitter,2.87394118e-05
D13b681a069e4ca1a,allbursts,outbound,3_15,45,constant_shift,0.005
D21a1993e604a8e6e,allbursts,outbound,3_15,27,dvv,-0.0005
D76fbd3e2fd1bd07b,allbursts,outbound,3_15,9,dvv,0.005
D33921a0e56af4c1c,allbursts,outbound,3_15,37,dvv,0.001
D1f78938d66a321f2,allbursts,outbound,3_15,7,dvv,0
D79fad44fe300c6af,allbursts,outbound,3_15,21,dvv,-0.005
D697c680e51524bfe,allbursts,outbound,3_15,17,dvv,-0.0002
D7f3115aa8553ae21,allbursts,outbound,3_15,13,dvv,0.002
D6b3e7bdf3c63a73f,allbursts,outbound,3_15,27,source_jitter,9.4616472e-05
D15c45f120e88c657,allbursts,outbound,3_15,37,dvv,0.0001
D2243c4b39d4ebcd5,allbursts,outbound,3_15,23,dvv,-0.0001
D7a3829c289845f15,allbursts,outbound,3_15,2,dvv,-0.005
D3f7db0f4232ac033,allbursts,outbound,3_15,28,dvv,-0.0001
D4bb7d81751cd9c91,allbursts,outbound,3_15,16,dvv,0.01
D40c887fc1476c4e0,allbursts,outbound,3_15,25,dvv,-0.001
D04e64c431ea5674e,allbursts,outbound,3_15,36,dvv,-0.0001
D7bab7884bb226f3d,allbursts,outbound,3_15,21,dvv,0.0005
D026ee73b1d0151ed,allbursts,outbound,3_15,31,dvv,-0.01
D7bba57bf9cc0afce,allbursts,outbound,3_15,5,dvv,-0.01
D0228c3a3cc6e871d,allbursts,outbound,3_15,23,dvv,0.01
D48f15f5f0e8d7a25,allbursts,outbound,3_15,21,constant_shift,0.005
D06ae46d9913ea79c,allbursts,outbound,3_15,34,dvv,0
D01e48142786229c8,allbursts,outbound,3_15,33,dvv,-0.005
D48751db8571a2385,allbursts,outbound,3_15,5,source_jitter,-4.23096064e-05
D41f7ae4d32018e54,allbursts,outbound,3_15,28,source_jitter,-0.00010805747
D273fe31a1da04412,allbursts,outbound,3_15,1,dvv,-0.005
D614af4d4ad580ced,allbursts,outbound,3_15,45,dvv,0.005
D1dd85bf3e0c1a765,allbursts,outbound,3_15,27,dvv,-0.01
D4a804e1d2c2b3488,allbursts,outbound,3_15,1,dvv,-0.0002
D61252bb0f9815b01,allbursts,outbound,3_15,20,dvv,0.0002
D6e5f72db1d49d54c,allbursts,outbound,3_15,4,dvv,0.0001
D3aedc18ff921c112,allbursts,outbound,3_15,13,dvv,0.001
D1c00d03f0ea98cd1,allbursts,outbound,3_15,4,dvv,0
D412f34f6f5aa8533,allbursts,outbound,3_15,34,dvv,-0.0005
D4bb1f3c324c75918,allbursts,outbound,3_15,36,dvv,0.0002
D23fd9edde4003631,allbursts,outbound,3_15,8,dvv,-0.002
D624ba773b8303529,allbursts,outbound,3_15,29,dvv,0.0005
D1c25604da2ec47ff,allbursts,outbound,3_15,32,source_jitter,-3.0629011e-05
D1aef381e2df697fd,allbursts,outbound,3_15,22,dvv,0.001
D0a3e50af0d5640ef,allbursts,outbound,3_15,23,dvv,-0.001
D6396557a37d5111f,allbursts,outbound,3_15,38,dvv,0.002
D3a0732802891bec7,allbursts,outbound,3_15,8,dvv,0.01
D1f6a2e4ff3c12f52,allbursts,outbound,3_15,30,dvv,-0.0002
D5f0bff1d49e944bb,allbursts,outbound,3_15,20,dvv,-0.001
D1e8c0853f405e718,allbursts,outbound,3_15,9,dvv,-0.001
D008afc27d808bb86,allbursts,outbound,3_15,18,dvv,-0.002
D5ed72938090dc90c,allbursts,outbound,3_15,20,dvv,0.002
D452159b9f6cb5a19,allbursts,outbound,3_15,4,dvv,-0.005
D49d39f98e3984af7,allbursts,outbound,3_15,26,source_jitter,0.000237036885
D1ba2f6411bf25fe5,allbursts,outbound,3_15,33,dvv,-0.001
D6203b401013ee838,allbursts,outbound,3_15,28,dvv,0.0001
D3ccb0e8b96257214,allbursts,outbound,3_15,22,dvv,-0.001
D535279cd79a0266a,allbursts,outbound,3_15,30,dvv,0.0005
D4c42302fb4384b59,allbursts,outbound,3_15,40,dvv,0.001
D08e500092abdb46d,allbursts,outbound,3_15,1,dvv,0.0001
D4da9e576d72d9fee,allbursts,outbound,3_15,17,dvv,0.005
D1f10fbd9cd3f14bb,allbursts,outbound,3_15,14,dvv,0.0001
D32b61ccb3c9b7c8e,allbursts,outbound,3_15,25,dvv,-0.005
D41c6ec1f5cb9f707,allbursts,outbound,3_15,27,constant_shift,0.005
D3be6192592f959e0,allbursts,outbound,3_15,19,dvv,0.001
D4f5719169a8babd8,allbursts,outbound,3_15,16,source_jitter,-9.51520722e-05
D507a2ef63f1cd0c9,allbursts,outbound,3_15,1,source_jitter,-0.000232017375
D177af325cb1a0fd8,allbursts,outbound,3_15,28,dvv,0.002
D0b78042f08d5e8fa,allbursts,outbound,3_15,24,dvv,0.0005
D29242ae9f871d4dd,allbursts,outbound,3_15,35,dvv,0.0005
D5cbd4ca1bb62fa98,allbursts,outbound,3_15,8,source_jitter,-0.000438095428
D1c125ed66fa50e12,allbursts,outbound,3_15,18,dvv,0.01
D529f359cb913b814,allbursts,outbound,3_15,5,constant_shift,0.005
D43b4e6093c575eff,allbursts,outbound,3_15,31,dvv,-0.001
D654a07e520845d01,allbursts,outbound,3_15,39,dvv,-0.0002
D798b53d18c30a50f,allbursts,outbound,3_15,43,dvv,-0.001
D051840d053828455,allbursts,outbound,3_15,8,dvv,-0.01
D4868418333e70e7c,allbursts,outbound,3_15,6,constant_shift,0.005
D10a8a4653314db75,allbursts,outbound,3_15,31,dvv,0.01
D7ac8cf4b9878900b,allbursts,outbound,3_15,38,dvv,0.005
D4a63ed876357248c,allbursts,outbound,3_15,17,dvv,-0.0005
D7482ae18f7f191a8,allbursts,outbound,3_15,6,dvv,0.0005
D01d4018801d9df48,allbursts,outbound,3_15,44,dvv,-0.01
D7a6f753f2d80b48e,allbursts,outbound,3_15,37,dvv,0.005
D483b3fadf2ad4f2d,allbursts,outbound,3_15,42,dvv,-0.0002
D401c7d75a654d9a7,allbursts,outbound,3_15,31,dvv,-0.005
D0790bdc78c4edc55,allbursts,outbound,3_15,5,dvv,0.0005
D21ebd90e20d9b82c,allbursts,outbound,3_15,35,dvv,0.005
D0bfb3ea9e700f1ee,allbursts,outbound,3_15,44,dvv,0.002
D17baad13eb1570ba,allbursts,outbound,3_15,31,dvv,0.0001
D6583da5c33f963ab,allbursts,outbound,3_15,1,dvv,0.001
D78d826b3e6772a20,allbursts,outbound,3_15,11,constant_shift,0.005
D7ca08d762113d058,allbursts,outbound,3_15,22,dvv,0.002
D303f3d204df6f743,allbursts,outbound,3_15,34,dvv,-0.01
D3a7443322617eb9a,allbursts,outbound,3_15,23,dvv,-0.0002
D2339f70dbc2b4c9c,allbursts,outbound,3_15,33,dvv,0.001
D0ce692647e4f164c,allbursts,outbound,3_15,7,constant_shift,0.005
D6aa472e487c6bffb,allbursts,outbound,3_15,12,dvv,-0.0002
D1bd298e8a25cf8b6,allbursts,outbound,3_15,10,dvv,0.0001
D6f439edb01e862b5,allbursts,outbound,3_15,19,dvv,-0.002
D60b358bd9d2ceaf1,allbursts,outbound,3_15,31,dvv,-0.002
D6402a8072e60e91a,allbursts,outbound,3_15,34,dvv,0.0005
D5a17fe53aa3d90e0,allbursts,outbound,3_15,35,dvv,0.01
D15f192c3bf98cd07,allbursts,outbound,3_15,24,dvv,-0.0001
D6731f8cf3bb1b80a,allbursts,outbound,3_15,38,dvv,0.01
D4952e4ffd55104ee,allbursts,outbound,3_15,18,dvv,0.005
D17586f6c2af60a81,allbursts,outbound,3_15,10,dvv,0.005
D05e25426bac2a033,allbursts,outbound,3_15,16,dvv,0.002
D2fb73fec9761adbe,allbursts,outbound,3_15,21,dvv,-0.01
D41c0aa1c443bd19d,allbursts,outbound,3_15,23,dvv,-0.005
D5c7cd50444e2ec90,allbursts,outbound,3_15,21,dvv,-0.0005
D54fced9e6ecd2622,allbursts,outbound,3_15,45,dvv,0.0001
D13de6393ae02c77d,allbursts,outbound,3_15,2,dvv,0.001
D25e47b6187835d17,allbursts,outbound,3_15,32,dvv,-0.01
D08b9df4597e2e535,allbursts,outbound,3_15,39,dvv,0.005
D610617ebace6a3bc,allbursts,outbound,3_15,17,dvv,0.0002
D0946a66923cf8a14,allbursts,outbound,3_15,37,dvv,0.002
D11e9ada64de3efdb,allbursts,outbound,3_15,44,dvv,-0.001
D6254b362038f9438,allbursts,outbound,3_15,19,source_jitter,-0.000280695337
D4b7d8b3df9a6f7b8,allbursts,outbound,3_15,37,dvv,-0.0002
D63dbf3117419cbb7,allbursts,outbound,3_15,45,dvv,-0.005
D03fafa902f293f99,allbursts,outbound,3_15,22,dvv,0.01
D020a239a7bf9875c,allbursts,outbound,3_15,31,dvv,-0.0005
D6edac3a7a592f393,allbursts,outbound,3_15,45,dvv,-0.0001
D55378b1e96888e3e,allbursts,outbound,3_15,33,dvv,0.002
D3f54b278c7e352f0,allbursts,outbound,3_15,2,dvv,-0.002
D4d5f668578089476,allbursts,outbound,3_15,9,dvv,0.0002
D6e1921f4e436a94c,allbursts,outbound,3_15,32,constant_shift,0.005
D3be38e43f04dfa93,allbursts,outbound,3_15,18,dvv,0.002
D690c41ce3bccaf60,allbursts,outbound,3_15,9,dvv,0.0005
D375209b02619d519,allbursts,outbound,3_15,29,constant_shift,0.005
D23bf78dba2533fb4,allbursts,outbound,3_15,45,dvv,0
D16e1d3a0358c3a85,allbursts,outbound,3_15,36,dvv,0.0001
D1676214711ac2ca6,allbursts,outbound,3_15,29,dvv,-0.0001
D383701063bc1533e,allbursts,outbound,3_15,30,dvv,-0.005
D5aae85de36e0a3ab,allbursts,outbound,3_15,44,dvv,-0.005
D145fb2e6a9fe9dee,allbursts,outbound,3_15,33,dvv,0.01
D58a36cf4f6a62c50,allbursts,outbound,3_15,17,dvv,0.0005
D256c3e4cee68d8bb,allbursts,outbound,3_15,22,dvv,0.0002
D502230da9220c6e0,allbursts,outbound,3_15,37,dvv,-0.01
D5af5489a29b8a23e,allbursts,outbound,3_15,11,dvv,0.005
D7aed1cbc6503b7f8,allbursts,outbound,3_15,26,constant_shift,0.005
D2b01774c7bd6c984,allbursts,outbound,3_15,9,source_jitter,-4.16592945e-05
D41f916303de434cc,allbursts,outbound,3_15,25,dvv,-0.0001
D7b689d5fef4b412d,allbursts,outbound,3_15,31,dvv,0.001
D46170dd7af4269ad,allbursts,outbound,3_15,24,dvv,0.0001
D24914d76cc31f2c9,allbursts,outbound,3_15,11,dvv,-0.0001
D2854475ff255fbb0,allbursts,outbound,3_15,21,dvv,0.005
D35656f29d2637764,allbursts,outbound,3_15,17,constant_shift,0.005
D5ff3faebae1cdbf3,allbursts,outbound,3_15,33,dvv,-0.0002
D6bb8d326e6b30258,allbursts,outbound,3_15,7,dvv,-0.01
D26dfc0f809e024f8,allbursts,outbound,3_15,18,dvv,0.0001
D21b44931a69df14b,allbursts,outbound,3_15,44,constant_shift,0.005
D6d9dc148ca2e71ee,allbursts,outbound,3_15,24,dvv,-0.002
D38ebf2ff50271f68,allbursts,outbound,3_15,45,dvv,0.001
D05dcce74f67d8642,allbursts,outbound,3_15,5,dvv,-0.0001
D1018767027c7243e,allbursts,outbound,3_15,32,dvv,0.0002
D4c3f574056c8a641,allbursts,outbound,3_15,39,source_jitter,0.000510616713
D37feac0c54c5d8e8,allbursts,outbound,3_15,10,dvv,-0.01
D2c0508370f619ee5,allbursts,outbound,3_15,4,source_jitter,0.00010058395
D478be9abded9cf96,allbursts,outbound,3_15,34,dvv,0.0002
D055baa0f30dfac0d,allbursts,outbound,3_15,15,dvv,-0.0005
D020e0ddf542a1eb8,allbursts,outbound,3_15,18,dvv,-0.01
D5eff5fcfed093889,allbursts,outbound,3_15,4,dvv,-0.002
D0401bb1ae68a4ef5,allbursts,outbound,3_15,16,constant_shift,0.005
D17fe6ecd615d34aa,allbursts,outbound,3_15,32,dvv,0.01
D54175d6b99859a49,allbursts,outbound,3_15,43,dvv,-0.002
D6465877eb4bf1845,allbursts,outbound,3_15,8,dvv,-0.001
D5046838d42a08770,allbursts,outbound,3_15,9,dvv,0.0001
D005f3f5d9abdb890,allbursts,outbound,3_15,28,dvv,0.0005
D7253041e632196a8,allbursts,outbound,3_15,34,dvv,-0.0002
D4b36bf6b34686f71,allbursts,outbound,3_15,43,dvv,-0.0001
D5326dcebe98841b2,allbursts,outbound,3_15,0,dvv,-0.01
D1e7c3fc488243370,allbursts,outbound,3_15,37,dvv,-0.0005
D56b1ba721ab7dc04,allbursts,outbound,3_15,25,dvv,0.002
D38fbc0003072a630,allbursts,outbound,3_15,6,dvv,-0.0001
D47444b545ed2a3e3,allbursts,outbound,3_15,15,dvv,-0.01
D03cbdb87033e6179,allbursts,outbound,3_15,5,dvv,0.0001
D034a1904044e8d24,allbursts,outbound,3_15,11,dvv,0.001
D3e6331f60bfe1a0b,allbursts,outbound,3_15,3,dvv,0.005
D436e3bf29ee5d83b,allbursts,outbound,3_15,22,constant_shift,0.005
D61e8e10efbe1e91e,allbursts,outbound,3_15,23,dvv,0.002
D43fa95bc6ccb6cbb,allbursts,outbound,3_15,34,dvv,0.005
D5aee1abb3185ebaa,allbursts,outbound,3_15,27,dvv,0
D0c577e6d67e97f9f,allbursts,outbound,3_15,7,dvv,0.0005
D789427fba085b53a,allbursts,outbound,3_15,6,dvv,0.002
D61a59910bdffcbf2,allbursts,outbound,3_15,41,dvv,0.005
D2447ec5f2b80189b,allbursts,outbound,3_15,40,dvv,-0.0005
D1a753f367ceaceb1,allbursts,outbound,3_15,13,dvv,0.01
D3fa7477f80174f5d,allbursts,outbound,3_15,43,dvv,0.0002
D1492815267adbf72,allbursts,outbound,3_15,19,dvv,0.0001
D3b0e0bbb1af24134,allbursts,outbound,3_15,7,dvv,-0.001
D0c6a49ca6e32c217,allbursts,outbound,3_15,19,dvv,-0.01
D6840b74d6b51dc90,allbursts,outbound,3_15,2,dvv,0.005
D5ce707b587870e7d,allbursts,outbound,3_15,37,dvv,0.0005
D0017bf6afa3c4997,allbursts,outbound,3_15,36,dvv,0
D3936ac5534845761,allbursts,outbound,3_15,43,dvv,-0.005
D2d52d63000316d6e,allbursts,outbound,3_15,16,dvv,-0.0005
D23f84790dd3d3efc,allbursts,outbound,3_15,17,dvv,0.01
D30650849aa3358dd,allbursts,outbound,3_15,32,dvv,-0.005
D2db48a20cc0c2d7c,allbursts,outbound,3_15,12,dvv,-0.0005
D199296cb66dfe760,allbursts,outbound,3_15,29,dvv,0.01
D53aa51c2bf1273ee,allbursts,outbound,3_15,35,dvv,-0.005
D6861e53d1153e2da,allbursts,outbound,3_15,23,constant_shift,0.005
D1cf1bcbaf49e5e02,allbursts,outbound,3_15,35,dvv,-0.01
D4f04b3bf641edfc1,allbursts,outbound,3_15,41,dvv,-0.005
D1f2cfb58df1ffc1a,allbursts,outbound,3_15,14,dvv,-0.01
D3ec72769509cdd4c,allbursts,outbound,3_15,28,dvv,-0.005
D7f467b6bea8aa2e2,allbursts,outbound,3_15,7,dvv,-0.0002
D2c8301bad5a84bad,allbursts,outbound,3_15,41,constant_shift,0.005
D2d2fbeb3428d32f3,allbursts,outbound,3_15,12,dvv,0.01
D58fc4bc11de85220,allbursts,outbound,3_15,27,dvv,-0.002
D03e67af745202df5,allbursts,outbound,3_15,22,dvv,-0.002
D3af48543943cc67a,allbursts,outbound,3_15,41,dvv,0.0002
D28ca6034dde14a23,allbursts,outbound,3_15,37,dvv,-0.0001
D178dd95d2e7ebab2,allbursts,outbound,3_15,28,dvv,0.005
D21327814f103df33,allbursts,outbound,3_15,29,dvv,-0.0002
D38644d598b55a803,allbursts,outbound,3_15,40,dvv,-0.001
D69649aef0a9983c5,allbursts,outbound,3_15,8,dvv,0.0002
D3cc7894fa11243c4,allbursts,outbound,3_15,24,dvv,0.002
D69694c3f7812779f,allbursts,outbound,3_15,1,dvv,0.002
D2d23b1686665a722,allbursts,outbound,3_15,18,dvv,-0.0001
D596d411949d8c88d,allbursts,outbound,3_15,40,source_jitter,-0.000285425111
D2148921c951694c8,allbursts,outbound,3_15,40,dvv,-0.002
D1d117c968a7fcc0d,allbursts,outbound,3_15,44,source_jitter,-3.02721185e-05
D33ae4fccd5f30e39,allbursts,outbound,3_15,13,dvv,-0.0002
D5deba34fbc0d0e63,allbursts,outbound,3_15,2,constant_shift,0.005
D0f4aaabfbc7394ab,allbursts,outbound,3_15,8,dvv,-0.0002
D33cd37adc22fbfd9,allbursts,outbound,3_15,3,dvv,0.01
D3f934227d44082ca,allbursts,outbound,3_15,44,dvv,-0.0005
D37d93d64463e02d6,allbursts,outbound,3_15,35,dvv,-0.0005
D26c11c4c7ed98094,allbursts,outbound,3_15,4,dvv,-0.0005
D0d7e26d9ed0e2a90,allbursts,outbound,3_15,8,dvv,-0.005
D4ee07683c25d9a46,allbursts,outbound,3_15,35,dvv,-0.0001
D1fa0ecf2adcd4f3f,allbursts,outbound,3_15,4,dvv,0.001
D34b56845481aa670,allbursts,outbound,3_15,10,dvv,-0.001
D090e7c930a0a775f,allbursts,outbound,3_15,42,dvv,0.01
D7d2df57e4eacd196,allbursts,outbound,3_15,27,dvv,-0.001
D5aee28c1cac9886c,allbursts,outbound,3_15,25,dvv,0.0005
D19d4d5f34ec04e4a,allbursts,outbound,3_15,18,dvv,-0.005
D70951d8c5dfb4b09,allbursts,outbound,3_15,8,dvv,0.005
D4ecc3be0113903f4,allbursts,outbound,3_15,44,dvv,0.01
D0aec6ef8553f5f4b,allbursts,outbound,3_15,5,dvv,0.005
D56bffe050d59e96d,allbursts,outbound,3_15,27,dvv,0.002
D043386259b3dadc8,allbursts,outbound,3_15,34,dvv,0.0001
D7a13b367aa94f216,allbursts,outbound,3_15,36,dvv,0.0005
D462bb4723344b9d8,allbursts,outbound,3_15,21,dvv,-0.0001
D5270f8519897bec7,allbursts,outbound,3_15,0,dvv,-0.0002
D6bf181f2a14c2c29,allbursts,outbound,3_15,39,dvv,-0.001
D2b6877938300f263,allbursts,outbound,3_15,2,dvv,-0.0002
D6b1127c3ea539650,allbursts,outbound,3_15,10,dvv,-0.0005
D5c2107c1a5828476,allbursts,outbound,3_15,28,dvv,-0.0005
D3557be1d616d22c9,allbursts,outbound,3_15,44,dvv,0.005
D3fb5374486786320,allbursts,outbound,3_15,40,dvv,0
D16a96417caa4f8bb,allbursts,outbound,3_15,26,dvv,0.0002
D3fc9f2f03cb14152,allbursts,outbound,3_15,33,dvv,-0.0005
D2f10a9df2595d5a0,allbursts,outbound,3_15,29,source_jitter,-6.33260791e-05
D742cd7223cb48bfb,allbursts,outbound,3_15,22,dvv,-0.0005
D16fc36b256cb9adb,allbursts,outbound,3_15,11,dvv,-0.002
D48f9ae0c293c16f2,allbursts,outbound,3_15,25,constant_shift,0.005
D23caf880d21bb969,allbursts,outbound,3_15,13,dvv,0.0001
D06d7d2dd68e7fa42,allbursts,outbound,3_15,11,dvv,-0.0005
D6b549810155e3b5e,allbursts,outbound,3_15,42,dvv,0.0001
D1f7f7409ce9f5757,allbursts,outbound,3_15,1,dvv,-0.001
D0fc9d3d07c696783,allbursts,outbound,3_15,11,dvv,0.0005
D7f9770264b3ba1b7,allbursts,outbound,3_15,8,dvv,0.002
D3323afd88e544f01,allbursts,outbound,3_15,18,constant_shift,0.005
D65f05f6100a72fab,allbursts,outbound,3_15,26,dvv,0.002
D54dcc4b448ca2697,allbursts,outbound,3_15,4,dvv,0.01
D296bd44347440111,allbursts,outbound,3_15,42,dvv,0.0005
D53c0a921c0f54196,allbursts,outbound,3_15,15,constant_shift,0.005
D411075a6736b6787,allbursts,outbound,3_15,3,dvv,-0.001
D22b9f5ddb904bbf1,allbursts,outbound,3_15,12,dvv,0.001
D03fc121cb995e02e,allbursts,outbound,3_15,38,dvv,-0.0005
D51743176ab94e0ee,allbursts,outbound,3_15,43,dvv,0.01
D1195fefc04698799,allbursts,outbound,3_15,44,dvv,0.0002
D4738aa822cca6be4,allbursts,outbound,3_15,42,constant_shift,0.005
D16d4dbecac033d6e,allbursts,outbound,3_15,16,dvv,0.0002
D20dbfdda93833749,allbursts,outbound,3_15,37,dvv,-0.005
D524a91f9a114d59c,allbursts,outbound,3_15,14,dvv,-0.005
D568d409d8d98d21b,allbursts,outbound,3_15,21,dvv,0.002
D4bdd9ebd11217d47,allbursts,outbound,3_15,0,dvv,0
D0e006f1e9da3817d,allbursts,outbound,3_15,16,dvv,-0.0001
D48d88dc36e4ea124,allbursts,outbound,3_15,30,constant_shift,0.005
D09a0e16c10cf3e95,allbursts,outbound,3_15,21,dvv,0
D089bdfb6b259f42b,allbursts,outbound,3_15,19,dvv,0.0002
D640a378c8e4cf353,allbursts,outbound,3_15,20,source_jitter,0.000196352804
D41f37674632c5306,allbursts,outbound,3_15,29,dvv,0
D444d3a2c15475647,allbursts,outbound,3_15,31,dvv,0.0002
D1bcb4eae319c8c8c,allbursts,outbound,3_15,6,dvv,-0.0005
D56364e9386fdc1ed,allbursts,outbound,3_15,5,dvv,-0.0005
D11dbe7ef12976181,allbursts,outbound,3_15,16,dvv,0
D7ea225d2dfe9f607,allbursts,outbound,3_15,25,dvv,0.0002
D3b977501e967a140,allbursts,outbound,3_15,43,dvv,-0.01
D6629a2692c1125f8,allbursts,outbound,3_15,45,dvv,-0.001
D793d357399731de4,allbursts,outbound,3_15,13,dvv,-0.001
D73ca5ec49f97bb58,allbursts,outbound,3_15,41,dvv,-0.01
D55b8c04bc65a5d1e,allbursts,outbound,3_15,14,dvv,-0.0002
D74861f6456efe26f,allbursts,outbound,3_15,3,dvv,-0.0001
D4b1aeac9111902b5,allbursts,outbound,3_15,5,dvv,-0.005
D45e803a2f4281ed2,allbursts,outbound,3_15,24,dvv,-0.001
D42206c8d00dc7589,allbursts,outbound,3_15,40,constant_shift,0.005
D70ef25aa058eba89,allbursts,outbound,3_15,40,dvv,-0.01
D40ba99ee5c4bbffc,allbursts,outbound,3_15,9,dvv,-0.002
D470aa46137a22e5a,allbursts,outbound,3_15,15,dvv,0
D76bfd665aea448b9,allbursts,outbound,3_15,19,dvv,0.01
D23775ed18931fc7c,allbursts,outbound,3_15,8,dvv,0.001
D73f9126bf6c7c62a,allbursts,outbound,3_15,23,dvv,0.0001
D3b635eb7d2a953b9,allbursts,outbound,3_15,13,dvv,0
D788d709e5931ebab,allbursts,outbound,3_15,30,dvv,0.0001
D25eb35c6a40f9fa9,allbursts,outbound,3_15,42,dvv,-0.001
D2b77e1b88f5ff3a2,allbursts,outbound,3_15,26,dvv,0.005
D00b1d8ad6f920ebd,allbursts,outbound,3_15,41,dvv,0.001
D2627feb69aa87c05,allbursts,outbound,3_15,42,source_jitter,0.000172470208
D7dfb868c75089756,allbursts,outbound,3_15,7,dvv,-0.0001
D0ef672a9bb8b86ea,allbursts,outbound,3_15,6,dvv,0.001
D057e49e3e4feff64,allbursts,outbound,3_15,12,dvv,-0.005
D57c9d81731e5fbb5,allbursts,outbound,3_15,15,dvv,-0.002
D725df05f74d92b9d,allbursts,outbound,3_15,12,source_jitter,5.07123922e-06
D784e9fc985ddca09,allbursts,outbound,3_15,16,dvv,-0.01
D559579e8a6fc1055,allbursts,outbound,3_15,34,dvv,0.002
D5f0e8d1f839f74c1,allbursts,outbound,3_15,18,source_jitter,0.000241028015
D70a399c2bed42085,allbursts,outbound,3_15,30,dvv,0.0002
D0596cb37e7796ccd,allbursts,outbound,3_15,6,dvv,0.01
D6fc8610805fa0999,allbursts,outbound,3_15,13,source_jitter,-0.000441357882
D49a4f6057d3c810c,allbursts,outbound,3_15,32,dvv,0
D670918dfb3c6d345,allbursts,outbound,3_15,18,dvv,-0.0002
D6431d87f8823ea33,allbursts,outbound,3_15,17,dvv,0.001
D0d23aeb55e31d225,allbursts,outbound,3_15,32,dvv,-0.001
D34e745d9c869eaa2,allbursts,outbound,3_15,45,dvv,0.01
D76e02f8703671e75,allbursts,outbound,3_15,43,dvv,0.0005
D7b78b8087721dde8,allbursts,outbound,3_15,22,dvv,-0.005
D3ba67db3df2f2797,allbursts,outbound,3_15,10,dvv,-0.002
D27557f1939534784,allbursts,outbound,3_15,36,dvv,0.01
D79d253dc9695d1dd,allbursts,outbound,3_15,20,dvv,-0.01
D0a6b6d32467033b2,allbursts,outbound,3_15,30,source_jitter,-0.00038483105
D6a740b7c63322e08,allbursts,outbound,3_15,42,dvv,-0.002
D3acc43d8169c00d0,allbursts,outbound,3_15,37,dvv,0.0002
D62d8194a90e40738,allbursts,outbound,3_15,5,dvv,0.001
D10b8a9b07cc71382,allbursts,outbound,3_15,13,dvv,0.0005
D408ee03d5a6248c7,allbursts,outbound,3_15,26,dvv,0
D4f7510e5ef0ee160,allbursts,outbound,3_15,3,dvv,0.0002
D51e6a1085c4a6ade,allbursts,outbound,3_15,29,dvv,0.005
D41e98b30969e8185,allbursts,outbound,3_15,13,dvv,-0.01
D50b17bf64c3a8e75,allbursts,outbound,3_15,11,dvv,0.002
D77dff122ccf88e22,allbursts,outbound,3_15,42,dvv,0.002
D7dd4c5227ab3e02f,allbursts,outbound,3_15,27,dvv,-0.0002
D2e85940be8344056,allbursts,outbound,3_15,5,dvv,0.0002
D092a56de24a29235,allbursts,outbound,3_15,31,dvv,-0.0001
D570e2ed75255bd9a,allbursts,outbound,3_15,14,constant_shift,0.005
D08781fd3c7b64ff7,allbursts,outbound,3_15,29,dvv,-0.005
D4b34eb9354c43791,allbursts,outbound,3_15,11,source_jitter,0.000249706049
D7bf8afdcb72f4509,allbursts,outbound,3_15,44,dvv,0.0005
D4a2d55c957a56008,allbursts,outbound,3_15,22,dvv,0.0005
D3344b201098a5c78,allbursts,outbound,3_15,10,dvv,-0.005
D486f1c087ae2fb3b,allbursts,outbound,3_15,5,dvv,-0.0002
D023ff077161a7648,allbursts,outbound,3_15,31,dvv,0.0005
D02b890d77685c7ea,allbursts,outbound,3_15,0,constant_shift,0.005
D728dbdb4d8a08bc6,allbursts,outbound,3_15,21,dvv,0.0002
D3d970516fd69b4f3,allbursts,outbound,3_15,42,dvv,-0.005
D39f7b5c9fea06c09,allbursts,outbound,3_15,16,dvv,0.005
D391a59d27708758b,allbursts,outbound,3_15,13,dvv,-0.005
D46a3ae6e2a96418f,allbursts,outbound,3_15,2,dvv,0.0005
D05327a55c54ff73d,allbursts,outbound,3_15,29,dvv,0.0001
D531fdd8fcbfe3a5d,allbursts,outbound,3_15,6,dvv,-0.005
D1d48ac8c578b58c4,allbursts,outbound,3_15,37,dvv,-0.001
D71f9235d0cff3e2f,allbursts,outbound,3_15,22,source_jitter,0.000279242006
D103bf0f344ac3bdc,allbursts,outbound,3_15,37,constant_shift,0.005
D39ee93ddd8dc8e2b,allbursts,outbound,3_15,20,constant_shift,0.005
D045c0337d927ad98,allbursts,outbound,3_15,35,source_jitter,-6.1948763e-06
D5d27e41a6a7ded77,allbursts,outbound,3_15,12,dvv,-0.002
D32845ade7b933f15,allbursts,outbound,3_15,45,dvv,0.0002
D7784bfa17c4fb929,allbursts,outbound,3_15,3,dvv,0.0001
D10a1eab87a813595,allbursts,outbound,3_15,42,dvv,-0.0005
D0b92c4f6ff80bb81,allbursts,outbound,3_15,15,dvv,0.0002
D45c26012884faf0f,allbursts,outbound,3_15,32,dvv,-0.0005
D034e071b5472fe49,allbursts,outbound,3_15,1,dvv,-0.002
D04e3b41517942bd7,allbursts,outbound,3_15,35,dvv,0.0001
D78e1df892b7168ef,allbursts,outbound,3_15,27,dvv,0.01
D519439ffb3995220,allbursts,outbound,3_15,26,dvv,0.001
D3a78efd8437c7ebf,allbursts,outbound,3_15,19,dvv,-0.0005
D156e356e9597c378,allbursts,outbound,3_15,0,dvv,0.005
D241c63a2d7fc5747,allbursts,outbound,3_15,43,source_jitter,0.000432448395
D4fb6f6adbee39fea,allbursts,outbound,3_15,39,dvv,0.0001
D2f15187476eba034,allbursts,outbound,3_15,19,dvv,-0.005
D65a0ba6306c9f882,allbursts,outbound,3_15,6,source_jitter,-0.00044003725
D6965e5b95bf2ae54,allbursts,outbound,3_15,41,source_jitter,-0.000177778695
D75c6d2ff8205a3c9,allbursts,outbound,3_15,41,dvv,-0.001
D660ad11ceab79dbd,allbursts,outbound,3_15,15,dvv,0.01
D2c3e30f3c516dc01,allbursts,outbound,3_15,35,dvv,-0.0002
D45fe6a7bea0ae3cb,allbursts,outbound,3_15,30,dvv,0.005
D15659c6c015ec38e,allbursts,outbound,3_15,42,dvv,0.005
D1136fc4817e3c7be,allbursts,outbound,3_15,33,dvv,0.005
D737e4e2e66be5442,allbursts,outbound,3_15,29,dvv,-0.002
D6480760ed7af334a,allbursts,outbound,3_15,43,dvv,0
D6ab910aea40e3dee,allbursts,outbound,3_15,9,dvv,-0.01
D28e8cd59f2a7a966,allbursts,outbound,3_15,11,dvv,0.0002
D6df90364d494c04a,allbursts,outbound,3_15,3,dvv,0.002
D2d93842fdeb59965,allbursts,outbound,3_15,30,dvv,-0.0005
D583ad196c284af2e,allbursts,outbound,3_15,44,dvv,-0.002
D5ee97226489dcff5,allbursts,outbound,3_15,38,dvv,-0.0001
D54f243b48b1d8888,allbursts,outbound,3_15,12,dvv,0.005
D398e45d7d8f7fbc9,allbursts,outbound,3_15,39,dvv,-0.0005
D58913f0170fa25ac,allbursts,outbound,3_15,44,dvv,0.0001
D3298611d9d221c15,allbursts,outbound,3_15,33,source_jitter,-0.00033735136
D4a801010cfd0a1e9,allbursts,outbound,3_15,29,dvv,0.0002
D1eb048db1dbfb9c2,allbursts,outbound,3_15,10,constant_shift,0.005
D68faaa7f02cc6e0d,allbursts,outbound,3_15,8,dvv,0.0005
D3c92fafb355370ad,allbursts,outbound,3_15,45,source_jitter,-0.000286256731
D769e755dd5ed50e0,allbursts,outbound,3_15,24,dvv,-0.0005
D3c70aaf520cca0ca,allbursts,outbound,3_15,25,dvv,-0.01
D0cbc2fbda245c9c1,allbursts,outbound,3_15,31,source_jitter,-0.000412689796
D46799b6bad73a6d6,allbursts,outbound,3_15,15,dvv,-0.005
D681a2e74940fdc37,allbursts,outbound,3_15,42,dvv,-0.0001
D3277a5a7ae3b5938,allbursts,outbound,3_15,10,dvv,0.01
D3f3bd4ceb14d2458,allbursts,outbound,3_15,13,dvv,-0.0005
D08692bee8960775b,allbursts,outbound,3_15,33,dvv,-0.0001
D17f096db68c77924,allbursts,outbound,3_15,24,dvv,0.01
D14bcd4e0a81c5ed5,allbursts,outbound,3_15,13,dvv,0.0002
D4e149f3528ee894c,allbursts,outbound,3_15,34,source_jitter,0.000124606109
D5e5485b7708411b9,allbursts,outbound,3_15,7,dvv,0.005
D63710a2fe4034000,allbursts,outbound,3_15,36,dvv,-0.0005
D6f33811b4ef26fdd,allbursts,outbound,3_15,2,dvv,0.0001
D3d609821c39aa945,allbursts,outbound,3_15,20,dvv,0.0005
D4cfa6d4852ee6895,allbursts,outbound,3_15,11,dvv,0.0001
D4715124d33a44050,allbursts,outbound,3_15,20,dvv,-0.005
D5457cba29e7e1f32,allbursts,outbound,3_15,29,dvv,0.001
D1a4c4d36b7451f17,allbursts,outbound,3_15,0,dvv,0.002
D325bc3856f9f8fc9,allbursts,outbound,3_15,25,dvv,0
D1057f601337e6482,allbursts,outbound,3_15,18,dvv,0.0002
D550d19dc3d4e9fb8,allbursts,outbound,60_120,41,source_jitter,-3.5308496e-05
D2f325e2317958bf3,allbursts,outbound,60_120,39,dvv,0.001
D3725c20942108d66,allbursts,outbound,60_120,24,dvv,-0.0001
D093ce95ce6894133,allbursts,outbound,60_120,34,source_jitter,-0.000270775143
D175d4aeb952a248b,allbursts,outbound,60_120,41,dvv,-0.002
D03a0536dfe62208f,allbursts,outbound,60_120,1,dvv,0.002
D50a50e7b2612068b,allbursts,outbound,60_120,30,source_jitter,-0.000320901368
D56d42b6022a55da5,allbursts,outbound,60_120,23,dvv,0.002
D0a5d41b36fa21ee7,allbursts,outbound,60_120,33,dvv,-0.0005
D1a0910bac82f80ef,allbursts,outbound,60_120,7,dvv,0.005
D6859309da0837881,allbursts,outbound,60_120,15,dvv,0
D304733dae010f314,allbursts,outbound,60_120,45,dvv,0.01
D03010b24d1cfabff,allbursts,outbound,60_120,38,dvv,-0.0002
D32e23d65877dd47e,allbursts,outbound,60_120,20,dvv,-0.0002
D4569be7d4501e2d9,allbursts,outbound,60_120,14,dvv,-0.0001
D2d4096efa5c9b278,allbursts,outbound,60_120,9,dvv,-0.0001
D3ff5f5339bd84b8b,allbursts,outbound,60_120,21,dvv,-0.01
D6c5d72dd4865749f,allbursts,outbound,60_120,4,dvv,-0.002
D13beed1789a81843,allbursts,outbound,60_120,19,dvv,0.01
D2a4899d7d4c7f509,allbursts,outbound,60_120,18,dvv,0.0002
D326dac6961e7dab4,allbursts,outbound,60_120,45,dvv,0.005
D455616cf80332da8,allbursts,outbound,60_120,28,dvv,0.001
D422c7415a2d6faeb,allbursts,outbound,60_120,3,dvv,-0.01
D0ee84e6117912955,allbursts,outbound,60_120,12,dvv,-0.0002
D0710ae522209f3c9,allbursts,outbound,60_120,7,dvv,-0.0001
D1466de8d6e64d549,allbursts,outbound,60_120,15,dvv,-0.005
D5e2d103eda3fcb49,allbursts,outbound,60_120,8,constant_shift,0.005
D5134543c46e2f130,allbursts,outbound,60_120,41,dvv,0.005
D0ec73e589e9bd2e0,allbursts,outbound,60_120,2,dvv,-0.01
D183ded163258c9ba,allbursts,outbound,60_120,33,dvv,0.0001
D7549e3742c8238cb,allbursts,outbound,60_120,43,dvv,-0.0002
D0cc42f1995e54ce9,allbursts,outbound,60_120,43,dvv,-0.001
D2ec8b69dfb1a4326,allbursts,outbound,60_120,6,dvv,-0.0001
D5597334828f10cbe,allbursts,outbound,60_120,43,dvv,-0.0005
D2e3799c179e141dc,allbursts,outbound,60_120,12,dvv,0
D6411fdee0094f743,allbursts,outbound,60_120,23,dvv,0.0002
D42d4f92aa3b52f47,allbursts,outbound,60_120,8,dvv,-0.0001
D103339421ec6a900,allbursts,outbound,60_120,26,dvv,0.0001
D71155cbbbb4b5c56,allbursts,outbound,60_120,10,dvv,-0.0002
D06562fd356802003,allbursts,outbound,60_120,41,dvv,0.0005
D00ecc96be022c8fe,allbursts,outbound,60_120,33,dvv,0.0002
D36e31e27b5399191,allbursts,outbound,60_120,35,dvv,0.002
D51e40c94fd49c71e,allbursts,outbound,60_120,14,dvv,-0.001
D7bf1a2c0708f299a,allbursts,outbound,60_120,40,dvv,0
D631d84f5591d3539,allbursts,outbound,60_120,5,dvv,0.0002
D33b8ba043ad7e4e7,allbursts,outbound,60_120,18,dvv,-0.0005
D4ea178ddf7e49d81,allbursts,outbound,60_120,44,dvv,-0.01
D16bc0a3f6502ae39,allbursts,outbound,60_120,1,dvv,0.0005
D1734ad17201f096c,allbursts,outbound,60_120,36,dvv,0.0005
D688aa6a5bb7b19cf,allbursts,outbound,60_120,17,dvv,0.001
D040790809aa91b26,allbursts,outbound,60_120,31,constant_shift,0.005
D0a5819657ccfeaae,allbursts,outbound,60_120,8,dvv,0.0001
D678dd6409d778db2,allbursts,outbound,60_120,33,dvv,-0.0002
D1bd2356790614383,allbursts,outbound,60_120,7,dvv,-0.002
D263d73edc358b1be,allbursts,outbound,60_120,42,dvv,0.002
D6047daa85fc9257d,allbursts,outbound,60_120,30,constant_shift,0.005
D6793ae9c826c3cb4,allbursts,outbound,60_120,32,dvv,-0.002
D56025a0f42236d25,allbursts,outbound,60_120,16,source_jitter,0.000218600666
D1e3fff2bb3e8f708,allbursts,outbound,60_120,6,dvv,0
D51f92553f9a14ed0,allbursts,outbound,60_120,36,dvv,-0.001
D553cb193b6a414dc,allbursts,outbound,60_120,38,dvv,0.005
D662f86956e1dfb3f,allbursts,outbound,60_120,40,dvv,0.001
D5a9e6b79439368d0,allbursts,outbound,60_120,12,dvv,-0.005
D0fb62d3482d089cd,allbursts,outbound,60_120,4,dvv,-0.0001
D0259eb788f4f992e,allbursts,outbound,60_120,13,dvv,0.0002
D399d22caa05345c9,allbursts,outbound,60_120,33,source_jitter,-0.000256818327
D67ad4903f41e9d1f,allbursts,outbound,60_120,39,dvv,0.0001
D67bb226dd04ede86,allbursts,outbound,60_120,15,dvv,0.002
D116328617e7b79aa,allbursts,outbound,60_120,10,constant_shift,0.005
D60c21bbc92e82834,allbursts,outbound,60_120,9,dvv,0.0005
D7ee58dcabab893ca,allbursts,outbound,60_120,43,dvv,0
D1893c8647c77076f,allbursts,outbound,60_120,7,dvv,-0.01
D0faf8998354ff1dd,allbursts,outbound,60_120,16,dvv,-0.002
D00d014583449d2d0,allbursts,outbound,60_120,25,source_jitter,0.000178260968
D5d07d9fa85edf855,allbursts,outbound,60_120,15,dvv,-0.0001
D6951e5f11bda0a08,allbursts,outbound,60_120,17,dvv,0
D0cf8a66da8556e53,allbursts,outbound,60_120,1,dvv,0.005
D27325e3da0b87849,allbursts,outbound,60_120,28,dvv,-0.001
D3bbdad4ed8e7048c,allbursts,outbound,60_120,0,dvv,-0.0001
D217189577d91d7d5,allbursts,outbound,60_120,25,dvv,0
D77101524fd1ed71f,allbursts,outbound,60_120,18,dvv,0.002
D58803bdc31763a17,allbursts,outbound,60_120,27,dvv,-0.001
D2e07f7606d85d7fc,allbursts,outbound,60_120,30,dvv,0.002
D39c7f961cc8fbeea,allbursts,outbound,60_120,10,dvv,-0.001
D46a08525dffa2273,allbursts,outbound,60_120,42,source_jitter,0.000166671693
D0bb24e11dcd432c9,allbursts,outbound,60_120,32,dvv,0.0002
D00ce5a72d96e8fe0,allbursts,outbound,60_120,44,source_jitter,2.1703891e-05
D601aa673c7e7cb25,allbursts,outbound,60_120,2,dvv,-0.005
D24c7752912120e3b,allbursts,outbound,60_120,13,dvv,-0.002
D15acd492db595e85,allbursts,outbound,60_120,8,dvv,-0.01
D5f3801ea56bd0269,allbursts,outbound,60_120,21,dvv,-0.005
D5ef0525129fef997,allbursts,outbound,60_120,17,dvv,0.0001
D24d15eb8af977df9,allbursts,outbound,60_120,20,dvv,-0.005
D44fcf14d6a8d9772,allbursts,outbound,60_120,42,dvv,-0.005
D4489a8b7f85bd097,allbursts,outbound,60_120,17,dvv,-0.002
D22ef43989e6b082f,allbursts,outbound,60_120,12,dvv,-0.01
D2c3fb0b1833f11cb,allbursts,outbound,60_120,34,dvv,0.0005
D0ff544794249d696,allbursts,outbound,60_120,41,dvv,-0.0001
D7c296e6eb9817fb2,allbursts,outbound,60_120,25,dvv,-0.005
D03333a7fa86354f5,allbursts,outbound,60_120,18,dvv,0
D72e45c6864a77938,allbursts,outbound,60_120,3,dvv,0.001
D58fcc1539884d4ae,allbursts,outbound,60_120,1,dvv,-0.0001
D350f0f3f35a50cc7,allbursts,outbound,60_120,20,dvv,-0.01
D3b849bb15ec16ba3,allbursts,outbound,60_120,32,dvv,-0.0001
D55c01f2107a9acbb,allbursts,outbound,60_120,27,constant_shift,0.005
D42dce2fe0c635f90,allbursts,outbound,60_120,28,dvv,-0.0002
D11f47d806f2d38fd,allbursts,outbound,60_120,39,dvv,-0.0001
D260b11401e31d7b2,allbursts,outbound,60_120,38,dvv,-0.0005
D79ff96eaaf257070,allbursts,outbound,60_120,40,dvv,-0.01
D2b456255d403381f,allbursts,outbound,60_120,44,dvv,0.01
D027de2e161de7bd9,allbursts,outbound,60_120,21,dvv,0.0002
D51f1a38d38efb3b2,allbursts,outbound,60_120,32,dvv,-0.0002
D2c128b6d2e5909cf,allbursts,outbound,60_120,22,dvv,0.001
D28db3288705fcc76,allbursts,outbound,60_120,38,dvv,-0.001
D1aefe32b1689aee3,allbursts,outbound,60_120,18,source_jitter,-0.000650658419
D58939d66e907d269,allbursts,outbound,60_120,31,dvv,-0.001
D2acd5ff6da50e562,allbursts,outbound,60_120,45,dvv,0.002
D6c08574f41b02696,allbursts,outbound,60_120,35,dvv,0.001
D6a1aa86d9f33e551,allbursts,outbound,60_120,9,dvv,0.001
D08f6413b15abba35,allbursts,outbound,60_120,16,dvv,-0.0002
D3ac96eaa87979328,allbursts,outbound,60_120,41,dvv,-0.0005
D665febe855c75541,allbursts,outbound,60_120,29,constant_shift,0.005
D03a69ebcf7a6005e,allbursts,outbound,60_120,25,dvv,-0.001
D47c8cbd94c558016,allbursts,outbound,60_120,44,dvv,-0.001
D2f011e79ffa789b2,allbursts,outbound,60_120,11,dvv,-0.005
D2c351b78b67223f8,allbursts,outbound,60_120,15,dvv,-0.002
D20b538473f473042,allbursts,outbound,60_120,20,dvv,-0.0005
D331004fa2c7caba0,allbursts,outbound,60_120,4,dvv,0.005
D1354d210554b1bea,allbursts,outbound,60_120,43,source_jitter,8.65049282e-05
D182f53a9c5023c76,allbursts,outbound,60_120,19,dvv,-0.0005
D017bc9199f85faf3,allbursts,outbound,60_120,42,dvv,-0.001
D219e580c74d28141,allbursts,outbound,60_120,22,dvv,-0.0001
D47c03a7dd50daec6,allbursts,outbound,60_120,33,dvv,-0.001
D7e1169499a5c69d5,allbursts,outbound,60_120,4,dvv,-0.005
D628310fb03430deb,allbursts,outbound,60_120,6,dvv,-0.01
D41ca950be4f1e543,allbursts,outbound,60_120,33,dvv,-0.002
D567944f7b105a950,allbursts,outbound,60_120,34,dvv,-0.001
D4ff413bb597a2b3c,allbursts,outbound,60_120,23,dvv,0.0005
D33f9d99ff8a71d0e,allbursts,outbound,60_120,19,dvv,-0.0001
D65cca59d36473bfc,allbursts,outbound,60_120,40,dvv,-0.0001
D5f4f7877a47587ed,allbursts,outbound,60_120,35,dvv,0
D23ff88acf291c881,allbursts,outbound,60_120,28,dvv,0.01
D3ebc8d4fa5a6a434,allbursts,outbound,60_120,3,dvv,-0.005
D3dc4a9f49553d8e9,allbursts,outbound,60_120,18,dvv,0.01
D0b3b2f3938509dd4,allbursts,outbound,60_120,4,dvv,0.01
D6579a0b927b85ca0,allbursts,outbound,60_120,8,dvv,-0.0002
D50167c4fd39e17fb,allbursts,outbound,60_120,31,dvv,-0.0001
D3f96d7f14513aa73,allbursts,outbound,60_120,43,dvv,0.005
D5470a9962fe3f0a5,allbursts,outbound,60_120,13,dvv,-0.0002
D266c6ac5b0985288,allbursts,outbound,60_120,39,dvv,0.0005
D0e2064afad6712f9,allbursts,outbound,60_120,45,dvv,-0.005
D46db4651efd484fe,allbursts,outbound,60_120,38,dvv,-0.01
D07405483d8d4ea67,allbursts,outbound,60_120,14,dvv,0.0001
D05f7a7bb81292488,allbursts,outbound,60_120,44,dvv,0.0001
D0370e2c59fd5281d,allbursts,outbound,60_120,24,dvv,0.0002
D77857f095f75fade,allbursts,outbound,60_120,19,dvv,0.0002
D5d679921a77e02bd,allbursts,outbound,60_120,18,dvv,-0.0001
D0e4daaf366ab23e4,allbursts,outbound,60_120,24,dvv,-0.0002
D2b0fcb8b60ed1125,allbursts,outbound,60_120,26,dvv,0.001
D54601c3095babaad,allbursts,outbound,60_120,0,dvv,0
D350c658f8676fa77,allbursts,outbound,60_120,10,dvv,0.005
D7fd2476f59597a3e,allbursts,outbound,60_120,25,dvv,0.002
D3089fe795641c10b,allbursts,outbound,60_120,22,dvv,-0.01
D4fe003d1bba68036,allbursts,outbound,60_120,37,dvv,0.0002
D7f2f7fe6a764dedf,allbursts,outbound,60_120,27,dvv,0.001
D4ae8abc39345f278,allbursts,outbound,60_120,6,constant_shift,0.005
D3abdf20aec7eb468,allbursts,outbound,60_120,17,dvv,-0.0001
D1b72dbc75707fe44,allbursts,outbound,60_120,11,constant_shift,0.005
D4f4b417caee4035e,allbursts,outbound,60_120,20,dvv,-0.002
D5d8af09e1d28801e,allbursts,outbound,60_120,23,dvv,-0.0002
D5726a6f9a4ea9993,allbursts,outbound,60_120,22,dvv,0.0005
D7efced32d90a8c79,allbursts,outbound,60_120,14,dvv,-0.0002
D59388db9c4a414dd,allbursts,outbound,60_120,34,dvv,0.0001
D0e026653d8ef6915,allbursts,outbound,60_120,29,source_jitter,5.911364e-05
D411560a9d218c1b6,allbursts,outbound,60_120,31,dvv,-0.005
D5a974fa6d2e1959c,allbursts,outbound,60_120,25,dvv,-0.0002
D28bd1fccba33cf3a,allbursts,outbound,60_120,1,dvv,-0.002
D743055afae2c7da2,allbursts,outbound,60_120,34,dvv,-0.005
D42656985126d5c19,allbursts,outbound,60_120,6,dvv,0.0005
D5cbe543cc242da4c,allbursts,outbound,60_120,39,constant_shift,0.005
D62dc9ebab4e64b51,allbursts,outbound,60_120,9,dvv,-0.005
D0780781e98caea71,allbursts,outbound,60_120,43,dvv,0.001
D589fc8ebe6889b99,allbursts,outbound,60_120,6,dvv,0.0002
D66ccbcc1ae9a909f,allbursts,outbound,60_120,42,dvv,0
D559adcaaee2dcdf9,allbursts,outbound,60_120,4,dvv,0.0005
D2a115177adfa46cc,allbursts,outbound,60_120,7,dvv,0.001
D320e90336802b2fd,allbursts,outbound,60_120,21,dvv,0.001
D40cb9d00f02793bc,allbursts,outbound,60_120,10,dvv,0.01
D506a4f04f1c0db88,allbursts,outbound,60_120,25,dvv,-0.0005
D52f80166004916c0,allbursts,outbound,60_120,27,dvv,-0.0005
D06218395221d00bb,allbursts,outbound,60_120,28,dvv,-0.002
D0d9e20bcee86abb7,allbursts,outbound,60_120,18,dvv,-0.002
D5c4a5b2e35ac86f2,allbursts,outbound,60_120,37,source_jitter,-6.53543358e-05
D6dd37c4a9d3da167,allbursts,outbound,60_120,3,dvv,0
D7f3a45650e9f58f9,allbursts,outbound,60_120,40,dvv,-0.0005
D04882ac64f125563,allbursts,outbound,60_120,18,dvv,0.005
D189f453eadb266f6,allbursts,outbound,60_120,10,dvv,-0.005
D1bc052b040e208a1,allbursts,outbound,60_120,2,dvv,-0.0002
D72fd8cbb80cd29f4,allbursts,outbound,60_120,38,dvv,0.0002
D62626264cc0ed60e,allbursts,outbound,60_120,18,dvv,0.0005
D24897385352f1e7f,allbursts,outbound,60_120,44,dvv,-0.0001
D62af521dc1bc056c,allbursts,outbound,60_120,8,dvv,-0.001
D52b11d421dcfc5e4,allbursts,outbound,60_120,35,dvv,0.005
D6c573abb7610aec2,allbursts,outbound,60_120,28,dvv,0.0002
D5c992d5cedd4575f,allbursts,outbound,60_120,21,dvv,-0.0002
D1bd7c336c29b36e7,allbursts,outbound,60_120,43,dvv,0.002
D5516d3df1b5603bb,allbursts,outbound,60_120,45,dvv,0
D19269cd6fc2ab9cc,allbursts,outbound,60_120,31,dvv,0
D7dd6351b3d866cc7,allbursts,outbound,60_120,35,dvv,0.0005
D6bb7981480a39f1c,allbursts,outbound,60_120,22,dvv,-0.0005
D003fcb375134e775,allbursts,outbound,60_120,15,source_jitter,-0.00036999825
D710e1e5086b8ca22,allbursts,outbound,60_120,35,dvv,-0.0001
D118d998df5354c7b,allbursts,outbound,60_120,29,dvv,0.005
D5776cbdd1333c3dd,allbursts,outbound,60_120,16,dvv,-0.0001
D3f4409976e6d4c7f,allbursts,outbound,60_120,36,dvv,0.001
D1309628cf81d9027,allbursts,outbound,60_120,8,dvv,0.001
D4fa5d2a00adbb87f,allbursts,outbound,60_120,42,dvv,-0.002
D268a8c07f1510356,allbursts,outbound,60_120,0,dvv,-0.002
D043011980c196529,allbursts,outbound,60_120,23,dvv,-0.0001
D31ea23cbb6022207,allbursts,outbound,60_120,2,dvv,0.005
D0f4b0be98d353427,allbursts,outbound,60_120,11,dvv,0
D76fa3ae69e12c2e2,allbursts,outbound,60_120,27,dvv,-0.0001
D306bcfb3331627f4,allbursts,outbound,60_120,37,dvv,-0.0002
D6cfaa2abc2f2b057,allbursts,outbound,60_120,37,dvv,-0.0001
D5629e148c3eeb4cb,allbursts,outbound,60_120,15,dvv,0.0005
D5832d90c1a768524,allbursts,outbound,60_120,30,dvv,0.001
D36d85522d5cca424,allbursts,outbound,60_120,42,dvv,0.0001
D54ac9e2202afb901,allbursts,outbound,60_120,5,dvv,-0.0002
D279bc919af726a71,allbursts,outbound,60_120,9,constant_shift,0.005
D26d5af2e22d0a308,allbursts,outbound,60_120,25,dvv,0.005
D29e1b3711175a857,allbursts,outbound,60_120,37,dvv,-0.0005
D23d77ebdde49a52d,allbursts,outbound,60_120,2,dvv,0
D5bb15359ff0ede97,allbursts,outbound,60_120,21,dvv,-0.0005
D14a920f40cc6afd9,allbursts,outbound,60_120,34,dvv,-0.01
D3e18665a6d888c34,allbursts,outbound,60_120,3,dvv,0.0005
D281f44cb1f5c5188,allbursts,outbound,60_120,13,dvv,-0.01
D532657864b167ea2,allbursts,outbound,60_120,6,dvv,-0.0005
D63079de24c9afc23,allbursts,outbound,60_120,9,dvv,-0.001
D7c738063890f849b,allbursts,outbound,60_120,40,dvv,0.01
D0744bf58e907dbe2,allbursts,outbound,60_120,31,dvv,0.002
D292d67fa3fc752d2,allbursts,outbound,60_120,39,dvv,0.01
D5625bbc35af0893d,allbursts,outbound,60_120,5,dvv,0.01
D367e1ebf08f6e540,allbursts,outbound,60_120,34,dvv,0.002
D595d7750bf15f45b,allbursts,outbound,60_120,39,dvv,-0.005
D2a480701b877aafe,allbursts,outbound,60_120,29,dvv,-0.0001
D409ddaf703e3feb7,allbursts,outbound,60_120,30,dvv,0
D4fd5a831033b164b,allbursts,outbound,60_120,14,dvv,-0.005
D6c59e8358d62af24,allbursts,outbound,60_120,31,source_jitter,-4.36358682e-05
D47234ab24ee49988,allbursts,outbound,60_120,29,dvv,0
D3433316f8d10a192,allbursts,outbound,60_120,32,dvv,0.01
D02a40525e45cbe5f,allbursts,outbound,60_120,3,dvv,0.0001
D6bffa4b3fa9a6a23,allbursts,outbound,60_120,45,dvv,0.0001
D25fb8d590283359d,allbursts,outbound,60_120,25,dvv,0.01
D0407b551c3dda553,allbursts,outbound,60_120,37,dvv,-0.002
D1696c16872e0afac,allbursts,outbound,60_120,8,dvv,0.01
D636ef1b836e18cae,allbursts,outbound,60_120,14,dvv,0
D6eb589f33141188b,allbursts,outbound,60_120,1,dvv,0.01
D241d1842f0f2e3dd,allbursts,outbound,60_120,12,source_jitter,-0.000318417902
D27450fcbfe16482d,allbursts,outbound,60_120,5,dvv,0
D135775aebc820cd9,allbursts,outbound,60_120,7,constant_shift,0.005
D41ca209abc8070d6,allbursts,outbound,60_120,28,dvv,0.0005
D7c05a0aad8610870,allbursts,outbound,60_120,42,constant_shift,0.005
D11c230a85ca5c638,allbursts,outbound,60_120,9,dvv,-0.002
D121074099a39440c,allbursts,outbound,60_120,22,dvv,0.0002
D3049546145b7fd72,allbursts,outbound,60_120,7,dvv,-0.0005
D2d776b04cdba4335,allbursts,outbound,60_120,8,dvv,0.002
D080d76c266bac0aa,allbursts,outbound,60_120,3,dvv,-0.0001
D0af5b195350405c4,allbursts,outbound,60_120,33,dvv,0
D3470e0524bf9b716,allbursts,outbound,60_120,39,dvv,0.002
D60e65405fe019d32,allbursts,outbound,60_120,45,source_jitter,-0.000240519965
D74dcef232aaf6e41,allbursts,outbound,60_120,20,dvv,0.0005
D4e03e5f521632555,allbursts,outbound,60_120,41,dvv,0.002
D09b3d49ef7c11445,allbursts,outbound,60_120,17,dvv,0.0005
D4ada222a0bafd45e,allbursts,outbound,60_120,6,dvv,-0.002
D69ceed543f631352,allbursts,outbound,60_120,15,dvv,0.0001
D5829aef913664ef4,allbursts,outbound,60_120,13,dvv,0.0001
D1f41e55aeb77ab48,allbursts,outbound,60_120,14,dvv,0.005
D7f897fa4125b9106,allbursts,outbound,60_120,1,dvv,-0.005
D33159f93022551c8,allbursts,outbound,60_120,36,dvv,0.01
D0903159a7ed12b31,allbursts,outbound,60_120,28,source_jitter,-0.000128102861
D0e39945cf800e840,allbursts,outbound,60_120,34,dvv,-0.0001
D1b33d4a23b235de2,allbursts,outbound,60_120,25,dvv,-0.002
D16b5b595d27c6cf6,allbursts,outbound,60_120,36,dvv,-0.0002
D3dcc6efcc1418459,allbursts,outbound,60_120,0,dvv,0.001
D2893694af0dc5432,allbursts,outbound,60_120,24,dvv,0.005
D0bdfb35c8f433840,allbursts,outbound,60_120,41,constant_shift,0.005
D259189b67d98fbf3,allbursts,outbound,60_120,32,dvv,0.002
D6867f068c5827cfe,allbursts,outbound,60_120,32,dvv,-0.01
D363c35ac5d1a502c,allbursts,outbound,60_120,0,dvv,0.01
D5f84a3c0a0e235dd,allbursts,outbound,60_120,4,constant_shift,0.005
D745e1df990ba58a9,allbursts,outbound,60_120,17,dvv,-0.01
D06915458ea35c7e9,allbursts,outbound,60_120,30,dvv,0.0005
D3c23697a998f3e86,allbursts,outbound,60_120,10,dvv,0.0002
D17a486e96ed8745e,allbursts,outbound,60_120,34,dvv,-0.0005
D077faef435ebb074,allbursts,outbound,60_120,2,dvv,-0.002
D4e50639a70bf72a6,allbursts,outbound,60_120,11,dvv,-0.0005
D7271ab4a1ff4cee0,allbursts,outbound,60_120,12,dvv,0.01
D1dcf0c84e1196ad0,allbursts,outbound,60_120,34,dvv,0.001
D202e8ef3cfea98e3,allbursts,outbound,60_120,23,source_jitter,-0.000398578047
D3fe0d150bf609300,allbursts,outbound,60_120,45,dvv,0.001
D105b5d4a230e27b7,allbursts,outbound,60_120,8,dvv,-0.002
D7203f63dfea51de0,allbursts,outbound,60_120,25,dvv,0.0002
D62ddade2322df44f,allbursts,outbound,60_120,10,dvv,-0.01
D4d11a81ffba9d8af,allbursts,outbound,60_120,24,dvv,-0.01
D7e1096e1897d8d2c,allbursts,outbound,60_120,32,dvv,-0.0005
D3afbb96901f5a106,allbursts,outbound,60_120,11,dvv,0.002
D15e1f7d8c487450e,allbursts,outbound,60_120,34,dvv,0.005
D037618e278587638,allbursts,outbound,60_120,40,dvv,0.0001
D2772a2da4b66e9fc,allbursts,outbound,60_120,12,dvv,0.0001
D704b9c07e3722113,allbursts,outbound,60_120,22,dvv,0.002
D7c7eff13b14e44e3,allbursts,outbound,60_120,29,dvv,-0.0002
D6ae4e6ae617af7a3,allbursts,outbound,60_120,28,dvv,-0.0005
D0ab535a65bf0a5a4,allbursts,outbound,60_120,34,dvv,0
D75493398e5569671,allbursts,outbound,60_120,19,dvv,-0.002
D1fdfd1b43eabe193,allbursts,outbound,60_120,12,constant_shift,0.005
D4a53c62c44b2714b,allbursts,outbound,60_120,29,dvv,-0.005
D605bc930d848e5df,allbursts,outbound,60_120,7,dvv,0.002
D25024433d6165616,allbursts,outbound,60_120,18,dvv,-0.0002
D2b511698d7139d31,allbursts,outbound,60_120,32,dvv,0.0005
D2961ebad45445381,allbursts,outbound,60_120,3,constant_shift,0.005
D6dd5efbbc09f0334,allbursts,outbound,60_120,13,source_jitter,0.000327907508
D404d4e3fff1607e0,allbursts,outbound,60_120,12,dvv,-0.001
D380dcc3b1afeb40a,allbursts,outbound,60_120,44,dvv,-0.002
D3255c84ab2c3dcd7,allbursts,outbound,60_120,17,source_jitter,0.000432108132
D29abaf6d9b146aa0,allbursts,outbound,60_120,24,constant_shift,0.005
D476fd5659e98b056,allbursts,outbound,60_120,2,dvv,-0.0005
D0e3f04c08d03f35d,allbursts,outbound,60_120,2,dvv,0.001
D194e1b5cfc717742,allbursts,outbound,60_120,45,dvv,0.0002
D34232f03b7d7b6ba,allbursts,outbound,60_120,28,dvv,0.002
D5de8dac358a992fb,allbursts,outbound,60_120,45,dvv,-0.0002
D406184dcd1174b2b,allbursts,outbound,60_120,27,dvv,0.01
D44f385055d571062,allbursts,outbound,60_120,35,dvv,-0.002
D530527f909ab4fd6,allbursts,outbound,60_120,28,dvv,0.0001
D1bd1f65e782bef72,allbursts,outbound,60_120,3,dvv,-0.0005
D37f6a6c4b2b29c9c,allbursts,outbound,60_120,22,dvv,-0.0002
D5e5c793fec563670,allbursts,outbound,60_120,12,dvv,-0.002
D0121fc89d9945ac3,allbursts,outbound,60_120,20,dvv,0.001
D36be97fb997de3b8,allbursts,outbound,60_120,14,dvv,-0.002
D0bd4642447205e04,allbursts,outbound,60_120,10,dvv,-0.0001
D168c165f964167de,allbursts,outbound,60_120,37,dvv,0.002
D63f4a015f7b995f1,allbursts,outbound,60_120,25,dvv,-0.0001
D3d7809c4ba89269c,allbursts,outbound,60_120,29,dvv,-0.01
D7706a4c2eb17a787,allbursts,outbound,60_120,37,dvv,0
D30ec3ae9c2e5f043,allbursts,outbound,60_120,21,source_jitter,1.42218905e-05
D695a1ff3b648978b,allbursts,outbound,60_120,24,dvv,0
D75508f17c39150f1,allbursts,outbound,60_120,36,dvv,0.0001
D49af48fdee8937c3,allbursts,outbound,60_120,30,dvv,-0.001
D00fe39f1f1173385,allbursts,outbound,60_120,38,dvv,-0.0001
D0e1ed98fb736bfd6,allbursts,outbound,60_120,44,dvv,-0.005
D7001865946626e5d,allbursts,outbound,60_120,20,dvv,-0.0001
D5af659d3dc6af449,allbursts,outbound,60_120,10,source_jitter,0.000166822091
D4254068707e1a5b6,allbursts,outbound,60_120,18,dvv,-0.01
D5c504d8b0ebe635a,allbursts,outbound,60_120,20,dvv,0.005
D0c4efa9d1d5238f5,allbursts,outbound,60_120,29,dvv,0.001
D0651ebec27ef344e,allbursts,outbound,60_120,4,dvv,-0.01
D6700e97aa9b6e9f7,allbursts,outbound,60_120,15,dvv,0.0002
D6c2cf3c0e07fb64d,allbursts,outbound,60_120,32,dvv,0
D19d6239bd40b844f,allbursts,outbound,60_120,29,dvv,-0.001
D1b77da960978e7f1,allbursts,outbound,60_120,14,dvv,0.0005
D0be050d41891b6bc,allbursts,outbound,60_120,11,dvv,0.0005
D2c3fc2f7cfc07a18,allbursts,outbound,60_120,11,dvv,-0.001
D57b856cab700f536,allbursts,outbound,60_120,4,dvv,-0.001
D35d770edab74120a,allbursts,outbound,60_120,31,dvv,0.0002
D51df0c90aef3a3e5,allbursts,outbound,60_120,35,dvv,-0.0002
D3f167f835ba0e6bf,allbursts,outbound,60_120,23,dvv,-0.002
D0f12d0d70560d7a0,allbursts,outbound,60_120,33,dvv,0.005
D75ef7c948d23de55,allbursts,outbound,60_120,27,dvv,0
D2b90bd138e419849,allbursts,outbound,60_120,34,dvv,-0.0002
D4790887dc6e22fbe,allbursts,outbound,60_120,26,dvv,-0.005
D0c4e74409fb9885f,allbursts,outbound,60_120,22,dvv,0
D0b0c6d7109c54a01,allbursts,outbound,60_120,14,dvv,0.002
D521d47c3eb5f2de5,allbursts,outbound,60_120,19,dvv,-0.001
D097b1d8fcb57d4b4,allbursts,outbound,60_120,35,dvv,0.0001
D654f105d51e49d7b,allbursts,outbound,60_120,5,constant_shift,0.005
D6cc18ed014c1354e,allbursts,outbound,60_120,16,dvv,0.002
D634f426a45d7ca87,allbursts,outbound,60_120,27,dvv,0.002
D0e4ee95693426424,allbursts,outbound,60_120,0,dvv,-0.0002
D198fba584566c2ec,allbursts,outbound,60_120,43,dvv,0.0002
D24cb2382e9cdcb6f,allbursts,outbound,60_120,4,dvv,0
D010ef931b4e53eb0,allbursts,outbound,60_120,16,constant_shift,0.005
D53db888390ad6369,allbursts,outbound,60_120,29,dvv,-0.0005
D3ae5bf72e9021d35,allbursts,outbound,60_120,10,dvv,0.002
D2de3ef7b75b0d1aa,allbursts,outbound,60_120,9,dvv,0.0001
D2fb417b1fa676c12,allbursts,outbound,60_120,6,dvv,0.001
D736ffa4913fb1842,allbursts,outbound,60_120,5,dvv,-0.001
D196b331e33bee18d,allbursts,outbound,60_120,21,dvv,0.01
D3902f5104161b207,allbursts,outbound,60_120,43,dvv,-0.01
D5a03c3be7ee11726,allbursts,outbound,60_120,20,dvv,0.002
D39bf9aded9ad2b52,allbursts,outbound,60_120,26,source_jitter,0.000139803447
D04008ab1f798d558,allbursts,outbound,60_120,44,dvv,0.001
D39bd0590991426ec,allbursts,outbound,60_120,0,dvv,0.002
D4fe3f7b06d5b25dc,allbursts,outbound,60_120,15,dvv,0.01
D3e0706a892d3e4b8,allbursts,outbound,60_120,44,constant_shift,0.005
D436dd0fc4a9fba27,allbursts,outbound,60_120,28,dvv,-0.005
D7d5b2a884ac80922,allbursts,outbound,60_120,44,dvv,-0.0005
D2708fc2b9437cb30,allbursts,outbound,60_120,7,dvv,-0.001
D3400d2d0a9537c81,allbursts,outbound,60_120,23,dvv,0
D15fa86bc24ddbaa5,allbursts,outbound,60_120,15,dvv,-0.0002
D4b5033c9de7155ab,allbursts,outbound,60_120,31,dvv,-0.002
D2c0292ef2c8fda4d,allbursts,outbound,60_120,1,constant_shift,0.005
D1f81dd086ac7504f,allbursts,outbound,60_120,3,dvv,0.01
D27d1cd6aa04ec49b,allbursts,outbound,60_120,21,dvv,0.0001
D6ebae5a867d44563,allbursts,outbound,60_120,6,dvv,-0.001
D5618b0c53d4b8416,allbursts,outbound,60_120,10,dvv,0.001
D0056083dc3183cce,allbursts,outbound,60_120,20,source_jitter,0.000135713724
D196f10278fe072ce,allbursts,outbound,60_120,32,constant_shift,0.005
D6ab9cae699c43d6e,allbursts,outbound,60_120,41,dvv,0.001
D58c531d1615f05e1,allbursts,outbound,60_120,44,dvv,0.0005
D234e80de5070077c,allbursts,outbound,60_120,17,dvv,-0.0005
D282b4e4ceac695da,allbursts,outbound,60_120,36,dvv,-0.002
D3413b96c46643a56,allbursts,outbound,60_120,27,dvv,-0.005
D73793714f7ce9014,allbursts,outbound,60_120,30,dvv,-0.0005
D28a45c508d533cb9,allbursts,outbound,60_120,38,source_jitter,-0.000410658702
D711f6fe563229f05,allbursts,outbound,60_120,38,dvv,-0.002
D3303974718e91660,allbursts,outbound,60_120,9,dvv,-0.0002
D228575a14e1e2dfa,allbursts,outbound,60_120,29,dvv,0.0005
D1c00f9739a845e4a,allbursts,outbound,60_120,45,dvv,-0.0005
D2593e288ca17c383,allbursts,outbound,60_120,8,dvv,0
D10bad58305018859,allbursts,outbound,60_120,6,dvv,0.002
D04faca4e8aa36e96,allbursts,outbound,60_120,1,dvv,-0.0002
D40d852e32ac3a271,allbursts,outbound,60_120,35,constant_shift,0.005
D61b15673fa055c63,allbursts,outbound,60_120,38,dvv,0.001
D017759c7613ec8fe,allbursts,outbound,60_120,2,dvv,0.0001
D5676bd359949fc81,allbursts,outbound,60_120,23,constant_shift,0.005
D09181a66a5e1f33c,allbursts,outbound,60_120,34,constant_shift,0.005
D6505833479d7042a,allbursts,outbound,60_120,6,dvv,-0.0002
D5e618ae157d7f1c2,allbursts,outbound,60_120,40,source_jitter,0.000601822381
D0b029332d4355cec,allbursts,outbound,60_120,18,dvv,-0.005
D07d46f3c2e05175f,allbursts,outbound,60_120,42,dvv,0.01
D257b3ff9246578e1,allbursts,outbound,60_120,11,dvv,-0.0001
D0e36933a3b414248,allbursts,outbound,60_120,41,dvv,-0.01
D300b7307d524c222,allbursts,outbound,60_120,41,dvv,0
D4d26083b619f0b55,allbursts,outbound,60_120,45,dvv,-0.01
D3aca8f7f89972d84,allbursts,outbound,60_120,39,dvv,-0.0002
D1d53bd7e4a74b47d,allbursts,outbound,60_120,26,dvv,-0.0002
D5236fdcd585314dd,allbursts,outbound,60_120,29,dvv,-0.002
D25316507495ffa28,allbursts,outbound,60_120,9,dvv,0
D33d347240d3157a2,allbursts,outbound,60_120,11,dvv,-0.0002
D3a07625b35d4ceec,allbursts,outbound,60_120,7,dvv,-0.005
D4e1866143d736bc5,allbursts,outbound,60_120,25,dvv,0.001
D741bab07af4b455d,allbursts,outbound,60_120,42,dvv,-0.01
D5c496bdd6da2c4ce,allbursts,outbound,60_120,31,dvv,0.001
D29b7dad94deb88a9,allbursts,outbound,60_120,41,dvv,0.0001
D2468e2e9ff1f88c2,allbursts,outbound,60_120,26,dvv,-0.01
D5b3365436cb2ec8b,allbursts,outbound,60_120,14,dvv,0.0002
D18ee4c388fa4a419,allbursts,outbound,60_120,21,dvv,-0.0001
D4e3e03d33985822e,allbursts,outbound,60_120,24,dvv,-0.001
D54c73469e9a256d0,allbursts,outbound,60_120,19,dvv,-0.0002
D3206da8738bd46f5,allbursts,outbound,60_120,14,constant_shift,0.005
D22775041e84917c9,allbursts,outbound,60_120,30,dvv,0.01
D03ec561ca02acfd9,allbursts,outbound,60_120,29,dvv,0.0002
D1758988cdce93545,allbursts,outbound,60_120,21,dvv,0.002
D508985f0bab56d86,allbursts,outbound,60_120,14,dvv,-0.0005
D327418f833ef3fb3,allbursts,outbound,60_120,40,dvv,-0.005
D37ff04b0f4cab726,allbursts,outbound,60_120,7,dvv,0
D21b95609cb7e1b5e,allbursts,outbound,60_120,14,dvv,-0.01
D3034b31d75bf9b89,allbursts,outbound,60_120,18,constant_shift,0.005
D3ae7253b5e516b47,allbursts,outbound,60_120,6,dvv,0.01
D2496b3cfdaf3d9d0,allbursts,outbound,60_120,11,dvv,0.001
D0b118966b98f56ac,allbursts,outbound,60_120,24,dvv,0.0005
D4c5c3b98ea2a3800,allbursts,outbound,60_120,6,source_jitter,0.000394186565
D47be7bcdc639cef5,allbursts,outbound,60_120,9,dvv,0.01
D3a22fe037b266cca,allbursts,outbound,60_120,23,dvv,-0.005
D6be66acd3226e3c3,allbursts,outbound,60_120,20,dvv,0.0002
D6354c4bd75c7207f,allbursts,outbound,60_120,26,dvv,-0.0005
D60ff1c4261ae4aa8,allbursts,outbound,60_120,44,dvv,0.002
D21ed4ec382da400c,allbursts,outbound,60_120,17,dvv,0.002
D050c691c9578608c,allbursts,outbound,60_120,22,dvv,0.0001
D119ce43ecbf4df75,allbursts,outbound,60_120,5,source_jitter,-4.60924046e-05
D0542557dae504ee3,allbursts,outbound,60_120,19,dvv,0.0001
D444473561d776c03,allbursts,outbound,60_120,40,dvv,0.002
D4841ef2128aba54e,allbursts,outbound,60_120,43,dvv,-0.005
D7f239af66b5d0bfd,allbursts,outbound,60_120,40,dvv,0.005
D537f27949672d157,allbursts,outbound,60_120,26,constant_shift,0.005
D3381ff32e1a2fe37,allbursts,outbound,60_120,9,dvv,-0.01
D0bf193a3b0f45bc3,allbursts,outbound,60_120,43,dvv,0.0005
D120cea8b9ee85144,allbursts,outbound,60_120,14,dvv,0.001
D6242af84359726d6,allbursts,outbound,60_120,25,dvv,0.0001
D1eb7e3497dca85d4,allbursts,outbound,60_120,9,dvv,0.002
D65d05971073cef63,allbursts,outbound,60_120,13,dvv,0.0005
D6499abdb31365a50,allbursts,outbound,60_120,27,dvv,0.005
D6700f98168c7abc6,allbursts,outbound,60_120,5,dvv,-0.005
D139838e2d4271111,allbursts,outbound,60_120,37,dvv,0.01
D1ca58f1a446366be,allbursts,outbound,60_120,2,dvv,-0.001
D631f9a66b84ffc83,allbursts,outbound,60_120,1,dvv,-0.0005
D54f9904fac1656dd,allbursts,outbound,60_120,24,dvv,-0.002
D314eafd9a8c12f53,allbursts,outbound,60_120,34,dvv,0.0002
D7da41aac3429b10a,allbursts,outbound,60_120,19,dvv,0.0005
D7a1502a8c9c4df2e,allbursts,outbound,60_120,0,dvv,0.0002
D451ecc198ac00007,allbursts,outbound,60_120,12,dvv,0.0005
D6c2475c5f15ae012,allbursts,outbound,60_120,32,dvv,-0.001
D082def1a866d9b8a,allbursts,outbound,60_120,2,dvv,0.01
D07aa20a7d4ef0d8b,allbursts,outbound,60_120,2,dvv,-0.0001
D0074d9a9e2175ee2,allbursts,outbound,60_120,28,dvv,0.005
D11efdc3f9530df0f,allbursts,outbound,60_120,7,dvv,0.0002
D20a0bd65cb3b6ce9,allbursts,outbound,60_120,22,dvv,-0.005
D0d872a24feecc846,allbursts,outbound,60_120,37,dvv,0.005
D64f1fe3eb33a372d,allbursts,outbound,60_120,23,dvv,-0.01
D647c71da02a7dddd,allbursts,outbound,60_120,1,dvv,0.001
D7fe03c83c5443d74,allbursts,outbound,60_120,11,dvv,-0.01
D70851753f2e5d3ad,allbursts,outbound,60_120,16,dvv,-0.001
D1d6d0ee7e8cafd09,allbursts,outbound,60_120,24,source_jitter,3.10652453e-05
D697397dc0e1a2fd8,allbursts,outbound,60_120,13,dvv,-0.001
D3a70db8aa065ca15,allbursts,outbound,60_120,7,dvv,-0.0002
D6758753be5bd054c,allbursts,outbound,60_120,24,dvv,0.0001
D00e246189cb23c60,allbursts,outbound,60_120,27,dvv,-0.002
D47db8ec78dc87b39,allbursts,outbound,60_120,12,dvv,0.005
D6fb57c71c144b8f0,allbursts,outbound,60_120,19,dvv,0.005
D6fca133f946f33a6,allbursts,outbound,60_120,26,dvv,-0.001
D166ece844a825c95,allbursts,outbound,60_120,40,dvv,0.0005
D672d1d4651b89942,allbursts,outbound,60_120,8,dvv,0.005
D1e0b1ce4d2b7ae98,allbursts,outbound,60_120,43,dvv,0.01
D5d15a740f567d822,allbursts,outbound,60_120,5,dvv,0.0005
D0f0162520223ce1f,allbursts,outbound,60_120,36,dvv,-0.0001
D6516b7701f333cb1,allbursts,outbound,60_120,20,dvv,0.01
D6a14fe32f7361d20,allbursts,outbound,60_120,26,dvv,-0.002
D4a433b07f49973ee,allbursts,outbound,60_120,43,dvv,0.0001
D72b67b80cdd90d9d,allbursts,outbound,60_120,36,source_jitter,0.000805512851
D4cfc74e3c81a8aaa,allbursts,outbound,60_120,15,constant_shift,0.005
D185a8c149f144807,allbursts,outbound,60_120,19,dvv,-0.005
D0919e5aea5d27580,allbursts,outbound,60_120,19,dvv,0.002
D5fbeb308a20ca795,allbursts,outbound,60_120,33,dvv,-0.01
D51596756feeb1fbf,allbursts,outbound,60_120,6,dvv,-0.005
D097bd76a3c7cdb00,allbursts,outbound,60_120,26,dvv,0.01
D435f5a6a921b972d,allbursts,outbound,60_120,11,dvv,-0.002
D59c1d31a2cc184cc,allbursts,outbound,60_120,40,dvv,-0.0002
D3cc866686ab6faf5,allbursts,outbound,60_120,20,constant_shift,0.005
D2b3d08c07726360c,allbursts,outbound,60_120,33,dvv,0.0005
D36de4654de2c952f,allbursts,outbound,60_120,20,dvv,0.0001
D1092b65abece545a,allbursts,outbound,60_120,28,dvv,-0.01
D33f78980414b33b9,allbursts,outbound,60_120,19,dvv,0
D20450977972df9d6,allbursts,outbound,60_120,22,dvv,-0.002
D0af2dd917e1277c9,allbursts,outbound,60_120,5,dvv,-0.0001
D4c977c41b4784fb5,allbursts,outbound,60_120,38,dvv,0.01
D7e4429c5b9b5d57e,allbursts,outbound,60_120,21,constant_shift,0.005
D77109a7b7c6d523b,allbursts,outbound,60_120,0,dvv,0.0005
D127c4f9823d84691,allbursts,outbound,60_120,3,dvv,-0.0002
D4bd2bdeb37b4b96b,allbursts,outbound,60_120,9,dvv,0.005
D68c589e886c723f2,allbursts,outbound,60_120,16,dvv,0.001
D3143649fb4241343,allbursts,outbound,60_120,11,dvv,0.005
D5c3d33a0fe5dfe99,allbursts,outbound,60_120,1,dvv,-0.001
D48994eb0dba607d0,allbursts,outbound,60_120,17,dvv,0.0002
D26ebb2b34dde9323,allbursts,outbound,60_120,0,dvv,0.0001
D3516811f85c41b55,allbursts,outbound,60_120,15,dvv,-0.0005
D3f2efac88c67e1c8,allbursts,outbound,60_120,37,dvv,-0.01
D3c7aed3dc87e55ee,allbursts,outbound,60_120,27,dvv,-0.01
D592a0455dc50dfce,allbursts,outbound,60_120,40,constant_shift,0.005
D5ec9ce0b9f12a492,allbursts,outbound,60_120,32,dvv,0.0001
D599789bce0b535d5,allbursts,outbound,60_120,9,dvv,-0.0005
D092797d4b235085d,allbursts,outbound,60_120,42,dvv,0.001
D145d48d0a895b38d,allbursts,outbound,60_120,39,dvv,-0.01
D499ecb74f0335500,allbursts,outbound,60_120,20,dvv,0
D51afda02f11d0616,allbursts,outbound,60_120,1,source_jitter,-0.000171450579
D14ac2bb71e0d053a,allbursts,outbound,60_120,23,dvv,0.001
D55ae428f6f6e610f,allbursts,outbound,60_120,27,source_jitter,0.00016687439
D4e3724fe43459ca1,allbursts,outbound,60_120,3,dvv,0.002
D08b7ead008cf6749,allbursts,outbound,60_120,12,dvv,-0.0005
D701bd2eb41c347d8,allbursts,outbound,60_120,18,dvv,-0.001
D47b14bc2b300ee58,allbursts,outbound,60_120,17,dvv,0.005
D12251004e58e457c,allbursts,outbound,60_120,27,dvv,0.0005
D289e0f88239e6af7,allbursts,outbound,60_120,17,dvv,0.01
D62be2c3f4af7b07f,allbursts,outbound,60_120,16,dvv,0.01
D0af878db17535c4f,allbursts,outbound,60_120,29,dvv,0.0001
D78d6e11c81aedaff,allbursts,outbound,60_120,27,dvv,0.0002
D2777249d29ff498d,allbursts,outbound,60_120,2,dvv,0.0005
D09bcc594567ba3ac,allbursts,outbound,60_120,2,dvv,0.0002
D2f554c7ea9e6f1b3,allbursts,outbound,60_120,42,dvv,-0.0002
D6cd578c4d9b575c3,allbursts,outbound,60_120,17,dvv,-0.0002
D12141f0965d0a43a,allbursts,outbound,60_120,36,dvv,-0.005
D769e686c68255d2c,allbursts,outbound,60_120,32,dvv,-0.005
D71e01494dd9b98f5,allbursts,outbound,60_120,39,dvv,0.005
D6db53cf58a49e1c5,allbursts,outbound,60_120,23,dvv,0.005
D2dcd2cfa1af08ef0,allbursts,outbound,60_120,30,dvv,-0.005
D7cfe71568c801c5c,allbursts,outbound,60_120,3,dvv,-0.001
D4d793c790adb113b,allbursts,outbound,60_120,3,dvv,-0.002
D10c14ae0878ebe69,allbursts,outbound,60_120,19,source_jitter,-7.38843934e-05
D30427ed473af7c30,allbursts,outbound,60_120,38,dvv,-0.005
D335b39a067fe630b,allbursts,outbound,60_120,44,dvv,0
D4a8e93e9dae79d84,allbursts,outbound,60_120,8,dvv,0.0005
D640e6762d3ef398b,allbursts,outbound,60_120,38,dvv,0
D6c08c596414b4618,allbursts,outbound,60_120,30,dvv,-0.002
D3c215b7d20d9c23b,allbursts,outbound,60_120,2,dvv,0.002
D7974d00ac3fa77a3,allbursts,outbound,60_120,28,dvv,-0.0001
D4fb00009751ca8bf,allbursts,outbound,60_120,41,dvv,0.01
D5bb05eef5d952f4a,allbursts,outbound,60_120,8,source_jitter,-0.000423593622
D15b5426aeeee7d2d,allbursts,outbound,60_120,33,dvv,0.01
D2bb51338a65cb61b,allbursts,outbound,60_120,42,dvv,0.0002
D7da3079c041e95bc,allbursts,outbound,60_120,38,dvv,0.0005
D66fb7619a21b16f5,allbursts,outbound,60_120,36,dvv,0.005
D4e86add3595594e5,allbursts,outbound,60_120,39,dvv,-0.002
D395de88ed195c65d,allbursts,outbound,60_120,30,dvv,0.0002
D112ba413dc4b9810,allbursts,outbound,60_120,44,dvv,0.0002
D52cfae959b3441ff,allbursts,outbound,60_120,15,dvv,-0.01
D79e2033528756881,allbursts,outbound,60_120,41,dvv,-0.005
D209e30c7a839965a,allbursts,outbound,60_120,39,dvv,-0.0005
D456a609a32bf4312,allbursts,outbound,60_120,26,dvv,0
D5faea507bde0a24b,allbursts,outbound,60_120,29,dvv,0.01
D52363c94efc94b1f,allbursts,outbound,60_120,32,source_jitter,-0.00056121023
D0cbe8c0d9ea43669,allbursts,outbound,60_120,3,dvv,0.0002
D23bb4b77555267d7,allbursts,outbound,60_120,33,constant_shift,0.005
D0c235a07e0952298,allbursts,outbound,60_120,11,source_jitter,-7.95169902e-05
D4b73cc5e09379649,allbursts,outbound,60_120,32,dvv,0.005
D7e4268113e62af20,allbursts,outbound,60_120,39,dvv,-0.001
D101069d8a61ef45b,allbursts,outbound,60_120,39,source_jitter,0.00019946337
D089d599d9a2d37a9,allbursts,outbound,60_120,31,dvv,-0.0002
D050bb6c9885fc3aa,allbursts,outbound,60_120,35,dvv,0.0002
D373b20e2c0af83cd,allbursts,outbound,60_120,13,dvv,-0.0005
D45dcf2e9bdb392b8,allbursts,outbound,60_120,16,dvv,-0.0005
D70cb6c73efd47829,allbursts,outbound,60_120,35,dvv,-0.0005
D7ef2e334158fa975,allbursts,outbound,60_120,6,dvv,0.0001
D7ec7fb12719fee50,allbursts,outbound,60_120,2,source_jitter,0.000206624906
D2a0cab6fa92b0cc1,allbursts,outbound,60_120,31,dvv,0.0001
D07632ca71a5da691,allbursts,outbound,60_120,17,dvv,-0.005
D45ee0f356454298d,allbursts,outbound,60_120,25,constant_shift,0.005
D1ab09494c78f26e1,allbursts,outbound,60_120,24,dvv,0.01
D40e4ed0cbf31ded7,allbursts,outbound,60_120,37,dvv,-0.001
D52cf8113e39248ec,allbursts,outbound,60_120,29,dvv,0.002
D2e0813a3086053fa,allbursts,outbound,60_120,4,source_jitter,-1.25691341e-05
D684d2f5b4fa5bb15,allbursts,outbound,60_120,36,dvv,0
D61be93951e4e4a9e,allbursts,outbound,60_120,0,source_jitter,0.000284104045
D477cc6a0edc01c97,allbursts,outbound,60_120,6,dvv,0.005
D20bf7f9ba0678b39,allbursts,outbound,60_120,5,dvv,-0.0005
D5d0f21c8269fe76b,allbursts,outbound,60_120,34,dvv,0.01
D29a868071e796fbb,allbursts,outbound,60_120,43,dvv,-0.0001
D55a06eea2f0f9c48,allbursts,outbound,60_120,36,constant_shift,0.005
D1e4b8510c005eedf,allbursts,outbound,60_120,21,dvv,0.0005
D53596036ce30f36c,allbursts,outbound,60_120,10,dvv,0
D59e5a1463ab2ff74,allbursts,outbound,60_120,45,dvv,-0.001
D5a7ad2b55c077dc9,allbursts,outbound,60_120,21,dvv,0
D62cd2b23514a2d14,allbursts,outbound,60_120,28,constant_shift,0.005
D4f9a045d6320f0b2,allbursts,outbound,60_120,16,dvv,0.0005
D6120345b2ffb16a0,allbursts,outbound,60_120,37,dvv,0.0005
D1b8ad1d1cbc1ff53,allbursts,outbound,60_120,8,dvv,0.0002
D4f8ccd59e21ecea2,allbursts,outbound,60_120,30,dvv,0.0001
D34e7d3b064942a05,allbursts,outbound,60_120,10,dvv,0.0005
D7fbf845d99a0627a,allbursts,outbound,60_120,36,dvv,0.0002
D6b3e57387704d5ed,allbursts,outbound,60_120,22,dvv,0.005
D0cc96b6a9ab6af6a,allbursts,outbound,60_120,26,dvv,0.002
D64c8b013972fd407,allbursts,outbound,60_120,24,dvv,-0.005
D6e8b84b9a432780a,allbursts,outbound,60_120,40,dvv,-0.002
D079d276aaad5e178,allbursts,outbound,60_120,0,dvv,-0.005
D7b30d6401d811f7e,allbursts,outbound,60_120,12,dvv,0.001
D2c28357d5347e3f0,allbursts,outbound,60_120,33,dvv,-0.005
D6dc5e81055d0f100,allbursts,outbound,60_120,15,dvv,0.001
D6fdf112389344cff,allbursts,outbound,60_120,14,dvv,0.01
D0f50635bf40cda19,allbursts,outbound,60_120,5,dvv,0.005
D33e52b683f2d5f70,allbursts,outbound,60_120,13,dvv,-0.005
D292810c7185a7694,allbursts,outbound,60_120,35,dvv,-0.01
D1d80ae186adf1c30,allbursts,outbound,60_120,26,dvv,0.0005
D4be01ac8ca2bc57c,allbursts,outbound,60_120,13,dvv,0.002
D63baa0f824b3fe1e,allbursts,outbound,60_120,7,dvv,0.0001
D124c87e4a8876948,allbursts,outbound,60_120,7,dvv,0.01
D0b67696b5843a70f,allbursts,outbound,60_120,0,dvv,-0.0005
D58092aee6804c1fb,allbursts,outbound,60_120,12,dvv,-0.0001
D0b0841c3368be659,allbursts,outbound,60_120,31,dvv,0.01
D6b6dd596cc2a3674,allbursts,outbound,60_120,0,dvv,-0.01
D4fa2d1becddf79b7,allbursts,outbound,60_120,4,dvv,0.001
D2c7101a8e3da5633,allbursts,outbound,60_120,0,dvv,-0.001
D1f69516671315b72,allbursts,outbound,60_120,15,dvv,-0.001
D15d58f3efd18fa07,allbursts,outbound,60_120,39,dvv,0
D3793a2d732a435cc,allbursts,outbound,60_120,23,dvv,0.0001
D1db1487462b8691f,allbursts,outbound,60_120,16,dvv,-0.01
D0a221210a86bceac,allbursts,outbound,60_120,0,dvv,0.005
D5c8256e65006b24a,allbursts,outbound,60_120,45,dvv,0.0005
D3062e44980caff12,allbursts,outbound,60_120,42,dvv,0.005
D43c03858c8910c91,allbursts,outbound,60_120,38,dvv,0.0001
D63b8e47c2d137c50,allbursts,outbound,60_120,19,dvv,-0.01
D5356a2c5c0655972,allbursts,outbound,60_120,43,constant_shift,0.005
D7eb353386c5c01a3,allbursts,outbound,60_120,37,dvv,-0.005
D592fbadba0bfc249,allbursts,outbound,60_120,21,dvv,-0.001
D0c99a22a0841bd65,allbursts,outbound,60_120,4,dvv,0.0001
D3dfb10b48661b8e7,allbursts,outbound,60_120,13,dvv,0.001
D0cc88fa2fdf676c8,allbursts,outbound,60_120,18,dvv,0.0001
D49fe0a876056f357,allbursts,outbound,60_120,16,dvv,0.0001
D71ff62d45a36b1ab,allbursts,outbound,60_120,42,dvv,0.0005
D2058c21ebc99fd40,allbursts,outbound,60_120,37,dvv,0.0001
D7e9216888c31a216,allbursts,outbound,60_120,3,source_jitter,0.000310626264
D08b99356daa93105,allbursts,outbound,60_120,42,dvv,-0.0005
D758c4f11b5312c6a,allbursts,outbound,60_120,27,dvv,0.0001
D5f571ec7e2880b8d,allbursts,outbound,60_120,44,dvv,0.005
D02551eba0046b402,allbursts,outbound,60_120,30,dvv,-0.0001
D2bd86be2429f1a6b,allbursts,outbound,60_120,31,dvv,0.0005
D5afda8a3a032877d,allbursts,outbound,60_120,16,dvv,-0.005
D63ae19c78d42b7eb,allbursts,outbound,60_120,7,dvv,0.0005
D2c54839ae0dc5a5f,allbursts,outbound,60_120,10,dvv,-0.002
D4e900733505f4490,allbursts,outbound,60_120,13,dvv,0.01
D54e581518e13fb74,allbursts,outbound,60_120,31,dvv,-0.0005
D2ce3a64d69d9541e,allbursts,outbound,60_120,5,dvv,-0.002
D6d4682bd1b6ee020,allbursts,outbound,60_120,22,constant_shift,0.005
D35a00155d5e4a456,allbursts,outbound,60_120,22,source_jitter,-0.000228381827
D43e665e3461bdde9,allbursts,outbound,60_120,15,dvv,0.005
D50103baa942506e5,allbursts,outbound,60_120,45,dvv,-0.002
D2d1b7101f5f4a69c,allbursts,outbound,60_120,24,dvv,-0.0005
D2c0608dd99c81d94,allbursts,outbound,60_120,21,dvv,0.005
D5f48728632747b18,allbursts,outbound,60_120,1,dvv,0.0001
D623bc4fdd1b0a20b,allbursts,outbound,60_120,40,dvv,0.0002
D1ab9d07f053937aa,allbursts,outbound,60_120,38,constant_shift,0.005
D6f5fd3a3ab8eafa7,allbursts,outbound,60_120,13,dvv,0.005
D127945deec9719c2,allbursts,outbound,60_120,25,dvv,-0.01
D325cd81237f46ec5,allbursts,outbound,60_120,31,dvv,-0.01
D15ff73a8192021b3,allbursts,outbound,60_120,41,dvv,-0.0002
D21599c41ce253ce9,allbursts,outbound,60_120,34,dvv,-0.002
D41cd433cc8255f75,allbursts,outbound,60_120,24,dvv,0.001
D7e864c4441529031,allbursts,outbound,60_120,14,source_jitter,-0.000212620927
D075d523ca2eeee54,allbursts,outbound,60_120,27,dvv,-0.0002
D2fb8d6ae40356657,allbursts,outbound,60_120,17,dvv,-0.001
D212c158c63766d01,allbursts,outbound,60_120,32,dvv,0.001
D65b5d001c645042b,allbursts,outbound,60_120,28,dvv,0
D5a6a84ed4353687d,allbursts,outbound,60_120,33,dvv,0.002
D5da7d933ae1f73db,allbursts,outbound,60_120,23,dvv,-0.001
D3d2f8ad7eeed1057,allbursts,outbound,60_120,26,dvv,0.005
D2b732ecc24cd6b3a,allbursts,outbound,60_120,45,constant_shift,0.005
D7f8d9ec352294e38,allbursts,outbound,60_120,4,dvv,-0.0002
D0fcf3af6d65e70e2,allbursts,outbound,60_120,43,dvv,-0.002
D78de7282596aeacf,allbursts,outbound,60_120,45,dvv,-0.0001
D77b94c09bf11ac46,allbursts,outbound,60_120,16,dvv,0.0002
D288e6e02f3fd1005,allbursts,outbound,60_120,36,dvv,0.002
D4c1645dd7f187169,allbursts,outbound,60_120,11,dvv,0.0001
D175a33ad45efd7a0,allbursts,outbound,60_120,13,constant_shift,0.005
D5967f82db89a1eb2,allbursts,outbound,60_120,35,dvv,-0.005
D2d62e20797deb62c,allbursts,outbound,60_120,31,dvv,0.005
D593e5f6fd3131f0a,allbursts,outbound,60_120,4,dvv,0.0002
D2f85d29b5e5cf349,allbursts,outbound,60_120,13,dvv,0
D1ca45573a456c569,allbursts,outbound,60_120,9,source_jitter,-0.000155918717
D4b4a8e41c4fbaf1f,allbursts,outbound,60_120,39,dvv,0.0002
D7854292ce25ee9da,allbursts,outbound,60_120,30,dvv,-0.0002
D180efb7e51997fa4,allbursts,outbound,60_120,11,dvv,0.0002
D26bf1224b1cea819,allbursts,outbound,60_120,12,dvv,0.0002
D51ed5027aaad6e44,allbursts,outbound,60_120,4,dvv,0.002
D099d153fdc517900,allbursts,outbound,60_120,3,dvv,0.005
D2d3d5127f7a720ad,allbursts,outbound,60_120,35,source_jitter,-0.00050445489
D3a0bdafe3c61d190,allbursts,outbound,60_120,26,dvv,-0.0001
D77376bea4f121bdd,allbursts,outbound,60_120,17,constant_shift,0.005
D2cf72011d4d522df,allbursts,outbound,60_120,16,dvv,0
D4c8f72aa13933ea7,allbursts,outbound,60_120,24,dvv,0.002
D64c88eaa93b7ac69,allbursts,outbound,60_120,4,dvv,-0.0005
D64c0e56a84aa03cc,allbursts,outbound,60_120,13,dvv,-0.0001
D6c81e3a7d5b95133,allbursts,outbound,60_120,22,dvv,-0.001
D7417a5eeefbce78f,allbursts,outbound,60_120,35,dvv,-0.001
D072b3c7f2d5eb4a8,allbursts,outbound,60_120,5,dvv,0.0001
D33f3ed7a6e937828,allbursts,outbound,60_120,1,dvv,0.0002
D31fe46e7b03f0f3f,allbursts,outbound,60_120,38,dvv,0.002
D3372d7f95bcf0e02,allbursts,outbound,60_120,16,dvv,0.005
D2ff9ac0f5e261319,allbursts,outbound,60_120,19,dvv,0.001
D221e1bb3ff067e51,allbursts,outbound,60_120,23,dvv,-0.0005
D0e7221ee141770b3,allbursts,outbound,60_120,5,dvv,0.001
D39d040fae54cc66d,allbursts,outbound,60_120,18,dvv,0.001
D391fe396bba65e56,allbursts,outbound,60_120,36,dvv,-0.0005
D54a2fbdf1b8a8720,allbursts,outbound,60_120,26,dvv,0.0002
D78ec15577553ae3b,allbursts,outbound,60_120,36,dvv,-0.01
D6147dc2d88b3f9c2,allbursts,outbound,60_120,10,dvv,-0.0005
D4ba00f26f0422d1f,allbursts,outbound,60_120,41,dvv,-0.001
D6ff8ccf6b8e17f82,allbursts,outbound,60_120,9,dvv,0.0002
D28bc2fccb319cb81,allbursts,outbound,60_120,19,constant_shift,0.005
D187fa7da4b8b5010,allbursts,outbound,60_120,1,dvv,0
D43c382c559f31c56,allbursts,outbound,60_120,8,dvv,-0.005
D314223f1d2320776,allbursts,outbound,60_120,40,dvv,-0.001
D275f7bb2c8487456,allbursts,outbound,60_120,23,dvv,0.01
D1e426079f08440e9,allbursts,outbound,60_120,1,dvv,-0.01
D687f0c95660eb1b4,allbursts,outbound,60_120,35,dvv,0.01
D0d4e859de56b7586,allbursts,outbound,60_120,5,dvv,-0.01
D5695b20fa4b8e8c1,allbursts,outbound,60_120,44,dvv,-0.0002
D41d60106dc9bd819,allbursts,outbound,60_120,21,dvv,-0.002
D0c7873c474d9d02c,allbursts,outbound,60_120,37,constant_shift,0.005
D4b27a209ae29774d,allbursts,outbound,60_120,2,constant_shift,0.005
D6aea89c8c95d08cf,allbursts,outbound,60_120,8,dvv,-0.0005
D2f9d20ff6f973f9b,allbursts,outbound,60_120,33,dvv,0.001
D147d282c87142b89,allbursts,outbound,60_120,37,dvv,0.001
D2dc9bfb4440fee79,allbursts,outbound,60_120,7,source_jitter,-0.000239706527
D2c8e87709fca7c6e,allbursts,outbound,60_120,5,dvv,0.002
D09e9baeb9cd45caa,allbursts,outbound,60_120,42,dvv,-0.0001
D32eff3a98cf41a8a,allbursts,outbound,60_120,22,dvv,0.01
D55dca054a095d60c,allbursts,outbound,60_120,25,dvv,0.0005
D241521654d22d5d1,allbursts,outbound,60_120,10,dvv,0.0001
D7d656ac329bcbeef,allbursts,outbound,60_120,12,dvv,0.002
D025a2c3a9e46d1d6,allbursts,outbound,60_120,33,dvv,-0.0001
D796698591ede8f4e,allbursts,outbound,60_120,11,dvv,0.01
D55444189b63e681d,allbursts,outbound,60_120,0,constant_shift,0.005
D061b1527dc141034,allbursts,outbound,60_120,41,dvv,0.0002
D23b403a59216577e,allbursts,outbound,60_120,20,dvv,-0.001
D2d6bb25f3518ca35,allbursts,outbound,60_120,30,dvv,0.005
D59ca0596ec4ad73d,allbursts,outbound,60_120,30,dvv,-0.01
D510c8c5477bc59e9,allbursts,return,15_30,4,dvv,0.002
D4d5c6e31c1e02de8,allbursts,return,15_30,35,dvv,-0.0001
D5887b5f39da8866e,allbursts,return,15_30,7,dvv,0.005
D5e76d5ad92780974,allbursts,return,15_30,36,constant_shift,0.005
D0e1af46f831ec1b2,allbursts,return,15_30,17,dvv,0.01
D0c64ac558aae6048,allbursts,return,15_30,9,dvv,0.002
D083e79152a95b204,allbursts,return,15_30,45,dvv,-0.01
D4c4c5c43d2419a4c,allbursts,return,15_30,43,dvv,-0.0001
D3bd7da22adc3850e,allbursts,return,15_30,19,dvv,-0.005
D6ca11955f6a75b04,allbursts,return,15_30,22,constant_shift,0.005
D6cf0be2f95556ffc,allbursts,return,15_30,16,dvv,0.01
D1eaf9295183c32f8,allbursts,return,15_30,7,dvv,-0.0002
D37e5b0580cadf85a,allbursts,return,15_30,43,dvv,0
D12ca06d4da48d1f7,allbursts,return,15_30,8,dvv,0.001
D077da2f61c42a854,allbursts,return,15_30,9,dvv,-0.0002
D2191168472782201,allbursts,return,15_30,43,source_jitter,0.000316312633
D470734f706bb45e2,allbursts,return,15_30,15,dvv,-0.002
D4543fac25acb429f,allbursts,return,15_30,44,dvv,0.001
D724a1ea7c12d32e4,allbursts,return,15_30,23,dvv,-0.0005
D10fe8b8599407b49,allbursts,return,15_30,5,constant_shift,0.005
D5f5e8729fe347481,allbursts,return,15_30,10,dvv,0.001
D3cce9f2e0bc4068f,allbursts,return,15_30,16,dvv,0.005
D21b172baeb864922,allbursts,return,15_30,34,dvv,-0.0002
D5c99706180222919,allbursts,return,15_30,18,dvv,-0.0002
D5aeaaba729dc84cf,allbursts,return,15_30,27,constant_shift,0.005
D24a72a9e6f7ec0d6,allbursts,return,15_30,8,dvv,-0.002
D3dc9f71c44a3b598,allbursts,return,15_30,37,dvv,-0.0005
D49f4c1c69b239845,allbursts,return,15_30,23,dvv,0.005
D3b5d77454503174d,allbursts,return,15_30,12,dvv,0.01
D4e2fd49a45b46f1b,allbursts,return,15_30,5,dvv,0.001
D12339bf04d55dd81,allbursts,return,15_30,10,dvv,0.01
D3a1649046d84db8f,allbursts,return,15_30,39,dvv,0
D7b1f543a57ad6d6e,allbursts,return,15_30,36,dvv,0.01
D7bf36da91d6d845b,allbursts,return,15_30,6,dvv,0.0001
D33e9d684765c82be,allbursts,return,15_30,8,dvv,-0.0001
D63f5bdc4ff9619c8,allbursts,return,15_30,2,dvv,0.005
D5be304a3c917a069,allbursts,return,15_30,33,dvv,-0.002
D6e521ee0396b571f,allbursts,return,15_30,10,dvv,-0.0001
D4a88d29de178aefc,allbursts,return,15_30,26,dvv,-0.002
D0cc7bafac783f403,allbursts,return,15_30,20,dvv,0.0002
D40541fbcded4dcd5,allbursts,return,15_30,5,dvv,0.0005
D03ee7c99040fbc8e,allbursts,return,15_30,12,dvv,-0.001
D56c76e455f530254,allbursts,return,15_30,27,dvv,-0.0002
D2ad53623a9611846,allbursts,return,15_30,40,dvv,0
D68728e29f45cd55d,allbursts,return,15_30,39,dvv,-0.0005
D71cbc2655b58a9b8,allbursts,return,15_30,42,dvv,0.001
D6f002e249b5ecc29,allbursts,return,15_30,1,dvv,0.0005
D4cab6732ddb38b68,allbursts,return,15_30,24,constant_shift,0.005
D118d492d8726cefa,allbursts,return,15_30,3,dvv,0
D285503a5eb079720,allbursts,return,15_30,45,dvv,0.0005
D2ea0c0baa6b73a0b,allbursts,return,15_30,1,dvv,-0.005
D52685fa75abdc208,allbursts,return,15_30,20,dvv,-0.002
D6b84607681676456,allbursts,return,15_30,30,dvv,-0.002
D6aebf6d8fa624f57,allbursts,return,15_30,35,dvv,0.001
D542bb1e3bb14e25e,allbursts,return,15_30,2,dvv,-0.0002
D278b1eb45b0ac9fd,allbursts,return,15_30,44,dvv,-0.0002
D5fb339dc3770786a,allbursts,return,15_30,23,dvv,0.001
D7a1cc7fbd626d74c,allbursts,return,15_30,37,dvv,-0.0001
D077ff20ccf4ff330,allbursts,return,15_30,29,dvv,-0.0002
D0a88178052737464,allbursts,return,15_30,21,dvv,0.002
D2534c2e589ab8427,allbursts,return,15_30,13,dvv,-0.0005
D3b8b8010fc9d075d,allbursts,return,15_30,5,dvv,-0.0001
D66b6c92abe34245e,allbursts,return,15_30,42,dvv,-0.001
D6988eeb2b4e0b8ea,allbursts,return,15_30,28,dvv,-0.0002
D1a33623a3d252a34,allbursts,return,15_30,37,dvv,-0.001
D61a44d2dad889a5c,allbursts,return,15_30,6,source_jitter,0.000219071531
D2c5ab3e55a0b1c02,allbursts,return,15_30,13,dvv,0.001
D1273397fd01a8f68,allbursts,return,15_30,26,dvv,0.001
D55302ea9fa0e380d,allbursts,return,15_30,17,dvv,0.0001
D4ebc5f1854757da6,allbursts,return,15_30,27,dvv,-0.002
D6bc05c05bc8764ef,allbursts,return,15_30,8,dvv,-0.001
D7028a3a09d7d43a6,allbursts,return,15_30,15,dvv,0
D57970c59d268255b,allbursts,return,15_30,5,dvv,0
D0116f91ef15b2108,allbursts,return,15_30,19,dvv,-0.001
D2dc8ee0923730afb,allbursts,return,15_30,8,dvv,0
D13da829d9799bc64,allbursts,return,15_30,39,source_jitter,-0.000162199246
D14467e78e3fc3971,allbursts,return,15_30,40,dvv,-0.01
D721109b135ffa93c,allbursts,return,15_30,20,dvv,-0.0001
D7f7fc43affd49f6d,allbursts,return,15_30,21,dvv,-0.0001
D3c8f428c1dba7fb7,allbursts,return,15_30,30,dvv,0
D28e96a355bc9cbb3,allbursts,return,15_30,32,source_jitter,-0.000235179937
D3cfdc2a79f43e028,allbursts,return,15_30,36,dvv,0.0001
D488be43d13e05abe,allbursts,return,15_30,21,dvv,0.01
D05c55acaed939503,allbursts,return,15_30,3,dvv,-0.0005
D5df2454d8d5bad26,allbursts,return,15_30,38,dvv,-0.0001
D0c85046cc0a3a8ae,allbursts,return,15_30,7,dvv,0.0005
D3612388ff0de8620,allbursts,return,15_30,33,dvv,0.0001
D77070646e1c7ffbb,allbursts,return,15_30,9,dvv,-0.0001
D4e0fa0f86bb5b568,allbursts,return,15_30,10,dvv,-0.002
D5532509eefe486cd,allbursts,return,15_30,22,dvv,0.01
D1cede402c44d86f4,allbursts,return,15_30,11,dvv,0.002
D4683df748cef4c10,allbursts,return,15_30,4,dvv,-0.001
D4d328ad0b8812b7d,allbursts,return,15_30,22,dvv,0.0001
D472ee24c3563386f,allbursts,return,15_30,45,source_jitter,7.40326591e-05
D392b4f752228adb7,allbursts,return,15_30,2,dvv,0.0001
D4002d335b9325d5d,allbursts,return,15_30,6,dvv,0.001
D632252c8bb5c3589,allbursts,return,15_30,21,dvv,0.001
D70e4579e11ca45e5,allbursts,return,15_30,32,dvv,0.002
D27e1d0cba8b4aee4,allbursts,return,15_30,5,dvv,0.0001
D190c2f25a94f1d49,allbursts,return,15_30,33,dvv,-0.01
D4e5c0222425d5af6,allbursts,return,15_30,7,dvv,-0.001
D6d04d614f3721259,allbursts,return,15_30,18,constant_shift,0.005
D41c6cf0a54896fe2,allbursts,return,15_30,25,dvv,0.0001
D2c85dfb929451d1d,allbursts,return,15_30,10,dvv,0.002
D648a07e3cd240af3,allbursts,return,15_30,8,source_jitter,0.000692439901
D0bff59c79b6eac6f,allbursts,return,15_30,25,source_jitter,-0.000159124842
D493849fb18c20ef0,allbursts,return,15_30,44,dvv,0.0002
D553f9cc3fa3f0708,allbursts,return,15_30,42,dvv,-0.002
D08760827f9e16c09,allbursts,return,15_30,24,dvv,-0.0005
D66d753ae372f4249,allbursts,return,15_30,35,dvv,-0.005
D609df69597f8e658,allbursts,return,15_30,39,dvv,-0.002
D7f0427b08c883b32,allbursts,return,15_30,13,constant_shift,0.005
D6ee6b64165207cd2,allbursts,return,15_30,3,dvv,-0.01
D17cbd82c2be28c43,allbursts,return,15_30,37,dvv,0.002
D10799711c0e9b799,allbursts,return,15_30,0,dvv,0.0002
D2a8a9928663cba7e,allbursts,return,15_30,33,constant_shift,0.005
D7d0c987e56013212,allbursts,return,15_30,31,dvv,-0.0002
D0b10fa681cd38a56,allbursts,return,15_30,43,constant_shift,0.005
D4ee69693a558c3b8,allbursts,return,15_30,42,dvv,-0.005
D223dad3d473c8264,allbursts,return,15_30,9,dvv,-0.001
D618b181037d2e15a,allbursts,return,15_30,28,constant_shift,0.005
D2b86ab2e4a4e824d,allbursts,return,15_30,24,dvv,0.0001
D5863a81d0fa84de0,allbursts,return,15_30,43,dvv,0.005
D41704f5ff15b865f,allbursts,return,15_30,42,dvv,0.01
D1ae58f04135a07f8,allbursts,return,15_30,29,dvv,0.0002
D72da3b651370e653,allbursts,return,15_30,23,dvv,-0.005
D5db7834a11ea26c3,allbursts,return,15_30,2,dvv,-0.01
D6e6aea1d638701a8,allbursts,return,15_30,40,constant_shift,0.005
D126b3028b32d054c,allbursts,return,15_30,18,dvv,-0.0005
D12deec2a399f0bad,allbursts,return,15_30,1,dvv,-0.0001
D61b958c7b7133691,allbursts,return,15_30,0,dvv,-0.01
D224b47641b18e830,allbursts,return,15_30,37,dvv,-0.002
D196ea6944a595bf8,allbursts,return,15_30,1,dvv,-0.01
D6717c9505db47ff1,allbursts,return,15_30,27,dvv,0.0005
D02db6a0d094aa6fe,allbursts,return,15_30,30,dvv,0.0005
D31ab31b3000b446b,allbursts,return,15_30,8,dvv,0.005
D4dcf5146307614c8,allbursts,return,15_30,24,dvv,-0.002
D1d7b7ba7de6f1987,allbursts,return,15_30,12,dvv,-0.002
D403a0b2734412e96,allbursts,return,15_30,13,dvv,0
D207bb52579585e2a,allbursts,return,15_30,32,dvv,-0.0001
D7643ab5c9f0ec065,allbursts,return,15_30,42,source_jitter,-0.000107402083
D32bb1006b28006bf,allbursts,return,15_30,38,source_jitter,0.000182942792
D4abc26cec991e027,allbursts,return,15_30,31,dvv,0.001
D5a46323edf11fe03,allbursts,return,15_30,16,dvv,0.0005
D645973c3ec0eebe1,allbursts,return,15_30,40,dvv,0.0001
D6967b36bdd71a350,allbursts,return,15_30,34,dvv,-0.002
D4442f5358de174e0,allbursts,return,15_30,36,dvv,-0.002
D7caa8dc2f6d2b50d,allbursts,return,15_30,19,dvv,-0.0005
D0f1567c33bca0ed6,allbursts,return,15_30,23,dvv,-0.0001
D1dfe872c56c051db,allbursts,return,15_30,8,dvv,-0.0002
D5acf6c4db112e72c,allbursts,return,15_30,27,dvv,-0.005
D26958b213e55e26e,allbursts,return,15_30,0,dvv,0.0001
D4b61686a1fa7ff64,allbursts,return,15_30,19,dvv,-0.0001
D486f5cd658f37347,allbursts,return,15_30,15,dvv,-0.0002
D4a0739bbed0d9cef,allbursts,return,15_30,37,constant_shift,0.005
D1da328cbb93bf327,allbursts,return,15_30,11,dvv,0.0005
D39fc7cbb62821c42,allbursts,return,15_30,0,dvv,-0.0005
D42d03f85ce6bf491,allbursts,return,15_30,28,dvv,-0.0001
D030fe18c4a817161,allbursts,return,15_30,27,source_jitter,-8.33182664e-05
D0ded8a241f29f431,allbursts,return,15_30,36,dvv,0.0005
D4ce2556b3a07d703,allbursts,return,15_30,44,dvv,-0.002
D00ff6aa40498eec4,allbursts,return,15_30,19,source_jitter,-0.000275655056
D78f6460f4e0ba78d,allbursts,return,15_30,4,dvv,0.005
D268a52b08238ab20,allbursts,return,15_30,27,dvv,-0.0001
D76a77b39ac41d9cf,allbursts,return,15_30,31,dvv,0.002
D16befa5ff73dbc28,allbursts,return,15_30,39,dvv,0.01
D678bd45a62ef9158,allbursts,return,15_30,42,dvv,0.0002
D5b1bab4ceecb4272,allbursts,return,15_30,35,dvv,-0.01
D6b193609d193c484,allbursts,return,15_30,25,dvv,-0.005
D4ea6a9bc6fbc5fe3,allbursts,return,15_30,34,dvv,0.0002
D050fdee7c0c70c49,allbursts,return,15_30,26,dvv,0.0005
D181692080d5138ca,allbursts,return,15_30,29,dvv,-0.0001
D0086a7a68a48f585,allbursts,return,15_30,6,dvv,0.005
D7180acf1d46c20fc,allbursts,return,15_30,35,dvv,0.005
D6e0f961d461b1f69,allbursts,return,15_30,0,dvv,0.005
D4b5235415d88c9c4,allbursts,return,15_30,7,dvv,0.01
D25e1396114553605,allbursts,return,15_30,38,dvv,-0.001
D7e910a3858ff33fc,allbursts,return,15_30,43,dvv,0.001
D787fbf5a0177d07d,allbursts,return,15_30,9,dvv,0.0001
D3f0b507762b40f7b,allbursts,return,15_30,21,dvv,-0.005
D5c7a99b70c8ad7fb,allbursts,return,15_30,31,dvv,0.0002
D77350a40d50eafb4,allbursts,return,15_30,31,constant_shift,0.005
D5a2fd4151403d28f,allbursts,return,15_30,25,dvv,0.001
D65bfe3b50bb3e5d9,allbursts,return,15_30,12,dvv,-0.0002
D13148f597f1e3df9,allbursts,return,15_30,7,dvv,0.0001
D20ce13816f9d1752,allbursts,return,15_30,11,dvv,-0.001
D4ab2cf4def943d3a,allbursts,return,15_30,44,constant_shift,0.005
D7a3dcde3fb2970a8,allbursts,return,15_30,28,dvv,0.002
D0d1c3414f25680f8,allbursts,return,15_30,1,dvv,-0.0005
D6a0fdbd90100435f,allbursts,return,15_30,19,dvv,0.0005
D247004abf2b4eb11,allbursts,return,15_30,0,dvv,0.01
D3a79ce35d8e98832,allbursts,return,15_30,19,dvv,0.0002
D5163f815713ff818,allbursts,return,15_30,42,constant_shift,0.005
D653d13161184d08b,allbursts,return,15_30,7,dvv,-0.005
D38810fc5c2a0c0d0,allbursts,return,15_30,16,dvv,0
D12a8330052aa5ca4,allbursts,return,15_30,3,dvv,0.01
D3465b374b4e9afab,allbursts,return,15_30,10,dvv,0.005
D093c679405656be1,allbursts,return,15_30,40,dvv,0.001
D4dbbe8f2ed2f9dbf,allbursts,return,15_30,2,dvv,0.01
D25c77a077448c616,allbursts,return,15_30,40,source_jitter,-0.000164886788
D4d439b84cc72fe9a,allbursts,return,15_30,12,dvv,0.0002
D0c28bd7a807b0843,allbursts,return,15_30,30,dvv,0.005
D6fba9f7297949f2b,allbursts,return,15_30,19,dvv,-0.0002
D042d6e08d61d5d48,allbursts,return,15_30,14,dvv,-0.01
D17196b406937421b,allbursts,return,15_30,5,dvv,-0.0002
D22ef264d75682ef2,allbursts,return,15_30,23,source_jitter,4.32841117e-05
D140600603243c1ea,allbursts,return,15_30,36,dvv,0.001
D03dad34d1df1db8e,allbursts,return,15_30,33,dvv,-0.001
D4ab853d5905bea90,allbursts,return,15_30,38,dvv,-0.005
D08f2846fb5f6b232,allbursts,return,15_30,0,dvv,0.0005
D3c9a200a5ae7cc6e,allbursts,return,15_30,18,dvv,-0.0001
D7e974827e844949b,allbursts,return,15_30,39,dvv,-0.0002
D39ef7ac585290d4b,allbursts,return,15_30,41,dvv,0.001
D460edba196fdb7d5,allbursts,return,15_30,39,dvv,0.001
D481290211ac35f10,allbursts,return,15_30,28,dvv,-0.001
D12723c9caa775f7c,allbursts,return,15_30,24,dvv,-0.0002
D1d1d5bb10f0f9bfb,allbursts,return,15_30,27,dvv,0.01
D16f499e1a2291d01,allbursts,return,15_30,32,dvv,0
D5c1bb35a9f531f2c,allbursts,return,15_30,18,dvv,-0.001
D6503af52faa23495,allbursts,return,15_30,24,dvv,0.005
D679b625443e1da5a,allbursts,return,15_30,14,dvv,-0.0001
D1c4b6e37af520b82,allbursts,return,15_30,41,dvv,0.0002
D596e1c1f1820ba7e,allbursts,return,15_30,31,dvv,-0.01
D6d900adc0534de66,allbursts,return,15_30,1,dvv,0.0001
D7e91de966452dcaa,allbursts,return,15_30,43,dvv,0.0001
D04ee76b82f575835,allbursts,return,15_30,36,dvv,-0.005
D11b7df89ea73858f,allbursts,return,15_30,45,dvv,0.0001
D7036e5f6d98b2154,allbursts,return,15_30,28,dvv,-0.01
D53d7a5002b933e46,allbursts,return,15_30,36,dvv,0.005
D73d465a79b59d664,allbursts,return,15_30,40,dvv,0.0002
D6924c08436f7ac4b,allbursts,return,15_30,1,dvv,0.001
D250e8f0aac36aa69,allbursts,return,15_30,14,dvv,-0.0005
D326044bf69c4e4e5,allbursts,return,15_30,34,constant_shift,0.005
D15eab2325acc1633,allbursts,return,15_30,29,dvv,0.001
D5a465a2abf8c6e24,allbursts,return,15_30,10,dvv,0.0002
D1e6f13728cfc2c92,allbursts,return,15_30,1,source_jitter,-0.000300285185
D310a887eb6ca5aa0,allbursts,return,15_30,41,constant_shift,0.005
D4c59931321a0e6ff,allbursts,return,15_30,25,dvv,0.0005
D33da5f0125fde046,allbursts,return,15_30,9,dvv,-0.01
D14aae69a3eba5237,allbursts,return,15_30,13,dvv,-0.001
D7ce2c1a3d851078f,allbursts,return,15_30,2,dvv,0.002
D7267552968384720,allbursts,return,15_30,16,dvv,-0.0002
D42cfb35157e07214,allbursts,return,15_30,27,dvv,0.0002
D4f166d79e05d68dc,allbursts,return,15_30,31,dvv,0.0001
D570803f5eb993a10,allbursts,return,15_30,27,dvv,0.0001
D676d782cf77e5b72,allbursts,return,15_30,4,dvv,0
D6e40b3fa81442c9b,allbursts,return,15_30,22,source_jitter,-0.000106870519
D3721ef0e74816ae1,allbursts,return,15_30,8,dvv,-0.005
D2ae2d0a0e271289b,allbursts,return,15_30,12,dvv,-0.0005
D55744c220ca1aa7f,allbursts,return,15_30,27,dvv,0.001
D58aa2e04ca4d19f2,allbursts,return,15_30,18,dvv,0.001
D68d6eb3f1d810576,allbursts,return,15_30,0,dvv,-0.001
D1e79400802045a18,allbursts,return,15_30,30,source_jitter,8.59407436e-05
D62f2dd832decd699,allbursts,return,15_30,15,dvv,0.0001
D5405a54b1c15d30c,allbursts,return,15_30,34,dvv,0.0005
D7ad494b358cc9725,allbursts,return,15_30,34,dvv,0.005
D113ac36def6c6ae7,allbursts,return,15_30,5,dvv,-0.01
D1594e675991ae4a7,allbursts,return,15_30,20,dvv,0.001
D43e5b3a3fb507a21,allbursts,return,15_30,24,dvv,0.01
D7d3f7ad36e9895ee,allbursts,return,15_30,26,dvv,0.005
D517c5f3547b3a1e5,allbursts,return,15_30,14,dvv,0.002
D781f19d0f71812e9,allbursts,return,15_30,12,dvv,0
D4de0aa4115066be0,allbursts,return,15_30,0,dvv,-0.005
D3d593ffd301629aa,allbursts,return,15_30,36,dvv,-0.01
D168904842a373752,allbursts,return,15_30,40,dvv,-0.0001
D61344c196429453e,allbursts,return,15_30,12,dvv,-0.01
D4343a9bc74554699,allbursts,return,15_30,17,dvv,-0.001
D1a16431fad8c0f3f,allbursts,return,15_30,19,dvv,0.0001
D67287d4ba8f2e755,allbursts,return,15_30,44,dvv,-0.01
D317085ffebc89b70,allbursts,return,15_30,32,dvv,0.0002
D7d23572e89381b34,allbursts,return,15_30,3,dvv,-0.0002
D377e762fd4ae5b07,allbursts,return,15_30,7,dvv,0.001
D10dd0a2dd892ff9b,allbursts,return,15_30,44,dvv,-0.001
D09d47c5058668419,allbursts,return,15_30,39,dvv,-0.001
D5805d30458fda411,allbursts,return,15_30,37,dvv,0.005
D1ed5d34421d0e276,allbursts,return,15_30,21,dvv,0.005
D145c82275cde4828,allbursts,return,15_30,25,constant_shift,0.005
D7d77078523ec0904,allbursts,return,15_30,4,dvv,0.01
D4fc60b2e0f5b222a,allbursts,return,15_30,4,dvv,-0.01
D623f283e9b70e121,allbursts,return,15_30,0,dvv,-0.002
D09788159dfb1cc7c,allbursts,return,15_30,29,dvv,-0.01
D169a988015aba51d,allbursts,return,15_30,29,constant_shift,0.005
D22e9758f968ecefc,allbursts,return,15_30,45,dvv,0.001
D4d76398331ef5da3,allbursts,return,15_30,3,dvv,-0.002
D353c677a1c492439,allbursts,return,15_30,33,dvv,0.0005
D436d945b3b786b9d,allbursts,return,15_30,10,dvv,-0.001
D42145aef921fa378,allbursts,return,15_30,19,dvv,0.002
D1fd398c45d19de53,allbursts,return,15_30,12,dvv,-0.005
D1b8c301757fd4bf5,allbursts,return,15_30,14,dvv,0.0001
D14bd1e92216b6d32,allbursts,return,15_30,41,dvv,-0.005
D7750d28dd36d54c3,allbursts,return,15_30,25,dvv,-0.01
D0d6c48fb8797b1c1,allbursts,return,15_30,13,dvv,0.01
D4368d6a9d539753d,allbursts,return,15_30,23,dvv,0
D563ee396decb684c,allbursts,return,15_30,18,dvv,-0.002
D255557536585b90d,allbursts,return,15_30,11,dvv,0.005
D05d0b73e7cf900fa,allbursts,return,15_30,25,dvv,-0.0002
D13ee56281f3ef549,allbursts,return,15_30,10,dvv,0
D66e6539dcf4f5a83,allbursts,return,15_30,9,dvv,-0.0005
D5d0f5bf07029e60b,allbursts,return,15_30,16,dvv,-0.0001
D7829a4e1c83c97f1,allbursts,return,15_30,41,dvv,-0.0001
D787244443b0bcba9,allbursts,return,15_30,16,dvv,0.001
D3084e8ffce509431,allbursts,return,15_30,3,dvv,0.005
D65233e1459d76375,allbursts,return,15_30,44,dvv,-0.005
D0ccd1f04db16f123,allbursts,return,15_30,39,dvv,-0.01
D0be8d179db58b39c,allbursts,return,15_30,8,dvv,0.0005
D4aabcf077a229843,allbursts,return,15_30,37,dvv,-0.0002
D73930899c0149634,allbursts,return,15_30,20,dvv,0
D0530d6a895ccffb9,allbursts,return,15_30,20,dvv,-0.01
D2f8cde1e4f7d9d64,allbursts,return,15_30,23,dvv,0.0005
D36894efc60d181d9,allbursts,return,15_30,16,dvv,0.002
D51ab3c7a81fcf73b,allbursts,return,15_30,26,dvv,0.002
D370383d97e685885,allbursts,return,15_30,3,constant_shift,0.005
D27c6fe6b809edfb9,allbursts,return,15_30,0,dvv,-0.0002
D20232ef1114f74d3,allbursts,return,15_30,14,dvv,0.005
D2cc224941ebcad65,allbursts,return,15_30,39,dvv,0.0002
D0477a5818f776619,allbursts,return,15_30,15,dvv,0.0002
D5d707ed970ad23ac,allbursts,return,15_30,11,dvv,0.0001
D63264b477de4cc5a,allbursts,return,15_30,16,dvv,0.0002
D5418976cd73e650a,allbursts,return,15_30,3,dvv,0.0002
D560d0f4aeab85ca6,allbursts,return,15_30,16,dvv,-0.002
D21e17ba4d62bb51e,allbursts,return,15_30,41,dvv,0.002
D5e7e71a05636b85f,allbursts,return,15_30,43,dvv,-0.0002
D7e55be6de440a0ea,allbursts,return,15_30,13,dvv,0.0001
D764825fa0034cdd5,allbursts,return,15_30,5,dvv,-0.002
D562bdacaef5d511a,allbursts,return,15_30,1,dvv,0.002
D31e064b6988ade2b,allbursts,return,15_30,31,dvv,0.01
D2e4ed269f6d79016,allbursts,return,15_30,42,dvv,-0.0001
D12648d627a75d37a,allbursts,return,15_30,34,source_jitter,1.88075217e-08
D1064c06f72d712ad,allbursts,return,15_30,20,dvv,-0.0005
D1ba34ca79606307e,allbursts,return,15_30,37,dvv,0
D7d5731515d85fe52,allbursts,return,15_30,31,dvv,-0.0005
D4927ff47bebc20e5,allbursts,return,15_30,20,dvv,0.0001
D50652c49d71294f2,allbursts,return,15_30,21,dvv,-0.01
D5564599ffb5c4e4b,allbursts,return,15_30,15,dvv,0.001
D5c15013ca706f139,allbursts,return,15_30,34,dvv,0.001
D3ff7ad047f7cc268,allbursts,return,15_30,39,dvv,0.0001
D4843e834ed8f6b16,allbursts,return,15_30,37,dvv,-0.01
D7249419d0e9809c2,allbursts,return,15_30,29,dvv,-0.0005
D5e8cda42eaa7d353,allbursts,return,15_30,6,dvv,0.0005
D1ef25b64f60205fd,allbursts,return,15_30,40,dvv,-0.0002
D7b658630f3ee1362,allbursts,return,15_30,15,dvv,0.01
D23a57978f607d669,allbursts,return,15_30,32,dvv,0.005
D6dd4aa71e5549712,allbursts,return,15_30,7,dvv,0.0002
D3a6959841d72bd30,allbursts,return,15_30,36,dvv,-0.001
D32ddb1c5140189c4,allbursts,return,15_30,39,dvv,0.002
D463144fe07cd282f,allbursts,return,15_30,13,source_jitter,-0.000206242911
D2cc4742b8e1074ae,allbursts,return,15_30,16,source_jitter,4.31357675e-05
D2c8f76fdcdbe3ee1,allbursts,return,15_30,38,dvv,0
D5351986284602d96,allbursts,return,15_30,4,dvv,0.001
D4fed244fbccfd917,allbursts,return,15_30,20,dvv,-0.0002
D623ef2e50596e5f5,allbursts,return,15_30,4,dvv,-0.0001
D20a0aa5f90ff701c,allbursts,return,15_30,42,dvv,-0.0005
D2770fc474c3211d5,allbursts,return,15_30,36,dvv,0.0002
D2d29ea80c08e0dd5,allbursts,return,15_30,13,dvv,-0.0001
D3aa94c45c83ff98f,allbursts,return,15_30,26,dvv,0.0001
D57ddf60ecd42c03e,allbursts,return,15_30,14,dvv,0.001
D128c1265023f4c15,allbursts,return,15_30,41,dvv,-0.0002
D479b91708705149d,allbursts,return,15_30,20,constant_shift,0.005
D2ad582a72f80740a,allbursts,return,15_30,17,dvv,0.002
D1ac26db90f45a0dc,allbursts,return,15_30,3,dvv,-0.001
D0a8aac99f0b37bd1,allbursts,return,15_30,6,dvv,0.0002
D0d2812dbb93a4615,allbursts,return,15_30,13,dvv,0.0002
D566668d0121a86e8,allbursts,return,15_30,21,dvv,-0.002
D757d3ff1771c063f,allbursts,return,15_30,20,dvv,0.005
D25a4c1a87fc225e8,allbursts,return,15_30,27,dvv,-0.01
D6e654d4700cfd567,allbursts,return,15_30,18,dvv,0.0002
D2e0138356435a62b,allbursts,return,15_30,38,dvv,-0.002
D14abed12ad834453,allbursts,return,15_30,27,dvv,0.002
D50013d0294e2b5ed,allbursts,return,15_30,20,dvv,-0.001
D103155ebee517c15,allbursts,return,15_30,44,dvv,-0.0001
D386d68d0ca032ddb,allbursts,return,15_30,34,dvv,-0.0001
D6124e8ae7d2e827c,allbursts,return,15_30,30,constant_shift,0.005
D53b8b5d32e007274,allbursts,return,15_30,3,dvv,0.001
D2f0daf3e526de445,allbursts,return,15_30,2,dvv,0.0002
D426a21765ab74339,allbursts,return,15_30,30,dvv,-0.0001
D78ae84e82709aa7a,allbursts,return,15_30,25,dvv,-0.0005
D7605214539a36c90,allbursts,return,15_30,40,dvv,-0.005
D06d8bda78fc8b194,allbursts,return,15_30,39,dvv,-0.0001
D20fe1467dc2667a3,allbursts,return,15_30,40,dvv,-0.001
D30e7892c6f77dedb,allbursts,return,15_30,14,dvv,-0.001
D2e449f4c072c2994,allbursts,return,15_30,15,dvv,-0.001
D70f870dd7fb02a99,allbursts,return,15_30,17,dvv,0.0002
D2a90ba82c16d329d,allbursts,return,15_30,15,dvv,-0.005
D5f8f84cc596ae3db,allbursts,return,15_30,42,dvv,0.005
D25bf6ac22c2d71b4,allbursts,return,15_30,31,dvv,0.005
D5a47b8a4a275b012,allbursts,return,15_30,22,dvv,-0.005
D5b42b18173bc472a,allbursts,return,15_30,23,dvv,0.01
D18f2edf33b438619,allbursts,return,15_30,42,dvv,0.002
D5913f51fa2b78e97,allbursts,return,15_30,44,dvv,0.002
D095a42ef3d8ec582,allbursts,return,15_30,38,dvv,-0.0002
D41e7ca22fa335042,allbursts,return,15_30,8,dvv,-0.0005
D7fe54c0101ecaafe,allbursts,return,15_30,18,dvv,-0.005
D70d38d4af028f16f,allbursts,return,15_30,24,dvv,-0.0001
D3118a64aea2aad3f,allbursts,return,15_30,18,dvv,0.002
D47c080d5711b7add,allbursts,return,15_30,5,dvv,-0.005
D40ae3205d52e4426,allbursts,return,15_30,30,dvv,0.001
D3bc50a6a0a3a5791,allbursts,return,15_30,1,dvv,0.0002
D5be9320a87b70375,allbursts,return,15_30,17,dvv,0.005
D02d63cce6bf8c130,allbursts,return,15_30,26,dvv,0.01
D2ad033375abb54c4,allbursts,return,15_30,11,constant_shift,0.005
D724f255070801c88,allbursts,return,15_30,44,dvv,0
D5eefe7082a4c4989,allbursts,return,15_30,26,dvv,-0.005
D1045f11f09434254,allbursts,return,15_30,4,dvv,0.0002
D50eb4166cf208218,allbursts,return,15_30,26,constant_shift,0.005
D7a4e5fe27a616f1c,allbursts,return,15_30,21,dvv,0
D62faea10b381c91d,allbursts,return,15_30,9,dvv,0.0005
D37eff7ad4a5647cf,allbursts,return,15_30,12,dvv,-0.0001
D220dee70caf63476,allbursts,return,15_30,2,constant_shift,0.005
D0f52a66ad7df3409,allbursts,return,15_30,19,dvv,0.01
D4ce40b78e1f7a27e,allbursts,return,15_30,6,dvv,-0.005
D1b2026d5af575104,allbursts,return,15_30,6,dvv,-0.002
D6e2af626f70c650a,allbursts,return,15_30,33,dvv,-0.0005
D6559259fcfe87235,allbursts,return,15_30,6,dvv,-0.0002
D07a2943e1425caa5,allbursts,return,15_30,32,dvv,0.0001
D12f1f03a2d3b6a98,allbursts,return,15_30,18,dvv,0.005
D16e8dfae0f6ced62,allbursts,return,15_30,40,dvv,0.005
D53acebbf8be577f9,allbursts,return,15_30,2,dvv,-0.0005
D6b8c315f639413e8,allbursts,return,15_30,24,source_jitter,0.000304412174
D3f17dafd0f971c9c,allbursts,return,15_30,5,source_jitter,-0.00025706399
D0405bdafdf24b586,allbursts,return,15_30,10,dvv,-0.01
D1c7edaf0d627a2e8,allbursts,return,15_30,22,dvv,0
D0da4337096901ec0,allbursts,return,15_30,14,dvv,-0.0002
D1e25cca6203a98bd,allbursts,return,15_30,29,dvv,0.0001
D720853176fb25193,allbursts,return,15_30,43,dvv,-0.002
D006a17eea3c127ae,allbursts,return,15_30,4,dvv,-0.0005
D37db75d66b918cd6,allbursts,return,15_30,13,dvv,-0.01
D38757d4163e67768,allbursts,return,15_30,41,dvv,0.01
D0493b6b3d6ebe714,allbursts,return,15_30,6,dvv,-0.01
D4a2515f3a1703eec,allbursts,return,15_30,0,dvv,-0.0001
D7681a34814962f2f,allbursts,return,15_30,17,dvv,-0.01
D051e901f699bb319,allbursts,return,15_30,14,dvv,0.01
D54b163d9186786be,allbursts,return,15_30,10,constant_shift,0.005
D03ddc965fa87974f,allbursts,return,15_30,13,dvv,0.002
D4f81ee52ec4a07be,allbursts,return,15_30,18,dvv,-0.01
D0e96d7f0cac6200b,allbursts,return,15_30,23,dvv,-0.002
D529834cc575f3105,allbursts,return,15_30,43,dvv,-0.001
D78df4a32d4d529f3,allbursts,return,15_30,31,dvv,-0.0001
D3eb297ba09bbb096,allbursts,return,15_30,26,dvv,-0.01
D2fbf34c6d44d0f27,allbursts,return,15_30,11,dvv,0.01
D1ef1f43aea238c1f,allbursts,return,15_30,32,dvv,-0.005
D61c8bac1d96dbb50,allbursts,return,15_30,31,dvv,-0.002
D13cab0d7446105ec,allbursts,return,15_30,28,dvv,0.0005
D1a6dd5a09ecd992f,allbursts,return,15_30,33,dvv,0.002
D34cece0e8e70ec67,allbursts,return,15_30,12,dvv,0.0001
D54db413bcf699ed2,allbursts,return,15_30,20,dvv,0.01
D34efe61634dfdb04,allbursts,return,15_30,15,dvv,-0.0001
D4a69f4b1a7bf66b4,allbursts,return,15_30,23,dvv,0.0001
D1ae79d8adbe31009,allbursts,return,15_30,9,dvv,0.01
D70af2d44dce3e023,allbursts,return,15_30,24,dvv,-0.01
D38b8eca3f11cc4aa,allbursts,return,15_30,42,dvv,0.0001
D6508188bb438cc71,allbursts,return,15_30,22,dvv,-0.001
D68bdf75a280a79b4,allbursts,return,15_30,13,dvv,-0.005
D4f17692971d82b52,allbursts,return,15_30,33,dvv,0.01
D4957a22612b560df,allbursts,return,15_30,1,dvv,0
D04dfe2ca367c06e6,allbursts,return,15_30,6,dvv,0
D64558de418974eba,allbursts,return,15_30,19,dvv,0.001
D2740bae655d76c5d,allbursts,return,15_30,9,dvv,-0.005
D16054e967e527fc6,allbursts,return,15_30,23,dvv,-0.001
D76dd4918194eb2e8,allbursts,return,15_30,9,dvv,0.005
D0f0c83694a957eb8,allbursts,return,15_30,23,dvv,0.002
D0397c653ae7da22b,allbursts,return,15_30,7,source_jitter,5.17286897e-05
D5908aab5fe8599df,allbursts,return,15_30,25,dvv,-0.0001
D2272b9c84eb1b5e0,allbursts,return,15_30,11,dvv,-0.0002
D4dc4cbbf77889756,allbursts,return,15_30,22,dvv,-0.002
D71c7b1c63ae9bd98,allbursts,return,15_30,35,dvv,-0.0005
D68d40ac205885d4e,allbursts,return,15_30,8,dvv,0.01
D59ae28b393065b57,allbursts,return,15_30,0,constant_shift,0.005
D1b2fe6fdff4de6bd,allbursts,return,15_30,4,dvv,-0.002
D75a19c329db961e4,allbursts,return,15_30,45,dvv,0.005
D286f0a57c926488b,allbursts,return,15_30,24,dvv,0.002
D774b09b95411755e,allbursts,return,15_30,7,dvv,0
D465c47e3ff2ad16b,allbursts,return,15_30,45,dvv,-0.0005
D439e013bf199b13a,allbursts,return,15_30,5,dvv,-0.001
D29c15b91e4d35845,allbursts,return,15_30,33,dvv,0.005
D38d3646247c987d1,allbursts,return,15_30,3,source_jitter,0.00059583402
D6489a2df98bba558,allbursts,return,15_30,4,constant_shift,0.005
D6fdaa1a4c1d2d245,allbursts,return,15_30,7,dvv,0.002
D2f7775477e6c61c6,allbursts,return,15_30,28,dvv,0.01
D319922b460a464e3,allbursts,return,15_30,35,dvv,-0.001
D6e154345675a8e87,allbursts,return,15_30,31,dvv,0
D51a364cb17478cba,allbursts,return,15_30,24,dvv,-0.001
D2e08c440a69a2c99,allbursts,return,15_30,34,dvv,-0.001
D2054f21eb47dd7a9,allbursts,return,15_30,45,dvv,0.01
D5371ac6266d7ad1e,allbursts,return,15_30,24,dvv,0.001
D661f26a06f61b44e,allbursts,return,15_30,45,dvv,-0.0002
D295ad6367100129c,allbursts,return,15_30,12,dvv,0.0005
D2e0563262f8df4ca,allbursts,return,15_30,21,dvv,0.0001
D038d694285d08071,allbursts,return,15_30,2,dvv,-0.002
D34dba364f060cb6c,allbursts,return,15_30,14,dvv,0.0002
D47902bddaa1e23d1,allbursts,return,15_30,26,source_jitter,0.000399737466
D187de0b4b9f0e8fd,allbursts,return,15_30,6,dvv,-0.0001
D1c9a0775d9ed141a,allbursts,return,15_30,11,dvv,-0.005
D6b25ac0b7cf85eb5,allbursts,return,15_30,38,dvv,0.01
D02e90503cee620dc,allbursts,return,15_30,29,dvv,0
D3aef583b166bbbdf,allbursts,return,15_30,32,dvv,0.001
D064724a063efd66a,allbursts,return,15_30,15,dvv,0.0005
D4cef42010c7c4b3f,allbursts,return,15_30,0,dvv,0.001
D201998fcd95a23f6,allbursts,return,15_30,41,source_jitter,-0.000271488577
D7a0a95c82ddddad0,allbursts,return,15_30,30,dvv,-0.01
D343e66dd246c35aa,allbursts,return,15_30,39,dvv,-0.005
D320ac6447f5ef313,allbursts,return,15_30,41,dvv,-0.0005
D7a48429fcb9336cb,allbursts,return,15_30,37,dvv,0.0001
D3bbe7b5e0b1c4395,allbursts,return,15_30,29,dvv,0.005
D0821febd73998d95,allbursts,return,15_30,5,dvv,0.005
D565491bd0b53e1c6,allbursts,return,15_30,0,dvv,0
D239b08a8de664d1c,allbursts,return,15_30,37,dvv,0.0005
D36f6a842eb17584b,allbursts,return,15_30,1,constant_shift,0.005
D6b266861216edde2,allbursts,return,15_30,33,dvv,-0.0001
D75cf0f81acf25743,allbursts,return,15_30,6,dvv,0.01
D202d1244a420471a,allbursts,return,15_30,44,dvv,0.0005
D2ff61f7d5b2487bf,allbursts,return,15_30,13,dvv,-0.0002
D6081beed70c0a781,allbursts,return,15_30,22,dvv,-0.0005
D09f135638160b9bb,allbursts,return,15_30,45,dvv,-0.005
D708d01221761d0cc,allbursts,return,15_30,14,source_jitter,-0.000371178102
D55532adc44f2e0b9,allbursts,return,15_30,17,dvv,-0.002
D744e57a3ca33a6ae,allbursts,return,15_30,37,dvv,0.0002
D6a4dcae02be98513,allbursts,return,15_30,6,dvv,-0.001
D5752ef5f36ebae30,allbursts,return,15_30,7,dvv,-0.0005
D3373bd4e5c2d336d,allbursts,return,15_30,35,dvv,0.0001
D574d19da9d4fd810,allbursts,return,15_30,16,dvv,-0.0005
D030a5adf265c379b,allbursts,return,15_30,1,dvv,-0.002
D1a087e093954b305,allbursts,return,15_30,32,constant_shift,0.005
D0e871c72a7c448fd,allbursts,return,15_30,5,dvv,-0.0005
D556434a1a9f8f4d3,allbursts,return,15_30,44,dvv,0.005
D2d38ac31e4667674,allbursts,return,15_30,22,dvv,0.0002
D1ed53aa3cd9735c7,allbursts,return,15_30,31,dvv,0.0005
D1586ff615f1baf15,allbursts,return,15_30,21,source_jitter,0.000315918083
D4ef8ee447fe57688,allbursts,return,15_30,4,source_jitter,-0.000213268976
D3188d8eced0a7b0d,allbursts,return,15_30,1,dvv,0.005
D5c4d0ae95cb4480e,allbursts,return,15_30,4,dvv,0.0001
D1f1906a6052e00f9,allbursts,return,15_30,28,dvv,0.0001
D3f8bbbad23921789,allbursts,return,15_30,38,dvv,0.0005
D374488103b0328d7,allbursts,return,15_30,8,dvv,0.0001
D4930e03e2f19204b,allbursts,return,15_30,21,dvv,-0.0005
D0d911b3404002f5b,allbursts,return,15_30,10,dvv,0.0001
D2f9b3547bb13ba91,allbursts,return,15_30,43,dvv,-0.0005
D2a291a901dc4ea06,allbursts,return,15_30,19,dvv,-0.01
D6f95844b4f64eebe,allbursts,return,15_30,22,dvv,-0.0002
D11352d3f00c62fa4,allbursts,return,15_30,14,dvv,0.0005
D1202885a0ffaabb5,allbursts,return,15_30,24,dvv,0.0005
D11509427153eae12,allbursts,return,15_30,38,dvv,0.005
D0241d406316ca1b0,allbursts,return,15_30,44,dvv,-0.0005
D41ee73002029795c,allbursts,return,15_30,45,dvv,0.0002
D4eaf6307ecc130a2,allbursts,return,15_30,9,dvv,0.0002
D6a06257d86011aed,allbursts,return,15_30,32,dvv,-0.002
D5ebd271d96d0e960,allbursts,return,15_30,9,dvv,0.001
D2457d000268f5b9c,allbursts,return,15_30,43,dvv,-0.01
D03ba19b18fdb9c3a,allbursts,return,15_30,30,dvv,-0.001
D32178a474a340c34,allbursts,return,15_30,38,dvv,0.0001
D020f883d7964b91b,allbursts,return,15_30,32,dvv,0.0005
D0c9019b8562f5cd3,allbursts,return,15_30,36,dvv,0
D5f64cc9891c41044,allbursts,return,15_30,22,dvv,-0.0001
D0636bbfeb4ce9428,allbursts,return,15_30,16,dvv,-0.01
D394ced712c2db86a,allbursts,return,15_30,41,dvv,-0.01
D37b290a4cb5dc415,allbursts,return,15_30,30,dvv,-0.0002
D1a85b3054bd38a81,allbursts,return,15_30,29,dvv,0.01
D6587f352ffef1598,allbursts,return,15_30,28,dvv,0.001
D3bc755b6de3da4c6,allbursts,return,15_30,33,source_jitter,0.000103988493
D0fb168c7795a6c80,allbursts,return,15_30,28,dvv,-0.005
D2b9b52e21dc37f01,allbursts,return,15_30,15,dvv,0.002
D327df50cf5f5177a,allbursts,return,15_30,24,dvv,0.0002
D3c5cfc15800bdcbe,allbursts,return,15_30,43,dvv,-0.005
D6da273b9be9b50c0,allbursts,return,15_30,39,dvv,0.005
D6499f7c5e9d71d62,allbursts,return,15_30,12,dvv,0.002
D1c42c0142ccf5d64,allbursts,return,15_30,2,source_jitter,-0.000203658013
D3e2c71ffe72e234e,allbursts,return,15_30,7,dvv,-0.0001
D23e823e2e95bacaf,allbursts,return,15_30,19,dvv,0.005
D27c84e0285fed466,allbursts,return,15_30,38,dvv,0.001
D55f6b3ae6220d3b5,allbursts,return,15_30,6,constant_shift,0.005
D76223d0c811a2a4a,allbursts,return,15_30,18,dvv,0.01
D359257f80be82448,allbursts,return,15_30,30,dvv,0.01
D448799e077d8a2b4,allbursts,return,15_30,10,source_jitter,-2.71475383e-05
D2d7f11a6bb2d3696,allbursts,return,15_30,3,dvv,0.002
D5d2e624028e19c6f,allbursts,return,15_30,15,constant_shift,0.005
D45a18c7401886c3d,allbursts,return,15_30,30,dvv,0.0002
D2a9dbb5f123b01bf,allbursts,return,15_30,25,dvv,0.005
D7c598938b0965409,allbursts,return,15_30,13,dvv,-0.002
D68b3e09d34261547,allbursts,return,15_30,16,dvv,0.0001
D2d9a876598f816b8,allbursts,return,15_30,27,dvv,-0.001
D0a14584cc4ec7aff,allbursts,return,15_30,25,dvv,0.002
D292dc52b50c30903,allbursts,return,15_30,36,dvv,-0.0005
D4bb265612c931bb5,allbursts,return,15_30,44,dvv,0.0001
D657dee5c28a03364,allbursts,return,15_30,42,dvv,-0.01
D4ce059a35cf57def,allbursts,return,15_30,25,dvv,-0.001
D31b1a55e3526af10,allbursts,return,15_30,30,dvv,0.0001
D173bf6d8e0631553,allbursts,return,15_30,8,dvv,-0.01
D58243816075d62de,allbursts,return,15_30,35,dvv,-0.0002
D67754ccc901bcfc4,allbursts,return,15_30,22,dvv,0.001
D232fe0511d1d9018,allbursts,return,15_30,9,dvv,-0.002
D1ff1d6ee5092ee61,allbursts,return,15_30,33,dvv,-0.005
D012882f8658664bb,allbursts,return,15_30,22,dvv,-0.01
D6f349d7835f16935,allbursts,return,15_30,43,dvv,0.002
D08413fff0d375dd0,allbursts,return,15_30,29,dvv,0.0005
D307519da19164c46,allbursts,return,15_30,32,dvv,-0.0005
D50bda54cc1a3f310,allbursts,return,15_30,45,dvv,0
D5c1953fdcd2fd55d,allbursts,return,15_30,37,source_jitter,3.22448784e-06
D36f13931f25ed955,allbursts,return,15_30,29,dvv,-0.001
D2aba6e20d51a20f3,allbursts,return,15_30,33,dvv,0
D53ead18ca3d24b3b,allbursts,return,15_30,10,dvv,0.0005
D559cf7521457563f,allbursts,return,15_30,27,dvv,0
D758159d4c6b62ca7,allbursts,return,15_30,21,dvv,-0.0002
D6308cb303a6d3f81,allbursts,return,15_30,11,dvv,0.0002
D770b516ecdd5e486,allbursts,return,15_30,26,dvv,-0.0001
D14ee99c30447c56d,allbursts,return,15_30,35,dvv,0.01
D4d2feef03a3eaee8,allbursts,return,15_30,45,constant_shift,0.005
D4ccd5496d52a33c8,allbursts,return,15_30,22,dvv,0.002
D703f51fa62ce97bd,allbursts,return,15_30,35,dvv,0
D54a6e4f17f944ab9,allbursts,return,15_30,26,dvv,-0.001
D27329e1a47b7e10b,allbursts,return,15_30,27,dvv,-0.0005
D52e67af51133ba8e,allbursts,return,15_30,24,dvv,0
D1c110cde4e6f44a6,allbursts,return,15_30,5,dvv,0.0002
D04fef0aa8a499336,allbursts,return,15_30,41,dvv,-0.002
D77903b6396abbade,allbursts,return,15_30,38,dvv,0.002
D57ef2a4cc6109095,allbursts,return,15_30,28,dvv,0.005
D4b8f9985541dd9af,allbursts,return,15_30,30,dvv,-0.0005
D79d2fb45c86bd91d,allbursts,return,15_30,17,dvv,0.0005
D216e1ef243c47244,allbursts,return,15_30,43,dvv,0.01
D3787845fd7ccae8b,allbursts,return,15_30,41,dvv,0.0001
D57d4aa706bd1ae0d,allbursts,return,15_30,4,dvv,0.0005
D6b4e161e085b0653,allbursts,return,15_30,5,dvv,0.01
D6f5d06dca3b7f590,allbursts,return,15_30,6,dvv,-0.0005
D2394252bd0dd078e,allbursts,return,15_30,9,constant_shift,0.005
D75d6b4f12202d28f,allbursts,return,15_30,0,source_jitter,-0.000150652091
D76eb5ca407fbce5e,allbursts,return,15_30,17,source_jitter,7.38474807e-05
D5e63bde10c6464db,allbursts,return,15_30,12,constant_shift,0.005
D4861158503ea9ff8,allbursts,return,15_30,35,dvv,0.0005
D515219be165debce,allbursts,return,15_30,43,dvv,0.0005
D4d6b11b2b4bc199d,allbursts,return,15_30,36,dvv,-0.0001
D169663b7c7ddcc08,allbursts,return,15_30,34,dvv,0.002
D0624a24c26d9ddd9,allbursts,return,15_30,4,dvv,-0.0002
D2d90b442f442376b,allbursts,return,15_30,34,dvv,0
D4187d060847d2158,allbursts,return,15_30,41,dvv,-0.001
D058c1ec959c8e819,allbursts,return,15_30,32,dvv,-0.001
D02cf12a2ea374c35,allbursts,return,15_30,28,dvv,-0.002
D19553a5dd96ffe8c,allbursts,return,15_30,45,dvv,-0.002
D3a80894f4a8fde98,allbursts,return,15_30,23,dvv,0.0002
D5274b03617f82848,allbursts,return,15_30,34,dvv,0.0001
D2dd5e495b5860d4d,allbursts,return,15_30,43,dvv,0.0002
D6d62a389ae374fdc,allbursts,return,15_30,40,dvv,-0.002
D0b5051bcf2cc21f7,allbursts,return,15_30,7,constant_shift,0.005
D6e313ed14c3643e1,allbursts,return,15_30,38,dvv,-0.01
D392478abefba6767,allbursts,return,15_30,38,dvv,0.0002
D3324ea5a6d11e4f2,allbursts,return,15_30,17,dvv,-0.0001
D7143413decdb05a3,allbursts,return,15_30,42,dvv,-0.0002
D6e12e335714a73d3,allbursts,return,15_30,2,dvv,0.0005
D70ebd4d11e8503a8,allbursts,return,15_30,17,dvv,-0.0005
D0a95d1a3f4e5199b,allbursts,return,15_30,12,dvv,0.001
D27b0b867ed160fa3,allbursts,return,15_30,19,constant_shift,0.005
D23259bcab7ffb26f,allbursts,return,15_30,31,dvv,-0.005
D55c8feca11b05424,allbursts,return,15_30,23,dvv,-0.01
D69a8e04c100a2c17,allbursts,return,15_30,7,dvv,-0.01
D242a8d8bddcf409a,allbursts,return,15_30,23,dvv,-0.0002
D0cb6063dec7ead96,allbursts,return,15_30,0,dvv,0.002
D2088cf2b607a988c,allbursts,return,15_30,45,dvv,-0.0001
D268dba3415368523,allbursts,return,15_30,11,dvv,0
D10197639e203146d,allbursts,return,15_30,12,dvv,0.005
D15b572a10187be9f,allbursts,return,15_30,41,dvv,0.005
D29185b39f362e908,allbursts,return,15_30,24,dvv,-0.005
D6b21c8132812a946,allbursts,return,15_30,34,dvv,-0.0005
D3a503d499c5944af,allbursts,return,15_30,18,dvv,0.0005
D2fa4137625e709d0,allbursts,return,15_30,10,dvv,-0.005
D2ae7eb5e0c156e6a,allbursts,return,15_30,21,constant_shift,0.005
D0a42bc13c1365370,allbursts,return,15_30,18,dvv,0
D16b9eda46f878cb1,allbursts,return,15_30,3,dvv,-0.0001
D1410fc80b0438339,allbursts,return,15_30,26,dvv,0
D583727538eb522f9,allbursts,return,15_30,28,dvv,-0.0005
D361a62974f8990f6,allbursts,return,15_30,19,dvv,-0.002
D461b0a675c2dc725,allbursts,return,15_30,5,dvv,0.002
D5ee08a5eb73d06e1,allbursts,return,15_30,18,dvv,0.0001
D262ccf43b58b47ce,allbursts,return,15_30,25,dvv,-0.002
D65c741c4f6a8186f,allbursts,return,15_30,2,dvv,-0.001
D4373a85abf2ee222,allbursts,return,15_30,42,dvv,0.0005
D7eb1f8518907b20a,allbursts,return,15_30,1,dvv,-0.0002
D736e9d0d013e39c0,allbursts,return,15_30,10,dvv,-0.0002
D31188e3eaa68f16c,allbursts,return,15_30,2,dvv,0.001
D099376da3ae67528,allbursts,return,15_30,38,constant_shift,0.005
D3bf9e7a9a688a22d,allbursts,return,15_30,17,constant_shift,0.005
D66091dbcb18d2d97,allbursts,return,15_30,16,dvv,-0.005
D4887406016e9bab4,allbursts,return,15_30,21,dvv,-0.001
D0e85216d6f18f393,allbursts,return,15_30,25,dvv,0
D256324ed7709e9eb,allbursts,return,15_30,14,dvv,-0.005
D28ef35c6f51a8543,allbursts,return,15_30,7,dvv,-0.002
D28b2a9083c060de8,allbursts,return,15_30,12,source_jitter,-0.00012385923
D0d9363a34828233c,allbursts,return,15_30,33,dvv,0.001
D54532d47366302f5,allbursts,return,15_30,10,dvv,-0.0005
D241941a111ddea99,allbursts,return,15_30,31,dvv,-0.001
D1047224d6d10a68e,allbursts,return,15_30,11,dvv,-0.01
D78d63f2ff48800da,allbursts,return,15_30,30,dvv,0.002
D5b59ec3bdcd5094e,allbursts,return,15_30,26,dvv,0.0002
D4a48ecff622325d7,allbursts,return,15_30,36,dvv,-0.0002
D0bb0ae227bfefa98,allbursts,return,15_30,20,dvv,0.0005
D66b6842ddc2e0aaf,allbursts,return,15_30,4,dvv,-0.005
D16bd9aacb4780f9e,allbursts,return,15_30,8,dvv,0.0002
D522d4d0a8d9cde5b,allbursts,return,15_30,15,source_jitter,-0.000297641644
D0239799782a064b1,allbursts,return,15_30,29,source_jitter,5.17366527e-05
D7b2b10aa27abdb3f,allbursts,return,15_30,35,dvv,-0.002
D411dcfcaa980a0b4,allbursts,return,15_30,35,source_jitter,-0.000131188192
D1089bf90b59ee8ca,allbursts,return,15_30,17,dvv,-0.0002
D7ec75420c0d6e351,allbursts,return,15_30,28,dvv,0
D087aad8e00886d5f,allbursts,return,15_30,28,dvv,0.0002
D657c6474546f66ed,allbursts,return,15_30,2,dvv,-0.005
D26f98681332648c1,allbursts,return,15_30,41,dvv,0
D261853bbb143b2bc,allbursts,return,15_30,22,dvv,0.005
D0a6cfd4094abc253,allbursts,return,15_30,32,dvv,0.01
D58c47e643ce1f19c,allbursts,return,15_30,19,dvv,0
D7819445fa76c66a6,allbursts,return,15_30,37,dvv,-0.005
D784302752881e129,allbursts,return,15_30,44,source_jitter,-0.000387366262
D5c3cb8f4c1d14377,allbursts,return,15_30,27,dvv,0.005
D70ef878ebda7e85a,allbursts,return,15_30,8,constant_shift,0.005
D0b5d52368d1e2fe0,allbursts,return,15_30,34,dvv,-0.01
D4f01310f8a17593a,allbursts,return,15_30,2,dvv,0
D77b3167a0a1c8d67,allbursts,return,15_30,26,dvv,-0.0005
D34bd41f85fab5c49,allbursts,return,15_30,3,dvv,0.0005
D2cfae726b5a2f3a9,allbursts,return,15_30,20,dvv,0.002
D6aba282aa6f87ec5,allbursts,return,15_30,15,dvv,0.005
D3ba146e45b760475,allbursts,return,15_30,33,dvv,-0.0002
D55fe821441c874a4,allbursts,return,15_30,25,dvv,0.0002
D7dd8c3cd0aa2058d,allbursts,return,15_30,38,dvv,-0.0005
D0d972b04cc1ce449,allbursts,return,15_30,9,source_jitter,0.000196246455
D5f24afb39fd3c58c,allbursts,return,15_30,34,dvv,-0.005
D545d81f889e7315e,allbursts,return,15_30,37,dvv,0.001
D31191d745982bef7,allbursts,return,15_30,20,dvv,-0.005
D08ac6cd623eb7ea2,allbursts,return,15_30,16,constant_shift,0.005
D5c1a4d680245ab4b,allbursts,return,15_30,11,dvv,0.001
D55dd27921e0ae0db,allbursts,return,15_30,39,constant_shift,0.005
D1a92081914812c84,allbursts,return,15_30,32,dvv,-0.01
D387fe7d239ffd0a4,allbursts,return,15_30,22,dvv,0.0005
D69a64727b5b4a124,allbursts,return,15_30,21,dvv,0.0002
D6c2ba4f342a8dcd9,allbursts,return,15_30,35,constant_shift,0.005
D11b4bf4029ad7702,allbursts,return,15_30,9,dvv,0
D3370deb12e4cc57e,allbursts,return,15_30,29,dvv,0.002
D35727af7dfa82497,allbursts,return,15_30,14,dvv,0
D330d151b9a37ed34,allbursts,return,15_30,39,dvv,0.0005
D4aa4f6c5f66e9865,allbursts,return,15_30,31,source_jitter,6.77426818e-06
D2c8e052ee22a5ff2,allbursts,return,15_30,33,dvv,0.0002
D209840129046c25b,allbursts,return,15_30,28,source_jitter,-5.58805238e-05
D5921dc9937280ee9,allbursts,return,15_30,15,dvv,-0.01
D0fe7003579efe2de,allbursts,return,15_30,42,dvv,0
D45ca82c25c599a64,allbursts,return,15_30,17,dvv,-0.005
D7749b2519d5f1acb,allbursts,return,15_30,32,dvv,-0.0002
D2a41b0308026ff10,allbursts,return,15_30,40,dvv,0.0005
D02bd954269654939,allbursts,return,15_30,16,dvv,-0.001
D22265f9aa8847498,allbursts,return,15_30,29,dvv,-0.002
D228caf771567c830,allbursts,return,15_30,29,dvv,-0.005
D10c60c78b2eb51c4,allbursts,return,15_30,21,dvv,0.0005
D3c4c2d3c90dc0ea8,allbursts,return,15_30,11,dvv,-0.002
D39603e986f0f7e33,allbursts,return,15_30,2,dvv,-0.0001
D02143b7221e29d01,allbursts,return,15_30,30,dvv,-0.005
D1edb3a88dc27dc7d,allbursts,return,15_30,40,dvv,0.002
D13e623bd92a0ab5c,allbursts,return,15_30,3,dvv,-0.005
D509282ddbef9a491,allbursts,return,15_30,3,dvv,0.0001
D0cb0b7ffb265ad48,allbursts,return,15_30,1,dvv,0.01
D10a876c6046ecfb5,allbursts,return,15_30,15,dvv,-0.0005
D77588e0c10f67672,allbursts,return,15_30,40,dvv,-0.0005
D2ac5ee370f956dc0,allbursts,return,15_30,11,source_jitter,0.000171677654
D69eb8a82138c5919,allbursts,return,15_30,44,dvv,0.01
D6386e920fd040c40,allbursts,return,15_30,11,dvv,-0.0001
D2928af345f469689,allbursts,return,15_30,41,dvv,0.0005
D21785911d347f25a,allbursts,return,15_30,45,dvv,-0.001
D3193d7dfc4ebc33b,allbursts,return,15_30,17,dvv,0.001
D4d019fc423d466d2,allbursts,return,15_30,34,dvv,0.01
D1e51fce862f611a2,allbursts,return,15_30,8,dvv,0.002
D00de2d976d974fe7,allbursts,return,15_30,20,source_jitter,5.83061311e-05
D5c19c88264366cab,allbursts,return,15_30,6,dvv,0.002
D18922d1b4161f801,allbursts,return,15_30,37,dvv,0.01
D283455c5de79bede,allbursts,return,15_30,1,dvv,-0.001
D0ba843da7fe1e6a9,allbursts,return,15_30,11,dvv,-0.0005
D58e775a50f89403f,allbursts,return,15_30,36,source_jitter,0.000183937579
D0387fdd768217706,allbursts,return,15_30,40,dvv,0.01
D1d3a4fff3af21d1c,allbursts,return,15_30,14,constant_shift,0.005
D38fcef2735b6fcee,allbursts,return,15_30,25,dvv,0.01
D7f216e5e9791e1fc,allbursts,return,15_30,23,constant_shift,0.005
D114c4aefb0105205,allbursts,return,15_30,35,dvv,0.002
D4878aced14f95b9c,allbursts,return,15_30,17,dvv,0
D168fe70181d58b1e,allbursts,return,15_30,35,dvv,0.0002
D78af45b87870172a,allbursts,return,15_30,45,dvv,0.002
D76cd0203096a3e46,allbursts,return,15_30,36,dvv,0.002
D058b3768e5769063,allbursts,return,15_30,13,dvv,0.005
D485cd8d6bb56870e,allbursts,return,15_30,26,dvv,-0.0002
D509135dd4f9427bf,allbursts,return,15_30,18,source_jitter,0.000105895658
D0d26c8db6cc4a1cd,allbursts,return,15_30,13,dvv,0.0005
D6fe638147a1945dd,allbursts,return,15_30,14,dvv,-0.002
D3237af1d843df467,allbursts,return,3_15,3,dvv,-0.002
D0b74a63afeedb209,allbursts,return,3_15,14,dvv,0.002
D682ad7deea7977b7,allbursts,return,3_15,16,dvv,-0.001
D0c2fac1c7f445ae2,allbursts,return,3_15,3,dvv,-0.001
D5f9f1bf80c711b76,allbursts,return,3_15,5,dvv,-0.005
D4dec527284f887ab,allbursts,return,3_15,28,dvv,0.0002
D26c7641f0477d761,allbursts,return,3_15,32,dvv,0.002
D4ef578c68bf7be3f,allbursts,return,3_15,28,dvv,-0.005
D50a3e81c826f020d,allbursts,return,3_15,10,dvv,-0.002
D48003241ae2a264d,allbursts,return,3_15,22,dvv,0.002
D14d4adb00f1f4f09,allbursts,return,3_15,18,dvv,-0.0002
D3a1da4cd286ab76a,allbursts,return,3_15,13,dvv,0
D3e88a5cc9c4e9dac,allbursts,return,3_15,31,dvv,0.01
D5d3c5aeeaf23a140,allbursts,return,3_15,36,dvv,-0.0005
D64285e735ca202a3,allbursts,return,3_15,30,dvv,0.001
D4fe556bdae512c42,allbursts,return,3_15,4,dvv,-0.0002
D7a1df4010bd1907e,allbursts,return,3_15,0,dvv,0
D6ae6157001a7334d,allbursts,return,3_15,16,source_jitter,0.000122285594
D19b4d39f90f48c9e,allbursts,return,3_15,43,dvv,-0.0002
D5371b7941d1a2478,allbursts,return,3_15,17,dvv,-0.0002
D22dcc6c561885556,allbursts,return,3_15,7,dvv,-0.0002
D42279cfd167ccec7,allbursts,return,3_15,0,dvv,0.0001
D29f724b558593685,allbursts,return,3_15,44,dvv,0.005
D619506efc09a7cf3,allbursts,return,3_15,16,dvv,-0.002
D670c3d097492dcc8,allbursts,return,3_15,38,dvv,0.002
D6f824f790cf2381f,allbursts,return,3_15,9,dvv,-0.0005
D390d2ae29699d5e1,allbursts,return,3_15,36,constant_shift,0.005
D01e5d66ea61eedb3,allbursts,return,3_15,1,dvv,-0.0005
D7ced4e8ae30216cd,allbursts,return,3_15,30,dvv,0
D439dee161fc68998,allbursts,return,3_15,25,source_jitter,0.00010181372
D5ee3bf2098ae5324,allbursts,return,3_15,35,dvv,-0.0001
D4101e16214678333,allbursts,return,3_15,37,dvv,0.002
D5d5977877abef82e,allbursts,return,3_15,21,dvv,-0.001
D3b8024cce849de2e,allbursts,return,3_15,8,dvv,0.005
D672eefefefb53743,allbursts,return,3_15,23,dvv,-0.005
D6b5a0aa5c8715dc9,allbursts,return,3_15,11,dvv,-0.005
D3c7b8c13fefafae8,allbursts,return,3_15,10,dvv,0.0001
D4411bd378f407c1a,allbursts,return,3_15,8,dvv,0.002
D11d9b5b843e99fd8,allbursts,return,3_15,19,dvv,0.0002
D5edf65e3e0b07df9,allbursts,return,3_15,38,dvv,0.0005
D6d0be9fbaafe2b2e,allbursts,return,3_15,21,dvv,0.0001
D709dc7263d64daf5,allbursts,return,3_15,27,source_jitter,-0.000488388427
D1c96144e79617142,allbursts,return,3_15,32,dvv,0.001
D6319cbc071105893,allbursts,return,3_15,5,dvv,-0.01
D7f0b015aa8303f2b,allbursts,return,3_15,44,dvv,-0.001
D0388618132f22917,allbursts,return,3_15,44,dvv,0.001
D0af7933f446fcc68,allbursts,return,3_15,24,dvv,0
D0fd1f21d978eacdd,allbursts,return,3_15,12,dvv,-0.005
D366229e3ca2b6278,allbursts,return,3_15,26,dvv,-0.01
D24a7fa5e049f2ff8,allbursts,return,3_15,38,dvv,-0.005
D47e48152b1d13d1b,allbursts,return,3_15,44,dvv,-0.002
D24d7ef7c0e611965,allbursts,return,3_15,25,dvv,-0.0001
D78516c1acfafb8e7,allbursts,return,3_15,37,dvv,0.0001
D2d82298ba1526f3d,allbursts,return,3_15,41,dvv,-0.0001
D438f7409afc6c48b,allbursts,return,3_15,24,dvv,0.001
D4272ba8acd560588,allbursts,return,3_15,39,dvv,-0.005
D1b2dcc39db75e95d,allbursts,return,3_15,22,dvv,-0.0001
D6ef755a0ffe34ef7,allbursts,return,3_15,1,dvv,0
D15cff97f813d1c98,allbursts,return,3_15,29,dvv,-0.001
D5c741559b5651a40,allbursts,return,3_15,27,dvv,-0.0002
D7c9528dd8a8d2892,allbursts,return,3_15,21,dvv,-0.0005
D1f5aa388495571b9,allbursts,return,3_15,7,dvv,-0.0001
D228d504cc2998077,allbursts,return,3_15,8,dvv,-0.001
D1668905aa657e8fb,allbursts,return,3_15,34,dvv,-0.0005
D09800b0ab19aba97,allbursts,return,3_15,17,source_jitter,-0.00035285497
D433892e724a078b7,allbursts,return,3_15,20,dvv,-0.01
D48c5e2923c8053a6,allbursts,return,3_15,21,constant_shift,0.005
D667e815ccfe90813,allbursts,return,3_15,9,dvv,0.0002
D24e358c9c3c328c0,allbursts,return,3_15,30,dvv,-0.0001
D6aea47eb3d4465fd,allbursts,return,3_15,26,dvv,-0.0001
D4c896e429cc59e98,allbursts,return,3_15,0,dvv,0.001
D6cf3cdfc34033b32,allbursts,return,3_15,14,dvv,-0.0002
D3d05a0ec27418e19,allbursts,return,3_15,15,dvv,-0.005
D245940a755820b2b,allbursts,return,3_15,28,dvv,0.0001
D7af422e73819fab1,allbursts,return,3_15,5,dvv,-0.0005
D1c6c15e8766fd3d4,allbursts,return,3_15,11,dvv,-0.001
D67d35b459b3790d8,allbursts,return,3_15,22,dvv,0.01
D027cc4b063917fd1,allbursts,return,3_15,23,dvv,0.001
D63e0df3f8cc9d858,allbursts,return,3_15,27,constant_shift,0.005
D2319795ad1290ac5,allbursts,return,3_15,5,source_jitter,0.000296527457
D0d4719873717feea,allbursts,return,3_15,14,dvv,0.001
D0b844504b4f98b04,allbursts,return,3_15,24,dvv,-0.002
D16db469e28d11689,allbursts,return,3_15,23,source_jitter,-7.08696811e-05
D481adfcac1b74e8f,allbursts,return,3_15,14,dvv,-0.0005
D4dce0899c118a97d,allbursts,return,3_15,11,dvv,-0.0002
D33f2af0be5cfdbec,allbursts,return,3_15,28,dvv,0.01
D22f9b8cbeb0f8a15,allbursts,return,3_15,14,dvv,-0.001
D3927fd4461adef49,allbursts,return,3_15,13,dvv,0.0002
D750e672df453d902,allbursts,return,3_15,33,dvv,0.01
D664ee231b4b3025d,allbursts,return,3_15,23,dvv,0.005
D7ccea96ddd6d6d2a,allbursts,return,3_15,6,dvv,-0.001
D38ee7180b9087432,allbursts,return,3_15,5,dvv,-0.002
D006eaf85f6a85c56,allbursts,return,3_15,17,dvv,0.01
D224bb26e88dabce7,allbursts,return,3_15,36,dvv,-0.005
D1ec2fa0e10d51e51,allbursts,return,3_15,30,dvv,0.01
D23a8a3a3d5a0b2f9,allbursts,return,3_15,25,dvv,0.001
D550e23c1ffc24733,allbursts,return,3_15,0,dvv,-0.01
D26d87a9c386c9738,allbursts,return,3_15,20,dvv,0.0005
D1122f767bd84a51e,allbursts,return,3_15,29,source_jitter,2.54372582e-05
D5619923b4cb8c61d,allbursts,return,3_15,11,source_jitter,0.000297265866
D61aac392398a0b37,allbursts,return,3_15,12,dvv,-0.001
D7b25564dda38b53f,allbursts,return,3_15,32,dvv,0.0002
D38bc1a3ff37cc5d1,allbursts,return,3_15,27,dvv,0.001
D3be6f3dd7751b08b,allbursts,return,3_15,20,dvv,0.005
D23900b71ad4a2f64,allbursts,return,3_15,19,dvv,-0.001
D0e47cf9f24f94228,allbursts,return,3_15,3,source_jitter,0.000405967822
D5cf361b879b26676,allbursts,return,3_15,11,dvv,-0.0005
D4be60f8e84a760f0,allbursts,return,3_15,11,dvv,-0.0001
D4e77e66a0cf78faf,allbursts,return,3_15,27,dvv,-0.0005
D2e8e0259946d6082,allbursts,return,3_15,5,constant_shift,0.005
D310ee64c075ca573,allbursts,return,3_15,10,dvv,-0.0002
D6b72b7d5db775e4d,allbursts,return,3_15,18,dvv,0.0001
D76b7d7066d200f3d,allbursts,return,3_15,44,dvv,0.0001
D54dc9e151648406e,allbursts,return,3_15,13,dvv,-0.0005
D1894033e53753383,allbursts,return,3_15,4,source_jitter,-0.000339187205
D2514f296a3fc99ed,allbursts,return,3_15,42,dvv,0.002
D1d072c50fced2aaf,allbursts,return,3_15,12,dvv,-0.0002
D3dbbe0bc851894d3,allbursts,return,3_15,12,dvv,0
D356434e45acf5b7f,allbursts,return,3_15,22,dvv,0.0001
D1d8ea62ffff51b92,allbursts,return,3_15,36,dvv,-0.01
D324f8b39f8a4ae48,allbursts,return,3_15,6,dvv,0.001
D0b95a1a9ad4f3155,allbursts,return,3_15,41,dvv,0.005
D06eb369ba9c3a777,allbursts,return,3_15,9,dvv,0.002
D6b289c348dbcec96,allbursts,return,3_15,12,dvv,0.0005
D222e49b79cd1b5df,allbursts,return,3_15,29,dvv,0.0002
D6dba9c3d5f253428,allbursts,return,3_15,2,dvv,-0.005
D57597cadcfcadcb0,allbursts,return,3_15,40,dvv,0
D7e5927f88940332b,allbursts,return,3_15,27,dvv,0.0005
D3d3e771e7204b2b3,allbursts,return,3_15,43,dvv,0.0005
D09ba4d5f6f6c7db6,allbursts,return,3_15,25,dvv,-0.01
D5040289df12f184b,allbursts,return,3_15,7,dvv,0.01
D65026b648ecde64d,allbursts,return,3_15,10,source_jitter,0.00043589601
D581b398136e2958d,allbursts,return,3_15,31,dvv,0.002
D3834754447860d85,allbursts,return,3_15,2,dvv,0.0001
D11d48ea962545870,allbursts,return,3_15,7,dvv,-0.005
D2b55074c834a2dbd,allbursts,return,3_15,33,dvv,0.0001
D549335a729fbf838,allbursts,return,3_15,30,dvv,0.0005
D054ceb6035ecaa20,allbursts,return,3_15,39,dvv,-0.001
D1f7107af1eff231d,allbursts,return,3_15,7,dvv,-0.0005
D10774830dcc49fb9,allbursts,return,3_15,28,dvv,-0.0001
D41afc9c8069b9a21,allbursts,return,3_15,13,dvv,-0.005
D08798758cfdb817b,allbursts,return,3_15,32,source_jitter,-0.000137810257
D31a32b7b460a63e1,allbursts,return,3_15,6,dvv,-0.0002
D2eb29c674e9989dd,allbursts,return,3_15,4,dvv,-0.001
D5aac6145a7c133a4,allbursts,return,3_15,25,dvv,0.002
D051d4d9011f042e6,allbursts,return,3_15,42,dvv,-0.0001
D77750f997f430bf1,allbursts,return,3_15,31,dvv,0.0005
D23a43284cf8d6323,allbursts,return,3_15,42,dvv,-0.005
D0d8ee5e2f5534f3b,allbursts,return,3_15,44,dvv,-0.0001
D32bcc276eda56496,allbursts,return,3_15,0,dvv,-0.0001
D08c503c1a0a1e62d,allbursts,return,3_15,24,dvv,0.0001
D71c43cba1b75b7a5,allbursts,return,3_15,33,dvv,-0.002
D2a4ab1b3348d12f3,allbursts,return,3_15,30,dvv,-0.001
D23e0c67e1ae3be01,allbursts,return,3_15,6,dvv,-0.005
D3eb0b67684de1f4d,allbursts,return,3_15,28,dvv,0.001
D6c438e1fab6f558f,allbursts,return,3_15,10,dvv,0
D3c55aaba2b3aeb25,allbursts,return,3_15,40,dvv,-0.005
D06297c5a42725955,allbursts,return,3_15,23,dvv,-0.002
D49792c34bc89a05e,allbursts,return,3_15,26,dvv,0.002
D5aa44371c37172c5,allbursts,return,3_15,5,dvv,0.0001
D71f44753257a95f0,allbursts,return,3_15,33,dvv,-0.0002
D3e497a7c8cead9ce,allbursts,return,3_15,18,dvv,0
D4432171be461d17c,allbursts,return,3_15,43,dvv,0.001
D4214105d316ba189,allbursts,return,3_15,13,dvv,0.0005
D427a1cd29e381575,allbursts,return,3_15,36,dvv,0.0001
D47b02c1c79df14c3,allbursts,return,3_15,44,dvv,0.0005
D51ac859ca47d7084,allbursts,return,3_15,39,dvv,-0.0005
D1bed97681d4ed765,allbursts,return,3_15,37,dvv,-0.002
D22186140bce1246d,allbursts,return,3_15,30,source_jitter,-9.5279052e-05
D3c6f5db56418189b,allbursts,return,3_15,26,dvv,0.0002
D5441cafd79e44734,allbursts,return,3_15,39,dvv,-0.01
D722fae2a2414726f,allbursts,return,3_15,8,dvv,-0.0002
D544ea8ee242919f2,allbursts,return,3_15,40,dvv,0.0001
D15819fb57f554b51,allbursts,return,3_15,29,dvv,0.005
D5968d6773c39d334,allbursts,return,3_15,24,source_jitter,-0.000200844411
D1d15370d66ad2add,allbursts,return,3_15,33,dvv,0.0002
D0ee02ffff880f510,allbursts,return,3_15,22,dvv,0
D1fa83c8230bcea0a,allbursts,return,3_15,35,source_jitter,-0.000563207365
D29521783800da8fb,allbursts,return,3_15,8,dvv,-0.01
D60ffd5f8f55e622c,allbursts,return,3_15,29,constant_shift,0.005
D685ed79f785bb15a,allbursts,return,3_15,7,dvv,0.0002
D6bde2e48af22b5af,allbursts,return,3_15,25,dvv,-0.002
D37832ac9ac887a01,allbursts,return,3_15,45,dvv,-0.0002
D26661803d26881d9,allbursts,return,3_15,4,constant_shift,0.005
D0aeef6a0904e1add,allbursts,return,3_15,2,dvv,-0.002
D79592a9ac021bd99,allbursts,return,3_15,17,dvv,-0.0005
D2cbb377689f50914,allbursts,return,3_15,24,dvv,-0.001
D2cde3c0ab7dbadf1,allbursts,return,3_15,41,dvv,-0.0005
D298024ac02fb671f,allbursts,return,3_15,36,source_jitter,-0.00026602133
D5c0091322e6de00e,allbursts,return,3_15,12,dvv,0.0002
D18b405cc9baefaca,allbursts,return,3_15,38,dvv,0.0001
D0b743e8744007412,allbursts,return,3_15,43,dvv,-0.002
D00c65b36b45045c4,allbursts,return,3_15,40,constant_shift,0.005
D194792e242502568,allbursts,return,3_15,31,dvv,0
D5779b20244f2a774,allbursts,return,3_15,26,dvv,0.001
D0b36429a1b0f4481,allbursts,return,3_15,1,dvv,-0.002
D45438d782b4d8ec3,allbursts,return,3_15,23,dvv,-0.0005
D090ee2173416e13c,allbursts,return,3_15,2,dvv,-0.001
D0383d0cc8595599b,allbursts,return,3_15,29,dvv,-0.01
D1ddf6aae1f7fc956,allbursts,return,3_15,23,dvv,0.0005
D0fbed3cfdfe681ef,allbursts,return,3_15,33,constant_shift,0.005
D0e7ac3f4be4b5f05,allbursts,return,3_15,2,dvv,0
D7ca49ac12d961cb2,allbursts,return,3_15,28,dvv,0.0005
D3386d378dd10d9e0,allbursts,return,3_15,37,dvv,-0.0002
D0f6bb630f6ad056a,allbursts,return,3_15,43,dvv,-0.0001
D23d7fb47b674bf48,allbursts,return,3_15,32,dvv,0
D0d4b2d16fcb1abf5,allbursts,return,3_15,38,dvv,-0.001
D71b1da6cca88bf2b,allbursts,return,3_15,19,dvv,-0.002
D40c04af74eb98ed1,allbursts,return,3_15,39,dvv,0.002
D34dca618e3ecd160,allbursts,return,3_15,27,dvv,0.0001
D62e415add8d4db86,allbursts,return,3_15,12,dvv,0.005
D3a65fe5f0d4556b8,allbursts,return,3_15,24,dvv,-0.0005
D44c9b915f64d31b7,allbursts,return,3_15,45,dvv,-0.005
D55a07ec44fe938a7,allbursts,return,3_15,44,dvv,0.0002
D6f3115d81350c3c3,allbursts,return,3_15,23,dvv,-0.0001
D28f0ff388c35ffe0,allbursts,return,3_15,45,source_jitter,-0.000294246529
D041bdc9f28bc2d4e,allbursts,return,3_15,30,constant_shift,0.005
D64f775ec50a0224e,allbursts,return,3_15,12,dvv,-0.002
D0b4b6efb4f3ca768,allbursts,return,3_15,7,dvv,0.001
D369d8c7e4664994f,allbursts,return,3_15,32,dvv,-0.005
D294393d8a548954a,allbursts,return,3_15,29,dvv,0
D3ac9fcd0400a1502,allbursts,return,3_15,0,dvv,-0.005
D28591b18844576b7,allbursts,return,3_15,18,dvv,-0.001
D5352fc4ad1d138a5,allbursts,return,3_15,19,dvv,0.001
D44d624e9a2b24b42,allbursts,return,3_15,9,dvv,0.01
D69776b3ccd3b6e7e,allbursts,return,3_15,23,dvv,0.002
D0343b965d52530b0,allbursts,return,3_15,3,dvv,-0.01
D4755d0ffcdafbdd2,allbursts,return,3_15,26,dvv,-0.001
D70dcdcae25ed329b,allbursts,return,3_15,26,dvv,0.0005
D383390ac8688ef48,allbursts,return,3_15,40,dvv,-0.001
D32bd8dce062481f6,allbursts,return,3_15,12,dvv,0.002
D7cde4c6a0745b94f,allbursts,return,3_15,40,dvv,0.0005
D033f54e666ac979d,allbursts,return,3_15,30,dvv,0.005
D4a2233a616aa9379,allbursts,return,3_15,40,dvv,0.001
D4d1c872006b592d1,allbursts,return,3_15,1,dvv,-0.005
D0a05498b83706088,allbursts,return,3_15,36,dvv,0
D7f024441409e554f,allbursts,return,3_15,12,constant_shift,0.005
D6b2b99a0f3e66fe9,allbursts,return,3_15,11,dvv,0.01
D71d5a1fbba598e57,allbursts,return,3_15,1,dvv,-0.01
D1ff444b38872148c,allbursts,return,3_15,7,dvv,0.0001
D02d3bc9592a240f7,allbursts,return,3_15,39,dvv,-0.0001
D42969de48006bedc,allbursts,return,3_15,31,dvv,0.001
D3b146e4b6092e396,allbursts,return,3_15,14,dvv,-0.005
D2e356d803ecc2dbc,allbursts,return,3_15,6,dvv,0.0002
D0996dd1207cc410b,allbursts,return,3_15,45,dvv,0.01
D5022d8cef9720c31,allbursts,return,3_15,29,dvv,0.0005
D51f919f9cb2d82e5,allbursts,return,3_15,10,dvv,-0.005
D78c27ab6cec64a0e,allbursts,return,3_15,15,dvv,-0.0002
D127dbc7e2f1d8945,allbursts,return,3_15,15,dvv,0.01
D1bd87866b46c341b,allbursts,return,3_15,2,dvv,-0.0002
D41ab6ac9af3202bc,allbursts,return,3_15,24,dvv,-0.01
D32b60dee20faccce,allbursts,return,3_15,34,dvv,0.005
D0802d5fbc6d09b8f,allbursts,return,3_15,17,dvv,0.001
D77e933874508ddbc,allbursts,return,3_15,1,dvv,-0.001
D4cd89517d600aee0,allbursts,return,3_15,33,dvv,-0.01
D3eb770aa1da29a54,allbursts,return,3_15,28,dvv,-0.01
D3f46c9ad7ed045db,allbursts,return,3_15,29,dvv,-0.005
D1d576b0f6a6675c0,allbursts,return,3_15,14,dvv,-0.002
D5372c5f774c1d497,allbursts,return,3_15,26,constant_shift,0.005
D7344828f92eea1c9,allbursts,return,3_15,18,constant_shift,0.005
D4951516ff1f413f4,allbursts,return,3_15,6,dvv,0.01
D72b26070b5a79f82,allbursts,return,3_15,14,dvv,0.01
D31c8f9a72026073c,allbursts,return,3_15,11,dvv,0
D49268700ad007fe7,allbursts,return,3_15,13,dvv,0.0001
D00c323387fe458fe,allbursts,return,3_15,32,constant_shift,0.005
D5cad4042def5546b,allbursts,return,3_15,13,dvv,0.002
D0dab42bfce10ba28,allbursts,return,3_15,45,dvv,0.0001
D6673626df25bb7ae,allbursts,return,3_15,8,dvv,0.001
D64bdeab6dc2c98db,allbursts,return,3_15,8,dvv,0.0002
D6b652992045a63a4,allbursts,return,3_15,43,dvv,0.002
D59cd97e329fe022e,allbursts,return,3_15,35,dvv,0.0001
D28473967d6bced4f,allbursts,return,3_15,10,dvv,-0.0005
D7feb00be460019ca,allbursts,return,3_15,41,source_jitter,0.000376645344
D76f1f9341ad5fc5e,allbursts,return,3_15,17,dvv,-0.01
D0e573432db36f646,allbursts,return,3_15,41,dvv,-0.005
D6df4f67608f0d069,allbursts,return,3_15,19,dvv,0.002
D03eb24bee0b68646,allbursts,return,3_15,33,dvv,-0.005
D7340906992506c18,allbursts,return,3_15,43,constant_shift,0.005
D6690ee9f9e15df03,allbursts,return,3_15,44,dvv,0.01
D4c5dc47f14521d3d,allbursts,return,3_15,17,dvv,0.0005
D3dee734b27ba3817,allbursts,return,3_15,24,constant_shift,0.005
D79e6b40d776f93fd,allbursts,return,3_15,3,dvv,0.01
D73d182aaceb7ea61,allbursts,return,3_15,37,constant_shift,0.005
D17dd642672b62a57,allbursts,return,3_15,43,dvv,-0.005
D468d0efd27fa6005,allbursts,return,3_15,6,dvv,0.002
D1ab2e912cc877f08,allbursts,return,3_15,11,dvv,0.002
D10c5ce85e92858e8,allbursts,return,3_15,3,dvv,-0.0001
D48e5be6e3f11988f,allbursts,return,3_15,43,dvv,0.01
D7690cd236c9f1148,allbursts,return,3_15,7,dvv,0.002
D7f7eddd6ccc0887a,allbursts,return,3_15,1,dvv,0.002
D7e55a3a572a97a7f,allbursts,return,3_15,16,dvv,0
D40c649fcc7976031,allbursts,return,3_15,13,source_jitter,3.70226357e-05
D20d401f7f411d619,allbursts,return,3_15,45,dvv,0.002
D403ccf551999ddf0,allbursts,return,3_15,26,dvv,-0.0005
D37c6e4d1c69f353d,allbursts,return,3_15,24,dvv,0.01
D6fcd14284601ff18,allbursts,return,3_15,20,dvv,0.0002
D623d501cd246b966,allbursts,return,3_15,17,dvv,-0.001
D0bcbe793e4a8dff1,allbursts,return,3_15,34,dvv,-0.01
D0a15c242e0d4ace0,allbursts,return,3_15,21,dvv,0.001
D727ff77f4c4e997b,allbursts,return,3_15,35,dvv,-0.005
D0e1bb009643e52f7,allbursts,return,3_15,37,dvv,0.0005
D7796872863d10200,allbursts,return,3_15,36,dvv,0.002
D3ae5318b1fa6b2cf,allbursts,return,3_15,28,dvv,0
D397997bb88a5e52d,allbursts,return,3_15,9,dvv,0.005
D6d85633be700e008,allbursts,return,3_15,35,dvv,0.001
D22f3c3c94040f2c6,allbursts,return,3_15,45,dvv,-0.01
D1155c0e72349b6b9,allbursts,return,3_15,38,dvv,-0.0005
D316da7d878a5f03e,allbursts,return,3_15,25,dvv,0
D5af539e0a7eff8b1,allbursts,return,3_15,27,dvv,-0.002
D4a0e9a0769ea10ce,allbursts,return,3_15,11,dvv,0.0002
D1918c851e06feeb7,allbursts,return,3_15,35,dvv,-0.0002
D1c805936a08906f5,allbursts,return,3_15,6,dvv,0
D32dba7a82db2800d,allbursts,return,3_15,8,constant_shift,0.005
D23b535be77191cc6,allbursts,return,3_15,34,dvv,-0.0002
D3b184174c036cb19,allbursts,return,3_15,25,dvv,0.0001
D0d203569d3e5893a,allbursts,return,3_15,30,dvv,-0.0005
D0eeb72fbc5c8267d,allbursts,return,3_15,4,dvv,0.002
D0b52f02766440054,allbursts,return,3_15,24,dvv,-0.0001
D17d590feb5bc0e4d,allbursts,return,3_15,0,dvv,0.005
D006ee2960b8d69e0,allbursts,return,3_15,2,constant_shift,0.005
D50f8dc80ec5232f6,allbursts,return,3_15,21,dvv,0.01
D290ba6a24fc766b3,allbursts,return,3_15,32,dvv,0.01
D1126d1bb36b4dbcd,allbursts,return,3_15,31,dvv,0.0002
D1424fcb387ae6ee1,allbursts,return,3_15,26,dvv,-0.002
D640b374a9d322c51,allbursts,return,3_15,16,dvv,0.005
D57cf5dbc4f68a9b7,allbursts,return,3_15,2,dvv,0.005
D08ae97dcc48c155e,allbursts,return,3_15,40,dvv,0.002
D086b6f1c3b11f3a3,allbursts,return,3_15,2,source_jitter,-0.00014941069
D2b9e9e1ba41872d7,allbursts,return,3_15,44,dvv,0.002
D38cd3845af8da0bc,allbursts,return,3_15,11,dvv,-0.002
D218e4f0b7d2a5be2,allbursts,return,3_15,21,dvv,-0.005
D4105855bf52de055,allbursts,return,3_15,9,dvv,0.0005
D188ef75496a0bda7,allbursts,return,3_15,22,dvv,0.0002
D484af49af33b9dfe,allbursts,return,3_15,45,constant_shift,0.005
D5910691e50ffa213,allbursts,return,3_15,9,source_jitter,0.000378861758
D5693812931b8652d,allbursts,return,3_15,13,dvv,0.005
D184586a2b3755e14,allbursts,return,3_15,29,dvv,0.002
D6f2a5183f566447d,allbursts,return,3_15,29,dvv,0.0001
D0cb87f842a67fce5,allbursts,return,3_15,14,dvv,-0.01
D577cff228c2ea00e,allbursts,return,3_15,37,dvv,0.01
D52245cf6d5037ffb,allbursts,return,3_15,7,source_jitter,-6.64413225e-05
D56c53971ecb50fc1,allbursts,return,3_15,16,dvv,-0.01
D3c3e3a2bd836f98e,allbursts,return,3_15,21,dvv,0
D4112da374f90f8aa,allbursts,return,3_15,18,dvv,-0.01
D2e4294731b308323,allbursts,return,3_15,30,dvv,-0.01
D7b5788c08318ef83,allbursts,return,3_15,34,dvv,0.001
D2fc25898ff144ba3,allbursts,return,3_15,36,dvv,0.01
D1073356299804bf7,allbursts,return,3_15,44,constant_shift,0.005
D272dd6f66a007e90,allbursts,return,3_15,43,dvv,0
D0a4e895987aa5e6a,allbursts,return,3_15,18,dvv,0.0002
D5346f7530b452664,allbursts,return,3_15,9,dvv,0.001
D18024993a18aa2e0,allbursts,return,3_15,5,dvv,0.002
D5633a93c4c7c604f,allbursts,return,3_15,1,source_jitter,-0.000103885943
D4b90d7ad2b4be84c,allbursts,return,3_15,30,dvv,-0.0002
D24207443abd8ddb4,allbursts,return,3_15,28,source_jitter,-8.85202801e-05
D0fa942acd7ab003f,allbursts,return,3_15,26,dvv,-0.0002
D2bfaac0e353ab4e8,allbursts,return,3_15,37,dvv,-0.0005
D5a128ff903fea9e5,allbursts,return,3_15,39,dvv,-0.002
D72009104f16611a4,allbursts,return,3_15,33,dvv,-0.001
D263a90c554a01008,allbursts,return,3_15,18,dvv,-0.005
D23a2851499509cf0,allbursts,return,3_15,31,dvv,-0.0005
D49674311d91ea217,allbursts,return,3_15,13,dvv,-0.0001
D472c35138a8852ef,allbursts,return,3_15,32,dvv,-0.001
D57423504509a0c2d,allbursts,return,3_15,34,dvv,0.0005
D187671ab54684695,allbursts,return,3_15,38,dvv,0
D64fa4f535d6cad8b,allbursts,return,3_15,16,dvv,0.001
D1bcffe892ef6cea1,allbursts,return,3_15,4,dvv,0.0001
D17dda643513e4f07,allbursts,return,3_15,0,dvv,-0.002
D2908ef615e72b73f,allbursts,return,3_15,39,source_jitter,0.000537279956
D2ca50919a13b9b87,allbursts,return,3_15,19,source_jitter,-4.66597548e-05
D0bb565eb7c2761e7,allbursts,return,3_15,22,dvv,-0.005
D275ddb8d81ed00fe,allbursts,return,3_15,25,dvv,0.0005
D7190c1855245c28d,allbursts,return,3_15,19,dvv,0.0001
D6f1fa92d93ea52cd,allbursts,return,3_15,1,dvv,0.001
D7a58b42041a0b588,allbursts,return,3_15,18,dvv,-0.002
D1950d28b0a7b1ef4,allbursts,return,3_15,6,dvv,-0.002
D4108b04a5b20ac9f,allbursts,return,3_15,35,dvv,-0.002
D58cb5c901c18643a,allbursts,return,3_15,43,dvv,-0.001
D17eab9e2444b39ea,allbursts,return,3_15,26,dvv,0.005
D1dcb4b53cac64340,allbursts,return,3_15,18,dvv,-0.0005
D1d98b6f58a31808d,allbursts,return,3_15,15,dvv,-0.002
D473d260a2f33d543,allbursts,return,3_15,32,dvv,-0.0001
D785b2011b2c89eb9,allbursts,return,3_15,4,dvv,0
D1f14eb348117936e,allbursts,return,3_15,25,dvv,-0.0005
D2038b1821242e840,allbursts,return,3_15,10,dvv,0.0002
D2b82ec828bfa5c49,allbursts,return,3_15,19,dvv,0.005
D60877bf5ce1ee459,allbursts,return,3_15,21,dvv,0.005
D63f0c85394a0ea44,allbursts,return,3_15,22,constant_shift,0.005
D1a7989bfdff246ad,allbursts,return,3_15,2,dvv,0.0005
D203d308e1d374efd,allbursts,return,3_15,31,dvv,-0.0002
D36645e78b323efe3,allbursts,return,3_15,6,dvv,-0.0001
D78fbe9ca22412043,allbursts,return,3_15,42,dvv,-0.002
D52244cd57d54dcfc,allbursts,return,3_15,37,dvv,-0.0001
D4df2bee803c6e1fc,allbursts,return,3_15,20,dvv,0.0001
D754f6f80b2a8c75e,allbursts,return,3_15,13,dvv,0.01
D7b7496e20e1624bd,allbursts,return,3_15,17,dvv,-0.005
D079582e12d6e5311,allbursts,return,3_15,33,dvv,0.001
D5db77ca2ef9e8e4f,allbursts,return,3_15,38,constant_shift,0.005
D5b7ddcf59f5787fc,allbursts,return,3_15,35,constant_shift,0.005
D048fe7c60ca62b34,allbursts,return,3_15,38,dvv,0.0002
D409930b261190438,allbursts,return,3_15,33,dvv,0
D21a42e04ffd6beec,allbursts,return,3_15,4,dvv,-0.0005
D5d3953eb2207484c,allbursts,return,3_15,21,dvv,0.002
D338b07ae00a9f779,allbursts,return,3_15,39,dvv,0.005
D7c39469ad3c3bc64,allbursts,return,3_15,14,dvv,0.0001
D34c4df0ace66fceb,allbursts,return,3_15,35,dvv,0
D633a9826b83e313a,allbursts,return,3_15,12,dvv,0.001
D6bb2ecedce0848b2,allbursts,return,3_15,39,dvv,-0.0002
D2c600d38e86d37f6,allbursts,return,3_15,36,dvv,0.005
D3ac224bd7062a95b,allbursts,return,3_15,23,dvv,0
D16ae27ffdc2eefec,allbursts,return,3_15,12,dvv,-0.0001
D24f05a45a79f9b6d,allbursts,return,3_15,33,dvv,0.005
D32d41f57b5780387,allbursts,return,3_15,17,dvv,0.0002
D796f04a87486ebbd,allbursts,return,3_15,23,dvv,0.0001
D007940512d82edbe,allbursts,return,3_15,20,dvv,-0.001
D7819ce709792e4ab,allbursts,return,3_15,17,dvv,-0.002
D0cc96e3fdbbc0b43,allbursts,return,3_15,17,constant_shift,0.005
D6b5d530998bb7dc3,allbursts,return,3_15,45,dvv,-0.002
D149cd5e7a2d93e38,allbursts,return,3_15,21,dvv,0.0005
D15cc724750a042b8,allbursts,return,3_15,10,dvv,-0.001
D22d1b36936b93e8b,allbursts,return,3_15,39,dvv,0.01
D54ac3c3d069ac5ef,allbursts,return,3_15,0,source_jitter,-0.000181781029
D72391ee3930ef973,allbursts,return,3_15,33,dvv,-0.0005
D522cb863def5640a,allbursts,return,3_15,11,dvv,0.005
D6c43ff5ef2569fd3,allbursts,return,3_15,28,dvv,-0.0005
D7232b3a25abba339,allbursts,return,3_15,30,dvv,-0.005
D2dbd6fb2fab6dc75,allbursts,return,3_15,11,dvv,0.001
D647decdf988e217b,allbursts,return,3_15,41,dvv,0.001
D41172edff32504f9,allbursts,return,3_15,41,dvv,0.01
D58d8bfb5f24542fc,allbursts,return,3_15,1,dvv,0.005
D01b6b33dcdb80ca8,allbursts,return,3_15,14,source_jitter,-3.9253442e-05
D4d6033f19721f19b,allbursts,return,3_15,42,dvv,-0.01
D7d18fc7c5e206ba4,allbursts,return,3_15,15,dvv,-0.0005
D29aa37d4333bcd55,allbursts,return,3_15,18,dvv,0.0005
D0e10482f11494d9b,allbursts,return,3_15,43,dvv,0.0002
D0f8573fd0c925b6c,allbursts,return,3_15,0,dvv,0.01
D438ae27e7718a1ae,allbursts,return,3_15,15,dvv,-0.0001
D0e0bf54a458cf64f,allbursts,return,3_15,15,dvv,0.0005
D0389f5666fef87cc,allbursts,return,3_15,34,dvv,-0.001
D31a82e3ae24093c7,allbursts,return,3_15,32,dvv,-0.01
D74c99bcec71e9714,allbursts,return,3_15,43,dvv,0.0001
D2da7702b70d434a0,allbursts,return,3_15,15,source_jitter,7.89106207e-05
D245d7e497e6aed0a,allbursts,return,3_15,1,dvv,0.0002
D6886981eefc3754e,allbursts,return,3_15,26,source_jitter,-5.90720601e-05
D7c69600d28a12120,allbursts,return,3_15,20,dvv,-0.0001
D285f3c71031610d0,allbursts,return,3_15,15,dvv,0.005
D7800fe14210d6231,allbursts,return,3_15,19,dvv,0.0005
D3381a5c6b3ef4342,allbursts,return,3_15,37,dvv,0.005
D7487524faf3d52fa,allbursts,return,3_15,7,dvv,-0.002
D5c12cf975fe785c7,allbursts,return,3_15,16,dvv,-0.0005
D35066c2e4772e214,allbursts,return,3_15,44,dvv,-0.005
D74d980733a926409,allbursts,return,3_15,18,dvv,0.005
D7e76665df96ba1b6,allbursts,return,3_15,9,dvv,-0.005
D67353d9b34aad8b0,allbursts,return,3_15,34,dvv,0.002
D68d0a974a77e2728,allbursts,return,3_15,45,dvv,0.001
D575559a161059380,allbursts,return,3_15,23,constant_shift,0.005
D193fe4c20dd9baec,allbursts,return,3_15,10,dvv,0.0005
D655844d5039187f2,allbursts,return,3_15,25,constant_shift,0.005
D595578526c7479f1,allbursts,return,3_15,24,dvv,0.0005
D047ae03542484b41,allbursts,return,3_15,4,dvv,0.01
D0846463bfbd1addf,allbursts,return,3_15,36,dvv,0.001
D0b2336c37a384574,allbursts,return,3_15,36,dvv,0.0005
D597861572952d113,allbursts,return,3_15,10,dvv,0.01
D5716a5372eb65f67,allbursts,return,3_15,27,dvv,-0.001
D6fbb70ee953e1196,allbursts,return,3_15,28,dvv,0.002
D692a7b49cde2d9ba,allbursts,return,3_15,44,dvv,0
D3f3acc6aea6f1a2c,allbursts,return,3_15,30,dvv,0.002
D47c94d6956160c35,allbursts,return,3_15,22,dvv,0.001
D1d63dcfe6e6f0543,allbursts,return,3_15,37,dvv,0.0002
D48c14da208f6d799,allbursts,return,3_15,5,dvv,0.005
D6cdcd8b8d15926ac,allbursts,return,3_15,41,dvv,-0.01
D053aabb14b3c398f,allbursts,return,3_15,11,dvv,0.0005
D1db913ac68138aae,allbursts,return,3_15,32,dvv,0.0005
D22ae7c3112d54e19,allbursts,return,3_15,26,dvv,0
D69a98a00acaaa075,allbursts,return,3_15,18,dvv,0.002
D53f089ba513796c8,allbursts,return,3_15,36,dvv,0.0002
D60cc65a9dc92577f,allbursts,return,3_15,32,dvv,0.0001
D3b1b515e80587015,allbursts,return,3_15,5,dvv,0.01
D3210139ac503d6ab,allbursts,return,3_15,0,dvv,-0.0002
D5b8210d7f0984754,allbursts,return,3_15,16,dvv,0.002
D2c7313479fa9740d,allbursts,return,3_15,19,dvv,-0.0001
D0f3395f5427ca251,allbursts,return,3_15,1,dvv,0.01
D7a6fd4238ec5f475,allbursts,return,3_15,30,dvv,0.0001
D31b7e4375e93d9f0,allbursts,return,3_15,6,dvv,-0.01
D345cc3e1039746af,allbursts,return,3_15,20,constant_shift,0.005
D1495d06a47e7ef2b,allbursts,return,3_15,34,dvv,0.01
D3f5f24b0e06cc0d6,allbursts,return,3_15,29,dvv,-0.0005
D7eb804dcdf2ad3d1,allbursts,return,3_15,9,dvv,0.0001
D7d3b9efab5b99d7f,allbursts,return,3_15,14,dvv,0.0005
D4baa52ad18ec7d97,allbursts,return,3_15,39,dvv,0.0002
D1e568b20dbed64cc,allbursts,return,3_15,19,constant_shift,0.005
D73034affb1ef63c7,allbursts,return,3_15,42,dvv,0.0005
D02e59d33892d43e0,allbursts,return,3_15,28,dvv,-0.001
D35d9462adec2deb6,allbursts,return,3_15,40,dvv,-0.01
D4e01f3a7e8d9ba74,allbursts,return,3_15,13,dvv,-0.0002
D2f7f26c1ad6c6aea,allbursts,return,3_15,35,dvv,0.0002
D35007ddf03663b80,allbursts,return,3_15,35,dvv,-0.0005
D25f810690d83fb1e,allbursts,return,3_15,17,dvv,0
D693e77a34412e969,allbursts,return,3_15,22,dvv,-0.001
D234371f4798d6c9d,allbursts,return,3_15,24,dvv,-0.0002
D76ed67ca022fa11f,allbursts,return,3_15,0,constant_shift,0.005
D6623bca5e5e71e78,allbursts,return,3_15,29,dvv,0.01
D5c57be47e81abd28,allbursts,return,3_15,29,dvv,-0.0002
D4d9ec4604a873227,allbursts,return,3_15,44,dvv,-0.0002
D13ed075efc1787b9,allbursts,return,3_15,23,dvv,-0.0002
D1a8dcf16a6e5020f,allbursts,return,3_15,22,source_jitter,-0.000195192323
D1d7fef19b76b7021,allbursts,return,3_15,15,dvv,0.001
D3a0a7df6834271c2,allbursts,return,3_15,41,dvv,0.002
D34f73d3693ed1341,allbursts,return,3_15,37,dvv,-0.01
D0fb91a881c981589,allbursts,return,3_15,4,dvv,-0.005
D0653e6c800d37143,allbursts,return,3_15,43,dvv,0.005
D34b1c5dde148f298,allbursts,return,3_15,34,dvv,0
D530eba5432f30377,allbursts,return,3_15,20,dvv,0.001
D0301211820e7a125,allbursts,return,3_15,8,dvv,-0.002
D18bbc91baf617d40,allbursts,return,3_15,15,dvv,-0.01
D71a69021f5757f0d,allbursts,return,3_15,5,dvv,-0.0001
D0fc1a6eb6b79ffad,allbursts,return,3_15,39,dvv,0
D7bfcd85a573f13c7,allbursts,return,3_15,21,dvv,-0.002
D351fbc40cc3bb8ae,allbursts,return,3_15,20,dvv,-0.0002
D1baec54ce9ee8122,allbursts,return,3_15,2,dvv,-0.0005
D4e02516aae1e5cd4,allbursts,return,3_15,2,dvv,0.01
D08f6dd4ebd1437b8,allbursts,return,3_15,16,dvv,0.0001
D4b7202cd9c62ce08,allbursts,return,3_15,28,dvv,0.005
D13e2e6f2b3d84408,allbursts,return,3_15,13,dvv,0.001
D43a5f55a392b6e88,allbursts,return,3_15,3,dvv,0.005
D7955eefed662ae95,allbursts,return,3_15,24,dvv,-0.005
D336bb9f2609315b9,allbursts,return,3_15,39,dvv,0.0001
D59fc618e02c1b28e,allbursts,return,3_15,5,dvv,0.0002
D4b2ac197af74bc29,allbursts,return,3_15,15,dvv,0.0002
D02b6eecb8dd530f8,allbursts,return,3_15,35,dvv,-0.001
D01a3783b0bddc0c9,allbursts,return,3_15,27,dvv,0
D62740e5fc22aa7f6,allbursts,return,3_15,27,dvv,-0.005
D2aaafe69830f529c,allbursts,return,3_15,39,dvv,0.0005
D05197dc6a0edd2ea,allbursts,return,3_15,16,dvv,-0.0001
D0f4e548174593ea3,allbursts,return,3_15,5,dvv,0
D7adfcf52e8a00642,allbursts,return,3_15,4,dvv,-0.002
D2b330f018eba64ab,allbursts,return,3_15,3,dvv,0.0002
D50326b2124732005,allbursts,return,3_15,33,dvv,-0.0001
D4007a0d1cfdd32b3,allbursts,return,3_15,40,dvv,-0.0002
D1ca28a3ecb46b2af,allbursts,return,3_15,8,dvv,0.0005
D6a7f86efaf43c99b,allbursts,return,3_15,14,dvv,-0.0001
D5e56a75adf444870,allbursts,return,3_15,31,dvv,-0.0001
D2bf2d3df0ec74966,allbursts,return,3_15,20,dvv,-0.002
D08616d7db35be393,allbursts,return,3_15,37,dvv,0.001
D6442c50fec91371f,allbursts,return,3_15,26,dvv,-0.005
D52ccf2f6320826b2,allbursts,return,3_15,7,dvv,-0.001
D5b69b4c18bb0c844,allbursts,return,3_15,11,dvv,0.0001
D4ba05f4b5bc281ea,allbursts,return,3_15,15,dvv,-0.001
D48d352ee556d21aa,allbursts,return,3_15,22,dvv,-0.01
D742610e817154dc2,allbursts,return,3_15,25,dvv,-0.001
D5ae9de66750017a6,allbursts,return,3_15,38,dvv,-0.01
D7ffbb9fa7505facb,allbursts,return,3_15,41,dvv,-0.001
D27369d01f3decf0a,allbursts,return,3_15,41,constant_shift,0.005
D4f87f31c8cccab74,allbursts,return,3_15,9,dvv,-0.002
D789785a991f0c29b,allbursts,return,3_15,4,dvv,0.0002
D50cfc0f6cfb105a0,allbursts,return,3_15,31,source_jitter,-0.00035491095
D517784cd34cee05f,allbursts,return,3_15,40,dvv,-0.0001
D7d3de8e679fe592a,allbursts,return,3_15,21,dvv,-0.01
D6af81c4b960b863d,allbursts,return,3_15,17,dvv,0.002
D5e39977248c2d1a2,allbursts,return,3_15,42,dvv,-0.0005
D6cc61d3d2a125e7c,allbursts,return,3_15,42,dvv,0.001
D708a3690a0d793fe,allbursts,return,3_15,35,dvv,0.0005
D2b700fd36a06113b,allbursts,return,3_15,40,source_jitter,-2.78854699e-06
D445a9c030d279314,allbursts,return,3_15,28,constant_shift,0.005
D1a0d8467bacdea20,allbursts,return,3_15,37,dvv,-0.001
D4c0d806950e56964,allbursts,return,3_15,4,dvv,0.005
D28ac1d91478e158b,allbursts,return,3_15,3,dvv,-0.0002
D52593c41ae535766,allbursts,return,3_15,38,dvv,0.005
D5737e6a541817a9f,allbursts,return,3_15,30,dvv,0.0002
D1a4df2d87a796426,allbursts,return,3_15,20,dvv,0.01
D558f76c2c59f0d47,allbursts,return,3_15,15,dvv,0.0001
D2881264fada70280,allbursts,return,3_15,42,dvv,-0.0002
D54cac5d2feb26f04,allbursts,return,3_15,1,dvv,-0.0001
D61357910acfa0c8c,allbursts,return,3_15,27,dvv,0.005
D517c30cebe5adeb5,allbursts,return,3_15,34,dvv,0.0001
D5bf4bb8c219f23e6,allbursts,return,3_15,37,dvv,0
D084fbdf5fbd56235,allbursts,return,3_15,45,dvv,-0.001
D1020bea53fce1d34,allbursts,return,3_15,38,dvv,0.001
D78a514676d30e7f3,allbursts,return,3_15,3,dvv,-0.005
D56d12bcbf7008507,allbursts,return,3_15,0,dvv,-0.0005
D1d825ef1856c6508,allbursts,return,3_15,29,dvv,0.001
D49e0b00820391120,allbursts,return,3_15,21,dvv,-0.0001
D244e173975b75d0d,allbursts,return,3_15,9,dvv,-0.0001
D1a10046aca125491,allbursts,return,3_15,4,dvv,0.001
D5a0354c030952f41,allbursts,return,3_15,19,dvv,0
D1157422ef0924e21,allbursts,return,3_15,5,dvv,-0.001
D405c4b382ba19efe,allbursts,return,3_15,28,dvv,-0.002
D308f471f4f2acf06,allbursts,return,3_15,10,dvv,-0.01
D60b011d90d04284a,allbursts,return,3_15,26,dvv,0.01
D62794e93cafaffd9,allbursts,return,3_15,1,constant_shift,0.005
D50ac8e4a2c6e224f,allbursts,return,3_15,20,dvv,-0.0005
D22b00ad96f09656f,allbursts,return,3_15,35,dvv,-0.01
D534a8834eb896059,allbursts,return,3_15,42,dvv,-0.001
D6e96395ea4880128,allbursts,return,3_15,44,source_jitter,-0.000382631238
D6ad710bffa0c1e64,allbursts,return,3_15,25,dvv,0.005
D00f330f69db0db5f,allbursts,return,3_15,17,dvv,0.005
D7dfc5c9ec200d128,allbursts,return,3_15,21,dvv,0.0002
D35f44169947faeb8,allbursts,return,3_15,3,dvv,-0.0005
D45c7e704a7620706,allbursts,return,3_15,42,dvv,0.0002
D3293afaf6a01ac3f,allbursts,return,3_15,0,dvv,0.0002
D588405c30f512ccb,allbursts,return,3_15,31,dvv,-0.001
D52b7feab3408944e,allbursts,return,3_15,4,dvv,-0.01
D314febd2bf435a0d,allbursts,return,3_15,34,constant_shift,0.005
D25b815abacbfcaa4,allbursts,return,3_15,40,dvv,-0.0005
D6a2cc51d76589768,allbursts,return,3_15,45,dvv,0.005
D16423029ec2dea41,allbursts,return,3_15,42,dvv,0.005
D254cf14988ca41f2,allbursts,return,3_15,27,dvv,-0.0001
D53bc12523270ca0e,allbursts,return,3_15,12,dvv,0.0001
D30f6778a2a8603f9,allbursts,return,3_15,2,dvv,-0.0001
D03ca68c01b16d13e,allbursts,return,3_15,2,dvv,0.002
D08d6f79b506ceb2b,allbursts,return,3_15,1,dvv,0.0005
D44bb49afe9fdf563,allbursts,return,3_15,1,dvv,-0.0002
D0f6d59a6601dfda0,allbursts,return,3_15,25,dvv,-0.005
D5d117ada73c8cb44,allbursts,return,3_15,5,dvv,0.001
D5dd31d567471e7b7,allbursts,return,3_15,10,dvv,0.001
D027445f1c50bd237,allbursts,return,3_15,13,dvv,-0.001
D30fe1153ca5d2e54,allbursts,return,3_15,25,dvv,-0.0002
D42c38cbfd8b9f9c8,allbursts,return,3_15,32,dvv,0.005
D67109ff95692a472,allbursts,return,3_15,3,dvv,0
D40b314f5c90bf420,allbursts,return,3_15,1,dvv,0.0001
D4c640142cc0a04e2,allbursts,return,3_15,38,dvv,-0.002
D709be8748d94548b,allbursts,return,3_15,15,dvv,0.002
D23a391e56415915f,allbursts,return,3_15,27,dvv,0.01
D7a3341272e88bd92,allbursts,return,3_15,39,dvv,0.001
D393ab4835e17e506,allbursts,return,3_15,20,dvv,-0.005
D74965ba76aa3dc92,allbursts,return,3_15,31,dvv,-0.005
D2ec555717eb45a1d,allbursts,return,3_15,40,dvv,0.005
D2496368014bce1f4,allbursts,return,3_15,0,dvv,0.0005
D1cb018f68898390b,allbursts,return,3_15,4,dvv,-0.0001
D1f8f9dab9f571563,allbursts,return,3_15,37,dvv,-0.005
D59f11f6aa3f47ced,allbursts,return,3_15,32,dvv,-0.0002
D072c4875f6bb5c4b,allbursts,return,3_15,7,dvv,0
D578d5621eb1d1926,allbursts,return,3_15,43,dvv,-0.01
D4b61c6efcc60d2b6,allbursts,return,3_15,36,dvv,-0.002
D64a3b53facd3c195,allbursts,return,3_15,22,dvv,0.005
D6c0cc078989b1b39,allbursts,return,3_15,42,source_jitter,-5.15478811e-05
D6016b94715b6274b,allbursts,return,3_15,7,constant_shift,0.005
D5b302fa2c203b003,allbursts,return,3_15,8,dvv,-0.0005
D1c3fb44096b2852a,allbursts,return,3_15,42,constant_shift,0.005
D13032c9a432f1f6b,allbursts,return,3_15,22,dvv,0.0005
D26ed6cfae7c5897d,allbursts,return,3_15,11,dvv,-0.01
D206a967748678097,allbursts,return,3_15,13,constant_shift,0.005
D0803b00860428397,allbursts,return,3_15,34,dvv,-0.002
D44adc4dcf2d526e0,allbursts,return,3_15,14,constant_shift,0.005
D78ce4aea3276b744,allbursts,return,3_15,16,dvv,0.0005
D2693027f71d32bda,allbursts,return,3_15,3,dvv,0.0005
D23794a47a49b1f64,allbursts,return,3_15,25,dvv,0.01
D6bba31cffbe61f50,allbursts,return,3_15,41,dvv,0.0005
D24eb49af6aff85a4,allbursts,return,3_15,10,constant_shift,0.005
D284bcf8ffe606d68,allbursts,return,3_15,8,dvv,-0.0001
D493d8cb36ac0edb3,allbursts,return,3_15,12,dvv,-0.01
D5b32933a0c0e185c,allbursts,return,3_15,39,constant_shift,0.005
D3a93698d1fa3e5cf,allbursts,return,3_15,27,dvv,-0.01
D36d2f12da9c55a88,allbursts,return,3_15,35,dvv,0.01
D520d7b9c4b03d62c,allbursts,return,3_15,9,dvv,0
D499a7944549763ea,allbursts,return,3_15,23,dvv,-0.01
D3c1828062b15d8b8,allbursts,return,3_15,19,dvv,-0.005
D26cffe9161d337f2,allbursts,return,3_15,35,dvv,0.005
D495038f77db11fb3,allbursts,return,3_15,3,dvv,0.001
D78a18961993bc6e6,allbursts,return,3_15,38,dvv,0.01
D095b355adc28273b,allbursts,return,3_15,8,dvv,-0.005
D269cb2b2ed0b57de,allbursts,return,3_15,14,dvv,0.0002
D4c39829405cf25dd,allbursts,return,3_15,8,source_jitter,0.000360304414
D64d3f7af2352fdf6,allbursts,return,3_15,7,dvv,0.005
D686ab15901bebaed,allbursts,return,3_15,23,dvv,0.01
D4598e510621b3490,allbursts,return,3_15,4,dvv,0.0005
D083a4ba49fd2671c,allbursts,return,3_15,44,dvv,-0.01
D2c45c12e45bf9c0f,allbursts,return,3_15,20,dvv,0
D43800c870c63bbd1,allbursts,return,3_15,15,dvv,0
D5631b20b961b5a3c,allbursts,return,3_15,33,source_jitter,-2.89536723e-05
D27f386b2c4fd6480,allbursts,return,3_15,45,dvv,0.0005
D0fb7c3ef7b29338d,allbursts,return,3_15,0,dvv,0.002
D75e413af781e174b,allbursts,return,3_15,20,source_jitter,-0.000317944346
D72c62ccd853da383,allbursts,return,3_15,15,constant_shift,0.005
D49f6a19450e7972e,allbursts,return,3_15,19,dvv,-0.0005
D6c2f88be89b1085b,allbursts,return,3_15,37,source_jitter,-0.000352985355
D723b4545fab74e81,allbursts,return,3_15,19,dvv,-0.0002
D180fa62df66a8b4e,allbursts,return,3_15,34,source_jitter,-0.000124686073
D4331314d425647ed,allbursts,return,3_15,40,dvv,0.0002
D49cf65e09e7106d9,allbursts,return,3_15,35,dvv,0.002
D58c685c04a243a62,allbursts,return,3_15,45,dvv,-0.0005
D01520566bb8194dc,allbursts,return,3_15,44,dvv,-0.0005
D558d1f9921bdf5b3,allbursts,return,3_15,24,dvv,0.005
D7bb2398a4517ccc2,allbursts,return,3_15,19,dvv,0.01
D563c2c4c3e5a3cfe,allbursts,return,3_15,6,dvv,0.005
D33e64a5fde4b3467,allbursts,return,3_15,45,dvv,0
D7efd68aecb0f788a,allbursts,return,3_15,29,dvv,-0.002
D46c7c9fbbe622caf,allbursts,return,3_15,13,dvv,-0.01
D544b38cf19bb37dd,allbursts,return,3_15,7,dvv,0.0005
D3882a8410b23d27c,allbursts,return,3_15,6,source_jitter,0.000199947408
D3a119ab7615513f7,allbursts,return,3_15,38,source_jitter,0.000346750788
D67d92e1979baa197,allbursts,return,3_15,19,dvv,-0.01
D6b655165faf8f281,allbursts,return,3_15,31,dvv,-0.01
D17f999a1377db387,allbursts,return,3_15,42,dvv,0.0001
D770aed5d39e7f0cf,allbursts,return,3_15,34,dvv,-0.0001
D293ce7d625fa89f8,allbursts,return,3_15,27,dvv,0.0002
D544e089f38f9a11b,allbursts,return,3_15,38,dvv,-0.0001
D65eea879e12cb0d5,allbursts,return,3_15,24,dvv,0.0002
D152a0f9e03d6481e,allbursts,return,3_15,8,dvv,0
D445a91072347a392,allbursts,return,3_15,7,dvv,-0.01
D1d54dae3eaf27cb1,allbursts,return,3_15,31,dvv,-0.002
D08335153e57e708f,allbursts,return,3_15,6,dvv,0.0001
D66c40b294efb77a7,allbursts,return,3_15,41,dvv,-0.002
D695fcca1e7d27cd5,allbursts,return,3_15,40,dvv,-0.002
D6afb4a8791072d85,allbursts,return,3_15,42,dvv,0.01
D453d6bd70a24ad94,allbursts,return,3_15,34,dvv,-0.005
D13187319eb861f2c,allbursts,return,3_15,22,dvv,-0.0005
D0f6e552cf455e17d,allbursts,return,3_15,30,dvv,-0.002
D2b03d1b9c927b55e,allbursts,return,3_15,45,dvv,-0.0001
D089b4edeced34a54,allbursts,return,3_15,10,dvv,0.002
D344099977ef13031,allbursts,return,3_15,31,constant_shift,0.005
D15cd867197cf3a84,allbursts,return,3_15,2,dvv,-0.01
D1ffc6161b1f9a057,allbursts,return,3_15,32,dvv,-0.002
D408555a34b884052,allbursts,return,3_15,22,dvv,-0.0002
D5d04b58f2786f0bc,allbursts,return,3_15,6,dvv,0.0005
D4053ac9d275bd8d2,allbursts,return,3_15,9,constant_shift,0.005
D41f36110e84d3c5e,allbursts,return,3_15,21,dvv,-0.0002
D1539dcf17c4371b3,allbursts,return,3_15,32,dvv,-0.0005
D6d8ab6afd0da9b4d,allbursts,return,3_15,17,dvv,-0.0001
D44944340439a3d25,allbursts,return,3_15,0,dvv,-0.001
D3250df0915c20907,allbursts,return,3_15,14,dvv,0
D3c5ad8315909950c,allbursts,return,3_15,2,dvv,0.0002
D7d48d8569da334d3,allbursts,return,3_15,34,dvv,0.0002
D618c8beb24ffa4f3,allbursts,return,3_15,3,dvv,0.0001
D6d4b87da2a21796f,allbursts,return,3_15,38,dvv,-0.0002
D7d8e3bf180242136,allbursts,return,3_15,43,source_jitter,-1.00568374e-05
D5d3de729492d2da0,allbursts,return,3_15,25,dvv,0.0002
D7663f7b652f758bd,allbursts,return,3_15,33,dvv,0.0005
D7aa1f664df06d73b,allbursts,return,3_15,16,dvv,-0.005
D1c5dc888231a8e98,allbursts,return,3_15,8,dvv,0.0001
D3d1f6799ac5a4f89,allbursts,return,3_15,20,dvv,0.002
D0631b99cf916150c,allbursts,return,3_15,22,dvv,-0.002
D1792a3f137298b29,allbursts,return,3_15,12,dvv,0.01
D0550e90d3a60eec6,allbursts,return,3_15,36,dvv,-0.0001
D72e01cc203d9ea15,allbursts,return,3_15,31,dvv,0.0001
D38a4a031769d5bf6,allbursts,return,3_15,6,dvv,-0.0005
D0747c8319239655e,allbursts,return,3_15,9,dvv,-0.01
D4fb9319a5fd4a6d8,allbursts,return,3_15,12,source_jitter,0.00055731666
D71e0383d0dc516b8,allbursts,return,3_15,12,dvv,-0.0005
D7407e4bf6cd3bdb0,allbursts,return,3_15,42,dvv,0
D23358792c2a689a4,allbursts,return,3_15,31,dvv,0.005
D57fdd78af1598991,allbursts,return,3_15,28,dvv,-0.0002
D6c72ed534d3c5659,allbursts,return,3_15,36,dvv,-0.001
D27dc82a9242a04d5,allbursts,return,3_15,14,dvv,0.005
D1fd581a1fc9a3818,allbursts,return,3_15,5,dvv,0.0005
D03d2888451e6d37f,allbursts,return,3_15,10,dvv,0.005
D26864d85b6c7d066,allbursts,return,3_15,16,constant_shift,0.005
D54cba1fa7e67c245,allbursts,return,3_15,18,source_jitter,-0.000309761289
D360ea6ea837b1de7,allbursts,return,3_15,26,dvv,0.0001
D0b11d82b417ab82e,allbursts,return,3_15,23,dvv,-0.001
D7c47e98af7309222,allbursts,return,3_15,45,dvv,0.0002
D773ec7f091547f78,allbursts,return,3_15,41,dvv,0.0002
D4e509fc8780b8b02,allbursts,return,3_15,41,dvv,-0.0002
D3f7484d7f43a5baa,allbursts,return,3_15,18,dvv,0.001
D5809de8944295651,allbursts,return,3_15,16,dvv,0.0002
D51e6d270cdffdb44,allbursts,return,3_15,10,dvv,-0.0001
D12b73caa6b4479ab,allbursts,return,3_15,24,dvv,0.002
D729964d3476240b2,allbursts,return,3_15,2,dvv,0.001
D114e6d23b083d9c2,allbursts,return,3_15,18,dvv,-0.0001
D05c81783524972f0,allbursts,return,3_15,17,dvv,0.0001
D1066b85acf28c2e4,allbursts,return,3_15,8,dvv,0.01
D2f529320e23607e2,allbursts,return,3_15,9,dvv,-0.001
D1deca10236c37a03,allbursts,return,3_15,16,dvv,0.01
D78f0a114a57f99e1,allbursts,return,3_15,3,dvv,0.002
D45a1bac8cec43b45,allbursts,return,3_15,3,constant_shift,0.005
D5e7b0ae438013b1d,allbursts,return,3_15,43,dvv,-0.0005
D02914893b88fb172,allbursts,return,3_15,11,constant_shift,0.005
D274fa4c38e17e64f,allbursts,return,3_15,13,dvv,-0.002
D394deab96cb5b5d7,allbursts,return,3_15,23,dvv,0.0002
D3ca45e6ca46ff448,allbursts,return,3_15,29,dvv,-0.0001
D0894c57ca69b9eb1,allbursts,return,3_15,18,dvv,0.01
D4ac806cbd1647df3,allbursts,return,3_15,36,dvv,-0.0002
D03cf3721f40ce3b4,allbursts,return,3_15,41,dvv,0.0001
D20a9efb099abecbd,allbursts,return,3_15,41,dvv,0
D4409e24cc8bd5976,allbursts,return,3_15,6,constant_shift,0.005
D017fc823e7f05efc,allbursts,return,3_15,27,dvv,0.002
D7463bf6763ad0c4a,allbursts,return,3_15,16,dvv,-0.0002
D7d0aa8f0e30783bd,allbursts,return,3_15,5,dvv,-0.0002
D6a1c07b14ccd7069,allbursts,return,3_15,9,dvv,-0.0002
D2117f95d90432297,allbursts,return,3_15,21,source_jitter,0.000223491171
D107c36a46e2df9d8,allbursts,return,3_15,40,dvv,0.01
D790b88c17e8f6b6f,allbursts,return,3_15,33,dvv,0.002
D1e292d19fe3f9f63,allbursts,return,60_120,4,dvv,0.001
D384143f13f3a7838,allbursts,return,60_120,8,dvv,-0.01
D0113dbdefc1b5fef,allbursts,return,60_120,3,dvv,0
D0c9035db9eb55795,allbursts,return,60_120,7,dvv,-0.005
D3b3e15526c9e23f8,allbursts,return,60_120,7,dvv,-0.01
D64d464fafecd98f3,allbursts,return,60_120,14,dvv,-0.0001
D0c96a5604fdc0b94,allbursts,return,60_120,45,dvv,0.001
D0d6e3a9125e57c2e,allbursts,return,60_120,40,dvv,0.002
D3eab4c12490825c2,allbursts,return,60_120,9,dvv,-0.005
D437b366a67553237,allbursts,return,60_120,25,dvv,0.0005
D141a37aecb7bb929,allbursts,return,60_120,8,dvv,0.001
D0c8038c68255d728,allbursts,return,60_120,41,constant_shift,0.005
D0d3208f443d4f946,allbursts,return,60_120,24,dvv,0.0001
D565e5dfac81353d2,allbursts,return,60_120,41,dvv,-0.0002
D08462bddf316ae11,allbursts,return,60_120,2,dvv,-0.001
D77e24f04aa2da964,allbursts,return,60_120,42,dvv,0.002
D3dd835485122e8ec,allbursts,return,60_120,5,dvv,-0.01
D4fc8273b4556dd99,allbursts,return,60_120,18,dvv,-0.01
D7332d6a5be5668ed,allbursts,return,60_120,33,dvv,0.0005
D348a2671250de7c9,allbursts,return,60_120,34,constant_shift,0.005
D4194e7352e79387a,allbursts,return,60_120,14,dvv,0.005
D0d062342c22d8303,allbursts,return,60_120,37,dvv,0.0005
D76627052d894b8df,allbursts,return,60_120,31,dvv,0.01
D2b9feb9b2887f576,allbursts,return,60_120,30,dvv,0.0001
D7d87518dd56a815b,allbursts,return,60_120,14,dvv,0.001
D2dcc0ea98d498563,allbursts,return,60_120,39,dvv,-0.01
D22c55dcc3bebb7f0,allbursts,return,60_120,29,dvv,0.005
D04b12ceb0d8ee669,allbursts,return,60_120,13,dvv,0.0001
D0fb8dbce239ee503,allbursts,return,60_120,44,dvv,-0.0002
D3c0cc3cb9f254152,allbursts,return,60_120,22,dvv,0.0005
D047fd992e8c28f60,allbursts,return,60_120,44,dvv,0.002
D0cee80c685b20f85,allbursts,return,60_120,37,dvv,-0.005
D37f2190375f8f670,allbursts,return,60_120,4,dvv,0.01
D2066dc0f9a27f8a3,allbursts,return,60_120,44,dvv,0.01
D39a81d997620a638,allbursts,return,60_120,21,dvv,-0.005
D140f02bd5ec7fdd9,allbursts,return,60_120,29,dvv,0.0001
D6826ac129fd097ab,allbursts,return,60_120,16,dvv,0.002
D3dabcfacd7d77417,allbursts,return,60_120,23,dvv,-0.01
D41095fb4e5a7b898,allbursts,return,60_120,21,dvv,0.0005
D09070fc4d9410f56,allbursts,return,60_120,35,dvv,0.0005
D1d99220a415927e9,allbursts,return,60_120,22,dvv,-0.0002
D6101f0a675368ab7,allbursts,return,60_120,0,dvv,0.01
D07197cf91d085d86,allbursts,return,60_120,27,dvv,0.0002
D1ef10414e73ed2f4,allbursts,return,60_120,2,dvv,0.0005
D5ff5db8c4a24641c,allbursts,return,60_120,26,source_jitter,1.23006191e-05
D039bfa187ba5f44b,allbursts,return,60_120,14,dvv,0.0005
D0a232f1c4154908c,allbursts,return,60_120,34,dvv,0.0001
D422d06d8c5a638eb,allbursts,return,60_120,22,dvv,-0.005
D4d8418bc657dc70b,allbursts,return,60_120,9,dvv,0
D265986b9fd79d989,allbursts,return,60_120,39,dvv,0.005
D7789ba424f89f59c,allbursts,return,60_120,26,dvv,-0.0001
D3c9e68d73bfabefe,allbursts,return,60_120,33,dvv,0
D63161ff7102821af,allbursts,return,60_120,15,source_jitter,-0.000302936247
D6230b18e670b3243,allbursts,return,60_120,14,dvv,0
D4c49d179dbb52367,allbursts,return,60_120,14,dvv,-0.0002
D48f2e55aaf5efdcf,allbursts,return,60_120,31,constant_shift,0.005
D0b57ca749b30743e,allbursts,return,60_120,8,dvv,0.002
D6ac6554e1fc1017f,allbursts,return,60_120,27,dvv,0.01
D4eee5085d0d2508b,allbursts,return,60_120,5,dvv,0.0002
D09241c13e72db5f8,allbursts,return,60_120,6,dvv,0.001
D00198ab450fc919a,allbursts,return,60_120,30,dvv,-0.002
D56c9e7ca888436c8,allbursts,return,60_120,21,dvv,0.001
D392a9243b47c3bab,allbursts,return,60_120,3,source_jitter,0.000293517948
D7c7f7de1c7314f48,allbursts,return,60_120,27,dvv,-0.001
D5017098708a56728,allbursts,return,60_120,32,dvv,-0.0002
D6d08c62083e8b542,allbursts,return,60_120,21,dvv,-0.01
D268ae67535171011,allbursts,return,60_120,25,dvv,0.005
D67313fbb75acb00f,allbursts,return,60_120,41,source_jitter,-0.000551278317
D3427917ff545b5c7,allbursts,return,60_120,18,source_jitter,0.000127197826
D79c4d16816b309e6,allbursts,return,60_120,21,dvv,0.0002
D73b065618bb699bd,allbursts,return,60_120,11,dvv,0.0001
D7473c5c6e4230581,allbursts,return,60_120,19,dvv,-0.002
D6442330e7182c34e,allbursts,return,60_120,23,dvv,-0.0005
D6b1a37a95429cd47,allbursts,return,60_120,44,dvv,-0.002
D38bd94f581bb3742,allbursts,return,60_120,33,dvv,-0.001
D2df37e248171255c,allbursts,return,60_120,34,dvv,0.002
D2aad35b025e08862,allbursts,return,60_120,16,dvv,-0.0002
D5318f98eb8075a38,allbursts,return,60_120,43,dvv,-0.0001
D45030d2a3e503c5f,allbursts,return,60_120,20,dvv,0
D30d838777ba5d45b,allbursts,return,60_120,33,dvv,-0.005
D495b16005d4dc8a7,allbursts,return,60_120,13,source_jitter,-0.000285675113
D66712e91d5dabba1,allbursts,return,60_120,9,dvv,-0.0001
D4ae90f6c7cb3d043,allbursts,return,60_120,19,dvv,-0.005
D0609b170b30337f4,allbursts,return,60_120,2,dvv,-0.002
D73657ad8a6986ae2,allbursts,return,60_120,27,dvv,0.0001
D737119768875b4a0,allbursts,return,60_120,6,dvv,-0.002
D557451fa6f7a0b2e,allbursts,return,60_120,25,dvv,-0.001
D56ede45c0d9a56d1,allbursts,return,60_120,23,dvv,0.0001
D2684957f8be93ccc,allbursts,return,60_120,22,dvv,-0.0001
D1550920ecba0abbc,allbursts,return,60_120,26,constant_shift,0.005
D2b97a7caa209c6e3,allbursts,return,60_120,1,dvv,0.005
D6109b0ec628eab69,allbursts,return,60_120,2,dvv,0.0002
D03ed1d7b9a1f78cd,allbursts,return,60_120,33,dvv,0.002
D49ea69a087c46307,allbursts,return,60_120,17,source_jitter,0.000330305548
D32607bddfc098cf0,allbursts,return,60_120,19,source_jitter,0.000318363157
D081774af3fa84619,allbursts,return,60_120,19,dvv,-0.01
D41fc71e97b62f648,allbursts,return,60_120,45,dvv,-0.001
D05e46a8b946394af,allbursts,return,60_120,30,dvv,0.002
D58116906132782c2,allbursts,return,60_120,0,dvv,0.0005
D42021da824286364,allbursts,return,60_120,29,dvv,-0.0002
D19fc54d2b9057e04,allbursts,return,60_120,22,dvv,0.005
D32ec856b7f0cbd4b,allbursts,return,60_120,6,constant_shift,0.005
D675b919c4cdb804c,allbursts,return,60_120,35,dvv,-0.0001
D00d04c9d2fed14fa,allbursts,return,60_120,24,source_jitter,-0.000134980323
D4e551c460cb26377,allbursts,return,60_120,3,dvv,0.002
D5453227320d3e557,allbursts,return,60_120,1,dvv,0.0001
D6afd4ba652afe97c,allbursts,return,60_120,29,dvv,-0.002
D3a5174fb2262521b,allbursts,return,60_120,15,dvv,0
D4cb053f68957a281,allbursts,return,60_120,18,dvv,0.01
D0d8a355b363f0414,allbursts,return,60_120,2,dvv,0.002
D0ae3e4463b75ebfd,allbursts,return,60_120,28,dvv,0.0005
D148b25f92327f16d,allbursts,return,60_120,21,dvv,-0.001
D3da937356fa661a8,allbursts,return,60_120,22,dvv,0.001
D10321136dd1df320,allbursts,return,60_120,29,dvv,0.002
D71fef56fa0e62c6b,allbursts,return,60_120,38,dvv,0.005
D47fc4d06248241de,allbursts,return,60_120,34,dvv,0.0002
D2231c6d25263c61e,allbursts,return,60_120,12,dvv,-0.0001
D404663f56bda1bda,allbursts,return,60_120,2,dvv,0.01
D3b415a60841dc39b,allbursts,return,60_120,24,constant_shift,0.005
D49299b91db7277b3,allbursts,return,60_120,35,dvv,0.001
D6503738f3fb50e4b,allbursts,return,60_120,11,constant_shift,0.005
D22f3bd20588cd190,allbursts,return,60_120,3,dvv,0.0001
D7aa348aff2bf4f0d,allbursts,return,60_120,28,dvv,-0.0001
D458a68f4cb126367,allbursts,return,60_120,34,dvv,0.0005
D6e8b06bec0fa92da,allbursts,return,60_120,3,constant_shift,0.005
D02b2f9135b46eadf,allbursts,return,60_120,12,dvv,0.005
D28067b9836a0caca,allbursts,return,60_120,5,dvv,-0.0005
D15cab0f91bcb943d,allbursts,return,60_120,1,dvv,0.002
D4ad478b26d03f559,allbursts,return,60_120,41,dvv,0.002
D23d2c23bb9090a65,allbursts,return,60_120,36,dvv,0.01
D0dc62a7e086490b5,allbursts,return,60_120,37,dvv,-0.002
D7b39a2a079e0a7b8,allbursts,return,60_120,23,dvv,0.002
D3e1d1a9b8f85d721,allbursts,return,60_120,19,dvv,0.002
D748901a232fb982d,allbursts,return,60_120,30,source_jitter,0.00017393004
D14cdd847512468cf,allbursts,return,60_120,32,dvv,-0.001
D0fa3e56f5d2fd691,allbursts,return,60_120,31,dvv,-0.0002
D69cc3f04fe432046,allbursts,return,60_120,27,dvv,0
D5861dc6d37218a3f,allbursts,return,60_120,5,dvv,0.002
D4c5035fda9581a0b,allbursts,return,60_120,27,dvv,0.002
D4f6ff49f89c4831e,allbursts,return,60_120,20,dvv,0.0005
D5b72f865cd0968cf,allbursts,return,60_120,10,dvv,-0.001
D03277ed6110cbc54,allbursts,return,60_120,34,dvv,-0.01
D0c1f7d6990b9459a,allbursts,return,60_120,10,dvv,-0.005
D5d8a32297ebd4b66,allbursts,return,60_120,29,dvv,-0.0001
D26a63230f8a7972b,allbursts,return,60_120,1,dvv,0
D21833aff8154b077,allbursts,return,60_120,18,constant_shift,0.005
D4824fd9258ed6f60,allbursts,return,60_120,19,dvv,0.0002
D78921bdd1615bba3,allbursts,return,60_120,39,dvv,0.001
D22995fcaf404589e,allbursts,return,60_120,38,dvv,0.0002
D2c10778a7e41fed6,allbursts,return,60_120,41,dvv,-0.01
D1035a66e4179a84a,allbursts,return,60_120,18,dvv,0.002
D3fa75ff0db408bb2,allbursts,return,60_120,24,dvv,-0.005
D718992850e558761,allbursts,return,60_120,19,dvv,-0.0001
D13a407461fa30602,allbursts,return,60_120,42,dvv,-0.0005
D62e1faefef3f299f,allbursts,return,60_120,17,dvv,0.001
D1e613b6a72bc913c,allbursts,return,60_120,37,constant_shift,0.005
D04f7465af6bb97e5,allbursts,return,60_120,11,dvv,0.01
D2cac7f4453389e2c,allbursts,return,60_120,31,dvv,-0.0001
D3b23987647ddec06,allbursts,return,60_120,7,dvv,0.0002
D5062f4573edad7e2,allbursts,return,60_120,43,dvv,-0.0002
D027835a7c3b407b3,allbursts,return,60_120,39,dvv,-0.0001
D606d656ab6fb53f7,allbursts,return,60_120,31,dvv,-0.002
D55e7b912905955fa,allbursts,return,60_120,39,dvv,0.002
D0bbe74d031d73404,allbursts,return,60_120,12,constant_shift,0.005
D26fc77a8ada09fa6,allbursts,return,60_120,15,dvv,0.0005
D06aa54d692a87750,allbursts,return,60_120,8,dvv,-0.0001
D40831a7261d27d27,allbursts,return,60_120,9,source_jitter,-0.000166641922
D320723a12c4e696a,allbursts,return,60_120,8,dvv,0.0002
D4fc01ea21ff6c05d,allbursts,return,60_120,45,dvv,0.0005
D453522ac14ac6247,allbursts,return,60_120,17,dvv,-0.01
D3654f4d06cac96c2,allbursts,return,60_120,23,dvv,0.0005
D16142c4bcc61fc7f,allbursts,return,60_120,20,dvv,0.001
D2a5dc52b17e2f556,allbursts,return,60_120,44,dvv,-0.0005
D519563c4e015f3eb,allbursts,return,60_120,38,dvv,-0.0005
D2f55168d3040e879,allbursts,return,60_120,45,dvv,-0.002
D00616a03f98f7ac9,allbursts,return,60_120,14,source_jitter,-4.9338754e-05
D7891c5d7e957c50f,allbursts,return,60_120,6,dvv,0
D71be6bd8595d3f75,allbursts,return,60_120,0,dvv,0.0002
D0d7f76067626c6f2,allbursts,return,60_120,32,dvv,-0.005
D088a3e50747390b0,allbursts,return,60_120,17,dvv,0.0005
D66b49d8a58a8fdb3,allbursts,return,60_120,9,dvv,-0.01
D253251b2b5271963,allbursts,return,60_120,10,dvv,-0.0001
D702e067eb117ac90,allbursts,return,60_120,43,dvv,0.002
D019a047d191f6a24,allbursts,return,60_120,2,dvv,0
D06750085230f78f9,allbursts,return,60_120,43,dvv,-0.002
D1124a0b02de889aa,allbursts,return,60_120,42,dvv,-0.0001
D16f09bdad5d8b33f,allbursts,return,60_120,13,dvv,0
D4de1733dbd90a230,allbursts,return,60_120,26,dvv,0.001
D357a9790d9b01309,allbursts,return,60_120,21,dvv,-0.0001
D1648d0e44ad74560,allbursts,return,60_120,10,dvv,-0.0005
D5493f24c7c011efe,allbursts,return,60_120,35,source_jitter,1.9250327e-05
D12f521cb5a0a19fd,allbursts,return,60_120,28,dvv,-0.001
D11e44d0d7aca3404,allbursts,return,60_120,0,constant_shift,0.005
D12f729d432e6408f,allbursts,return,60_120,6,dvv,-0.01
D27dcacb47c1981c1,allbursts,return,60_120,12,dvv,0.01
D629a89aa9b01e59d,allbursts,return,60_120,16,dvv,-0.0001
D68681cfe4946c8b0,allbursts,return,60_120,34,dvv,-0.001
D1fb6af228c7584f4,allbursts,return,60_120,15,dvv,-0.002
D4ed8d6225f6b2f30,allbursts,return,60_120,22,dvv,-0.0005
D04813eb79c928a51,allbursts,return,60_120,12,dvv,-0.0005
D31a9502a4813f5cb,allbursts,return,60_120,42,dvv,0.005
D34293868b6245213,allbursts,return,60_120,39,dvv,-0.0005
D2ac1244cba4d4c6e,allbursts,return,60_120,22,dvv,-0.002
D565c709763157c37,allbursts,return,60_120,6,dvv,0.0002
D4e7c028f792ec5ab,allbursts,return,60_120,45,dvv,-0.01
D0858b57cf0769b96,allbursts,return,60_120,38,dvv,0.002
D7cee1287398fd895,allbursts,return,60_120,23,dvv,-0.0002
D61e0f6815bf8f13d,allbursts,return,60_120,33,dvv,-0.0001
D71b1abdd7fed568f,allbursts,return,60_120,18,dvv,0
D1ab5508e412ebc0e,allbursts,return,60_120,13,dvv,-0.005
D3bdcc9639f2be3fc,allbursts,return,60_120,37,source_jitter,-0.000121168477
D5425491e2de3b952,allbursts,return,60_120,7,dvv,-0.001
D2c350c949af1e6cb,allbursts,return,60_120,28,dvv,0.0001
D31cef380b02d84a3,allbursts,return,60_120,21,dvv,-0.0005
D10afd4e2a3ec43ed,allbursts,return,60_120,12,dvv,-0.002
D4ad4f902a691df77,allbursts,return,60_120,16,dvv,0.005
D3a6ed63ed235380c,allbursts,return,60_120,16,dvv,-0.01
D68834fe0c8c04636,allbursts,return,60_120,38,dvv,-0.002
D5ffac60e3f5c7b2a,allbursts,return,60_120,43,dvv,-0.005
D2805199db5920f88,allbursts,return,60_120,42,dvv,-0.005
D76605398c1f1fd0b,allbursts,return,60_120,7,dvv,0.0005
D6e5674a3afb3f56d,allbursts,return,60_120,33,constant_shift,0.005
D28e23c21d6251a5d,allbursts,return,60_120,44,dvv,0.0001
D363d0cbfec3eb1a0,allbursts,return,60_120,37,dvv,-0.0005
D5cdeb88545e8135d,allbursts,return,60_120,11,dvv,-0.0001
D43fe9dff22ffbce8,allbursts,return,60_120,3,dvv,-0.01
D2caf10c576603d35,allbursts,return,60_120,2,dvv,-0.0001
D2f2a681b6ead75f8,allbursts,return,60_120,14,dvv,0.01
D6e9abe66e4932eb8,allbursts,return,60_120,39,dvv,0
D3f11b3e59ea8cd1b,allbursts,return,60_120,22,constant_shift,0.005
D78788bf3b5c831c0,allbursts,return,60_120,10,dvv,0.001
D367b4c1a4ee06567,allbursts,return,60_120,36,dvv,0.0002
D0ff7e35a752ffa71,allbursts,return,60_120,5,dvv,-0.002
D4d3ab8cee34ccedd,allbursts,return,60_120,25,dvv,0.0001
D5fb7eb0ef8444cfd,allbursts,return,60_120,6,dvv,-0.0002
D4f0198da42021f93,allbursts,return,60_120,35,dvv,-0.0002
D0540388cabae3f2e,allbursts,return,60_120,20,dvv,-0.0001
D662fc3869c40acd3,allbursts,return,60_120,2,dvv,0.001
D68bd90918ef94afb,allbursts,return,60_120,10,dvv,0.002
D0a32e7c63d7561a3,allbursts,return,60_120,17,dvv,-0.002
D28350b6c4e0928ff,allbursts,return,60_120,40,dvv,-0.002
D0f25dd55104048ff,allbursts,return,60_120,42,constant_shift,0.005
D2bebf0e448b6bdc1,allbursts,return,60_120,16,dvv,0.0001
D19e309dd1bce7a56,allbursts,return,60_120,32,dvv,0.01
D06a99e82b41ad5e3,allbursts,return,60_120,30,dvv,0.001
D419b7eaf68f09be8,allbursts,return,60_120,17,dvv,0.002
D74d180d1423806f5,allbursts,return,60_120,15,dvv,-0.005
D7dc257f57dea6d69,allbursts,return,60_120,35,dvv,0
D02e16144f55fe24a,allbursts,return,60_120,0,dvv,0.0001
D0fb107a3c5a51696,allbursts,return,60_120,18,dvv,-0.005
D654984fbf26d0e62,allbursts,return,60_120,18,dvv,-0.001
D36cee7a56ab755f3,allbursts,return,60_120,1,dvv,-0.002
D247bb61fc1b71fc5,allbursts,return,60_120,42,dvv,0.0005
D31821144a9856854,allbursts,return,60_120,30,dvv,0.01
D2f0bef31956e2914,allbursts,return,60_120,30,constant_shift,0.005
D0d2868f5ea5af127,allbursts,return,60_120,9,dvv,0.0001
D03a7d04a28c07c40,allbursts,return,60_120,44,dvv,-0.01
D08b80c7d791092b0,allbursts,return,60_120,4,dvv,-0.0002
D0fc4859bc5bcef26,allbursts,return,60_120,10,dvv,-0.0002
D5a02f911e5386a11,allbursts,return,60_120,36,dvv,0.002
D5871cddf8e8f19d6,allbursts,return,60_120,33,dvv,-0.002
D6fa6574ff4966319,allbursts,return,60_120,31,dvv,0.005
D78380260635a0ba9,allbursts,return,60_120,26,dvv,0.0005
D66e65b35b65cc95e,allbursts,return,60_120,4,dvv,0.0001
D5b223b149ab0eb91,allbursts,return,60_120,23,dvv,0.01
D3a06ee23bfec14f1,allbursts,return,60_120,23,dvv,-0.005
D6177a311926786f9,allbursts,return,60_120,25,dvv,-0.0005
D30010e61031f23a5,allbursts,return,60_120,21,constant_shift,0.005
D620efb2893cf3677,allbursts,return,60_120,5,dvv,0.0005
D2057fba55f00f3aa,allbursts,return,60_120,33,dvv,0.005
D6f5669ecd89cab10,allbursts,return,60_120,1,constant_shift,0.005
D7a28805cbdcbfb4a,allbursts,return,60_120,7,dvv,0.0001
D3159517396f3820e,allbursts,return,60_120,17,dvv,0
D10a4f986afa5ae76,allbursts,return,60_120,40,dvv,-0.005
D309f816455636ee3,allbursts,return,60_120,41,dvv,0.01
D4eabcd19897bc9aa,allbursts,return,60_120,7,dvv,0.01
D3d648a30e244f389,allbursts,return,60_120,31,dvv,-0.0005
D5e92ac3af1fe2d28,allbursts,return,60_120,26,dvv,0.0001
D03a95f57aa6be065,allbursts,return,60_120,20,dvv,0.0002
D687c9fe322f4e9fd,allbursts,return,60_120,28,dvv,0.001
D5cc36b4cb784f61b,allbursts,return,60_120,25,dvv,0.002
D35cbf424a9ef329b,allbursts,return,60_120,30,dvv,0.005
D6ec41e97d0b706bf,allbursts,return,60_120,44,dvv,0.001
D5fd446e282707a74,allbursts,return,60_120,0,dvv,-0.0005
D31b8918571e87f78,allbursts,return,60_120,4,source_jitter,8.3287407e-05
D11d1e1ea0370604e,allbursts,return,60_120,37,dvv,0.01
D11be217e0812bfb5,allbursts,return,60_120,1,source_jitter,0.000415716107
D01ba5fae863b62a6,allbursts,return,60_120,26,dvv,-0.001
D310c2d59c2bae163,allbursts,return,60_120,8,dvv,-0.002
D6b006a2b4d0ece84,allbursts,return,60_120,45,source_jitter,-0.000245060948
D40f1467af360679f,allbursts,return,60_120,24,dvv,-0.0005
D6cb689260cc31af6,allbursts,return,60_120,15,dvv,0.001
D73d2d1a6ff4f0627,allbursts,return,60_120,9,dvv,-0.002
D27c044da5dba3326,allbursts,return,60_120,29,dvv,0.01
D213453ea34235170,allbursts,return,60_120,36,dvv,-0.002
D142df133e20eec12,allbursts,return,60_120,13,dvv,0.01
D72a9d90f58d4d5bc,allbursts,return,60_120,36,dvv,-0.0005
D5f48a2cb512a7001,allbursts,return,60_120,37,dvv,-0.001
D41eeec04d5af05f4,allbursts,return,60_120,23,dvv,-0.0001
D2a1ed90c5b8aa0df,allbursts,return,60_120,16,dvv,0.0005
D1f19a0dcb68d8d86,allbursts,return,60_120,11,dvv,0.0005
D43fe64ca0ec3ef1a,allbursts,return,60_120,30,dvv,0.0002
D38a11b83ffb33014,allbursts,return,60_120,0,dvv,-0.0001
D27d9c2c7497db8c7,allbursts,return,60_120,35,dvv,-0.001
D62abbf4242241e5e,allbursts,return,60_120,8,dvv,0.01
D159c085ad96fbcdd,allbursts,return,60_120,2,dvv,-0.01
D21b2a8060593d2cd,allbursts,return,60_120,26,dvv,-0.01
D27fcb7b943baef24,allbursts,return,60_120,27,dvv,0.005
D70958ff7f33466a2,allbursts,return,60_120,12,dvv,0.0001
D0db7884e871d0ea8,allbursts,return,60_120,12,dvv,-0.01
D117c2e11a2eb01a4,allbursts,return,60_120,9,dvv,0.001
D5be1adc556230e08,allbursts,return,60_120,4,dvv,-0.001
D4a012e18aa1f4463,allbursts,return,60_120,28,dvv,0.002
D6f2489ad9b4058d4,allbursts,return,60_120,20,constant_shift,0.005
D52e8c9da33aa0c33,allbursts,return,60_120,42,dvv,-0.001
D6e92862a3895fcc7,allbursts,return,60_120,12,dvv,0.002
D3a431fd33ec2ba97,allbursts,return,60_120,0,dvv,0
D2388b804c40faf40,allbursts,return,60_120,40,dvv,-0.001
D69d8945556cf6c8c,allbursts,return,60_120,25,dvv,0
D462f8b40777d3999,allbursts,return,60_120,40,dvv,0.0005
D5f363613627522c7,allbursts,return,60_120,27,dvv,-0.01
D517a2095da06676f,allbursts,return,60_120,1,dvv,-0.005
D49822e4cef52c83b,allbursts,return,60_120,22,dvv,-0.001
D5aa794a5652c0c73,allbursts,return,60_120,4,dvv,-0.002
D4d75d4b835420eee,allbursts,return,60_120,3,dvv,0.005
D2af9ed673086cd09,allbursts,return,60_120,15,dvv,0.002
D2608075a9f54046e,allbursts,return,60_120,4,constant_shift,0.005
D783143670f60acdc,allbursts,return,60_120,24,dvv,-0.001
D779c0ef8e2d936e3,allbursts,return,60_120,45,dvv,0
D29ba54ffb7bf2555,allbursts,return,60_120,23,dvv,0
D022af8c273ce733a,allbursts,return,60_120,36,dvv,-0.0002
D3a0f6a76dc55af70,allbursts,return,60_120,41,dvv,-0.0001
D7947d13d56f6cea0,allbursts,return,60_120,11,dvv,0.002
D4bc150eb9666d5e5,allbursts,return,60_120,45,constant_shift,0.005
D6929b338f0b0afa6,allbursts,return,60_120,40,dvv,0.0002
D780af91bc646052f,allbursts,return,60_120,9,dvv,-0.001
D58b5718f74cc772c,allbursts,return,60_120,19,dvv,0
D09bc23dad81b4084,allbursts,return,60_120,23,dvv,-0.001
D1d6183da9d6900c6,allbursts,return,60_120,43,dvv,-0.0005
D3e9be4a040eb8478,allbursts,return,60_120,33,source_jitter,8.67582008e-05
D56183b5ac19da274,allbursts,return,60_120,9,dvv,0.0002
D0b26e35c52958207,allbursts,return,60_120,29,constant_shift,0.005
D7fa4788d721e6f35,allbursts,return,60_120,5,dvv,-0.0002
D2aacc0c678457db2,allbursts,return,60_120,34,dvv,-0.002
D088d222dc656acfd,allbursts,return,60_120,14,constant_shift,0.005
D549009ac86b7ec60,allbursts,return,60_120,2,source_jitter,0.00027782055
D605494babbb71adb,allbursts,return,60_120,13,dvv,-0.0002
D410af2ca8ddec907,allbursts,return,60_120,44,source_jitter,7.08256446e-05
D3596544c38b39148,allbursts,return,60_120,20,dvv,0.002
D58e18fa3ee935cbc,allbursts,return,60_120,42,dvv,-0.002
D2022365d7bded5af,allbursts,return,60_120,4,dvv,-0.01
D44614663252f9bcf,allbursts,return,60_120,32,dvv,-0.002
D0acdfdcdc5244e4d,allbursts,return,60_120,21,dvv,-0.002
D5cf29ab8231c6db0,allbursts,return,60_120,34,dvv,-0.0002
D5e9f6c1c547a8190,allbursts,return,60_120,35,dvv,-0.005
D52d52d0b042a9e06,allbursts,return,60_120,3,dvv,0.0002
D63923d2f9b80ce99,allbursts,return,60_120,10,dvv,0
D006dce3285ffbd30,allbursts,return,60_120,26,dvv,-0.0005
D63b54e53635675a5,allbursts,return,60_120,31,dvv,0.001
D19af4d54b057ff06,allbursts,return,60_120,19,dvv,0.001
D6b2cacd082381b07,allbursts,return,60_120,13,dvv,0.001
D114e9426a4f48c5f,allbursts,return,60_120,5,dvv,-0.001
D1c2574aa0ac27f35,allbursts,return,60_120,26,dvv,0.005
D2208e1c7d2aabdb9,allbursts,return,60_120,29,dvv,-0.0005
D0a164f1a410155e5,allbursts,return,60_120,9,dvv,0.01
D193ad5962e60dd09,allbursts,return,60_120,25,dvv,-0.0002
D7e30006562d784d7,allbursts,return,60_120,7,dvv,0.001
D51c032122822a9c2,allbursts,return,60_120,9,constant_shift,0.005
D19b702b34f35259a,allbursts,return,60_120,44,dvv,0.0002
D45c62b99fabc8b3a,allbursts,return,60_120,22,dvv,0
D418fd34df66b3f9e,allbursts,return,60_120,21,dvv,-0.0002
D1f4c38795f9b7d33,allbursts,return,60_120,44,constant_shift,0.005
D4667ae569fa87e98,allbursts,return,60_120,41,dvv,-0.0005
D13cb498b41aaffc1,allbursts,return,60_120,16,dvv,0.0002
D6417e532c8cd48bd,allbursts,return,60_120,37,dvv,0.0002
D4ceace7051403b75,allbursts,return,60_120,9,dvv,0.005
D22a6cbcdf4e6536b,allbursts,return,60_120,41,dvv,-0.005
D27f3e2df910a3380,allbursts,return,60_120,39,dvv,0.0002
D2d202db405deae29,allbursts,return,60_120,38,source_jitter,0.000337208158
D20de802a45f4be48,allbursts,return,60_120,35,dvv,0.005
D4a9c6d6ded4e9432,allbursts,return,60_120,1,dvv,0.001
D29630aa928e2b927,allbursts,return,60_120,24,dvv,0
D61ff74085043f11b,allbursts,return,60_120,30,dvv,-0.001
D31213b0e93a542b5,allbursts,return,60_120,14,dvv,-0.001
D6de7bddb2da6441b,allbursts,return,60_120,2,dvv,0.0001
D7a6d18c20ea89ca2,allbursts,return,60_120,36,dvv,0.001
D43330727a5b136f8,allbursts,return,60_120,19,dvv,-0.0005
D05bbdc14df6a3e7a,allbursts,return,60_120,7,dvv,0.002
D1badcc5d3824972b,allbursts,return,60_120,1,dvv,-0.0001
D0121ad3299e2399c,allbursts,return,60_120,13,dvv,0.005
D03ce572dda7feb75,allbursts,return,60_120,8,dvv,-0.0005
D03e437d0c346db27,allbursts,return,60_120,27,dvv,0.001
D5b4968e27e73b60f,allbursts,return,60_120,36,dvv,-0.005
D038640ee9e9211de,allbursts,return,60_120,7,source_jitter,-0.000509506965
D6487ca3df9ee7048,allbursts,return,60_120,9,dvv,-0.0002
D6d0473e97e07565a,allbursts,return,60_120,31,dvv,0.0001
D314583611ea2c6ff,allbursts,return,60_120,45,dvv,0.0002
D2d3b8d10a9a00b3d,allbursts,return,60_120,36,dvv,-0.001
D0a7c9fccd376cd0f,allbursts,return,60_120,4,dvv,0
D21b5809f3c4eb85b,allbursts,return,60_120,8,dvv,-0.005
D2348a684e95599a8,allbursts,return,60_120,27,dvv,-0.005
D4dca2661a40ff380,allbursts,return,60_120,6,dvv,-0.0005
D4bf1a77108a33d44,allbursts,return,60_120,29,dvv,-0.005
D3f4c96d8c6ea0857,allbursts,return,60_120,41,dvv,0.0002
D21c106c44d6579b0,allbursts,return,60_120,0,dvv,-0.01
D4eaa313ece55c6d9,allbursts,return,60_120,19,constant_shift,0.005
D02bd63fea404f963,allbursts,return,60_120,21,dvv,0.01
D25adc31bb547e3a1,allbursts,return,60_120,10,dvv,0.005
D260f375258aa4679,allbursts,return,60_120,23,dvv,0.0002
D3236459409eec7c6,allbursts,return,60_120,2,dvv,-0.0005
D3ee26a2abbc87276,allbursts,return,60_120,28,source_jitter,6.08735145e-05
D066ed6b43e41b92c,allbursts,return,60_120,32,source_jitter,0.000204832187
D50e17bfae4c90138,allbursts,return,60_120,39,dvv,-0.002
D72de84967f07fba2,allbursts,return,60_120,11,dvv,0.005
D49bc12d7f8d9a5c4,allbursts,return,60_120,7,dvv,-0.0002
D7c36113302176721,allbursts,return,60_120,43,dvv,-0.01
D129069ac3efee569,allbursts,return,60_120,13,dvv,-0.001
D595810fb43dec2d0,allbursts,return,60_120,18,dvv,-0.0005
D3b82be1fd00df6ab,allbursts,return,60_120,35,constant_shift,0.005
D2436554800f9dc1c,allbursts,return,60_120,5,dvv,0
D568fed84e218c989,allbursts,return,60_120,31,dvv,0
D6cc5dbf308ff3e3e,allbursts,return,60_120,15,dvv,-0.0001
D447eeb79b579dc47,allbursts,return,60_120,19,dvv,0.01
D5f5689ab18663097,allbursts,return,60_120,3,dvv,-0.0001
D4f9410480d62f8df,allbursts,return,60_120,24,dvv,0.002
D36a9a78671f18f35,allbursts,return,60_120,21,dvv,0.005
D1a5e6d56ca2aa3c7,allbursts,return,60_120,0,dvv,0.001
D5f072f8916c13753,allbursts,return,60_120,11,dvv,0
D39aad7ee4ee7cfce,allbursts,return,60_120,33,dvv,-0.01
D0c98de912d2383b2,allbursts,return,60_120,28,dvv,0.005
D1f9ab44b76a243e1,allbursts,return,60_120,17,dvv,0.005
D5f7f6e7a29225d4e,allbursts,return,60_120,27,dvv,-0.002
D4432f0648e592349,allbursts,return,60_120,36,dvv,0.0005
D7104e892bac7bd80,allbursts,return,60_120,7,dvv,-0.0001
D41e3fdb3eeccae34,allbursts,return,60_120,8,dvv,0.0001
D78ab086a091519c1,allbursts,return,60_120,38,dvv,-0.005
D28e4c1c77abcf8f8,allbursts,return,60_120,14,dvv,-0.002
D6f841dbfae59395c,allbursts,return,60_120,12,dvv,0.001
D2f12e39bc9e82e7f,allbursts,return,60_120,29,dvv,0.001
D3729dd6fde3b3175,allbursts,return,60_120,30,dvv,0
D00328cdeaab3e962,allbursts,return,60_120,20,dvv,-0.001
D17e3daccede50450,allbursts,return,60_120,12,dvv,0.0005
D5ba586507cab7702,allbursts,return,60_120,38,dvv,0.001
D1bd0e79c5837560f,allbursts,return,60_120,33,dvv,0.01
D4f6044a229023887,allbursts,return,60_120,6,dvv,-0.005
D2d5c54bc70e99e5f,allbursts,return,60_120,17,dvv,-0.0005
D4df3f441a16c503f,allbursts,return,60_120,40,dvv,-0.0001
D7b09df2d9d726ef4,allbursts,return,60_120,39,dvv,0.01
D44417aff2cfc2e21,allbursts,return,60_120,40,dvv,0.005
D53da46017a3c0b75,allbursts,return,60_120,39,dvv,0.0001
D2de403a18c684adf,allbursts,return,60_120,34,dvv,0.005
D26aa6864a68fa275,allbursts,return,60_120,40,dvv,0.001
D78bc3cc0d85b7f7a,allbursts,return,60_120,37,dvv,0.005
D01c0720bd03b03d3,allbursts,return,60_120,39,constant_shift,0.005
D4469054f507eec04,allbursts,return,60_120,17,dvv,0.0001
D3b5498d06ced8da2,allbursts,return,60_120,19,dvv,0.0001
D7110aab26456c94f,allbursts,return,60_120,35,dvv,-0.01
D016d4fa1b7047616,allbursts,return,60_120,23,dvv,-0.002
D47181f498284f186,allbursts,return,60_120,4,dvv,0.005
D6b8b366628fb9586,allbursts,return,60_120,23,source_jitter,-0.000536702957
D37335ba55e03f001,allbursts,return,60_120,12,dvv,-0.001
D3c3293999925446b,allbursts,return,60_120,22,dvv,0.01
D127d953453e94dae,allbursts,return,60_120,43,dvv,0.0001
D0a54eb1c9afbb85b,allbursts,return,60_120,3,dvv,-0.002
D1d93c67b051720e5,allbursts,return,60_120,5,dvv,0.0001
D20471ccf01e39a5b,allbursts,return,60_120,40,source_jitter,-3.22629974e-05
D2df7715435f5300d,allbursts,return,60_120,10,dvv,0.0005
D7f451f4b93006114,allbursts,return,60_120,14,dvv,0.002
D21a4f7ece3df43b6,allbursts,return,60_120,36,dvv,-0.01
D76c122734a3752f7,allbursts,return,60_120,18,dvv,0.001
D01f9cebfa5724cf0,allbursts,return,60_120,13,dvv,-0.0005
D06c7762e91906823,allbursts,return,60_120,11,dvv,0.0002
D4f441ebb4976c419,allbursts,return,60_120,25,dvv,0.0002
D3ca9b2401751ebe5,allbursts,return,60_120,29,dvv,0.0002
D7484843c27894b41,allbursts,return,60_120,30,dvv,-0.0005
D5016f6acf86b0321,allbursts,return,60_120,6,dvv,-0.001
D693a355255a497cb,allbursts,return,60_120,3,dvv,0.01
D5ab04a3169f0e42a,allbursts,return,60_120,44,dvv,-0.001
D480cb51b0fc243f6,allbursts,return,60_120,18,dvv,0.0005
D034a16d09896bf5e,allbursts,return,60_120,24,dvv,0.005
D29c81c6451c79258,allbursts,return,60_120,18,dvv,0.0001
D6427ec3dae4ec3cc,allbursts,return,60_120,26,dvv,-0.005
D72d6f5fc8d7cda15,allbursts,return,60_120,13,dvv,-0.0001
D3229b16861919456,allbursts,return,60_120,36,constant_shift,0.005
D5802b17e48c10af1,allbursts,return,60_120,30,dvv,-0.005
D7bc9e65ce3a6bfb0,allbursts,return,60_120,40,dvv,0.01
D702abad315dbd18f,allbursts,return,60_120,37,dvv,0.002
D0360dbe706aa4f81,allbursts,return,60_120,33,dvv,-0.0002
D1846af160edbbfca,allbursts,return,60_120,11,dvv,-0.001
D3454fdcd95847b15,allbursts,return,60_120,2,dvv,0.005
D75e87b7265476374,allbursts,return,60_120,39,dvv,-0.001
D13698d7590c38da4,allbursts,return,60_120,9,dvv,0.002
D00a354221994ab9f,allbursts,return,60_120,27,source_jitter,0.000266984919
D6fd50859cd4e376c,allbursts,return,60_120,17,dvv,-0.0001
D183fe7ad3511ef88,allbursts,return,60_120,25,dvv,-0.005
D5799789bc4f0e364,allbursts,return,60_120,11,dvv,0.001
D6f93de09a2b04171,allbursts,return,60_120,5,constant_shift,0.005
D3ca5947f86d5f44a,allbursts,return,60_120,16,dvv,0.001
D552c1557c99acbbd,allbursts,return,60_120,26,dvv,-0.002
D3c654a42ce615f7e,allbursts,return,60_120,10,dvv,-0.002
D510d0dd04539dcc8,allbursts,return,60_120,43,constant_shift,0.005
D3d48caeb6269ccdf,allbursts,return,60_120,18,dvv,-0.0002
D1bafc8f4aa45388a,allbursts,return,60_120,6,dvv,0.0001
D46ae43d04b06bc17,allbursts,return,60_120,22,source_jitter,0.000362498853
D4a9524ed91071dc9,allbursts,return,60_120,31,dvv,-0.001
D1ee1639d3b06a9f6,allbursts,return,60_120,15,dvv,-0.01
D2cac12d208ea0704,allbursts,return,60_120,8,dvv,0.0005
D413409e8bfcd250e,allbursts,return,60_120,37,dvv,-0.0002
D155467736d190191,allbursts,return,60_120,41,dvv,0.0001
D1423d43b0bdaf95e,allbursts,return,60_120,15,constant_shift,0.005
D361aeafb076f1fd3,allbursts,return,60_120,28,dvv,-0.01
D40438b503735d8b0,allbursts,return,60_120,27,dvv,-0.0002
D31fda520793088ae,allbursts,return,60_120,7,dvv,0.005
D42ff0c2ce19c20e2,allbursts,return,60_120,43,dvv,0.005
D4663ec419fb2ad27,allbursts,return,60_120,16,constant_shift,0.005
D5f3d23e4d2f43fbc,allbursts,return,60_120,16,source_jitter,-0.000186011969
D53612d62c9056243,allbursts,return,60_120,19,dvv,0.005
D36823c8ac7181a77,allbursts,return,60_120,45,dvv,0.002
D72a14f1b290c0f8c,allbursts,return,60_120,40,dvv,0
D46c63b36b5728fc9,allbursts,return,60_120,10,source_jitter,0.000176707387
D01067679d5a56f51,allbursts,return,60_120,14,dvv,-0.005
D28cc897ec1a77c27,allbursts,return,60_120,5,dvv,-0.0001
D1e2c8eec22043db2,allbursts,return,60_120,43,dvv,0.001
D75cd2e1678675c15,allbursts,return,60_120,40,dvv,-0.0002
D639eefd61aa21830,allbursts,return,60_120,30,dvv,-0.01
D1c3077e275c2e132,allbursts,return,60_120,21,dvv,0.002
D13d191070fb38ec3,allbursts,return,60_120,38,dvv,-0.0002
D32d6ae7c739483b7,allbursts,return,60_120,42,source_jitter,2.8509436e-05
D2636bacc32f7f1c9,allbursts,return,60_120,23,dvv,0.001
D0130b1f19accbd8f,allbursts,return,60_120,4,dvv,-0.0001
D1a9a19e4b0be0ef1,allbursts,return,60_120,10,dvv,0.0002
D2ae2cbf96b9544a8,allbursts,return,60_120,18,dvv,0.005
D654fe0af67364ed5,allbursts,return,60_120,15,dvv,0.01
D2de2b23ad0f0aa0b,allbursts,return,60_120,4,dvv,0.0005
D62e36a7af0e679ea,allbursts,return,60_120,16,dvv,-0.001
D5fab40ec98da2a2b,allbursts,return,60_120,43,dvv,-0.001
D57104f4e2ee4d3dc,allbursts,return,60_120,6,dvv,0.005
D5c908674e4b61de3,allbursts,return,60_120,24,dvv,-0.002
D0d5558ba2ead6f03,allbursts,return,60_120,3,dvv,0.001
D4e453b57d75700e2,allbursts,return,60_120,11,dvv,-0.01
D7c5257b78e54398f,allbursts,return,60_120,14,dvv,-0.0005
D454c4d4f195c69f6,allbursts,return,60_120,34,dvv,0.01
D6264e2f681c97819,allbursts,return,60_120,45,dvv,-0.0002
D310fde7df24a10ba,allbursts,return,60_120,25,dvv,-0.002
D049f523cbef09f51,allbursts,return,60_120,17,constant_shift,0.005
D7bb9e2b1313ccb93,allbursts,return,60_120,3,dvv,0.0005
D3b854cf3e42743c6,allbursts,return,60_120,37,dvv,-0.01
D3248ce2a283b7fef,allbursts,return,60_120,11,dvv,-0.0005
D0a1fed9a6fe6f16a,allbursts,return,60_120,34,source_jitter,7.49602665e-06
D2649187b6f79fffd,allbursts,return,60_120,38,dvv,0
D6e241e64dd6fefe9,allbursts,return,60_120,3,dvv,-0.001
D5ab56e35fda159f6,allbursts,return,60_120,15,dvv,0.0001
D2a6086cbe3044259,allbursts,return,60_120,35,dvv,0.0002
D78e6fc9c93ebfa73,allbursts,return,60_120,0,dvv,-0.002
D137b0ead8836d7a3,allbursts,return,60_120,13,dvv,0.002
D1db70104c917901a,allbursts,return,60_120,44,dvv,-0.0001
D66722af916a58309,allbursts,return,60_120,45,dvv,0.005
D22febaff9329d2b8,allbursts,return,60_120,32,dvv,0
D604de414b1032766,allbursts,return,60_120,31,source_jitter,0.000248385655
D6d892f21cebce371,allbursts,return,60_120,45,dvv,-0.0001
D042645215206a68a,allbursts,return,60_120,37,dvv,0
D696f91c67af8fb6b,allbursts,return,60_120,4,dvv,-0.0005
D72402b4bb7eb65be,allbursts,return,60_120,31,dvv,0.0002
D73778709afcdfe1b,allbursts,return,60_120,44,dvv,0.0005
D5830f796b9f04d57,allbursts,return,60_120,24,dvv,0.0002
D4ef03d5a2b3799d5,allbursts,return,60_120,34,dvv,0.001
D1155de50d56a8bce,allbursts,return,60_120,38,constant_shift,0.005
D1c73b2407982199f,allbursts,return,60_120,35,dvv,0.002
D6dc70c4dcb2a6c1b,allbursts,return,60_120,32,dvv,-0.01
D4c2bb1c6ab763f8f,allbursts,return,60_120,30,dvv,-0.0002
D0d916ba0ccd4743e,allbursts,return,60_120,15,dvv,0.0002
D36f59c1c296ef884,allbursts,return,60_120,40,dvv,0.0001
D34ebe82c5e2663be,allbursts,return,60_120,22,dvv,-0.01
D41f4139fea839fc5,allbursts,return,60_120,24,dvv,-0.0002
D2a12ce8c1693cc69,allbursts,return,60_120,36,source_jitter,2.42065621e-05
D0e0cd4c31b63483c,allbursts,return,60_120,17,dvv,0.0002
D103823f2258c13df,allbursts,return,60_120,17,dvv,0.01
D588fa37bfd473001,allbursts,return,60_120,44,dvv,0.005
D2d011f98c4fc3cc4,allbursts,return,60_120,18,dvv,-0.002
D1505877a6a38a47e,allbursts,return,60_120,11,dvv,-0.0002
D73f02984e7d9a78f,allbursts,return,60_120,38,dvv,0.0005
D63d0af5b04dee32a,allbursts,return,60_120,1,dvv,0.0002
D7be5f83ec52d3c0d,allbursts,return,60_120,30,dvv,0.0005
D2a13f9d0bf8513bc,allbursts,return,60_120,24,dvv,-0.0001
D5aa688c00c7bed3a,allbursts,return,60_120,43,dvv,0.0002
D7f59d69aae0d4b32,allbursts,return,60_120,45,dvv,0.01
D58a7a6605986c39d,allbursts,return,60_120,5,dvv,0.01
D24eae257977607bd,allbursts,return,60_120,32,dvv,0.0002
D7dfa572570e21bdd,allbursts,return,60_120,22,dvv,0.0002
D24b5fb188650bc72,allbursts,return,60_120,36,dvv,0.005
D436a0a8be684687f,allbursts,return,60_120,34,dvv,-0.005
D71a163b437628e92,allbursts,return,60_120,14,dvv,0.0001
D1b41f1357337f252,allbursts,return,60_120,32,dvv,-0.0001
D413813396a9281b3,allbursts,return,60_120,1,dvv,0.0005
D42c224126e3e240c,allbursts,return,60_120,45,dvv,-0.0005
D47bac18ef1c5411c,allbursts,return,60_120,6,dvv,0.0005
D35d520ca6e124797,allbursts,return,60_120,0,dvv,0.005
D0217384697ba5f21,allbursts,return,60_120,20,dvv,-0.005
D35029a9325919de3,allbursts,return,60_120,28,dvv,0
D5dc48cc91c1fbff1,allbursts,return,60_120,34,dvv,0
D037bbc425d91781c,allbursts,return,60_120,11,dvv,-0.005
D3854c5b91f40b659,allbursts,return,60_120,20,dvv,-0.002
D528efd6b2be6de3e,allbursts,return,60_120,32,dvv,0.001
D3a1c3ff2625c50e5,allbursts,return,60_120,26,dvv,0.002
D38b7640c05a0d992,allbursts,return,60_120,13,dvv,0.0002
D39a2bcc96b16aac1,allbursts,return,60_120,31,dvv,-0.005
D2ece331b9efa54da,allbursts,return,60_120,1,dvv,-0.0005
D6ae2f619573b842e,allbursts,return,60_120,1,dvv,-0.0002
D4ba56ad6f5babb3c,allbursts,return,60_120,16,dvv,0.01
D4dafa1af90dd3e24,allbursts,return,60_120,21,dvv,0.0001
D634ca667ea9e7d98,allbursts,return,60_120,5,dvv,0.005
D0528a6532186ada2,allbursts,return,60_120,43,dvv,0.01
D6ab00d4a34dfa3eb,allbursts,return,60_120,4,dvv,0.0002
D46125ddead4d8918,allbursts,return,60_120,28,constant_shift,0.005
D7ff615beb18b2a0d,allbursts,return,60_120,6,source_jitter,0.000346192925
D11fe1d6dfa1d1b32,allbursts,return,60_120,0,dvv,-0.0002
D1e12a0c1b8bd6c3d,allbursts,return,60_120,28,dvv,-0.002
D243d02406de16b75,allbursts,return,60_120,5,source_jitter,-0.000331228092
D6360cb8797cd3b21,allbursts,return,60_120,38,dvv,-0.0001
D193905471e6358ec,allbursts,return,60_120,19,dvv,0.0005
D1505ad4b03da3297,allbursts,return,60_120,7,constant_shift,0.005
D74432c833988d652,allbursts,return,60_120,38,dvv,-0.01
D151ce4df78ac31da,allbursts,return,60_120,29,source_jitter,0.000170063998
D110a9ad4f67bbf5c,allbursts,return,60_120,16,dvv,-0.0005
D2538edabe9de1b4f,allbursts,return,60_120,0,dvv,0.002
D46e51655307a4ddf,allbursts,return,60_120,28,dvv,0.01
D2e67cae00648f66c,allbursts,return,60_120,42,dvv,-0.0002
D38c36eef4f6e88d2,allbursts,return,60_120,12,source_jitter,0.000201089958
D390d29d22d285536,allbursts,return,60_120,25,constant_shift,0.005
D64b0def3e5400013,allbursts,return,60_120,30,dvv,-0.0001
D57e27c6fe426e34f,allbursts,return,60_120,20,dvv,-0.01
D28a851f6bca0b313,allbursts,return,60_120,14,dvv,0.0002
D6dda36b9912668e1,allbursts,return,60_120,39,dvv,-0.0002
D35375dc7cdcd38bc,allbursts,return,60_120,32,dvv,0.0001
D5c0533bd1d032c76,allbursts,return,60_120,19,dvv,-0.001
D74c1583e96e2569d,allbursts,return,60_120,25,source_jitter,0.0002778312
D264a464589f7dc0a,allbursts,return,60_120,35,dvv,0.01
D35246600948330f2,allbursts,return,60_120,41,dvv,-0.001
D67ddb0209b4c88dd,allbursts,return,60_120,9,dvv,-0.0005
D38f964702da9494f,allbursts,return,60_120,35,dvv,-0.0005
D0e5d2a0fccd73cd3,allbursts,return,60_120,44,dvv,0
D7336f6875aea049f,allbursts,return,60_120,28,dvv,-0.0002
D654859c584f44972,allbursts,return,60_120,42,dvv,0.001
D0add9f15e935c5a3,allbursts,return,60_120,38,dvv,-0.001
D43923a5701fcb01c,allbursts,return,60_120,0,dvv,-0.005
D6d7f988dcacef8d4,allbursts,return,60_120,13,dvv,0.0005
D490f26024fbffe1a,allbursts,return,60_120,27,constant_shift,0.005
D3a5ef1436aa96b05,allbursts,return,60_120,15,dvv,-0.001
D3721660e7f030564,allbursts,return,60_120,38,dvv,0.0001
D19ba6721c37d0102,allbursts,return,60_120,39,dvv,-0.005
D6f939aac229daba1,allbursts,return,60_120,42,dvv,-0.01
D72c0863c250bdf6a,allbursts,return,60_120,39,dvv,0.0005
D6d68f264d671ee4b,allbursts,return,60_120,42,dvv,0.0002
D307cf734f159fdfa,allbursts,return,60_120,7,dvv,0
D141a1e704771bc3f,allbursts,return,60_120,22,dvv,0.002
D3389a815390b9358,allbursts,return,60_120,13,constant_shift,0.005
D0f68fc2f4831f988,allbursts,return,60_120,41,dvv,0
D5d0adc7ccfb6606a,allbursts,return,60_120,12,dvv,-0.0002
D34745a9b1d5c08e6,allbursts,return,60_120,40,dvv,-0.0005
D7d7cb4f5527dcca0,allbursts,return,60_120,28,dvv,0.0002
D57f5319c0ff85758,allbursts,return,60_120,16,dvv,-0.005
D569b7fa887fb28dc,allbursts,return,60_120,42,dvv,0.0001
D7dae08fcf6736db4,allbursts,return,60_120,32,dvv,0.005
D30c68a0499531f6c,allbursts,return,60_120,33,dvv,0.001
D37553bae72aa7be9,allbursts,return,60_120,3,dvv,-0.005
D06449303c6ff02be,allbursts,return,60_120,4,dvv,0.002
D228e387712693384,allbursts,return,60_120,15,dvv,-0.0005
D3488a5a645f58ba7,allbursts,return,60_120,34,dvv,-0.0001
D28a34d6f291f7bb2,allbursts,return,60_120,39,source_jitter,-3.92775764e-05
D239fc21f3f5e8934,allbursts,return,60_120,10,dvv,0.0001
D5fbd6aa020363a89,allbursts,return,60_120,26,dvv,0.0002
D6bdfb32a5a6a42ac,allbursts,return,60_120,8,dvv,0.005
D7c3c36d95363e7b0,allbursts,return,60_120,13,dvv,-0.002
D45fff19c719b1a60,allbursts,return,60_120,29,dvv,-0.001
D646b0db741907ec9,allbursts,return,60_120,31,dvv,-0.01
D592eefb1629ef84b,allbursts,return,60_120,2,dvv,-0.0002
D79788a616ee56f49,allbursts,return,60_120,17,dvv,-0.0002
D1a44b19dd061f44d,allbursts,return,60_120,45,dvv,0.0001
D5479411d50a826a2,allbursts,return,60_120,37,dvv,-0.0001
D7c796d5e21aa88cf,allbursts,return,60_120,20,dvv,-0.0002
D2e3f13bb6fe5027c,allbursts,return,60_120,28,dvv,-0.0005
D4f237aa9c6607871,allbursts,return,60_120,1,dvv,-0.01
D50714d26f75997e3,allbursts,return,60_120,31,dvv,0.002
D1606e69c1f8a8b41,allbursts,return,60_120,32,constant_shift,0.005
D1bc80495b80d4810,allbursts,return,60_120,34,dvv,-0.0005
D4dec31c2d95e98f0,allbursts,return,60_120,25,dvv,0.01
D466df41d7eb1d196,allbursts,return,60_120,24,dvv,0.0005
D00a9a1636fc2da26,allbursts,return,60_120,32,dvv,0.0005
D406b30c238304c28,allbursts,return,60_120,24,dvv,0.001
D7621c326442d57fa,allbursts,return,60_120,11,source_jitter,-9.19401477e-05
D2c26b64d540d3ed7,allbursts,return,60_120,5,dvv,-0.005
D679517eb4cb15555,allbursts,return,60_120,21,source_jitter,1.5710868e-05
D22a50d1651b0e4d3,allbursts,return,60_120,0,dvv,-0.001
D65e31bb0adf701c7,allbursts,return,60_120,36,dvv,-0.0001
D7e8fa9bc94868efb,allbursts,return,60_120,20,source_jitter,-0.000550927898
D2e66e0fbae158607,allbursts,return,60_120,27,dvv,0.0005
D328e710303a63002,allbursts,return,60_120,5,dvv,0.001
D173051337ac5bd60,allbursts,return,60_120,10,dvv,0.01
D50de7db8773d6b6f,allbursts,return,60_120,15,dvv,-0.0002
D6aea7b93dfd93a98,allbursts,return,60_120,10,dvv,-0.01
D5b58146265a5a994,allbursts,return,60_120,2,constant_shift,0.005
D3a5cdc67351ac6d9,allbursts,return,60_120,21,dvv,0
D7a0c42237d40a475,allbursts,return,60_120,18,dvv,-0.0001
D4c5800a913e1d3fb,allbursts,return,60_120,11,dvv,-0.002
D14b3a8038ee9fa10,allbursts,return,60_120,35,dvv,-0.002
D70ef4ac06fb71192,allbursts,return,60_120,8,constant_shift,0.005
D763ff0d725c11a5b,allbursts,return,60_120,32,dvv,-0.0005
D3e921b258ca95eff,allbursts,return,60_120,0,source_jitter,-0.000407392989
D0d8d4de234b8e416,allbursts,return,60_120,4,dvv,-0.005
D1fcd985f62f42df3,allbursts,return,60_120,13,dvv,-0.01
D2fac0f54d455f897,allbursts,return,60_120,6,dvv,0.002
D532259aa1d9b2cc1,allbursts,return,60_120,8,dvv,-0.0002
D75cde9cddef35147,allbursts,return,60_120,2,dvv,-0.005
D132f0af30c16b61f,allbursts,return,60_120,12,dvv,0
D52a2a00f079c430a,allbursts,return,60_120,23,dvv,0.005
D641dd3cf364deda3,allbursts,return,60_120,25,dvv,-0.01
D280bf8d0826a82d5,allbursts,return,60_120,41,dvv,0.001
D651feffe515d2a63,allbursts,return,60_120,28,dvv,-0.005
D628127d443a53368,allbursts,return,60_120,41,dvv,0.0005
D4d3799ca6529f1b6,allbursts,return,60_120,38,dvv,0.01
D0035aa5e58213e1c,allbursts,return,60_120,1,dvv,0.01
D4b215c7026887d01,allbursts,return,60_120,41,dvv,0.005
D438ff74469f7f331,allbursts,return,60_120,17,dvv,-0.001
D3f6c7559992bc671,allbursts,return,60_120,8,source_jitter,-6.66718894e-05
D3a7e51af8c5dd6e3,allbursts,return,60_120,8,dvv,-0.001
D417efdbdc5695c31,allbursts,return,60_120,37,dvv,0.0001
D320a0d9ba9ffb26a,allbursts,return,60_120,25,dvv,-0.0001
D11b0ca8c34c375ba,allbursts,return,60_120,23,constant_shift,0.005
D72c2bb3a239ce8aa,allbursts,return,60_120,33,dvv,0.0001
D417ff87697b4fbad,allbursts,return,60_120,8,dvv,0
D01a265dd49285f42,allbursts,return,60_120,25,dvv,0.001
D7463b34dc741f34c,allbursts,return,60_120,40,dvv,-0.01
D71758b3e106fb43e,allbursts,return,60_120,20,dvv,-0.0005
D793d3529f19cd04a,allbursts,return,60_120,20,dvv,0.0001
D7b5ddc0309c05ec6,allbursts,return,60_120,15,dvv,0.005
D78e6f7cca78ade67,allbursts,return,60_120,29,dvv,0.0005
D5f62a93f539c1566,allbursts,return,60_120,7,dvv,-0.002
D50422ca8d5a5f746,allbursts,return,60_120,17,dvv,-0.005
D6eea93fa69a22586,allbursts,return,60_120,22,dvv,0.0001
D62236c9ef271f339,allbursts,return,60_120,43,dvv,0.0005
D24042a7413d83168,allbursts,return,60_120,3,dvv,-0.0002
D3282de71266a9e82,allbursts,return,60_120,36,dvv,0
D509d1faa9c73ca7d,allbursts,return,60_120,9,dvv,0.0005
D73e49a02f2a68213,allbursts,return,60_120,31,dvv,0.0005
D16498a2bc504cc39,allbursts,return,60_120,10,constant_shift,0.005
D62fe21f5afcdd866,allbursts,return,60_120,16,dvv,-0.002
D75da6ec4cb9fc85f,allbursts,return,60_120,45,dvv,-0.005
D3c5d74f75563e304,allbursts,return,60_120,29,dvv,-0.01
D515452094e5c4ed0,allbursts,return,60_120,20,dvv,0.01
D2f5d4c3f470c66b7,allbursts,return,60_120,37,dvv,0.001
D5d5cc7e0123a67ed,allbursts,return,60_120,19,dvv,-0.0002
D10ef84ae5b362579,allbursts,return,60_120,44,dvv,-0.005
D1c4bce478c474ba8,allbursts,return,60_120,33,dvv,0.0002
D1b93b71117b4fb48,allbursts,return,60_120,7,dvv,-0.0005
D39a3916e969a746e,allbursts,return,60_120,40,constant_shift,0.005
D126fb2d2db6a1980,allbursts,return,60_120,29,dvv,0
D4648144f15d76088,allbursts,return,60_120,12,dvv,-0.005
D466f44b8c0212ce0,allbursts,return,60_120,14,dvv,-0.01
D1c945fe98bbb4f95,allbursts,return,60_120,27,dvv,-0.0001
D30e899fbda989495,allbursts,return,60_120,16,dvv,0
D11a0a58dbc99a5dc,allbursts,return,60_120,20,dvv,0.005
D77a002d4db40572d,allbursts,return,60_120,27,dvv,-0.0005
D063b08ec721c4897,allbursts,return,60_120,43,source_jitter,0.000133806931
D495b6bb527f9c6f3,allbursts,return,60_120,6,dvv,-0.0001
D41935ff6f69af34c,allbursts,return,60_120,26,dvv,0
D77587e26fc22bba9,allbursts,return,60_120,36,dvv,0.0001
D5ac077ef6dd7e6b3,allbursts,return,60_120,18,dvv,0.0002
D06d07a85a6a7c0b0,allbursts,return,60_120,43,dvv,0
D1763add2fe076bc7,allbursts,return,60_120,1,dvv,-0.001
D0c858112748bab7a,allbursts,return,60_120,24,dvv,-0.01
D74ba346f02eb7bca,allbursts,return,60_120,35,dvv,0.0001
D0c6da021a092d902,allbursts,return,60_120,41,dvv,-0.002
D4c7d87c6f0bda81f,allbursts,return,60_120,24,dvv,0.01
D0c8f144b1fc467dd,allbursts,return,60_120,33,dvv,-0.0005
D0eea29eb638959ff,allbursts,return,60_120,3,dvv,-0.0005
D3eeb84e19c687600,allbursts,return,60_120,12,dvv,0.0002
D2e6c7aa65243548e,allbursts,return,60_120,32,dvv,0.002
D487b5782307a0ea9,allbursts,return,60_120,26,dvv,0.01
D68a3c9092c5d5dbe,allbursts,return,60_120,6,dvv,0.01
D2df964595b35b9b2,allbursts,return,60_120,26,dvv,-0.0002
D02a59e472815f92d,allbursts,return,60_120,42,dvv,0
D29c832cc6777d09f,allbursts,return,60_120,42,dvv,0.01
