epoch,n_common_drops,split,assumed_depth_m,leg,band_low_hz,band_high_hz,positive_semblance,negative_semblance,positive_minus_negative,positive_slowness_ms_per_m,positive_velocity_mps,positive_time_s
0,18,discovery,3192.0,outbound,3.0,15.0,0.01102222732683583,0.030737635310941206,-0.019715407984105378,0.7692307692307693,1300.0,1.152
1,17,validation,3192.0,outbound,3.0,15.0,0.03705435743688467,0.03313897185291555,0.0039153855839691235,0.7692307692307693,1300.0,1.152
2,18,discovery,3192.0,outbound,3.0,15.0,0.022514702700017715,0.0757014997291101,-0.05318679702909238,0.7692307692307693,1300.0,1.152
3,18,validation,3192.0,outbound,3.0,15.0,0.028349544127171635,0.05298042282100101,-0.024630878693829374,0.7692307692307693,1300.0,1.152
4,19,discovery,3192.0,outbound,3.0,15.0,0.00880904631017277,0.07305814889373177,-0.06424910258355901,0.7692307692307693,1300.0,1.152
5,19,validation,3192.0,outbound,3.0,15.0,0.017492730246558924,0.0189316889332689,-0.0014389586867099777,0.7692307692307693,1300.0,1.152
6,17,discovery,3192.0,outbound,3.0,15.0,0.02515976016472502,0.024300847704640957,0.0008589124600840645,0.7692307692307693,1300.0,1.152
7,19,validation,3192.0,outbound,3.0,15.0,0.036582143692465915,0.14954959168439877,-0.11296744799193285,0.7692307692307693,1300.0,1.152
8,19,discovery,3192.0,outbound,3.0,15.0,0.03152314800845361,0.08149113262312711,-0.04996798461467351,0.7692307692307693,1300.0,1.152
9,18,validation,3192.0,outbound,3.0,15.0,0.042110236552799905,0.041454051418566944,0.0006561851342329617,0.7692307692307693,1300.0,1.152
10,18,discovery,3192.0,outbound,3.0,15.0,0.01385522994759464,0.0996461292423019,-0.08579089929470726,0.7692307692307693,1300.0,1.152
11,18,validation,3192.0,outbound,3.0,15.0,0.015913468218716913,0.03663051172017891,-0.020717043501461994,0.7692307692307693,1300.0,1.152
12,18,discovery,3192.0,outbound,3.0,15.0,0.015715555318653446,0.05754557363033738,-0.04183001831168394,0.7692307692307693,1300.0,1.152
13,20,validation,3192.0,outbound,3.0,15.0,0.04738595049932958,0.09330413991684233,-0.04591818941751275,0.7692307692307693,1300.0,1.152
14,20,discovery,3192.0,outbound,3.0,15.0,0.022091243039233165,0.021564677471141595,0.00052656556809157,0.7692307692307693,1300.0,1.152
15,19,validation,3192.0,outbound,3.0,15.0,0.024589266740251976,0.028292212942298542,-0.0037029462020465656,0.7692307692307693,1300.0,1.152
16,20,discovery,3192.0,outbound,3.0,15.0,0.022564225466382717,0.022227220950530622,0.00033700451585209554,0.7692307692307693,1300.0,1.152
17,20,validation,3192.0,outbound,3.0,15.0,0.037282303288394526,0.02263622848969635,0.014646074798698176,0.7692307692307693,1300.0,1.152
18,18,discovery,3192.0,outbound,3.0,15.0,0.04022855534350279,0.04173824448895694,-0.0015096891454541503,0.7692307692307693,1300.0,1.152
19,18,validation,3192.0,outbound,3.0,15.0,0.05290151639803435,0.0687247522949179,-0.015823235896883545,0.7692307692307693,1300.0,1.152
20,19,discovery,3192.0,outbound,3.0,15.0,0.03457294838716953,0.023278250005529362,0.01129469838164017,0.7692307692307693,1300.0,1.152
21,19,validation,3192.0,outbound,3.0,15.0,0.009632338290999657,0.12046046441553418,-0.11082812612453452,0.7692307692307693,1300.0,1.152
22,18,discovery,3192.0,outbound,3.0,15.0,0.0171701495565692,0.026565170584716663,-0.009395021028147463,0.7692307692307693,1300.0,1.152
23,18,validation,3192.0,outbound,3.0,15.0,0.034326566878789974,0.041050223924079865,-0.006723657045289891,0.7692307692307693,1300.0,1.152
24,20,discovery,3192.0,outbound,3.0,15.0,0.02424263477879594,0.09783940593831944,-0.0735967711595235,0.7692307692307693,1300.0,1.152
25,20,validation,3192.0,outbound,3.0,15.0,0.018989997101115555,0.021856193014921425,-0.0028661959138058697,0.7692307692307693,1300.0,1.152
26,18,discovery,3192.0,outbound,3.0,15.0,0.0211997102111392,0.021864724029821887,-0.0006650138186826866,0.7692307692307693,1300.0,1.152
27,19,validation,3192.0,outbound,3.0,15.0,0.01857523489644151,0.027414203038227718,-0.008838968141786207,0.7692307692307693,1300.0,1.152
28,17,discovery,3192.0,outbound,3.0,15.0,0.016423275661105206,0.13778427688749809,-0.12136100122639287,0.7692307692307693,1300.0,1.152
29,18,validation,3192.0,outbound,3.0,15.0,0.03989458476720005,0.025388671680714677,0.014505913086485373,0.7692307692307693,1300.0,1.152
30,19,discovery,3192.0,outbound,3.0,15.0,0.019441191610572433,0.023986880598053713,-0.00454568898748128,0.7692307692307693,1300.0,1.152
31,18,validation,3192.0,outbound,3.0,15.0,0.025398271859105204,0.12197836015128141,-0.09658008829217621,0.7692307692307693,1300.0,1.152
32,19,discovery,3192.0,outbound,3.0,15.0,0.04861665651262581,0.062271416210366325,-0.013654759697740514,0.7692307692307693,1300.0,1.152
33,19,validation,3192.0,outbound,3.0,15.0,0.03801763263997809,0.014279244694355002,0.023738387945623086,0.7692307692307693,1300.0,1.152
34,21,discovery,3192.0,outbound,3.0,15.0,0.013154292581659744,0.03205095056675409,-0.018896657985094344,0.7692307692307693,1300.0,1.152
35,17,validation,3192.0,outbound,3.0,15.0,0.028007878373875673,0.053055231942161336,-0.025047353568285663,0.7692307692307693,1300.0,1.152
36,19,discovery,3192.0,outbound,3.0,15.0,0.04221345791135308,0.02816176718221764,0.014051690729135438,0.7692307692307693,1300.0,1.152
37,18,validation,3192.0,outbound,3.0,15.0,0.026633068932735385,0.024639740265904056,0.001993328666831329,0.7692307692307693,1300.0,1.152
38,19,discovery,3192.0,outbound,3.0,15.0,0.013728801318432076,0.07550800473222358,-0.0617792034137915,0.7692307692307693,1300.0,1.152
39,22,validation,3192.0,outbound,3.0,15.0,0.030180579177896513,0.07061996980081671,-0.04043939062292019,0.7692307692307693,1300.0,1.152
40,18,discovery,3192.0,outbound,3.0,15.0,0.03017929339613312,0.04654772481532583,-0.016368431419192715,0.7692307692307693,1300.0,1.152
41,18,validation,3192.0,outbound,3.0,15.0,0.029144543499727678,0.04699357473021827,-0.017849031230490593,0.7692307692307693,1300.0,1.152
42,19,discovery,3192.0,outbound,3.0,15.0,0.014501790338697569,0.14182067385159905,-0.1273188835129015,0.7692307692307693,1300.0,1.152
43,19,validation,3192.0,outbound,3.0,15.0,0.02217875386879273,0.028871403704672477,-0.006692649835879746,0.7692307692307693,1300.0,1.152
44,18,discovery,3192.0,outbound,3.0,15.0,0.012337547127494847,0.04985865931231392,-0.03752111218481907,0.7692307692307693,1300.0,1.152
45,19,validation,3192.0,outbound,3.0,15.0,0.0407500599363369,0.10013629467267232,-0.05938623473633542,0.7692307692307693,1300.0,1.152
0,18,discovery,3192.0,outbound,15.0,30.0,0.04634524422174442,0.027753116514308836,0.018592127707435586,0.6517094017094017,1534.4262295081967,2.268
1,17,validation,3192.0,outbound,15.0,30.0,0.44562228361390854,0.061797904528494936,0.3838243790854136,0.6517094017094017,1534.4262295081967,2.268
2,18,discovery,3192.0,outbound,15.0,30.0,0.41759568651627293,0.025439246757589185,0.39215643975868375,0.6517094017094017,1534.4262295081967,2.268
3,18,validation,3192.0,outbound,15.0,30.0,0.44475624450446966,0.05985477491282224,0.3849014695916474,0.6517094017094017,1534.4262295081967,2.268
4,19,discovery,3192.0,outbound,15.0,30.0,0.3686121581106439,0.078348034038035,0.29026412407260893,0.6517094017094017,1534.4262295081967,2.268
5,19,validation,3192.0,outbound,15.0,30.0,0.45463086669145447,0.037243759037342214,0.41738710765411224,0.6517094017094017,1534.4262295081967,2.268
6,17,discovery,3192.0,outbound,15.0,30.0,0.3983280833947114,0.04677034555132418,0.3515577378433872,0.6517094017094017,1534.4262295081967,2.268
7,19,validation,3192.0,outbound,15.0,30.0,0.45822772499552417,0.03945983853560916,0.41876788645991503,0.6517094017094017,1534.4262295081967,2.268
8,19,discovery,3192.0,outbound,15.0,30.0,0.34620121942409804,0.011088273337506444,0.3351129460865916,0.6517094017094017,1534.4262295081967,2.268
9,18,validation,3192.0,outbound,15.0,30.0,0.1198694937736019,0.02545128993337705,0.09441820384022484,0.6517094017094017,1534.4262295081967,2.268
10,18,discovery,3192.0,outbound,15.0,30.0,0.3952678448683755,0.029082043505814736,0.3661858013625608,0.6517094017094017,1534.4262295081967,2.268
11,18,validation,3192.0,outbound,15.0,30.0,0.3039134259497422,0.03348600318355337,0.2704274227661888,0.6517094017094017,1534.4262295081967,2.268
12,18,discovery,3192.0,outbound,15.0,30.0,0.3347649684669817,0.047117055094430704,0.287647913372551,0.6517094017094017,1534.4262295081967,2.268
13,20,validation,3192.0,outbound,15.0,30.0,0.34837565107200313,0.04210741029675344,0.3062682407752497,0.6517094017094017,1534.4262295081967,2.268
14,20,discovery,3192.0,outbound,15.0,30.0,0.04615758603021077,0.027607426265034395,0.018550159765176377,0.6517094017094017,1534.4262295081967,2.268
15,19,validation,3192.0,outbound,15.0,30.0,0.06320262444315751,0.02147672327391202,0.04172590116924549,0.6517094017094017,1534.4262295081967,2.268
16,20,discovery,3192.0,outbound,15.0,30.0,0.012201865873268956,0.02897918645337377,-0.016777320580104813,0.6517094017094017,1534.4262295081967,2.268
17,20,validation,3192.0,outbound,15.0,30.0,0.035546631034505484,0.02865226319420612,0.006894367840299363,0.6517094017094017,1534.4262295081967,2.268
18,18,discovery,3192.0,outbound,15.0,30.0,0.2588292899237295,0.02261209818031485,0.23621719174341466,0.6517094017094017,1534.4262295081967,2.268
19,18,validation,3192.0,outbound,15.0,30.0,0.2587552929974825,0.027115831143763987,0.23163946185371853,0.6517094017094017,1534.4262295081967,2.268
20,19,discovery,3192.0,outbound,15.0,30.0,0.19753962318317247,0.02630846310023582,0.17123116008293665,0.6517094017094017,1534.4262295081967,2.268
21,19,validation,3192.0,outbound,15.0,30.0,0.34562972275395143,0.01486624437406248,0.33076347837988895,0.6517094017094017,1534.4262295081967,2.268
22,18,discovery,3192.0,outbound,15.0,30.0,0.028057020599116862,0.022027458933933954,0.006029561665182908,0.6517094017094017,1534.4262295081967,2.268
23,18,validation,3192.0,outbound,15.0,30.0,0.026947839178056054,0.027490065176555237,-0.000542225998499183,0.6517094017094017,1534.4262295081967,2.268
24,20,discovery,3192.0,outbound,15.0,30.0,0.45465050709980687,0.06996065321968475,0.3846898538801221,0.6517094017094017,1534.4262295081967,2.268
25,20,validation,3192.0,outbound,15.0,30.0,0.06080539252469109,0.03371613300815564,0.02708925951653545,0.6517094017094017,1534.4262295081967,2.268
26,18,discovery,3192.0,outbound,15.0,30.0,0.12844611429140226,0.022286044013256182,0.10616007027814608,0.6517094017094017,1534.4262295081967,2.268
27,19,validation,3192.0,outbound,15.0,30.0,0.2227528228524309,0.018826717967850286,0.2039261048845806,0.6517094017094017,1534.4262295081967,2.268
28,17,discovery,3192.0,outbound,15.0,30.0,0.34969260769847543,0.024624329352973293,0.3250682783455021,0.6517094017094017,1534.4262295081967,2.268
29,18,validation,3192.0,outbound,15.0,30.0,0.3212755954963569,0.03210089104898155,0.28917470444737536,0.6517094017094017,1534.4262295081967,2.268
30,19,discovery,3192.0,outbound,15.0,30.0,0.3198487584052209,0.0435518130633812,0.27629694534183974,0.6517094017094017,1534.4262295081967,2.268
31,18,validation,3192.0,outbound,15.0,30.0,0.4445837555465756,0.02522662830877635,0.4193571272377992,0.6517094017094017,1534.4262295081967,2.268
32,19,discovery,3192.0,outbound,15.0,30.0,0.4254789298127189,0.05377694540207785,0.37170198441064106,0.6517094017094017,1534.4262295081967,2.268
33,19,validation,3192.0,outbound,15.0,30.0,0.03563275110440842,0.02992128663209479,0.005711464472313625,0.6517094017094017,1534.4262295081967,2.268
34,21,discovery,3192.0,outbound,15.0,30.0,0.221625056398381,0.030463917685645544,0.19116113871273546,0.6517094017094017,1534.4262295081967,2.268
35,17,validation,3192.0,outbound,15.0,30.0,0.01473225733916729,0.029347027364223337,-0.014614770025056047,0.6517094017094017,1534.4262295081967,2.268
36,19,discovery,3192.0,outbound,15.0,30.0,0.05636149528206127,0.026306460640559155,0.030055034641502113,0.6517094017094017,1534.4262295081967,2.268
37,18,validation,3192.0,outbound,15.0,30.0,0.026226821463870172,0.021229508336755187,0.004997313127114985,0.6517094017094017,1534.4262295081967,2.268
38,19,discovery,3192.0,outbound,15.0,30.0,0.2886247958197036,0.030223272678636386,0.2584015231410672,0.6517094017094017,1534.4262295081967,2.268
39,22,validation,3192.0,outbound,15.0,30.0,0.43058978374983903,0.054672166150008514,0.3759176175998305,0.6517094017094017,1534.4262295081967,2.268
40,18,discovery,3192.0,outbound,15.0,30.0,0.21029581789991608,0.026413428936745285,0.1838823889631708,0.6517094017094017,1534.4262295081967,2.268
41,18,validation,3192.0,outbound,15.0,30.0,0.47642757051372425,0.08446434693615942,0.39196322357756486,0.6517094017094017,1534.4262295081967,2.268
42,19,discovery,3192.0,outbound,15.0,30.0,0.400717776100388,0.030461866048516018,0.370255910051872,0.6517094017094017,1534.4262295081967,2.268
43,19,validation,3192.0,outbound,15.0,30.0,0.34199564466679183,0.03726272953813522,0.30473291512865663,0.6517094017094017,1534.4262295081967,2.268
44,18,discovery,3192.0,outbound,15.0,30.0,0.12732585737050456,0.016839377065637307,0.11048648030486725,0.6517094017094017,1534.4262295081967,2.268
45,19,validation,3192.0,outbound,15.0,30.0,0.3749876875459401,0.04609969355787772,0.32888799398806234,0.6517094017094017,1534.4262295081967,2.268
0,18,discovery,3192.0,return,3.0,15.0,0.0231701378286734,0.029507900032153492,-0.006337762203480091,0.5662393162393162,1766.0377358490566,1.5639999999999998
1,17,validation,3192.0,return,3.0,15.0,0.03261753053988643,0.023971780154732503,0.00864575038515393,0.5662393162393162,1766.0377358490566,1.5639999999999998
2,18,discovery,3192.0,return,3.0,15.0,0.029069224162227496,0.007557242702544008,0.02151198145968349,0.5662393162393162,1766.0377358490566,1.5639999999999998
3,18,validation,3192.0,return,3.0,15.0,0.019763560119877108,0.03405639463845143,-0.01429283451857432,0.5662393162393162,1766.0377358490566,1.5639999999999998
4,19,discovery,3192.0,return,3.0,15.0,0.07967032123957214,0.01803087441866112,0.06163944682091102,0.5662393162393162,1766.0377358490566,1.5639999999999998
5,19,validation,3192.0,return,3.0,15.0,0.051210253052788694,0.03355442405056826,0.017655829002220437,0.5662393162393162,1766.0377358490566,1.5639999999999998
6,17,discovery,3192.0,return,3.0,15.0,0.024302756537122577,0.02017037497620888,0.004132381560913698,0.5662393162393162,1766.0377358490566,1.5639999999999998
7,19,validation,3192.0,return,3.0,15.0,0.06145146979618475,0.01645825343063206,0.04499321636555269,0.5662393162393162,1766.0377358490566,1.5639999999999998
8,19,discovery,3192.0,return,3.0,15.0,0.027677969349341195,0.03132223008472796,-0.0036442607353867652,0.5662393162393162,1766.0377358490566,1.5639999999999998
9,18,validation,3192.0,return,3.0,15.0,0.026816993913896286,0.028753761236952946,-0.0019367673230566602,0.5662393162393162,1766.0377358490566,1.5639999999999998
10,18,discovery,3192.0,return,3.0,15.0,0.03621980072324239,0.01961994288272178,0.016599857840520614,0.5662393162393162,1766.0377358490566,1.5639999999999998
11,18,validation,3192.0,return,3.0,15.0,0.032846280740606706,0.010983974724032444,0.02186230601657426,0.5662393162393162,1766.0377358490566,1.5639999999999998
12,18,discovery,3192.0,return,3.0,15.0,0.04272997326052419,0.03572015949367892,0.0070098137668452715,0.5662393162393162,1766.0377358490566,1.5639999999999998
13,20,validation,3192.0,return,3.0,15.0,0.01813417512033536,0.03948452117420859,-0.021350346053873228,0.5662393162393162,1766.0377358490566,1.5639999999999998
14,20,discovery,3192.0,return,3.0,15.0,0.029065975440789985,0.027890866408362865,0.0011751090324271206,0.5662393162393162,1766.0377358490566,1.5639999999999998
15,19,validation,3192.0,return,3.0,15.0,0.021553594513466452,0.02243874524403609,-0.0008851507305696373,0.5662393162393162,1766.0377358490566,1.5639999999999998
16,20,discovery,3192.0,return,3.0,15.0,0.01991848676013618,0.011149871449054547,0.008768615311081631,0.5662393162393162,1766.0377358490566,1.5639999999999998
17,20,validation,3192.0,return,3.0,15.0,0.011931668558208715,0.013459350939114512,-0.0015276823809057972,0.5662393162393162,1766.0377358490566,1.5639999999999998
18,18,discovery,3192.0,return,3.0,15.0,0.0356426550899371,0.025688842670626502,0.0099538124193106,0.5662393162393162,1766.0377358490566,1.5639999999999998
19,18,validation,3192.0,return,3.0,15.0,0.0230790945677686,0.005772130150519088,0.017306964417249514,0.5662393162393162,1766.0377358490566,1.5639999999999998
20,19,discovery,3192.0,return,3.0,15.0,0.030909080410683826,0.021032303686674386,0.00987677672400944,0.5662393162393162,1766.0377358490566,1.5639999999999998
21,19,validation,3192.0,return,3.0,15.0,0.02720209505725048,0.07878415375584802,-0.05158205869859754,0.5662393162393162,1766.0377358490566,1.5639999999999998
22,18,discovery,3192.0,return,3.0,15.0,0.010666088926267067,0.025072051422422244,-0.014405962496155177,0.5662393162393162,1766.0377358490566,1.5639999999999998
23,18,validation,3192.0,return,3.0,15.0,0.024446587910295536,0.03329784537125624,-0.008851257460960705,0.5662393162393162,1766.0377358490566,1.5639999999999998
24,20,discovery,3192.0,return,3.0,15.0,0.02218152763470679,0.026936353199964253,-0.004754825565257463,0.5662393162393162,1766.0377358490566,1.5639999999999998
25,20,validation,3192.0,return,3.0,15.0,0.024883561227636724,0.0243165725954823,0.0005669886321544235,0.5662393162393162,1766.0377358490566,1.5639999999999998
26,18,discovery,3192.0,return,3.0,15.0,0.010240821433376672,0.039482619538145206,-0.029241798104768534,0.5662393162393162,1766.0377358490566,1.5639999999999998
27,19,validation,3192.0,return,3.0,15.0,0.0212613281507091,0.021048693387897527,0.00021263476281157406,0.5662393162393162,1766.0377358490566,1.5639999999999998
28,17,discovery,3192.0,return,3.0,15.0,0.011121873432566591,0.022043406657919998,-0.010921533225353407,0.5662393162393162,1766.0377358490566,1.5639999999999998
29,18,validation,3192.0,return,3.0,15.0,0.02488222875438128,0.02138071887850273,0.00350150987587855,0.5662393162393162,1766.0377358490566,1.5639999999999998
30,19,discovery,3192.0,return,3.0,15.0,0.028205488459783646,0.04340257000278312,-0.015197081542999476,0.5662393162393162,1766.0377358490566,1.5639999999999998
31,18,validation,3192.0,return,3.0,15.0,0.02787941500212171,0.04036644180417263,-0.012487026802050917,0.5662393162393162,1766.0377358490566,1.5639999999999998
32,19,discovery,3192.0,return,3.0,15.0,0.030068661889135873,0.03091949741015503,-0.0008508355210191561,0.5662393162393162,1766.0377358490566,1.5639999999999998
33,19,validation,3192.0,return,3.0,15.0,0.019019153510420005,0.01816846645175815,0.0008506870586618559,0.5662393162393162,1766.0377358490566,1.5639999999999998
34,21,discovery,3192.0,return,3.0,15.0,0.031986204672606565,0.015504773299084207,0.016481431373522357,0.5662393162393162,1766.0377358490566,1.5639999999999998
35,17,validation,3192.0,return,3.0,15.0,0.027273599294538414,0.030110781877052212,-0.002837182582513798,0.5662393162393162,1766.0377358490566,1.5639999999999998
36,19,discovery,3192.0,return,3.0,15.0,0.01929032298183117,0.029126673568321212,-0.009836350586490041,0.5662393162393162,1766.0377358490566,1.5639999999999998
37,18,validation,3192.0,return,3.0,15.0,0.013578060320843076,0.023846536661589455,-0.01026847634074638,0.5662393162393162,1766.0377358490566,1.5639999999999998
38,19,discovery,3192.0,return,3.0,15.0,0.032413348623353794,0.015869039924568066,0.016544308698785728,0.5662393162393162,1766.0377358490566,1.5639999999999998
39,22,validation,3192.0,return,3.0,15.0,0.03146158270122327,0.021882518462672498,0.009579064238550771,0.5662393162393162,1766.0377358490566,1.5639999999999998
40,18,discovery,3192.0,return,3.0,15.0,0.04177792658270896,0.0213898049355751,0.02038812164713386,0.5662393162393162,1766.0377358490566,1.5639999999999998
41,18,validation,3192.0,return,3.0,15.0,0.02563703720144161,0.02464245808476974,0.0009945791166718725,0.5662393162393162,1766.0377358490566,1.5639999999999998
42,19,discovery,3192.0,return,3.0,15.0,0.04273146248828882,0.0039937258088934835,0.03873773667939533,0.5662393162393162,1766.0377358490566,1.5639999999999998
43,19,validation,3192.0,return,3.0,15.0,0.03905804583660025,0.015380870499762368,0.02367717533683788,0.5662393162393162,1766.0377358490566,1.5639999999999998
44,18,discovery,3192.0,return,3.0,15.0,0.020882996295477796,0.03196557152222998,-0.011082575226752184,0.5662393162393162,1766.0377358490566,1.5639999999999998
45,19,validation,3192.0,return,3.0,15.0,0.04475759909498112,0.04203919634800405,0.002718402746977072,0.5662393162393162,1766.0377358490566,1.5639999999999998
0,18,discovery,3192.0,return,15.0,30.0,0.04896418865058844,0.04012060738109256,0.00884358126949588,0.7264957264957265,1376.4705882352941,0.632
1,17,validation,3192.0,return,15.0,30.0,0.19019549823188825,0.047564483772759215,0.14263101445912904,0.7264957264957265,1376.4705882352941,0.632
2,18,discovery,3192.0,return,15.0,30.0,0.43550196091924476,0.052824113475926894,0.38267784744331784,0.7264957264957265,1376.4705882352941,0.632
3,18,validation,3192.0,return,15.0,30.0,0.4529192575553341,0.06090362498478235,0.3920156325705517,0.7264957264957265,1376.4705882352941,0.632
4,19,discovery,3192.0,return,15.0,30.0,0.533181195320886,0.06273677960780932,0.4704444157130767,0.7264957264957265,1376.4705882352941,0.632
5,19,validation,3192.0,return,15.0,30.0,0.11213155307263424,0.033334322957892334,0.0787972301147419,0.7264957264957265,1376.4705882352941,0.632
6,17,discovery,3192.0,return,15.0,30.0,0.3629718782525429,0.04008370119484244,0.32288817705770045,0.7264957264957265,1376.4705882352941,0.632
7,19,validation,3192.0,return,15.0,30.0,0.4032171436091848,0.04564302383841376,0.357574119770771,0.7264957264957265,1376.4705882352941,0.632
8,19,discovery,3192.0,return,15.0,30.0,0.17246915043038166,0.04346233918369225,0.12900681124668942,0.7264957264957265,1376.4705882352941,0.632
9,18,validation,3192.0,return,15.0,30.0,0.12328678024501212,0.03701186039502799,0.08627491984998413,0.7264957264957265,1376.4705882352941,0.632
10,18,discovery,3192.0,return,15.0,30.0,0.050329449417361165,0.022682709831866776,0.02764673958549439,0.7264957264957265,1376.4705882352941,0.632
11,18,validation,3192.0,return,15.0,30.0,0.04082761299370151,0.0336551318001069,0.007172481193594607,0.7264957264957265,1376.4705882352941,0.632
12,18,discovery,3192.0,return,15.0,30.0,0.0381526807751805,0.024573022624854994,0.013579658150325503,0.7264957264957265,1376.4705882352941,0.632
13,20,validation,3192.0,return,15.0,30.0,0.0795957630176803,0.015089253497780276,0.06450650951990003,0.7264957264957265,1376.4705882352941,0.632
14,20,discovery,3192.0,return,15.0,30.0,0.11741839072142347,0.020756436759978243,0.09666195396144522,0.7264957264957265,1376.4705882352941,0.632
15,19,validation,3192.0,return,15.0,30.0,0.2897169848232313,0.028316857056429806,0.26140012776680155,0.7264957264957265,1376.4705882352941,0.632
16,20,discovery,3192.0,return,15.0,30.0,0.09709017961887134,0.038032717700753636,0.059057461918117705,0.7264957264957265,1376.4705882352941,0.632
17,20,validation,3192.0,return,15.0,30.0,0.019352758829799838,0.041870298918626675,-0.022517540088826837,0.7264957264957265,1376.4705882352941,0.632
18,18,discovery,3192.0,return,15.0,30.0,0.0383433599156365,0.03393066903269822,0.004412690882938275,0.7264957264957265,1376.4705882352941,0.632
19,18,validation,3192.0,return,15.0,30.0,0.05431700449162407,0.02902559614061,0.02529140835101407,0.7264957264957265,1376.4705882352941,0.632
20,19,discovery,3192.0,return,15.0,30.0,0.08689011322162693,0.056203348186211935,0.030686765035414995,0.7264957264957265,1376.4705882352941,0.632
21,19,validation,3192.0,return,15.0,30.0,0.04988985181961643,0.024459246243346857,0.025430605576269572,0.7264957264957265,1376.4705882352941,0.632
22,18,discovery,3192.0,return,15.0,30.0,0.04437778808849132,0.013238306258527765,0.031139481829963553,0.7264957264957265,1376.4705882352941,0.632
23,18,validation,3192.0,return,15.0,30.0,0.035923277641494056,0.003775587085030314,0.03214769055646374,0.7264957264957265,1376.4705882352941,0.632
24,20,discovery,3192.0,return,15.0,30.0,0.02766068463031484,0.04662154302201597,-0.018960858391701127,0.7264957264957265,1376.4705882352941,0.632
25,20,validation,3192.0,return,15.0,30.0,0.05102438610131084,0.039378562400230896,0.011645823701079944,0.7264957264957265,1376.4705882352941,0.632
26,18,discovery,3192.0,return,15.0,30.0,0.11051169965579487,0.03469355122842592,0.07581814842736895,0.7264957264957265,1376.4705882352941,0.632
27,19,validation,3192.0,return,15.0,30.0,0.0472933829358328,0.023790433893222912,0.02350294904260989,0.7264957264957265,1376.4705882352941,0.632
28,17,discovery,3192.0,return,15.0,30.0,0.012704183703484289,0.011151257979236533,0.0015529257242477557,0.7264957264957265,1376.4705882352941,0.632
29,18,validation,3192.0,return,15.0,30.0,0.018028165735849398,0.040369690911555164,-0.022341525175705767,0.7264957264957265,1376.4705882352941,0.632
30,19,discovery,3192.0,return,15.0,30.0,0.03439412317477532,0.04007119029365965,-0.005677067118884334,0.7264957264957265,1376.4705882352941,0.632
31,18,validation,3192.0,return,15.0,30.0,0.012430181023885049,0.01599094221671057,-0.003560761192825522,0.7264957264957265,1376.4705882352941,0.632
32,19,discovery,3192.0,return,15.0,30.0,0.15298222287752405,0.06280065621511965,0.0901815666624044,0.7264957264957265,1376.4705882352941,0.632
33,19,validation,3192.0,return,15.0,30.0,0.1379328825110806,0.03944447781577243,0.09848840469530817,0.7264957264957265,1376.4705882352941,0.632
34,21,discovery,3192.0,return,15.0,30.0,0.05613902807764936,0.03984843812883682,0.016290589948812537,0.7264957264957265,1376.4705882352941,0.632
35,17,validation,3192.0,return,15.0,30.0,0.13268441589387794,0.03383691365022676,0.09884750224365119,0.7264957264957265,1376.4705882352941,0.632
36,19,discovery,3192.0,return,15.0,30.0,0.4672583306181555,0.06848697797808985,0.3987713526400657,0.7264957264957265,1376.4705882352941,0.632
37,18,validation,3192.0,return,15.0,30.0,0.2257198957316144,0.030868307469968045,0.19485158826164636,0.7264957264957265,1376.4705882352941,0.632
38,19,discovery,3192.0,return,15.0,30.0,0.10964488892838481,0.04553461928920203,0.06411026963918279,0.7264957264957265,1376.4705882352941,0.632
39,22,validation,3192.0,return,15.0,30.0,0.38014166362836616,0.022838542748676322,0.35730312087968985,0.7264957264957265,1376.4705882352941,0.632
40,18,discovery,3192.0,return,15.0,30.0,0.47576529805461143,0.09566331999034297,0.3801019780642685,0.7264957264957265,1376.4705882352941,0.632
41,18,validation,3192.0,return,15.0,30.0,0.1157373108236254,0.03536354574365521,0.08037376507997018,0.7264957264957265,1376.4705882352941,0.632
42,19,discovery,3192.0,return,15.0,30.0,0.1089683150621096,0.05795384627106591,0.051014468791043696,0.7264957264957265,1376.4705882352941,0.632
43,19,validation,3192.0,return,15.0,30.0,0.3446205657380817,0.04813742852900015,0.29648313720908154,0.7264957264957265,1376.4705882352941,0.632
44,18,discovery,3192.0,return,15.0,30.0,0.11431516629799877,0.015215545914040703,0.09909962038395807,0.7264957264957265,1376.4705882352941,0.632
45,19,validation,3192.0,return,15.0,30.0,0.2826395280163524,0.03919865828094038,0.243440869735412,0.7264957264957265,1376.4705882352941,0.632
0,18,discovery,3302.0,outbound,3.0,15.0,0.008298601144306108,0.047535603208705396,-0.039237002064399285,0.6196581196581197,1613.7931034482758,1.244
1,17,validation,3302.0,outbound,3.0,15.0,0.03154716891507114,0.07942665289424368,-0.04787948397917254,0.6196581196581197,1613.7931034482758,1.244
2,18,discovery,3302.0,outbound,3.0,15.0,0.006946640974121248,0.037828152603547716,-0.03088151162942647,0.6196581196581197,1613.7931034482758,1.244
3,18,validation,3302.0,outbound,3.0,15.0,0.02938213728436985,0.03941154190553747,-0.010029404621167623,0.6196581196581197,1613.7931034482758,1.244
4,19,discovery,3302.0,outbound,3.0,15.0,0.020049668415679685,0.09132421274654093,-0.07127454433086125,0.6196581196581197,1613.7931034482758,1.244
5,19,validation,3302.0,outbound,3.0,15.0,0.019821408176096168,0.06367014588534106,-0.0438487377092449,0.6196581196581197,1613.7931034482758,1.244
6,17,discovery,3302.0,outbound,3.0,15.0,0.02271406418667319,0.01397304622999116,0.00874101795668203,0.6196581196581197,1613.7931034482758,1.244
7,19,validation,3302.0,outbound,3.0,15.0,0.042245491107522765,0.1278857891398085,-0.08564029803228573,0.6196581196581197,1613.7931034482758,1.244
8,19,discovery,3302.0,outbound,3.0,15.0,0.01927568256821475,0.029733817910273734,-0.010458135342058986,0.6196581196581197,1613.7931034482758,1.244
9,18,validation,3302.0,outbound,3.0,15.0,0.03747859856016235,0.03468078303580006,0.002797815524362292,0.6196581196581197,1613.7931034482758,1.244
10,18,discovery,3302.0,outbound,3.0,15.0,0.021862830728943596,0.04528977265842384,-0.023426941929480246,0.6196581196581197,1613.7931034482758,1.244
11,18,validation,3302.0,outbound,3.0,15.0,0.03300878509611604,0.02266465114264819,0.010344133953467848,0.6196581196581197,1613.7931034482758,1.244
12,18,discovery,3302.0,outbound,3.0,15.0,0.02643780307009637,0.033375475437880664,-0.006937672367784295,0.6196581196581197,1613.7931034482758,1.244
13,20,validation,3302.0,outbound,3.0,15.0,0.03294642844420422,0.05934440034708944,-0.026397971902885217,0.6196581196581197,1613.7931034482758,1.244
14,20,discovery,3302.0,outbound,3.0,15.0,0.02240784823204378,0.04051588941355507,-0.01810804118151129,0.6196581196581197,1613.7931034482758,1.244
15,19,validation,3302.0,outbound,3.0,15.0,0.020283304790472675,0.03387705584095082,-0.013593751050478144,0.6196581196581197,1613.7931034482758,1.244
16,20,discovery,3302.0,outbound,3.0,15.0,0.031856210496907254,0.02855889239179499,0.003297318105112263,0.6196581196581197,1613.7931034482758,1.244
17,20,validation,3302.0,outbound,3.0,15.0,0.02901012550065131,0.03904865699554189,-0.010038531494890583,0.6196581196581197,1613.7931034482758,1.244
18,18,discovery,3302.0,outbound,3.0,15.0,0.03671594015860285,0.04801187244751873,-0.011295932288915879,0.6196581196581197,1613.7931034482758,1.244
19,18,validation,3302.0,outbound,3.0,15.0,0.013950026087263668,0.05257523430924169,-0.03862520822197803,0.6196581196581197,1613.7931034482758,1.244
20,19,discovery,3302.0,outbound,3.0,15.0,0.03235632209250782,0.05743961171271595,-0.02508328962020813,0.6196581196581197,1613.7931034482758,1.244
21,19,validation,3302.0,outbound,3.0,15.0,0.007508980733664086,0.10853541283532388,-0.10102643210165979,0.6196581196581197,1613.7931034482758,1.244
22,18,discovery,3302.0,outbound,3.0,15.0,0.047517845165841885,0.02393406786596631,0.023583777299875576,0.6196581196581197,1613.7931034482758,1.244
23,18,validation,3302.0,outbound,3.0,15.0,0.01952803022046281,0.02902805172005095,-0.009500021499588139,0.6196581196581197,1613.7931034482758,1.244
24,20,discovery,3302.0,outbound,3.0,15.0,0.021909899354893923,0.10409051824422533,-0.0821806188893314,0.6196581196581197,1613.7931034482758,1.244
25,20,validation,3302.0,outbound,3.0,15.0,0.009955654335692048,0.05736005917231231,-0.047404404836620256,0.6196581196581197,1613.7931034482758,1.244
26,18,discovery,3302.0,outbound,3.0,15.0,0.02154559840111163,0.02131124515471198,0.00023435324639965033,0.6196581196581197,1613.7931034482758,1.244
27,19,validation,3302.0,outbound,3.0,15.0,0.01748242619031763,0.023837357736069525,-0.006354931545751896,0.6196581196581197,1613.7931034482758,1.244
28,17,discovery,3302.0,outbound,3.0,15.0,0.028167174555754744,0.11306307687788957,-0.08489590232213481,0.6196581196581197,1613.7931034482758,1.244
29,18,validation,3302.0,outbound,3.0,15.0,0.030003835003268583,0.06499595246849878,-0.03499211746523019,0.6196581196581197,1613.7931034482758,1.244
30,19,discovery,3302.0,outbound,3.0,15.0,0.020162838061186468,0.023183186309898993,-0.0030203482487125254,0.6196581196581197,1613.7931034482758,1.244
31,18,validation,3302.0,outbound,3.0,15.0,0.02534671154645085,0.026379081819081666,-0.001032370272630815,0.6196581196581197,1613.7931034482758,1.244
32,19,discovery,3302.0,outbound,3.0,15.0,0.008940514086452401,0.028186717524041036,-0.019246203437588635,0.6196581196581197,1613.7931034482758,1.244
33,19,validation,3302.0,outbound,3.0,15.0,0.016755520516791415,0.009124664985420215,0.007630855531371199,0.6196581196581197,1613.7931034482758,1.244
34,21,discovery,3302.0,outbound,3.0,15.0,0.05236753965915916,0.06392246160386814,-0.011554921944708973,0.6196581196581197,1613.7931034482758,1.244
35,17,validation,3302.0,outbound,3.0,15.0,0.030157626803309093,0.015319626270745597,0.014838000532563496,0.6196581196581197,1613.7931034482758,1.244
36,19,discovery,3302.0,outbound,3.0,15.0,0.032868832968599965,0.04036442518561683,-0.007495592217016865,0.6196581196581197,1613.7931034482758,1.244
37,18,validation,3302.0,outbound,3.0,15.0,0.026178939231687817,0.018122896199015113,0.008056043032672704,0.6196581196581197,1613.7931034482758,1.244
38,19,discovery,3302.0,outbound,3.0,15.0,0.03959742746080273,0.03526133580393371,0.004336091656869018,0.6196581196581197,1613.7931034482758,1.244
39,22,validation,3302.0,outbound,3.0,15.0,0.020351192828829058,0.07800144802754261,-0.05765025519871355,0.6196581196581197,1613.7931034482758,1.244
40,18,discovery,3302.0,outbound,3.0,15.0,0.023332003413132376,0.04782914904696864,-0.024497145633836263,0.6196581196581197,1613.7931034482758,1.244
41,18,validation,3302.0,outbound,3.0,15.0,0.008686197723597673,0.05323041022808857,-0.04454421250449089,0.6196581196581197,1613.7931034482758,1.244
42,19,discovery,3302.0,outbound,3.0,15.0,0.020198901145712156,0.14486863439335584,-0.12466973324764369,0.6196581196581197,1613.7931034482758,1.244
43,19,validation,3302.0,outbound,3.0,15.0,0.031191742533026905,0.0602102671417236,-0.029018524608696698,0.6196581196581197,1613.7931034482758,1.244
44,18,discovery,3302.0,outbound,3.0,15.0,0.011826952999125402,0.018986219816020375,-0.007159266816894973,0.6196581196581197,1613.7931034482758,1.244
45,19,validation,3302.0,outbound,3.0,15.0,0.04747765478845954,0.06846773746571216,-0.020990082677252622,0.6196581196581197,1613.7931034482758,1.244
0,18,discovery,3302.0,outbound,15.0,30.0,0.3805346785431526,0.024924253707381223,0.3556104248357714,0.6410256410256411,1560.0,2.34
1,17,validation,3302.0,outbound,15.0,30.0,0.40216347594995877,0.05196272327606322,0.35020075267389555,0.6410256410256411,1560.0,2.34
2,18,discovery,3302.0,outbound,15.0,30.0,0.4787291733171954,0.02660398472870858,0.4521251885884868,0.6410256410256411,1560.0,2.34
3,18,validation,3302.0,outbound,15.0,30.0,0.4767866188029493,0.032740278852214894,0.4440463399507344,0.6410256410256411,1560.0,2.34
4,19,discovery,3302.0,outbound,15.0,30.0,0.46686077359400857,0.03142285245843257,0.435437921135576,0.6410256410256411,1560.0,2.34
5,19,validation,3302.0,outbound,15.0,30.0,0.555189726364512,0.04565119220353433,0.5095385341609777,0.6410256410256411,1560.0,2.34
6,17,discovery,3302.0,outbound,15.0,30.0,0.4519936260798222,0.030651156368775426,0.4213424697110468,0.6410256410256411,1560.0,2.34
7,19,validation,3302.0,outbound,15.0,30.0,0.38529879612762036,0.009650469593563367,0.375648326534057,0.6410256410256411,1560.0,2.34
8,19,discovery,3302.0,outbound,15.0,30.0,0.2770304945652099,0.009820155441362034,0.26721033912384784,0.6410256410256411,1560.0,2.34
9,18,validation,3302.0,outbound,15.0,30.0,0.310981976083689,0.025440536451079878,0.28554143963260914,0.6410256410256411,1560.0,2.34
10,18,discovery,3302.0,outbound,15.0,30.0,0.34782358247105005,0.02369559508467789,0.32412798738637216,0.6410256410256411,1560.0,2.34
11,18,validation,3302.0,outbound,15.0,30.0,0.04581157924841959,0.02364839155685107,0.02216318769156852,0.6410256410256411,1560.0,2.34
12,18,discovery,3302.0,outbound,15.0,30.0,0.28502258303844347,0.020988664033475064,0.2640339190049684,0.6410256410256411,1560.0,2.34
13,20,validation,3302.0,outbound,15.0,30.0,0.3100244788401775,0.018323982501667183,0.2917004963385103,0.6410256410256411,1560.0,2.34
14,20,discovery,3302.0,outbound,15.0,30.0,0.038354544357668476,0.03178342421977619,0.006571120137892288,0.6410256410256411,1560.0,2.34
15,19,validation,3302.0,outbound,15.0,30.0,0.01755863978573807,0.021328275721489404,-0.0037696359357513344,0.6410256410256411,1560.0,2.34
16,20,discovery,3302.0,outbound,15.0,30.0,0.02357059101101828,0.020010852688792595,0.0035597383222256834,0.6410256410256411,1560.0,2.34
17,20,validation,3302.0,outbound,15.0,30.0,0.04182003867173633,0.013629229956509543,0.028190808715226785,0.6410256410256411,1560.0,2.34
18,18,discovery,3302.0,outbound,15.0,30.0,0.26190689678467566,0.057275188868118644,0.20463170791655702,0.6410256410256411,1560.0,2.34
19,18,validation,3302.0,outbound,15.0,30.0,0.2704853470063197,0.014980121880930551,0.25550522512538915,0.6410256410256411,1560.0,2.34
20,19,discovery,3302.0,outbound,15.0,30.0,0.3691754038847201,0.02532673525193147,0.3438486686327886,0.6410256410256411,1560.0,2.34
21,19,validation,3302.0,outbound,15.0,30.0,0.49093462919212033,0.02557335229795846,0.46536127689416185,0.6410256410256411,1560.0,2.34
22,18,discovery,3302.0,outbound,15.0,30.0,0.046859272037726836,0.04270758639130206,0.004151685646424777,0.6410256410256411,1560.0,2.34
23,18,validation,3302.0,outbound,15.0,30.0,0.042982115135493465,0.022694053064911027,0.02028806207058244,0.6410256410256411,1560.0,2.34
24,20,discovery,3302.0,outbound,15.0,30.0,0.5040856811782704,0.03881435328212792,0.46527132789614245,0.6410256410256411,1560.0,2.34
25,20,validation,3302.0,outbound,15.0,30.0,0.3691683611904748,0.026164387524217448,0.34300397366625734,0.6410256410256411,1560.0,2.34
26,18,discovery,3302.0,outbound,15.0,30.0,0.13758814604859543,0.023647810543692235,0.11394033550490319,0.6410256410256411,1560.0,2.34
27,19,validation,3302.0,outbound,15.0,30.0,0.23748648665367236,0.02608433704628647,0.2114021496073859,0.6410256410256411,1560.0,2.34
28,17,discovery,3302.0,outbound,15.0,30.0,0.3334720818455999,0.09273141961268719,0.2407406622329127,0.6410256410256411,1560.0,2.34
29,18,validation,3302.0,outbound,15.0,30.0,0.38968671994633736,0.024158931872034838,0.36552778807430253,0.6410256410256411,1560.0,2.34
30,19,discovery,3302.0,outbound,15.0,30.0,0.42337167379356755,0.022140659355602645,0.4012310144379649,0.6410256410256411,1560.0,2.34
31,18,validation,3302.0,outbound,15.0,30.0,0.023405778173334682,0.026944666600504277,-0.0035388884271695953,0.6410256410256411,1560.0,2.34
32,19,discovery,3302.0,outbound,15.0,30.0,0.04846039856372873,0.012970708469450455,0.03548969009427828,0.6410256410256411,1560.0,2.34
33,19,validation,3302.0,outbound,15.0,30.0,0.037406497995333805,0.007834005526463904,0.0295724924688699,0.6410256410256411,1560.0,2.34
34,21,discovery,3302.0,outbound,15.0,30.0,0.29696554920723445,0.022358161902631606,0.2746073873046028,0.6410256410256411,1560.0,2.34
35,17,validation,3302.0,outbound,15.0,30.0,0.025368743859375927,0.014269016172310856,0.011099727687065072,0.6410256410256411,1560.0,2.34
36,19,discovery,3302.0,outbound,15.0,30.0,0.0573811569893215,0.03930987316536101,0.01807128382396049,0.6410256410256411,1560.0,2.34
37,18,validation,3302.0,outbound,15.0,30.0,0.029475191643730435,0.02547329876902412,0.004001892874706314,0.6410256410256411,1560.0,2.34
38,19,discovery,3302.0,outbound,15.0,30.0,0.07222130618041728,0.022691783517636094,0.049529522662781184,0.6410256410256411,1560.0,2.34
39,22,validation,3302.0,outbound,15.0,30.0,0.4340007527279408,0.0503371509766118,0.383663601751329,0.6410256410256411,1560.0,2.34
40,18,discovery,3302.0,outbound,15.0,30.0,0.19354371208444157,0.02028013479807648,0.1732635772863651,0.6410256410256411,1560.0,2.34
41,18,validation,3302.0,outbound,15.0,30.0,0.42595280153479625,0.008123620675895999,0.41782918085890025,0.6410256410256411,1560.0,2.34
42,19,discovery,3302.0,outbound,15.0,30.0,0.40825843117699395,0.020348582982049734,0.38790984819494423,0.6410256410256411,1560.0,2.34
43,19,validation,3302.0,outbound,15.0,30.0,0.3490819594251446,0.023785477301154597,0.32529648212399,0.6410256410256411,1560.0,2.34
44,18,discovery,3302.0,outbound,15.0,30.0,0.06868929719792415,0.03306052415590235,0.0356287730420218,0.6410256410256411,1560.0,2.34
45,19,validation,3302.0,outbound,15.0,30.0,0.514716987705793,0.02891684439385022,0.48580014331194277,0.6410256410256411,1560.0,2.34
0,18,discovery,3302.0,return,3.0,15.0,0.02154918102159296,0.03478583372237388,-0.013236652700780917,0.5982905982905983,1671.4285714285713,0.364
1,17,validation,3302.0,return,3.0,15.0,0.009206027712957225,0.03447020071653763,-0.0252641730035804,0.5982905982905983,1671.4285714285713,0.364
2,18,discovery,3302.0,return,3.0,15.0,0.07984313724121317,0.033185486812756515,0.046657650428456654,0.5982905982905983,1671.4285714285713,0.364
3,18,validation,3302.0,return,3.0,15.0,0.03622670862282569,0.028211181936218094,0.008015526686607596,0.5982905982905983,1671.4285714285713,0.364
4,19,discovery,3302.0,return,3.0,15.0,0.19930242817263674,0.10017210307670804,0.0991303250959287,0.5982905982905983,1671.4285714285713,0.364
5,19,validation,3302.0,return,3.0,15.0,0.018749849782491477,0.05647828141984589,-0.03772843163735441,0.5982905982905983,1671.4285714285713,0.364
6,17,discovery,3302.0,return,3.0,15.0,0.06294141799694725,0.027986614144670827,0.03495480385227642,0.5982905982905983,1671.4285714285713,0.364
7,19,validation,3302.0,return,3.0,15.0,0.06446048773861557,0.03328610902142333,0.03117437871719224,0.5982905982905983,1671.4285714285713,0.364
8,19,discovery,3302.0,return,3.0,15.0,0.029390762041647703,0.008560739987047025,0.02083002205460068,0.5982905982905983,1671.4285714285713,0.364
9,18,validation,3302.0,return,3.0,15.0,0.03251430877844899,0.037251223468135745,-0.004736914689686754,0.5982905982905983,1671.4285714285713,0.364
10,18,discovery,3302.0,return,3.0,15.0,0.04181220755005715,0.02852075842923588,0.01329144912082127,0.5982905982905983,1671.4285714285713,0.364
11,18,validation,3302.0,return,3.0,15.0,0.022243658292213617,0.03483178039316616,-0.012588122100952542,0.5982905982905983,1671.4285714285713,0.364
12,18,discovery,3302.0,return,3.0,15.0,0.031237721804024503,0.036851512894073096,-0.0056137910900485935,0.5982905982905983,1671.4285714285713,0.364
13,20,validation,3302.0,return,3.0,15.0,0.21010117628895147,0.11453438176969127,0.0955667945192602,0.5982905982905983,1671.4285714285713,0.364
14,20,discovery,3302.0,return,3.0,15.0,0.020916351121512775,0.017122536087968432,0.0037938150335443434,0.5982905982905983,1671.4285714285713,0.364
15,19,validation,3302.0,return,3.0,15.0,0.10790230205241405,0.03110167502008967,0.07680062703232438,0.5982905982905983,1671.4285714285713,0.364
16,20,discovery,3302.0,return,3.0,15.0,0.0730922249045665,0.03796341419540051,0.03512881070916599,0.5982905982905983,1671.4285714285713,0.364
17,20,validation,3302.0,return,3.0,15.0,0.051243053244074,0.004160228014988434,0.047082825229085565,0.5982905982905983,1671.4285714285713,0.364
18,18,discovery,3302.0,return,3.0,15.0,0.06328471897343134,0.019866413041807987,0.04341830593162335,0.5982905982905983,1671.4285714285713,0.364
19,18,validation,3302.0,return,3.0,15.0,0.03219222912303026,0.026985363548852954,0.005206865574177308,0.5982905982905983,1671.4285714285713,0.364
20,19,discovery,3302.0,return,3.0,15.0,0.01252974093451175,0.029860408486887292,-0.017330667552375542,0.5982905982905983,1671.4285714285713,0.364
21,19,validation,3302.0,return,3.0,15.0,0.0399154166887442,0.02452050126905694,0.015394915419687263,0.5982905982905983,1671.4285714285713,0.364
22,18,discovery,3302.0,return,3.0,15.0,0.030430100269967713,0.02185503881034686,0.008575061459620854,0.5982905982905983,1671.4285714285713,0.364
23,18,validation,3302.0,return,3.0,15.0,0.007217940240887732,0.010918427009297101,-0.0037004867684093693,0.5982905982905983,1671.4285714285713,0.364
24,20,discovery,3302.0,return,3.0,15.0,0.011996812024520652,0.049166829049062534,-0.03717001702454188,0.5982905982905983,1671.4285714285713,0.364
25,20,validation,3302.0,return,3.0,15.0,0.07489655445978337,0.02502227165093893,0.04987428280884444,0.5982905982905983,1671.4285714285713,0.364
26,18,discovery,3302.0,return,3.0,15.0,0.045079211033155674,0.018143915720183267,0.026935295312972406,0.5982905982905983,1671.4285714285713,0.364
27,19,validation,3302.0,return,3.0,15.0,0.043892613353028236,0.01920552575315634,0.024687087599871895,0.5982905982905983,1671.4285714285713,0.364
28,17,discovery,3302.0,return,3.0,15.0,0.054424717274547216,0.025204193170515945,0.02922052410403127,0.5982905982905983,1671.4285714285713,0.364
29,18,validation,3302.0,return,3.0,15.0,0.04574285304432288,0.031279086224481736,0.014463766819841142,0.5982905982905983,1671.4285714285713,0.364
30,19,discovery,3302.0,return,3.0,15.0,0.0323491565699512,0.029791798403666598,0.0025573581662846033,0.5982905982905983,1671.4285714285713,0.364
31,18,validation,3302.0,return,3.0,15.0,0.016500376444721052,0.019249045171087817,-0.0027486687263667646,0.5982905982905983,1671.4285714285713,0.364
32,19,discovery,3302.0,return,3.0,15.0,0.016316961263488413,0.019309263968373565,-0.0029923027048851525,0.5982905982905983,1671.4285714285713,0.364
33,19,validation,3302.0,return,3.0,15.0,0.0139462142216888,0.04907125408752359,-0.03512503986583479,0.5982905982905983,1671.4285714285713,0.364
34,21,discovery,3302.0,return,3.0,15.0,0.050708225481658056,0.0459803962108404,0.004727829270817656,0.5982905982905983,1671.4285714285713,0.364
35,17,validation,3302.0,return,3.0,15.0,0.017871569844985825,0.034897515496901316,-0.01702594565191549,0.5982905982905983,1671.4285714285713,0.364
36,19,discovery,3302.0,return,3.0,15.0,0.025577357687351168,0.01936959328066064,0.006207764406690526,0.5982905982905983,1671.4285714285713,0.364
37,18,validation,3302.0,return,3.0,15.0,0.039798354729812226,0.0181811274075192,0.021617227322293025,0.5982905982905983,1671.4285714285713,0.364
38,19,discovery,3302.0,return,3.0,15.0,0.028028733317247336,0.04013938157808435,-0.012110648260837017,0.5982905982905983,1671.4285714285713,0.364
39,22,validation,3302.0,return,3.0,15.0,0.04165254963966226,0.015650677016140063,0.026001872623522194,0.5982905982905983,1671.4285714285713,0.364
40,18,discovery,3302.0,return,3.0,15.0,0.032918175173129276,0.01289024720731034,0.020027927965818936,0.5982905982905983,1671.4285714285713,0.364
41,18,validation,3302.0,return,3.0,15.0,0.009978713418568149,0.031377995695219964,-0.021399282276651815,0.5982905982905983,1671.4285714285713,0.364
42,19,discovery,3302.0,return,3.0,15.0,0.01566791222137844,0.023531762079907856,-0.007863849858529417,0.5982905982905983,1671.4285714285713,0.364
43,19,validation,3302.0,return,3.0,15.0,0.04632020736297065,0.03293691643876383,0.013383290924206821,0.5982905982905983,1671.4285714285713,0.364
44,18,discovery,3302.0,return,3.0,15.0,0.01049240931673569,0.033389265030943784,-0.022896855714208096,0.5982905982905983,1671.4285714285713,0.364
45,19,validation,3302.0,return,3.0,15.0,0.029173363014551253,0.028477677129584822,0.0006956858849664314,0.5982905982905983,1671.4285714285713,0.364
0,18,discovery,3302.0,return,15.0,30.0,0.050587738375465,0.08034702763964637,-0.029759289264181366,0.5769230769230769,1733.3333333333335,0.5880000000000001
1,17,validation,3302.0,return,15.0,30.0,0.0661383226817334,0.030874854340363453,0.03526346834136995,0.5769230769230769,1733.3333333333335,0.5880000000000001
2,18,discovery,3302.0,return,15.0,30.0,0.09265315220259211,0.04511995979546062,0.04753319240713149,0.5769230769230769,1733.3333333333335,0.5880000000000001
3,18,validation,3302.0,return,15.0,30.0,0.13206523926210928,0.06942865246474776,0.06263658679736152,0.5769230769230769,1733.3333333333335,0.5880000000000001
4,19,discovery,3302.0,return,15.0,30.0,0.3919676614817157,0.07628934290791027,0.3156783185738054,0.5769230769230769,1733.3333333333335,0.5880000000000001
5,19,validation,3302.0,return,15.0,30.0,0.18169946177240007,0.0238529032897852,0.15784655848261486,0.5769230769230769,1733.3333333333335,0.5880000000000001
6,17,discovery,3302.0,return,15.0,30.0,0.22805964607332266,0.07938456302230934,0.14867508305101332,0.5769230769230769,1733.3333333333335,0.5880000000000001
7,19,validation,3302.0,return,15.0,30.0,0.04321532245473984,0.056915114398196055,-0.013699791943456212,0.5769230769230769,1733.3333333333335,0.5880000000000001
8,19,discovery,3302.0,return,15.0,30.0,0.0824069245729336,0.010106983968652573,0.07229994060428102,0.5769230769230769,1733.3333333333335,0.5880000000000001
9,18,validation,3302.0,return,15.0,30.0,0.021773182932862376,0.023794746989174824,-0.0020215640563124478,0.5769230769230769,1733.3333333333335,0.5880000000000001
10,18,discovery,3302.0,return,15.0,30.0,0.04719260191755843,0.01788847300258562,0.02930412891497281,0.5769230769230769,1733.3333333333335,0.5880000000000001
11,18,validation,3302.0,return,15.0,30.0,0.056954874010326145,0.03970953466257666,0.017245339347749487,0.5769230769230769,1733.3333333333335,0.5880000000000001
12,18,discovery,3302.0,return,15.0,30.0,0.06229799278665904,0.042424775542461046,0.019873217244197994,0.5769230769230769,1733.3333333333335,0.5880000000000001
13,20,validation,3302.0,return,15.0,30.0,0.30151695721784655,0.08163821404814219,0.21987874316970435,0.5769230769230769,1733.3333333333335,0.5880000000000001
14,20,discovery,3302.0,return,15.0,30.0,0.024457523194362157,0.027620438435840354,-0.0031629152414781973,0.5769230769230769,1733.3333333333335,0.5880000000000001
15,19,validation,3302.0,return,15.0,30.0,0.24730828348489456,0.0825705014704267,0.16473778201446787,0.5769230769230769,1733.3333333333335,0.5880000000000001
16,20,discovery,3302.0,return,15.0,30.0,0.05063395211905495,0.05866195582104641,-0.008028003701991464,0.5769230769230769,1733.3333333333335,0.5880000000000001
17,20,validation,3302.0,return,15.0,30.0,0.023187863265256025,0.01816800001615475,0.005019863249101274,0.5769230769230769,1733.3333333333335,0.5880000000000001
18,18,discovery,3302.0,return,15.0,30.0,0.27113421222560435,0.050330086567935674,0.2208041256576687,0.5769230769230769,1733.3333333333335,0.5880000000000001
19,18,validation,3302.0,return,15.0,30.0,0.060115233983679274,0.02228881009362411,0.037826423890055166,0.5769230769230769,1733.3333333333335,0.5880000000000001
20,19,discovery,3302.0,return,15.0,30.0,0.027361765217507862,0.01839467815274325,0.008967087064764612,0.5769230769230769,1733.3333333333335,0.5880000000000001
21,19,validation,3302.0,return,15.0,30.0,0.027315883220073826,0.049862605103472846,-0.02254672188339902,0.5769230769230769,1733.3333333333335,0.5880000000000001
22,18,discovery,3302.0,return,15.0,30.0,0.04869222363527516,0.05654705858565405,-0.007854834950378892,0.5769230769230769,1733.3333333333335,0.5880000000000001
23,18,validation,3302.0,return,15.0,30.0,0.05893456370240912,0.02029396487465752,0.0386405988277516,0.5769230769230769,1733.3333333333335,0.5880000000000001
24,20,discovery,3302.0,return,15.0,30.0,0.0337474009902768,0.009794213235660569,0.02395318775461623,0.5769230769230769,1733.3333333333335,0.5880000000000001
25,20,validation,3302.0,return,15.0,30.0,0.14745768517832522,0.062115331844489786,0.08534235333383544,0.5769230769230769,1733.3333333333335,0.5880000000000001
26,18,discovery,3302.0,return,15.0,30.0,0.0713381759004352,0.02266829897318664,0.04866987692724856,0.5769230769230769,1733.3333333333335,0.5880000000000001
27,19,validation,3302.0,return,15.0,30.0,0.03700720444790371,0.06157082720074607,-0.024563622752842358,0.5769230769230769,1733.3333333333335,0.5880000000000001
28,17,discovery,3302.0,return,15.0,30.0,0.008417099504268048,0.027764912213204453,-0.019347812708936405,0.5769230769230769,1733.3333333333335,0.5880000000000001
29,18,validation,3302.0,return,15.0,30.0,0.014343407688515592,0.042033561117627155,-0.02769015342911156,0.5769230769230769,1733.3333333333335,0.5880000000000001
30,19,discovery,3302.0,return,15.0,30.0,0.06850280693982945,0.031742713493515054,0.036760093446314396,0.5769230769230769,1733.3333333333335,0.5880000000000001
31,18,validation,3302.0,return,15.0,30.0,0.031085543157812263,0.03206772812691123,-0.0009821849690989648,0.5769230769230769,1733.3333333333335,0.5880000000000001
32,19,discovery,3302.0,return,15.0,30.0,0.04325130422210143,0.033321673754742744,0.009929630467358688,0.5769230769230769,1733.3333333333335,0.5880000000000001
33,19,validation,3302.0,return,15.0,30.0,0.05620050582556765,0.042727751453405606,0.01347275437216204,0.5769230769230769,1733.3333333333335,0.5880000000000001
34,21,discovery,3302.0,return,15.0,30.0,0.03719156033661943,0.02008812270654302,0.017103437630076414,0.5769230769230769,1733.3333333333335,0.5880000000000001
35,17,validation,3302.0,return,15.0,30.0,0.025430451553496294,0.05334904206800491,-0.027918590514508613,0.5769230769230769,1733.3333333333335,0.5880000000000001
36,19,discovery,3302.0,return,15.0,30.0,0.07176720663703873,0.023564927166801173,0.04820227947023756,0.5769230769230769,1733.3333333333335,0.5880000000000001
37,18,validation,3302.0,return,15.0,30.0,0.03373151329777218,0.02339132166679669,0.01034019163097549,0.5769230769230769,1733.3333333333335,0.5880000000000001
38,19,discovery,3302.0,return,15.0,30.0,0.06774765540327372,0.032233632742791674,0.03551402266048205,0.5769230769230769,1733.3333333333335,0.5880000000000001
39,22,validation,3302.0,return,15.0,30.0,0.05312372941404947,0.04976550449963851,0.0033582249144109566,0.5769230769230769,1733.3333333333335,0.5880000000000001
40,18,discovery,3302.0,return,15.0,30.0,0.06196413725422097,0.07529010918486294,-0.013325971930641965,0.5769230769230769,1733.3333333333335,0.5880000000000001
41,18,validation,3302.0,return,15.0,30.0,0.09686252293780637,0.03077472302011892,0.06608779991768744,0.5769230769230769,1733.3333333333335,0.5880000000000001
42,19,discovery,3302.0,return,15.0,30.0,0.037202688833490205,0.014653025658064178,0.022549663175426025,0.5769230769230769,1733.3333333333335,0.5880000000000001
43,19,validation,3302.0,return,15.0,30.0,0.10937104640782798,0.03904387641625259,0.07032716999157539,0.5769230769230769,1733.3333333333335,0.5880000000000001
44,18,discovery,3302.0,return,15.0,30.0,0.04336651314313099,0.03960674027301807,0.0037597728701129207,0.5769230769230769,1733.3333333333335,0.5880000000000001
45,19,validation,3302.0,return,15.0,30.0,0.19333452679224414,0.01615252609997648,0.17718200069226767,0.5769230769230769,1733.3333333333335,0.5880000000000001
0,18,discovery,2800.0,outbound,3.0,15.0,0.07956823463589724,0.017066140613499873,0.06250209402239737,0.673076923076923,1485.7142857142858,1.684
1,17,validation,2800.0,outbound,3.0,15.0,0.12738897434117727,0.07568380242896668,0.05170517191221059,0.673076923076923,1485.7142857142858,1.684
2,18,discovery,2800.0,outbound,3.0,15.0,0.013047725268881025,0.028236532624105443,-0.015188807355224418,0.673076923076923,1485.7142857142858,1.684
3,18,validation,2800.0,outbound,3.0,15.0,0.060373648509572435,0.06332965854369246,-0.0029560100341200282,0.673076923076923,1485.7142857142858,1.684
4,19,discovery,2800.0,outbound,3.0,15.0,0.14938281089671313,0.08830274777041087,0.06108006312630225,0.673076923076923,1485.7142857142858,1.684
5,19,validation,2800.0,outbound,3.0,15.0,0.03455580833541884,0.07575226336265305,-0.04119645502723421,0.673076923076923,1485.7142857142858,1.684
6,17,discovery,2800.0,outbound,3.0,15.0,0.14039930886462337,0.031116586153222967,0.10928272271140041,0.673076923076923,1485.7142857142858,1.684
7,19,validation,2800.0,outbound,3.0,15.0,0.08151692659009784,0.03358231109056261,0.047934615499535226,0.673076923076923,1485.7142857142858,1.684
8,19,discovery,2800.0,outbound,3.0,15.0,0.07053468639968707,0.07526956380328545,-0.004734877403598375,0.673076923076923,1485.7142857142858,1.684
9,18,validation,2800.0,outbound,3.0,15.0,0.08467646350769359,0.06043058093953954,0.024245882568154048,0.673076923076923,1485.7142857142858,1.684
10,18,discovery,2800.0,outbound,3.0,15.0,0.11974061234341177,0.057575127955758615,0.06216548438765315,0.673076923076923,1485.7142857142858,1.684
11,18,validation,2800.0,outbound,3.0,15.0,0.08015263718204471,0.039141293932210074,0.04101134324983464,0.673076923076923,1485.7142857142858,1.684
12,18,discovery,2800.0,outbound,3.0,15.0,0.0205688639032477,0.02157453377033856,-0.0010056698670908616,0.673076923076923,1485.7142857142858,1.684
13,20,validation,2800.0,outbound,3.0,15.0,0.0223078410776252,0.03542287251729315,-0.013115031439667947,0.673076923076923,1485.7142857142858,1.684
14,20,discovery,2800.0,outbound,3.0,15.0,0.03156513120851028,0.03053811665260389,0.00102701455590639,0.673076923076923,1485.7142857142858,1.684
15,19,validation,2800.0,outbound,3.0,15.0,0.04348800568411036,0.03472765380522173,0.008760351878888635,0.673076923076923,1485.7142857142858,1.684
16,20,discovery,2800.0,outbound,3.0,15.0,0.029548021390216016,0.020239583441450625,0.009308437948765392,0.673076923076923,1485.7142857142858,1.684
17,20,validation,2800.0,outbound,3.0,15.0,0.020125470729225423,0.019349300517919072,0.0007761702113063505,0.673076923076923,1485.7142857142858,1.684
18,18,discovery,2800.0,outbound,3.0,15.0,0.14796423432726039,0.07923712849140878,0.0687271058358516,0.673076923076923,1485.7142857142858,1.684
19,18,validation,2800.0,outbound,3.0,15.0,0.16950417561866749,0.06694215622373399,0.10256201939493349,0.673076923076923,1485.7142857142858,1.684
20,19,discovery,2800.0,outbound,3.0,15.0,0.029308100058092344,0.03130302046528838,-0.0019949204071960346,0.673076923076923,1485.7142857142858,1.684
21,19,validation,2800.0,outbound,3.0,15.0,0.14272576068881215,0.043230047162113656,0.0994957135266985,0.673076923076923,1485.7142857142858,1.684
22,18,discovery,2800.0,outbound,3.0,15.0,0.1733599190231423,0.07787830288822867,0.09548161613491363,0.673076923076923,1485.7142857142858,1.684
23,18,validation,2800.0,outbound,3.0,15.0,0.16102065841860652,0.02155234992888177,0.13946830848972475,0.673076923076923,1485.7142857142858,1.684
24,20,discovery,2800.0,outbound,3.0,15.0,0.049104381679020564,0.01914840952071151,0.029955972158309054,0.673076923076923,1485.7142857142858,1.684
25,20,validation,2800.0,outbound,3.0,15.0,0.16786541629939858,0.13741048675586828,0.030454929543530296,0.673076923076923,1485.7142857142858,1.684
26,18,discovery,2800.0,outbound,3.0,15.0,0.1368952099466473,0.03846119242900406,0.09843401751764325,0.673076923076923,1485.7142857142858,1.684
27,19,validation,2800.0,outbound,3.0,15.0,0.024732316093643233,0.024394346716122617,0.0003379693775206159,0.673076923076923,1485.7142857142858,1.684
28,17,discovery,2800.0,outbound,3.0,15.0,0.12960776022101922,0.06165202033376806,0.06795573988725116,0.673076923076923,1485.7142857142858,1.684
29,18,validation,2800.0,outbound,3.0,15.0,0.2596038885178328,0.07701870830427994,0.18258518021355286,0.673076923076923,1485.7142857142858,1.684
30,19,discovery,2800.0,outbound,3.0,15.0,0.10216016696051625,0.04438686725468559,0.05777329970583066,0.673076923076923,1485.7142857142858,1.684
31,18,validation,2800.0,outbound,3.0,15.0,0.13950419864273322,0.0652636184176314,0.07424058022510183,0.673076923076923,1485.7142857142858,1.684
32,19,discovery,2800.0,outbound,3.0,15.0,0.16277563692879196,0.10181521658451531,0.06096042034427665,0.673076923076923,1485.7142857142858,1.684
33,19,validation,2800.0,outbound,3.0,15.0,0.16669480044137056,0.04423456238901939,0.12246023805235116,0.673076923076923,1485.7142857142858,1.684
34,21,discovery,2800.0,outbound,3.0,15.0,0.19240937180495093,0.055578552217689745,0.13683081958726118,0.673076923076923,1485.7142857142858,1.684
35,17,validation,2800.0,outbound,3.0,15.0,0.14103080494860548,0.027357791787549077,0.11367301316105641,0.673076923076923,1485.7142857142858,1.684
36,19,discovery,2800.0,outbound,3.0,15.0,0.20147236321252385,0.05991156008651666,0.1415608031260072,0.673076923076923,1485.7142857142858,1.684
37,18,validation,2800.0,outbound,3.0,15.0,0.08227613856836832,0.05273493622014379,0.029541202348224535,0.673076923076923,1485.7142857142858,1.684
38,19,discovery,2800.0,outbound,3.0,15.0,0.09670155283367203,0.05823464953745828,0.03846690329621375,0.673076923076923,1485.7142857142858,1.684
39,22,validation,2800.0,outbound,3.0,15.0,0.026090956526260273,0.0255818009926657,0.000509155533594572,0.673076923076923,1485.7142857142858,1.684
40,18,discovery,2800.0,outbound,3.0,15.0,0.14852814891695348,0.05730067039677745,0.09122747852017604,0.673076923076923,1485.7142857142858,1.684
41,18,validation,2800.0,outbound,3.0,15.0,0.06183821078588207,0.04384468503574625,0.017993525750135825,0.673076923076923,1485.7142857142858,1.684
42,19,discovery,2800.0,outbound,3.0,15.0,0.10380234477117661,0.06502938666243725,0.03877295810873936,0.673076923076923,1485.7142857142858,1.684
43,19,validation,2800.0,outbound,3.0,15.0,0.032828931301833016,0.06284973840032174,-0.03002080709848872,0.673076923076923,1485.7142857142858,1.684
44,18,discovery,2800.0,outbound,3.0,15.0,0.1178542371034976,0.05052252915094007,0.06733170795255752,0.673076923076923,1485.7142857142858,1.684
45,19,validation,2800.0,outbound,3.0,15.0,0.10826939220653144,0.05111871316820099,0.057150679038330446,0.673076923076923,1485.7142857142858,1.684
0,18,discovery,2800.0,outbound,15.0,30.0,0.44091120479748186,0.04926857076254391,0.39164263403493793,0.6303418803418803,1586.4406779661017,1.896
1,17,validation,2800.0,outbound,15.0,30.0,0.40849512543898325,0.05095717021891882,0.35753795522006443,0.6303418803418803,1586.4406779661017,1.896
2,18,discovery,2800.0,outbound,15.0,30.0,0.17401747796930497,0.027597828258491195,0.14641964971081378,0.6303418803418803,1586.4406779661017,1.896
3,18,validation,2800.0,outbound,15.0,30.0,0.504534805848487,0.03935012686730526,0.4651846789811817,0.6303418803418803,1586.4406779661017,1.896
4,19,discovery,2800.0,outbound,15.0,30.0,0.4869974277648822,0.06076232563058966,0.42623510213429255,0.6303418803418803,1586.4406779661017,1.896
5,19,validation,2800.0,outbound,15.0,30.0,0.05185800690068227,0.05718723939432932,-0.00532923249364705,0.6303418803418803,1586.4406779661017,1.896
6,17,discovery,2800.0,outbound,15.0,30.0,0.4777953625029768,0.0632128801784881,0.4145824823244887,0.6303418803418803,1586.4406779661017,1.896
7,19,validation,2800.0,outbound,15.0,30.0,0.040543670547228926,0.013458266123119487,0.02708540442410944,0.6303418803418803,1586.4406779661017,1.896
8,19,discovery,2800.0,outbound,15.0,30.0,0.462804378733869,0.03252138468972702,0.43028299404414194,0.6303418803418803,1586.4406779661017,1.896
9,18,validation,2800.0,outbound,15.0,30.0,0.26381797897457865,0.06088971663022101,0.20292826234435762,0.6303418803418803,1586.4406779661017,1.896
10,18,discovery,2800.0,outbound,15.0,30.0,0.398964466489377,0.054910636573550636,0.34405382991582634,0.6303418803418803,1586.4406779661017,1.896
11,18,validation,2800.0,outbound,15.0,30.0,0.25190740708388637,0.08320947222042396,0.1686979348634624,0.6303418803418803,1586.4406779661017,1.896
12,18,discovery,2800.0,outbound,15.0,30.0,0.018710782195263693,0.02051888693371718,-0.0018081047384534872,0.6303418803418803,1586.4406779661017,1.896
13,20,validation,2800.0,outbound,15.0,30.0,0.017691877346101736,0.021736490385347074,-0.004044613039245339,0.6303418803418803,1586.4406779661017,1.896
14,20,discovery,2800.0,outbound,15.0,30.0,0.3346450638213028,0.06343862864833623,0.2712064351729666,0.6303418803418803,1586.4406779661017,1.896
15,19,validation,2800.0,outbound,15.0,30.0,0.27687573765253454,0.020420712500040284,0.25645502515249424,0.6303418803418803,1586.4406779661017,1.896
16,20,discovery,2800.0,outbound,15.0,30.0,0.02430914110451677,0.020919015687250554,0.0033901254172662154,0.6303418803418803,1586.4406779661017,1.896
17,20,validation,2800.0,outbound,15.0,30.0,0.3882202243911003,0.01902026836737891,0.3691999560237214,0.6303418803418803,1586.4406779661017,1.896
18,18,discovery,2800.0,outbound,15.0,30.0,0.5305034644580193,0.07468822328053053,0.4558152411774888,0.6303418803418803,1586.4406779661017,1.896
19,18,validation,2800.0,outbound,15.0,30.0,0.4423365347089773,0.04783658435004941,0.39449995035892793,0.6303418803418803,1586.4406779661017,1.896
20,19,discovery,2800.0,outbound,15.0,30.0,0.3123063259415589,0.0315600195850403,0.2807463063565186,0.6303418803418803,1586.4406779661017,1.896
21,19,validation,2800.0,outbound,15.0,30.0,0.5446781539586459,0.10849942438999907,0.4361787295686469,0.6303418803418803,1586.4406779661017,1.896
22,18,discovery,2800.0,outbound,15.0,30.0,0.4546455284096396,0.11378436267633836,0.3408611657333013,0.6303418803418803,1586.4406779661017,1.896
23,18,validation,2800.0,outbound,15.0,30.0,0.33507775266714024,0.032554324536988304,0.30252342813015193,0.6303418803418803,1586.4406779661017,1.896
24,20,discovery,2800.0,outbound,15.0,30.0,0.19035173016306148,0.038018747795118574,0.1523329823679429,0.6303418803418803,1586.4406779661017,1.896
25,20,validation,2800.0,outbound,15.0,30.0,0.4252854825137393,0.08189687665062217,0.34338860586311715,0.6303418803418803,1586.4406779661017,1.896
26,18,discovery,2800.0,outbound,15.0,30.0,0.3093634445142193,0.04224893552694334,0.26711450898727596,0.6303418803418803,1586.4406779661017,1.896
27,19,validation,2800.0,outbound,15.0,30.0,0.011819104610182946,0.024243735207195485,-0.012424630597012539,0.6303418803418803,1586.4406779661017,1.896
28,17,discovery,2800.0,outbound,15.0,30.0,0.31433584059508085,0.048196875415215744,0.26613896517986513,0.6303418803418803,1586.4406779661017,1.896
29,18,validation,2800.0,outbound,15.0,30.0,0.454927575454956,0.05317566730266342,0.40175190815229256,0.6303418803418803,1586.4406779661017,1.896
30,19,discovery,2800.0,outbound,15.0,30.0,0.2923572079571999,0.042043970834030074,0.25031323712316983,0.6303418803418803,1586.4406779661017,1.896
31,18,validation,2800.0,outbound,15.0,30.0,0.40255010060338564,0.019564148260580727,0.3829859523428049,0.6303418803418803,1586.4406779661017,1.896
32,19,discovery,2800.0,outbound,15.0,30.0,0.33821822944944413,0.08477788595177445,0.2534403434976697,0.6303418803418803,1586.4406779661017,1.896
33,19,validation,2800.0,outbound,15.0,30.0,0.44819178032413964,0.050064648470341234,0.3981271318537984,0.6303418803418803,1586.4406779661017,1.896
34,21,discovery,2800.0,outbound,15.0,30.0,0.4884260934235258,0.06724327623172377,0.421182817191802,0.6303418803418803,1586.4406779661017,1.896
35,17,validation,2800.0,outbound,15.0,30.0,0.44753693263266664,0.047358382650982064,0.40017854998168456,0.6303418803418803,1586.4406779661017,1.896
36,19,discovery,2800.0,outbound,15.0,30.0,0.36920276590670176,0.07130928382304709,0.2978934820836547,0.6303418803418803,1586.4406779661017,1.896
37,18,validation,2800.0,outbound,15.0,30.0,0.4086975877774422,0.10148247631429415,0.30721511146314806,0.6303418803418803,1586.4406779661017,1.896
38,19,discovery,2800.0,outbound,15.0,30.0,0.3849532596025336,0.0644253265448605,0.32052793305767313,0.6303418803418803,1586.4406779661017,1.896
39,22,validation,2800.0,outbound,15.0,30.0,0.030311292762625966,0.07548543701030401,-0.045174144247678044,0.6303418803418803,1586.4406779661017,1.896
40,18,discovery,2800.0,outbound,15.0,30.0,0.39392487717081065,0.04214383311140313,0.3517810440594075,0.6303418803418803,1586.4406779661017,1.896
41,18,validation,2800.0,outbound,15.0,30.0,0.26191344871125394,0.06784120416112137,0.19407224455013256,0.6303418803418803,1586.4406779661017,1.896
42,19,discovery,2800.0,outbound,15.0,30.0,0.35983991250406094,0.07036079072769598,0.289479121776365,0.6303418803418803,1586.4406779661017,1.896
43,19,validation,2800.0,outbound,15.0,30.0,0.29556278028726757,0.028681872705174558,0.266880907582093,0.6303418803418803,1586.4406779661017,1.896
44,18,discovery,2800.0,outbound,15.0,30.0,0.3172492183883108,0.055542518224002045,0.2617067001643088,0.6303418803418803,1586.4406779661017,1.896
45,19,validation,2800.0,outbound,15.0,30.0,0.41206024029255944,0.05118010464464515,0.3608801356479143,0.6303418803418803,1586.4406779661017,1.896
0,18,discovery,2800.0,return,3.0,15.0,0.037793724707426736,0.03854500419092517,-0.0007512794834984363,0.7371794871794872,1356.5217391304348,1.004
1,17,validation,2800.0,return,3.0,15.0,0.05691238986622839,0.025841558529968132,0.031070831336260256,0.7371794871794872,1356.5217391304348,1.004
2,18,discovery,2800.0,return,3.0,15.0,0.08436201925060258,0.033348193765022176,0.0510138254855804,0.7371794871794872,1356.5217391304348,1.004
3,18,validation,2800.0,return,3.0,15.0,0.06497809057506022,0.03962003481465968,0.025358055760400545,0.7371794871794872,1356.5217391304348,1.004
4,19,discovery,2800.0,return,3.0,15.0,0.08487395238463083,0.025313779971694088,0.05956017241293674,0.7371794871794872,1356.5217391304348,1.004
5,19,validation,2800.0,return,3.0,15.0,0.03756504266198563,0.006067134384398104,0.03149790827758753,0.7371794871794872,1356.5217391304348,1.004
6,17,discovery,2800.0,return,3.0,15.0,0.0505989620614065,0.041125682013017,0.009473280048389501,0.7371794871794872,1356.5217391304348,1.004
7,19,validation,2800.0,return,3.0,15.0,0.04363656349708143,0.02166538656994395,0.021971176927137476,0.7371794871794872,1356.5217391304348,1.004
8,19,discovery,2800.0,return,3.0,15.0,0.01429747845869677,0.03657351970629735,-0.022276041247600582,0.7371794871794872,1356.5217391304348,1.004
9,18,validation,2800.0,return,3.0,15.0,0.012854269348355195,0.027403541530101272,-0.014549272181746077,0.7371794871794872,1356.5217391304348,1.004
10,18,discovery,2800.0,return,3.0,15.0,0.024014758345002423,0.02826410962911913,-0.004249351284116708,0.7371794871794872,1356.5217391304348,1.004
11,18,validation,2800.0,return,3.0,15.0,0.04312450418267941,0.04105886818930832,0.00206563599337109,0.7371794871794872,1356.5217391304348,1.004
12,18,discovery,2800.0,return,3.0,15.0,0.022824736515857015,0.015562313669133897,0.007262422846723118,0.7371794871794872,1356.5217391304348,1.004
13,20,validation,2800.0,return,3.0,15.0,0.03458851881227543,0.017984523690424203,0.01660399512185123,0.7371794871794872,1356.5217391304348,1.004
14,20,discovery,2800.0,return,3.0,15.0,0.01987871682482243,0.03240779483231347,-0.012529078007491042,0.7371794871794872,1356.5217391304348,1.004
15,19,validation,2800.0,return,3.0,15.0,0.023018205048373482,0.024456618728129747,-0.0014384136797562647,0.7371794871794872,1356.5217391304348,1.004
16,20,discovery,2800.0,return,3.0,15.0,0.02907650573445824,0.05412990052822099,-0.02505339479376275,0.7371794871794872,1356.5217391304348,1.004
17,20,validation,2800.0,return,3.0,15.0,0.050639914428330726,0.01729791859203089,0.033341995836299834,0.7371794871794872,1356.5217391304348,1.004
18,18,discovery,2800.0,return,3.0,15.0,0.026803365322620516,0.014723913432451646,0.01207945189016887,0.7371794871794872,1356.5217391304348,1.004
19,18,validation,2800.0,return,3.0,15.0,0.014845654364732296,0.05098609154747797,-0.03614043718274568,0.7371794871794872,1356.5217391304348,1.004
20,19,discovery,2800.0,return,3.0,15.0,0.05239653769572389,0.05896173045147565,-0.006565192755751764,0.7371794871794872,1356.5217391304348,1.004
21,19,validation,2800.0,return,3.0,15.0,0.03513518936740762,0.02650538386431194,0.008629805503095684,0.7371794871794872,1356.5217391304348,1.004
22,18,discovery,2800.0,return,3.0,15.0,0.026178897258528195,0.029897407267827296,-0.003718510009299101,0.7371794871794872,1356.5217391304348,1.004
23,18,validation,2800.0,return,3.0,15.0,0.018956182223508148,0.021236694374556688,-0.00228051215104854,0.7371794871794872,1356.5217391304348,1.004
24,20,discovery,2800.0,return,3.0,15.0,0.022214777105846246,0.023786955811449212,-0.0015721787056029654,0.7371794871794872,1356.5217391304348,1.004
25,20,validation,2800.0,return,3.0,15.0,0.038019304339812536,0.02385726161659388,0.014162042723218655,0.7371794871794872,1356.5217391304348,1.004
26,18,discovery,2800.0,return,3.0,15.0,0.1135416642998059,0.027441455118884683,0.08610020918092122,0.7371794871794872,1356.5217391304348,1.004
27,19,validation,2800.0,return,3.0,15.0,0.10192273596778452,0.014813322470188977,0.08710941349759554,0.7371794871794872,1356.5217391304348,1.004
28,17,discovery,2800.0,return,3.0,15.0,0.03212674298665035,0.027759917949843015,0.004366825036807336,0.7371794871794872,1356.5217391304348,1.004
29,18,validation,2800.0,return,3.0,15.0,0.054778951995327646,0.04679725963120156,0.007981692364126089,0.7371794871794872,1356.5217391304348,1.004
30,19,discovery,2800.0,return,3.0,15.0,0.039191399409153616,0.019239216275390537,0.01995218313376308,0.7371794871794872,1356.5217391304348,1.004
31,18,validation,2800.0,return,3.0,15.0,0.0763622362404101,0.031175141447129347,0.045187094793280744,0.7371794871794872,1356.5217391304348,1.004
32,19,discovery,2800.0,return,3.0,15.0,0.04446480691442722,0.030744763102461475,0.013720043811965742,0.7371794871794872,1356.5217391304348,1.004
33,19,validation,2800.0,return,3.0,15.0,0.03349324077382665,0.01123359416280671,0.022259646611019937,0.7371794871794872,1356.5217391304348,1.004
34,21,discovery,2800.0,return,3.0,15.0,0.026393761553615017,0.026088542282182606,0.0003052192714324102,0.7371794871794872,1356.5217391304348,1.004
35,17,validation,2800.0,return,3.0,15.0,0.01605602443923985,0.008564200289690339,0.007491824149549513,0.7371794871794872,1356.5217391304348,1.004
36,19,discovery,2800.0,return,3.0,15.0,0.032988641996816045,0.019781267882635643,0.013207374114180402,0.7371794871794872,1356.5217391304348,1.004
37,18,validation,2800.0,return,3.0,15.0,0.04040196239402321,0.04358479794256961,-0.0031828355485463977,0.7371794871794872,1356.5217391304348,1.004
38,19,discovery,2800.0,return,3.0,15.0,0.05318787003574849,0.03301491797876674,0.020172952056981754,0.7371794871794872,1356.5217391304348,1.004
39,22,validation,2800.0,return,3.0,15.0,0.03617758312574669,0.019546408760424783,0.016631174365321907,0.7371794871794872,1356.5217391304348,1.004
40,18,discovery,2800.0,return,3.0,15.0,0.063785571254583,0.024444368390365345,0.03934120286421766,0.7371794871794872,1356.5217391304348,1.004
41,18,validation,2800.0,return,3.0,15.0,0.039692316508971086,0.02224107933617486,0.017451237172796227,0.7371794871794872,1356.5217391304348,1.004
42,19,discovery,2800.0,return,3.0,15.0,0.026541501384913648,0.013975273061180587,0.012566228323733062,0.7371794871794872,1356.5217391304348,1.004
43,19,validation,2800.0,return,3.0,15.0,0.027392108634346955,0.03684317395732051,-0.009451065322973552,0.7371794871794872,1356.5217391304348,1.004
44,18,discovery,2800.0,return,3.0,15.0,0.029217749573752953,0.025287794002332335,0.003929955571420618,0.7371794871794872,1356.5217391304348,1.004
45,19,validation,2800.0,return,3.0,15.0,0.0728247811528885,0.07420566041376936,-0.00138087926088086,0.7371794871794872,1356.5217391304348,1.004
0,18,discovery,2800.0,return,15.0,30.0,0.11181148344084105,0.14290125427455608,-0.03108977083371503,0.7692307692307693,1300.0,0.9560000000000001
1,17,validation,2800.0,return,15.0,30.0,0.12701905033759525,0.13011810127913728,-0.003099050941542031,0.7692307692307693,1300.0,0.9560000000000001
2,18,discovery,2800.0,return,15.0,30.0,0.11295662018682791,0.15563901971402216,-0.042682399527194256,0.7692307692307693,1300.0,0.9560000000000001
3,18,validation,2800.0,return,15.0,30.0,0.09994749989294549,0.09960497438702687,0.00034252550591862274,0.7692307692307693,1300.0,0.9560000000000001
4,19,discovery,2800.0,return,15.0,30.0,0.12655034554663958,0.1529320139999288,-0.026381668453289236,0.7692307692307693,1300.0,0.9560000000000001
5,19,validation,2800.0,return,15.0,30.0,0.11003468785199788,0.10199102943107448,0.008043658420923402,0.7692307692307693,1300.0,0.9560000000000001
6,17,discovery,2800.0,return,15.0,30.0,0.06413180373598568,0.05578697611446642,0.008344827621519259,0.7692307692307693,1300.0,0.9560000000000001
7,19,validation,2800.0,return,15.0,30.0,0.1229234830944813,0.09586517112676389,0.027058311967717408,0.7692307692307693,1300.0,0.9560000000000001
8,19,discovery,2800.0,return,15.0,30.0,0.03482530706411284,0.09264739812227321,-0.05782209105816037,0.7692307692307693,1300.0,0.9560000000000001
9,18,validation,2800.0,return,15.0,30.0,0.01787642908169519,0.0886507323722979,-0.0707743032906027,0.7692307692307693,1300.0,0.9560000000000001
10,18,discovery,2800.0,return,15.0,30.0,0.0740164475821994,0.10433930254692124,-0.03032285496472184,0.7692307692307693,1300.0,0.9560000000000001
11,18,validation,2800.0,return,15.0,30.0,0.02684610063457687,0.021920948400249236,0.004925152234327636,0.7692307692307693,1300.0,0.9560000000000001
12,18,discovery,2800.0,return,15.0,30.0,0.03562384020959863,0.04069093092115594,-0.005067090711557316,0.7692307692307693,1300.0,0.9560000000000001
13,20,validation,2800.0,return,15.0,30.0,0.06040612493333742,0.053350240726766376,0.007055884206571043,0.7692307692307693,1300.0,0.9560000000000001
14,20,discovery,2800.0,return,15.0,30.0,0.06382947419619532,0.06110194339238922,0.002727530803806104,0.7692307692307693,1300.0,0.9560000000000001
15,19,validation,2800.0,return,15.0,30.0,0.0863163017430547,0.14532132786272153,-0.059005026119666834,0.7692307692307693,1300.0,0.9560000000000001
16,20,discovery,2800.0,return,15.0,30.0,0.054243856181516545,0.04419510001041127,0.010048756171105275,0.7692307692307693,1300.0,0.9560000000000001
17,20,validation,2800.0,return,15.0,30.0,0.033134711676752804,0.031129053297795,0.002005658378957803,0.7692307692307693,1300.0,0.9560000000000001
18,18,discovery,2800.0,return,15.0,30.0,0.03184734519567947,0.0323742406413763,-0.0005268954456968261,0.7692307692307693,1300.0,0.9560000000000001
19,18,validation,2800.0,return,15.0,30.0,0.08494368000159408,0.08207384132014281,0.00286983868145127,0.7692307692307693,1300.0,0.9560000000000001
20,19,discovery,2800.0,return,15.0,30.0,0.03698608336721601,0.0367456915219178,0.0002403918452982129,0.7692307692307693,1300.0,0.9560000000000001
21,19,validation,2800.0,return,15.0,30.0,0.03443539133189223,0.014500509096126789,0.019934882235765443,0.7692307692307693,1300.0,0.9560000000000001
22,18,discovery,2800.0,return,15.0,30.0,0.04174626015742346,0.02914322480517956,0.012603035352243903,0.7692307692307693,1300.0,0.9560000000000001
23,18,validation,2800.0,return,15.0,30.0,0.009754413672398637,0.09268363150130786,-0.08292921782890922,0.7692307692307693,1300.0,0.9560000000000001
24,20,discovery,2800.0,return,15.0,30.0,0.07182089186524195,0.13341950770098382,-0.061598615835741874,0.7692307692307693,1300.0,0.9560000000000001
25,20,validation,2800.0,return,15.0,30.0,0.05255013907292348,0.03345677789773056,0.019093361175192926,0.7692307692307693,1300.0,0.9560000000000001
26,18,discovery,2800.0,return,15.0,30.0,0.11453739284224702,0.1243534358304971,-0.009816042988250076,0.7692307692307693,1300.0,0.9560000000000001
27,19,validation,2800.0,return,15.0,30.0,0.11494532239993917,0.12441145757810913,-0.009466135178169965,0.7692307692307693,1300.0,0.9560000000000001
28,17,discovery,2800.0,return,15.0,30.0,0.08281381727222506,0.055956620624692144,0.026857196647532916,0.7692307692307693,1300.0,0.9560000000000001
29,18,validation,2800.0,return,15.0,30.0,0.06424023062669632,0.04125847309079102,0.022981757535905298,0.7692307692307693,1300.0,0.9560000000000001
30,19,discovery,2800.0,return,15.0,30.0,0.12918347043633066,0.07296486486016589,0.056218605576164773,0.7692307692307693,1300.0,0.9560000000000001
31,18,validation,2800.0,return,15.0,30.0,0.04667647045898875,0.059739855961430485,-0.013063385502441738,0.7692307692307693,1300.0,0.9560000000000001
32,19,discovery,2800.0,return,15.0,30.0,0.08611756570339821,0.08633588729274484,-0.00021832158934663448,0.7692307692307693,1300.0,0.9560000000000001
33,19,validation,2800.0,return,15.0,30.0,0.06831156022076094,0.07287178339175711,-0.004560223170996164,0.7692307692307693,1300.0,0.9560000000000001
34,21,discovery,2800.0,return,15.0,30.0,0.07233392102369131,0.09628011645907884,-0.023946195435387535,0.7692307692307693,1300.0,0.9560000000000001
35,17,validation,2800.0,return,15.0,30.0,0.029648944806230614,0.0518769148171312,-0.022227970010900586,0.7692307692307693,1300.0,0.9560000000000001
36,19,discovery,2800.0,return,15.0,30.0,0.06041299724171819,0.10283112882978955,-0.04241813158807136,0.7692307692307693,1300.0,0.9560000000000001
37,18,validation,2800.0,return,15.0,30.0,0.043254031639374864,0.09303093915879314,-0.049776907519418274,0.7692307692307693,1300.0,0.9560000000000001
38,19,discovery,2800.0,return,15.0,30.0,0.10299409975138439,0.13960911761257022,-0.03661501786118583,0.7692307692307693,1300.0,0.9560000000000001
39,22,validation,2800.0,return,15.0,30.0,0.08983912958402729,0.10172782339640143,-0.011888693812374146,0.7692307692307693,1300.0,0.9560000000000001
40,18,discovery,2800.0,return,15.0,30.0,0.1024192957802542,0.14702019039137956,-0.04460089461112536,0.7692307692307693,1300.0,0.9560000000000001
41,18,validation,2800.0,return,15.0,30.0,0.0771923841068021,0.0732320212075793,0.003960362899222802,0.7692307692307693,1300.0,0.9560000000000001
42,19,discovery,2800.0,return,15.0,30.0,0.038803665476117064,0.045366479191364995,-0.006562813715247931,0.7692307692307693,1300.0,0.9560000000000001
43,19,validation,2800.0,return,15.0,30.0,0.04978060930633335,0.041464794290841586,0.008315815015491765,0.7692307692307693,1300.0,0.9560000000000001
44,18,discovery,2800.0,return,15.0,30.0,0.09175119181508505,0.03488574879591299,0.05686544301917206,0.7692307692307693,1300.0,0.9560000000000001
45,19,validation,2800.0,return,15.0,30.0,0.12449683743381335,0.16556587918292187,-0.041069041749108526,0.7692307692307693,1300.0,0.9560000000000001
0,18,discovery,3000.0,outbound,3.0,15.0,0.10489250058373385,0.05236108480267508,0.05253141578105877,0.7478632478632478,1337.1428571428573,1.744
1,17,validation,3000.0,outbound,3.0,15.0,0.11573214557095353,0.023113573296452968,0.09261857227450056,0.7478632478632478,1337.1428571428573,1.744
2,18,discovery,3000.0,outbound,3.0,15.0,0.040162758551072625,0.020491594844517506,0.01967116370655512,0.7478632478632478,1337.1428571428573,1.744
3,18,validation,3000.0,outbound,3.0,15.0,0.02984753991713688,0.07548333695960302,-0.04563579704246614,0.7478632478632478,1337.1428571428573,1.744
4,19,discovery,3000.0,outbound,3.0,15.0,0.15589258978684264,0.07923639034654067,0.07665619944030197,0.7478632478632478,1337.1428571428573,1.744
5,19,validation,3000.0,outbound,3.0,15.0,0.11240400729314574,0.045687014853857566,0.06671699243928818,0.7478632478632478,1337.1428571428573,1.744
6,17,discovery,3000.0,outbound,3.0,15.0,0.03808487600074854,0.09649321965484522,-0.05840834365409669,0.7478632478632478,1337.1428571428573,1.744
7,19,validation,3000.0,outbound,3.0,15.0,0.04106924030678175,0.20861713273510735,-0.1675478924283256,0.7478632478632478,1337.1428571428573,1.744
8,19,discovery,3000.0,outbound,3.0,15.0,0.1182209810469968,0.1437022159700905,-0.025481234923093704,0.7478632478632478,1337.1428571428573,1.744
9,18,validation,3000.0,outbound,3.0,15.0,0.07663053431600679,0.10781724039584636,-0.031186706079839574,0.7478632478632478,1337.1428571428573,1.744
10,18,discovery,3000.0,outbound,3.0,15.0,0.054688254596052206,0.08048841363619336,-0.02580015904014115,0.7478632478632478,1337.1428571428573,1.744
11,18,validation,3000.0,outbound,3.0,15.0,0.09763421780121437,0.11785523059274183,-0.020221012791527465,0.7478632478632478,1337.1428571428573,1.744
12,18,discovery,3000.0,outbound,3.0,15.0,0.021329462689482763,0.02375313206698314,-0.002423669377500378,0.7478632478632478,1337.1428571428573,1.744
13,20,validation,3000.0,outbound,3.0,15.0,0.021719714034038336,0.11251177377450025,-0.09079205974046192,0.7478632478632478,1337.1428571428573,1.744
14,20,discovery,3000.0,outbound,3.0,15.0,0.02710987623096585,0.03742519950697486,-0.010315323276009009,0.7478632478632478,1337.1428571428573,1.744
15,19,validation,3000.0,outbound,3.0,15.0,0.07045274895222146,0.03026449602346841,0.040188252928753054,0.7478632478632478,1337.1428571428573,1.744
16,20,discovery,3000.0,outbound,3.0,15.0,0.06603135099623712,0.0190832907065539,0.04694806028968322,0.7478632478632478,1337.1428571428573,1.744
17,20,validation,3000.0,outbound,3.0,15.0,0.01691782225143542,0.03216976995471613,-0.015251947703280713,0.7478632478632478,1337.1428571428573,1.744
18,18,discovery,3000.0,outbound,3.0,15.0,0.039220115546497854,0.030608438089599586,0.008611677456898267,0.7478632478632478,1337.1428571428573,1.744
19,18,validation,3000.0,outbound,3.0,15.0,0.035099118872646586,0.08695117779502635,-0.05185205892237977,0.7478632478632478,1337.1428571428573,1.744
20,19,discovery,3000.0,outbound,3.0,15.0,0.09457713656029113,0.03483406026764744,0.059743076292643686,0.7478632478632478,1337.1428571428573,1.744
21,19,validation,3000.0,outbound,3.0,15.0,0.10336683425695965,0.05985788956112981,0.043508944695829846,0.7478632478632478,1337.1428571428573,1.744
22,18,discovery,3000.0,outbound,3.0,15.0,0.03657309727612166,0.0388503410683102,-0.002277243792188542,0.7478632478632478,1337.1428571428573,1.744
23,18,validation,3000.0,outbound,3.0,15.0,0.021306141533689073,0.04713795837126746,-0.02583181683757839,0.7478632478632478,1337.1428571428573,1.744
24,20,discovery,3000.0,outbound,3.0,15.0,0.01824369378482668,0.07586871998395493,-0.05762502619912825,0.7478632478632478,1337.1428571428573,1.744
25,20,validation,3000.0,outbound,3.0,15.0,0.032767274074852894,0.047859575580596364,-0.01509230150574347,0.7478632478632478,1337.1428571428573,1.744
26,18,discovery,3000.0,outbound,3.0,15.0,0.1277204138346063,0.08089973025566834,0.04682068357893797,0.7478632478632478,1337.1428571428573,1.744
27,19,validation,3000.0,outbound,3.0,15.0,0.09134977956908093,0.11046657745611911,-0.019116797887038184,0.7478632478632478,1337.1428571428573,1.744
28,17,discovery,3000.0,outbound,3.0,15.0,0.10536048128690702,0.06840371517069307,0.03695676611621394,0.7478632478632478,1337.1428571428573,1.744
29,18,validation,3000.0,outbound,3.0,15.0,0.03393889654243215,0.0251361382309732,0.00880275831145895,0.7478632478632478,1337.1428571428573,1.744
30,19,discovery,3000.0,outbound,3.0,15.0,0.09722076665789435,0.13405403263572344,-0.036833265977829086,0.7478632478632478,1337.1428571428573,1.744
31,18,validation,3000.0,outbound,3.0,15.0,0.02732598258036154,0.02116328748255571,0.006162695097805829,0.7478632478632478,1337.1428571428573,1.744
32,19,discovery,3000.0,outbound,3.0,15.0,0.19461101673553516,0.0846100728888587,0.11000094384667645,0.7478632478632478,1337.1428571428573,1.744
33,19,validation,3000.0,outbound,3.0,15.0,0.05824428222220851,0.06848166774936126,-0.010237385527152754,0.7478632478632478,1337.1428571428573,1.744
34,21,discovery,3000.0,outbound,3.0,15.0,0.07967210256858363,0.059248177027479344,0.02042392554110429,0.7478632478632478,1337.1428571428573,1.744
35,17,validation,3000.0,outbound,3.0,15.0,0.01937285672836794,0.021712317786402847,-0.0023394610580349078,0.7478632478632478,1337.1428571428573,1.744
36,19,discovery,3000.0,outbound,3.0,15.0,0.07257875860995094,0.11067596237981375,-0.03809720376986281,0.7478632478632478,1337.1428571428573,1.744
37,18,validation,3000.0,outbound,3.0,15.0,0.10063916118559099,0.09496279651933316,0.00567636466625783,0.7478632478632478,1337.1428571428573,1.744
38,19,discovery,3000.0,outbound,3.0,15.0,0.10872888422894268,0.10415776851886775,0.00457111571007493,0.7478632478632478,1337.1428571428573,1.744
39,22,validation,3000.0,outbound,3.0,15.0,0.03167649569471173,0.05033920732319507,-0.01866271162848334,0.7478632478632478,1337.1428571428573,1.744
40,18,discovery,3000.0,outbound,3.0,15.0,0.21111283151813784,0.13518256468077938,0.07593026683735846,0.7478632478632478,1337.1428571428573,1.744
41,18,validation,3000.0,outbound,3.0,15.0,0.03949263212673489,0.07420080530037401,-0.03470817317363912,0.7478632478632478,1337.1428571428573,1.744
42,19,discovery,3000.0,outbound,3.0,15.0,0.07481720037998706,0.07901326065445609,-0.004196060274469032,0.7478632478632478,1337.1428571428573,1.744
43,19,validation,3000.0,outbound,3.0,15.0,0.069644745088609,0.031141237151720978,0.038503507936888025,0.7478632478632478,1337.1428571428573,1.744
44,18,discovery,3000.0,outbound,3.0,15.0,0.06029437228647263,0.04130179089764959,0.018992581388823038,0.7478632478632478,1337.1428571428573,1.744
45,19,validation,3000.0,outbound,3.0,15.0,0.04787636906188617,0.10585388677258459,-0.057977517710698416,0.7478632478632478,1337.1428571428573,1.744
0,18,discovery,3000.0,outbound,15.0,30.0,0.22383692134283567,0.047572129629689215,0.17626479171314646,0.6410256410256411,1560.0,2.34
1,17,validation,3000.0,outbound,15.0,30.0,0.32996064431149,0.04844003335023432,0.2815206109612557,0.6410256410256411,1560.0,2.34
2,18,discovery,3000.0,outbound,15.0,30.0,0.1236031540862504,0.04065557640074819,0.0829475776855022,0.6410256410256411,1560.0,2.34
3,18,validation,3000.0,outbound,15.0,30.0,0.19285994487528496,0.05533774706091462,0.13752219781437033,0.6410256410256411,1560.0,2.34
4,19,discovery,3000.0,outbound,15.0,30.0,0.2655710965059766,0.07410925255941456,0.19146184394656204,0.6410256410256411,1560.0,2.34
5,19,validation,3000.0,outbound,15.0,30.0,0.23118283437168957,0.04440233536803923,0.18678049900365035,0.6410256410256411,1560.0,2.34
6,17,discovery,3000.0,outbound,15.0,30.0,0.3056592622978882,0.06876433762318833,0.23689492467469986,0.6410256410256411,1560.0,2.34
7,19,validation,3000.0,outbound,15.0,30.0,0.25895127620642133,0.03680632035098313,0.2221449558554382,0.6410256410256411,1560.0,2.34
8,19,discovery,3000.0,outbound,15.0,30.0,0.2514370606039266,0.04986866914451503,0.20156839145941158,0.6410256410256411,1560.0,2.34
9,18,validation,3000.0,outbound,15.0,30.0,0.14361835837479078,0.06186094296047442,0.08175741541431636,0.6410256410256411,1560.0,2.34
10,18,discovery,3000.0,outbound,15.0,30.0,0.144610199400981,0.03656880532527368,0.10804139407570731,0.6410256410256411,1560.0,2.34
11,18,validation,3000.0,outbound,15.0,30.0,0.26237383017318383,0.04744454051387195,0.21492928965931188,0.6410256410256411,1560.0,2.34
12,18,discovery,3000.0,outbound,15.0,30.0,0.07098514264241938,0.02413635588935288,0.0468487867530665,0.6410256410256411,1560.0,2.34
13,20,validation,3000.0,outbound,15.0,30.0,0.1661689290249393,0.03919920203709978,0.1269697269878395,0.6410256410256411,1560.0,2.34
14,20,discovery,3000.0,outbound,15.0,30.0,0.12425149340675913,0.05140319264053829,0.07284830076622084,0.6410256410256411,1560.0,2.34
15,19,validation,3000.0,outbound,15.0,30.0,0.14510879360160578,0.06261107418949778,0.082497719412108,0.6410256410256411,1560.0,2.34
16,20,discovery,3000.0,outbound,15.0,30.0,0.20482808763287685,0.0549591775362848,0.14986891009659206,0.6410256410256411,1560.0,2.34
17,20,validation,3000.0,outbound,15.0,30.0,0.011237845172071355,0.018673773315002567,-0.007435928142931212,0.6410256410256411,1560.0,2.34
18,18,discovery,3000.0,outbound,15.0,30.0,0.16845183175783052,0.03959185054458348,0.12885998121324704,0.6410256410256411,1560.0,2.34
19,18,validation,3000.0,outbound,15.0,30.0,0.15990651278698492,0.02996690535976985,0.12993960742721508,0.6410256410256411,1560.0,2.34
20,19,discovery,3000.0,outbound,15.0,30.0,0.14407739029334526,0.044266954022640324,0.09981043627070493,0.6410256410256411,1560.0,2.34
21,19,validation,3000.0,outbound,15.0,30.0,0.2878425434206063,0.07237087880072741,0.21547166461987888,0.6410256410256411,1560.0,2.34
22,18,discovery,3000.0,outbound,15.0,30.0,0.09280370948125467,0.019344704920048906,0.07345900456120577,0.6410256410256411,1560.0,2.34
23,18,validation,3000.0,outbound,15.0,30.0,0.21321602228683276,0.06501607308436749,0.14819994920246526,0.6410256410256411,1560.0,2.34
24,20,discovery,3000.0,outbound,15.0,30.0,0.21584087312036898,0.04997794789090516,0.16586292522946383,0.6410256410256411,1560.0,2.34
25,20,validation,3000.0,outbound,15.0,30.0,0.20602020873206361,0.07832241762817042,0.12769779110389318,0.6410256410256411,1560.0,2.34
26,18,discovery,3000.0,outbound,15.0,30.0,0.1946768523470806,0.04822719558728929,0.14644965675979132,0.6410256410256411,1560.0,2.34
27,19,validation,3000.0,outbound,15.0,30.0,0.22964371552408366,0.061749451483514586,0.16789426404056906,0.6410256410256411,1560.0,2.34
28,17,discovery,3000.0,outbound,15.0,30.0,0.23382698116581785,0.11193777146804995,0.1218892096977679,0.6410256410256411,1560.0,2.34
29,18,validation,3000.0,outbound,15.0,30.0,0.06425676954991953,0.030032448565893606,0.034224320984025926,0.6410256410256411,1560.0,2.34
30,19,discovery,3000.0,outbound,15.0,30.0,0.19379423147117691,0.04466234905632951,0.1491318824148474,0.6410256410256411,1560.0,2.34
31,18,validation,3000.0,outbound,15.0,30.0,0.029553298828551556,0.023904705539001453,0.005648593289550103,0.6410256410256411,1560.0,2.34
32,19,discovery,3000.0,outbound,15.0,30.0,0.24763336674378753,0.07362912659951074,0.1740042401442768,0.6410256410256411,1560.0,2.34
33,19,validation,3000.0,outbound,15.0,30.0,0.18106343202699282,0.03920593435960625,0.14185749766738656,0.6410256410256411,1560.0,2.34
34,21,discovery,3000.0,outbound,15.0,30.0,0.21903626363776726,0.07932210414592239,0.13971415949184487,0.6410256410256411,1560.0,2.34
35,17,validation,3000.0,outbound,15.0,30.0,0.0398669281274663,0.030334737940975375,0.009532190186490923,0.6410256410256411,1560.0,2.34
36,19,discovery,3000.0,outbound,15.0,30.0,0.20868850095903696,0.02535954946489034,0.18332895149414663,0.6410256410256411,1560.0,2.34
37,18,validation,3000.0,outbound,15.0,30.0,0.16574285667251729,0.042675123688253346,0.12306773298426393,0.6410256410256411,1560.0,2.34
38,19,discovery,3000.0,outbound,15.0,30.0,0.23165995182450297,0.041580561888374626,0.19007938993612833,0.6410256410256411,1560.0,2.34
39,22,validation,3000.0,outbound,15.0,30.0,0.1579345664383502,0.06335618689285073,0.09457837954549946,0.6410256410256411,1560.0,2.34
40,18,discovery,3000.0,outbound,15.0,30.0,0.2630971033183509,0.09674004301861988,0.16635706029973102,0.6410256410256411,1560.0,2.34
41,18,validation,3000.0,outbound,15.0,30.0,0.16188416189647517,0.027611088108621226,0.13427307378785394,0.6410256410256411,1560.0,2.34
42,19,discovery,3000.0,outbound,15.0,30.0,0.15643417835317183,0.07772655572412462,0.07870762262904721,0.6410256410256411,1560.0,2.34
43,19,validation,3000.0,outbound,15.0,30.0,0.2206961423095328,0.06687556001018184,0.15382058229935097,0.6410256410256411,1560.0,2.34
44,18,discovery,3000.0,outbound,15.0,30.0,0.1162712414348734,0.033081050258197034,0.08319019117667636,0.6410256410256411,1560.0,2.34
45,19,validation,3000.0,outbound,15.0,30.0,0.3389081632270434,0.09655988654764719,0.24234827667939624,0.6410256410256411,1560.0,2.34
0,18,discovery,3000.0,return,3.0,15.0,0.03336625370503484,0.02468344795780217,0.00868280574723267,0.6196581196581197,1613.7931034482758,0.652
1,17,validation,3000.0,return,3.0,15.0,0.11033124824229557,0.029966392555978286,0.08036485568631728,0.6196581196581197,1613.7931034482758,0.652
2,18,discovery,3000.0,return,3.0,15.0,0.42039026855592837,0.01787455706458075,0.4025157114913476,0.6196581196581197,1613.7931034482758,0.652
3,18,validation,3000.0,return,3.0,15.0,0.12505775926373058,0.014471177630707478,0.11058658163302311,0.6196581196581197,1613.7931034482758,0.652
4,19,discovery,3000.0,return,3.0,15.0,0.27244095264268664,0.051880877290213206,0.22056007535247343,0.6196581196581197,1613.7931034482758,0.652
5,19,validation,3000.0,return,3.0,15.0,0.09277012158045912,0.023388886419622095,0.06938123516083702,0.6196581196581197,1613.7931034482758,0.652
6,17,discovery,3000.0,return,3.0,15.0,0.0837981384864677,0.03693209414873536,0.04686604433773233,0.6196581196581197,1613.7931034482758,0.652
7,19,validation,3000.0,return,3.0,15.0,0.6630739583045351,0.05401716118582596,0.6090567971187091,0.6196581196581197,1613.7931034482758,0.652
8,19,discovery,3000.0,return,3.0,15.0,0.10170489441463662,0.021021694797715547,0.08068319961692108,0.6196581196581197,1613.7931034482758,0.652
9,18,validation,3000.0,return,3.0,15.0,0.10539163759473638,0.019936068545806294,0.08545556904893009,0.6196581196581197,1613.7931034482758,0.652
10,18,discovery,3000.0,return,3.0,15.0,0.019329878501018617,0.013221032461270422,0.006108846039748195,0.6196581196581197,1613.7931034482758,0.652
11,18,validation,3000.0,return,3.0,15.0,0.02279387048003334,0.04053665754784998,-0.017742787067816637,0.6196581196581197,1613.7931034482758,0.652
12,18,discovery,3000.0,return,3.0,15.0,0.06714033469611634,0.012975100791124641,0.0541652339049917,0.6196581196581197,1613.7931034482758,0.652
13,20,validation,3000.0,return,3.0,15.0,0.4290788524089314,0.04597513689749785,0.3831037155114336,0.6196581196581197,1613.7931034482758,0.652
14,20,discovery,3000.0,return,3.0,15.0,0.04006679036345131,0.03603664200913663,0.004030148354314679,0.6196581196581197,1613.7931034482758,0.652
15,19,validation,3000.0,return,3.0,15.0,0.02073905801390484,0.033331651098798945,-0.012592593084894105,0.6196581196581197,1613.7931034482758,0.652
16,20,discovery,3000.0,return,3.0,15.0,0.017119844700026376,0.019920105691983322,-0.002800260991956946,0.6196581196581197,1613.7931034482758,0.652
17,20,validation,3000.0,return,3.0,15.0,0.016151220917312158,0.030869078958849255,-0.014717858041537097,0.6196581196581197,1613.7931034482758,0.652
18,18,discovery,3000.0,return,3.0,15.0,0.04487794389042645,0.024402661189493885,0.020475282700932566,0.6196581196581197,1613.7931034482758,0.652
19,18,validation,3000.0,return,3.0,15.0,0.03631575642730888,0.026044109503413525,0.010271646923895355,0.6196581196581197,1613.7931034482758,0.652
20,19,discovery,3000.0,return,3.0,15.0,0.006712837166914269,0.03776289744791887,-0.031050060281004602,0.6196581196581197,1613.7931034482758,0.652
21,19,validation,3000.0,return,3.0,15.0,0.051807177367174044,0.020129128503106858,0.031678048864067186,0.6196581196581197,1613.7931034482758,0.652
22,18,discovery,3000.0,return,3.0,15.0,0.037410930747374296,0.046170934642199,-0.008760003894824703,0.6196581196581197,1613.7931034482758,0.652
23,18,validation,3000.0,return,3.0,15.0,0.011091433317441262,0.026154215070663147,-0.015062781753221885,0.6196581196581197,1613.7931034482758,0.652
24,20,discovery,3000.0,return,3.0,15.0,0.02645975505463187,0.07230360064706091,-0.045843845592429044,0.6196581196581197,1613.7931034482758,0.652
25,20,validation,3000.0,return,3.0,15.0,0.04923448592566627,0.04662726981761688,0.0026072161080493844,0.6196581196581197,1613.7931034482758,0.652
26,18,discovery,3000.0,return,3.0,15.0,0.030207967478358078,0.023927523785246783,0.006280443693111294,0.6196581196581197,1613.7931034482758,0.652
27,19,validation,3000.0,return,3.0,15.0,0.023194670040697696,0.024015456861990914,-0.0008207868212932179,0.6196581196581197,1613.7931034482758,0.652
28,17,discovery,3000.0,return,3.0,15.0,0.03322399175297187,0.030170190580196966,0.0030538011727749004,0.6196581196581197,1613.7931034482758,0.652
29,18,validation,3000.0,return,3.0,15.0,0.05143367470213829,0.02392983818967674,0.02750383651246155,0.6196581196581197,1613.7931034482758,0.652
30,19,discovery,3000.0,return,3.0,15.0,0.03265448490393804,0.03236145516410077,0.00029302973983726804,0.6196581196581197,1613.7931034482758,0.652
31,18,validation,3000.0,return,3.0,15.0,0.03472708990437597,0.027571110514894342,0.007155979389481631,0.6196581196581197,1613.7931034482758,0.652
32,19,discovery,3000.0,return,3.0,15.0,0.06011382074499383,0.010957255497753133,0.0491565652472407,0.6196581196581197,1613.7931034482758,0.652
33,19,validation,3000.0,return,3.0,15.0,0.03652272564416268,0.030854336757236606,0.005668388886926074,0.6196581196581197,1613.7931034482758,0.652
34,21,discovery,3000.0,return,3.0,15.0,0.02813734217213586,0.04974550863457285,-0.021608166462436993,0.6196581196581197,1613.7931034482758,0.652
35,17,validation,3000.0,return,3.0,15.0,0.4012157836905123,0.048482298186812545,0.35273348550369976,0.6196581196581197,1613.7931034482758,0.652
36,19,discovery,3000.0,return,3.0,15.0,0.5800415141338904,0.06544663585035727,0.5145948782835331,0.6196581196581197,1613.7931034482758,0.652
37,18,validation,3000.0,return,3.0,15.0,0.03808187702875055,0.011208664780705573,0.026873212248044977,0.6196581196581197,1613.7931034482758,0.652
38,19,discovery,3000.0,return,3.0,15.0,0.05029119774089678,0.020777199552408532,0.029513998188488245,0.6196581196581197,1613.7931034482758,0.652
39,22,validation,3000.0,return,3.0,15.0,0.4896148431319381,0.021163186375008938,0.4684516567569292,0.6196581196581197,1613.7931034482758,0.652
40,18,discovery,3000.0,return,3.0,15.0,0.08397056106943963,0.032671891969428477,0.05129866910001116,0.6196581196581197,1613.7931034482758,0.652
41,18,validation,3000.0,return,3.0,15.0,0.02978178844322789,0.01633456811253669,0.0134472203306912,0.6196581196581197,1613.7931034482758,0.652
42,19,discovery,3000.0,return,3.0,15.0,0.04422890190145864,0.03809885151494822,0.006130050386510419,0.6196581196581197,1613.7931034482758,0.652
43,19,validation,3000.0,return,3.0,15.0,0.06828875517414584,0.03042259925538189,0.03786615591876395,0.6196581196581197,1613.7931034482758,0.652
44,18,discovery,3000.0,return,3.0,15.0,0.10693325434943922,0.047716996102880646,0.05921625824655857,0.6196581196581197,1613.7931034482758,0.652
45,19,validation,3000.0,return,3.0,15.0,0.38372418707122724,0.034681379215901594,0.34904280785532565,0.6196581196581197,1613.7931034482758,0.652
0,18,discovery,3000.0,return,15.0,30.0,0.15148247341749113,0.03965018887622555,0.11183228454126558,0.6944444444444444,1440.0,0.516
1,17,validation,3000.0,return,15.0,30.0,0.4886209036255884,0.17827056661292412,0.3103503370126643,0.6944444444444444,1440.0,0.516
2,18,discovery,3000.0,return,15.0,30.0,0.5363197129238673,0.17031864428017174,0.3660010686436955,0.6944444444444444,1440.0,0.516
3,18,validation,3000.0,return,15.0,30.0,0.2912801608713042,0.2008419706091415,0.09043819026216271,0.6944444444444444,1440.0,0.516
4,19,discovery,3000.0,return,15.0,30.0,0.5352323563740214,0.24466556953421484,0.29056678683980663,0.6944444444444444,1440.0,0.516
5,19,validation,3000.0,return,15.0,30.0,0.38114805191214274,0.17774858971065408,0.20339946220148866,0.6944444444444444,1440.0,0.516
6,17,discovery,3000.0,return,15.0,30.0,0.25529384482148176,0.11400894531038382,0.14128489951109796,0.6944444444444444,1440.0,0.516
7,19,validation,3000.0,return,15.0,30.0,0.6025283349250369,0.2326754239705669,0.36985291095447,0.6944444444444444,1440.0,0.516
8,19,discovery,3000.0,return,15.0,30.0,0.4895091290444252,0.1410325218595344,0.34847660718489076,0.6944444444444444,1440.0,0.516
9,18,validation,3000.0,return,15.0,30.0,0.2594290986919973,0.09859817733224921,0.1608309213597481,0.6944444444444444,1440.0,0.516
10,18,discovery,3000.0,return,15.0,30.0,0.048587305779334324,0.07382971380007369,-0.02524240802073937,0.6944444444444444,1440.0,0.516
11,18,validation,3000.0,return,15.0,30.0,0.01821650122352179,0.032570547419715476,-0.014354046196193685,0.6944444444444444,1440.0,0.516
12,18,discovery,3000.0,return,15.0,30.0,0.22953070771354245,0.1642887181242358,0.06524198958930666,0.6944444444444444,1440.0,0.516
13,20,validation,3000.0,return,15.0,30.0,0.538045371759216,0.18884493457295004,0.3492004371862659,0.6944444444444444,1440.0,0.516
14,20,discovery,3000.0,return,15.0,30.0,0.14678467777404913,0.11525574889875469,0.031528928875294446,0.6944444444444444,1440.0,0.516
15,19,validation,3000.0,return,15.0,30.0,0.04096281439074497,0.04317059583338439,-0.002207781442639417,0.6944444444444444,1440.0,0.516
16,20,discovery,3000.0,return,15.0,30.0,0.13862719800309015,0.04717571237816923,0.09145148562492092,0.6944444444444444,1440.0,0.516
17,20,validation,3000.0,return,15.0,30.0,0.09669270476728038,0.04935064847276355,0.047342056294516835,0.6944444444444444,1440.0,0.516
18,18,discovery,3000.0,return,15.0,30.0,0.10669583195799133,0.04361730673114474,0.0630785252268466,0.6944444444444444,1440.0,0.516
19,18,validation,3000.0,return,15.0,30.0,0.02505651627837698,0.05033008572762235,-0.02527356944924537,0.6944444444444444,1440.0,0.516
20,19,discovery,3000.0,return,15.0,30.0,0.10870818031976562,0.03276913358346338,0.07593904673630224,0.6944444444444444,1440.0,0.516
21,19,validation,3000.0,return,15.0,30.0,0.24763720461816274,0.09588794187474754,0.15174926274341521,0.6944444444444444,1440.0,0.516
22,18,discovery,3000.0,return,15.0,30.0,0.017953075636979753,0.06733018896910668,-0.04937711333212693,0.6944444444444444,1440.0,0.516
23,18,validation,3000.0,return,15.0,30.0,0.04822577879503205,0.08365305461572214,-0.03542727582069009,0.6944444444444444,1440.0,0.516
24,20,discovery,3000.0,return,15.0,30.0,0.055930909025322315,0.05985504555655868,-0.003924136531236362,0.6944444444444444,1440.0,0.516
25,20,validation,3000.0,return,15.0,30.0,0.09180917009434522,0.09822058557408625,-0.006411415479741028,0.6944444444444444,1440.0,0.516
26,18,discovery,3000.0,return,15.0,30.0,0.06580507843157807,0.03214118699356081,0.033663891438017256,0.6944444444444444,1440.0,0.516
27,19,validation,3000.0,return,15.0,30.0,0.276309236795799,0.032641032116182245,0.24366820467961675,0.6944444444444444,1440.0,0.516
28,17,discovery,3000.0,return,15.0,30.0,0.08411545667686934,0.10787370590972015,-0.023758249232850803,0.6944444444444444,1440.0,0.516
29,18,validation,3000.0,return,15.0,30.0,0.19484336111261105,0.07324925958550932,0.12159410152710173,0.6944444444444444,1440.0,0.516
30,19,discovery,3000.0,return,15.0,30.0,0.18663748921301643,0.09883948904863235,0.08779800016438408,0.6944444444444444,1440.0,0.516
31,18,validation,3000.0,return,15.0,30.0,0.04613440679105736,0.023600787037416096,0.022533619753641265,0.6944444444444444,1440.0,0.516
32,19,discovery,3000.0,return,15.0,30.0,0.08332597959666603,0.09770769919999084,-0.014381719603324808,0.6944444444444444,1440.0,0.516
33,19,validation,3000.0,return,15.0,30.0,0.21045874513737858,0.13054499371938766,0.07991375141799092,0.6944444444444444,1440.0,0.516
34,21,discovery,3000.0,return,15.0,30.0,0.09741162818421917,0.069010185333436,0.028401442850783165,0.6944444444444444,1440.0,0.516
35,17,validation,3000.0,return,15.0,30.0,0.5826933253392338,0.12268901657932664,0.46000430875990717,0.6944444444444444,1440.0,0.516
36,19,discovery,3000.0,return,15.0,30.0,0.6371749047121471,0.2339687669086499,0.40320613780349723,0.6944444444444444,1440.0,0.516
37,18,validation,3000.0,return,15.0,30.0,0.1420501840566959,0.03779293354958058,0.10425725050711532,0.6944444444444444,1440.0,0.516
38,19,discovery,3000.0,return,15.0,30.0,0.0974699382729424,0.08888969312661828,0.00858024514632412,0.6944444444444444,1440.0,0.516
39,22,validation,3000.0,return,15.0,30.0,0.6413270114205826,0.21366855244274627,0.4276584589778363,0.6944444444444444,1440.0,0.516
40,18,discovery,3000.0,return,15.0,30.0,0.2815023164748837,0.07963987448821103,0.2018624419866727,0.6944444444444444,1440.0,0.516
41,18,validation,3000.0,return,15.0,30.0,0.15277433645807836,0.12576980103652813,0.027004535421550235,0.6944444444444444,1440.0,0.516
42,19,discovery,3000.0,return,15.0,30.0,0.047096591984982235,0.07282393504801266,-0.02572734306303042,0.6944444444444444,1440.0,0.516
43,19,validation,3000.0,return,15.0,30.0,0.2373820630129887,0.07039471987050948,0.1669873431424792,0.6944444444444444,1440.0,0.516
44,18,discovery,3000.0,return,15.0,30.0,0.1575568408044291,0.1827387449946066,-0.02518190419017749,0.6944444444444444,1440.0,0.516
45,19,validation,3000.0,return,15.0,30.0,0.2804569368783121,0.2278756949970339,0.05258124188127819,0.6944444444444444,1440.0,0.516
