population,leg,band,pass,injected_dvv,n_trials,n_recovered,median_estimated_dvv,bias,robust_scatter_1p4826_mad,rmse,detection_probability,correct_sign_probability,correct_sign_detection_probability
heldout,outbound,15_30,aperture_200m,-0.01,23,23,-0.0099790188121,-0.0001639498191434778,0.0012987815439899982,0.0011758790399855892,1.0,1.0,1.0
heldout,outbound,15_30,aperture_200m,-0.005,23,23,-0.0049628270961,-0.00015994380740434765,0.0014627306039975995,0.0011633965883205931,1.0,1.0,1.0
heldout,outbound,15_30,aperture_200m,-0.002,23,23,-0.0019874299201000003,-0.00016463416900869564,0.00143014552882614,0.0011424714396704055,0.391304347826087,1.0,0.391304347826087
heldout,outbound,15_30,aperture_200m,-0.001,23,23,-0.0010002504284,-0.00016220691836086955,0.0014377304508256202,0.001141472057617114,0.08695652173913043,0.782608695652174,0.08695652173913043
heldout,outbound,15_30,aperture_200m,-0.0005,23,23,-0.0005007098881,-0.00016167000432826086,0.0014304400044689999,0.0011372785556310735,0.08695652173913043,0.7391304347826086,0.08695652173913043
heldout,outbound,15_30,aperture_200m,-0.0002,23,23,-0.00019997241763,-0.00016383156939782595,0.0014279544233006217,0.0011360380956765446,0.08695652173913043,0.5652173913043478,0.08695652173913043
heldout,outbound,15_30,aperture_200m,-0.0001,23,23,-9.992886561999999e-05,-0.00016429587995739125,0.001425175696144368,0.001135287058540755,0.08695652173913043,0.5217391304347826,0.08695652173913043
heldout,outbound,15_30,aperture_200m,0.0,23,23,0.0,-0.00016471451703956524,0.0014219072361261599,0.0011345938440374046,0.08695652173913043,nan,0.08695652173913043
heldout,outbound,15_30,aperture_200m,0.0001,23,23,0.0001013032354,-0.00016464438578000004,0.0014231613324767998,0.0011341566387613018,0.043478260869565216,0.5217391304347826,0.0
heldout,outbound,15_30,aperture_200m,0.0002,23,23,0.00020192845340000003,-0.0001645745950530435,0.00142327289026902,0.0011337468096397347,0.043478260869565216,0.5652173913043478,0.0
heldout,outbound,15_30,aperture_200m,0.0005,23,23,0.0005036664884,-0.0001664864144879566,0.00143814637824354,0.0011333827041886432,0.0,0.6086956521739131,0.0
heldout,outbound,15_30,aperture_200m,0.001,23,23,0.0010103522189,-0.00017052667916652177,0.0014881725848681993,0.0011336951233000619,0.08695652173913043,0.6956521739130435,0.08695652173913043
heldout,outbound,15_30,aperture_200m,0.002,23,23,0.0020167110489,-0.00017249782020869586,0.0014912447885579996,0.0011318161629522033,0.2608695652173913,0.9130434782608695,0.2608695652173913
heldout,outbound,15_30,aperture_200m,0.005,23,23,0.0049625594699,-0.00017009925153478253,0.001192317621406799,0.0011415462535011949,1.0,1.0,1.0
heldout,outbound,15_30,aperture_200m,0.01,23,23,0.009826242383900001,-0.0002088316736217391,0.0009396158214114013,0.0011473636812046899,1.0,1.0,1.0
heldout,outbound,15_30,aperture_800m,-0.01,23,23,-0.0104987880027,-0.0005236389002217393,0.0014672982633119995,0.0014190784444973064,1.0,1.0,1.0
heldout,outbound,15_30,aperture_800m,-0.005,23,23,-0.005309112260699999,-0.00022595498269999982,0.0013893112690338016,0.0012765355707132834,1.0,1.0,1.0
heldout,outbound,15_30,aperture_800m,-0.002,23,23,-0.0020648729867,-4.053569097391294e-05,0.0014571353249711997,0.0012332051360934746,0.5652173913043478,1.0,0.5652173913043478
heldout,outbound,15_30,aperture_800m,-0.001,23,23,-0.0010192377007,2.1369216960869594e-05,0.0014593032924036,0.0012295198770743056,0.2608695652173913,0.7391304347826086,0.2608695652173913
heldout,outbound,15_30,aperture_800m,-0.0005,23,23,-0.0005115045352,5.2837991078260864e-05,0.0014391929865032998,0.0012295499286785162,0.08695652173913043,0.6956521739130435,0.08695652173913043
heldout,outbound,15_30,aperture_800m,-0.0002,23,23,-0.00020407274449999997,7.427570901130438e-05,0.0014277319261531201,0.0012286523895593054,0.043478260869565216,0.5652173913043478,0.043478260869565216
heldout,outbound,15_30,aperture_800m,-0.0001,23,23,-0.00010199490289999999,7.997892019434787e-05,0.00142248042440868,0.0012280500865390833,0.043478260869565216,0.5652173913043478,0.043478260869565216
heldout,outbound,15_30,aperture_800m,0.0,23,23,0.0,8.598679857073917e-05,0.0014180624568411,0.001227486046312985,0.08695652173913043,nan,0.08695652173913043
heldout,outbound,15_30,aperture_800m,0.0001,23,23,0.00010189263440000003,9.195783080086955e-05,0.00142451890200186,0.0012269694561683607,0.08695652173913043,0.6521739130434783,0.043478260869565216
heldout,outbound,15_30,aperture_800m,0.0002,23,23,0.00020467871853000003,9.858047885391306e-05,0.0014302843581113216,0.0012268103983993077,0.08695652173913043,0.6956521739130435,0.043478260869565216
heldout,outbound,15_30,aperture_800m,0.0005,23,23,0.0005155778861,0.00011827918927826087,0.00144397389959172,0.0012266996861981126,0.2608695652173913,0.6956521739130435,0.21739130434782608
heldout,outbound,15_30,aperture_800m,0.001,23,23,0.0010340706768,0.00014873039987956522,0.0014433565737141598,0.0012233373057515622,0.30434782608695654,0.8260869565217391,0.30434782608695654
heldout,outbound,15_30,aperture_800m,0.002,23,23,0.0021362074293000003,0.00020916606004782608,0.0014500456712838602,0.0012100255933297941,0.6956521739130435,0.9565217391304348,0.6956521739130435
heldout,outbound,15_30,aperture_800m,0.005,23,23,0.0054466988253,0.0004006726152565216,0.0014552766367944003,0.0012191284701003687,1.0,1.0,1.0
heldout,outbound,15_30,aperture_800m,0.01,23,23,0.0107179955273,0.0006844951875173911,0.0012126580201553996,0.0013113556172127494,1.0,1.0,1.0
heldout,outbound,15_30,displaced_intercept,-0.01,23,23,-0.01001405804437,2.5885745282174086e-05,0.0010185710587542005,0.000986249559761287,1.0,1.0,1.0
heldout,outbound,15_30,displaced_intercept,-0.005,23,23,-0.00497741432937,2.1311417412608767e-05,0.0010745130067643996,0.0009817067194200788,1.0,1.0,1.0
heldout,outbound,15_30,displaced_intercept,-0.002,23,23,-0.00199968509337,1.2892056951739158e-05,0.0010882268403048002,0.0009834389354564563,0.6956521739130435,0.9565217391304348,0.6956521739130435
heldout,outbound,15_30,displaced_intercept,-0.001,23,23,-0.00099998352037,1.0971544378260945e-05,0.0011115877904418,0.0009835389161784252,0.30434782608695654,0.8260869565217391,0.30434782608695654
heldout,outbound,15_30,displaced_intercept,-0.0005,23,23,-0.00049985687187,8.865244587391297e-06,0.0011298865993232998,0.0009833318979414003,0.21739130434782608,0.6956521739130435,0.17391304347826086
heldout,outbound,15_30,displaced_intercept,-0.0002,23,23,-0.00019978653777,8.496368220956567e-06,0.0011367133127145601,0.0009835150954652816,0.13043478260869565,0.5652173913043478,0.08695652173913043
heldout,outbound,15_30,displaced_intercept,-0.0001,23,23,-0.00010019499527,8.586923979913011e-06,0.00113873406641778,0.0009838968057273134,0.08695652173913043,0.5217391304347826,0.043478260869565216
heldout,outbound,15_30,displaced_intercept,0.0,23,23,0.0,9.045689982608723e-06,0.001141672608928782,0.0009838777019168044,0.08695652173913043,nan,0.08695652173913043
heldout,outbound,15_30,displaced_intercept,0.0001,23,23,0.00010066871655,9.237338787391271e-06,0.001143730818964272,0.0009836970333180837,0.043478260869565216,0.5217391304347826,0.043478260869565216
heldout,outbound,15_30,displaced_intercept,0.0002,23,23,0.00020152095183,9.706786088260836e-06,0.001145084664465,0.0009834851323894955,0.08695652173913043,0.5652173913043478,0.08695652173913043
heldout,outbound,15_30,displaced_intercept,0.0005,23,23,0.00050572288843,1.0194723004156523e-05,0.00114173868133878,0.0009837477317960616,0.13043478260869565,0.6956521739130435,0.13043478260869565
heldout,outbound,15_30,displaced_intercept,0.001,23,23,0.00100817262843,7.76631910826084e-06,0.0011725888624682399,0.0009849442541314348,0.2608695652173913,0.8260869565217391,0.2608695652173913
heldout,outbound,15_30,displaced_intercept,0.002,23,23,0.00201980571463,8.890924734781992e-07,0.0011648215590227995,0.0009870601991156774,0.6521739130434783,1.0,0.6521739130434783
heldout,outbound,15_30,displaced_intercept,0.005,23,23,0.00508061509763,-1.6753150456956613e-05,0.0011831506952286,0.0010012798651646182,1.0,1.0,1.0
heldout,outbound,15_30,displaced_intercept,0.01,23,23,0.00997461187563,-2.9981064456956936e-05,0.0011509390886280011,0.001011409140265411,1.0,1.0,1.0
heldout,outbound,15_30,primary,-0.01,23,23,-0.009964941515279999,3.440589637217489e-05,0.0012109629606101996,0.0009971684837383039,1.0,1.0,1.0
heldout,outbound,15_30,primary,-0.005,23,23,-0.005018273730280001,2.4996694415652048e-05,0.0011470607419445994,0.0009867876768869413,1.0,1.0,1.0
heldout,outbound,15_30,primary,-0.002,23,23,-0.0020090959782799998,6.57728022434794e-06,0.0012331553788008003,0.0009757902424996334,0.6086956521739131,1.0,0.6086956521739131
heldout,outbound,15_30,primary,-0.001,23,23,-0.00100292763428,1.1163437816087002e-05,0.0012581698356527997,0.0009756415578524885,0.2608695652173913,0.8260869565217391,0.2608695652173913
heldout,outbound,15_30,primary,-0.0005,23,23,-0.00050108828308,6.95414566021743e-06,0.00124590432855168,0.0009735987998238666,0.13043478260869565,0.6086956521739131,0.13043478260869565
heldout,outbound,15_30,primary,-0.0002,23,23,-0.00019995976217999998,4.55984702434781e-06,0.00121798281615822,0.0009734803609471413,0.043478260869565216,0.6086956521739131,0.043478260869565216
heldout,outbound,15_30,primary,-0.0001,23,23,-9.990012208e-05,3.547001663478251e-06,0.001208112562776,0.0009739057374420178,0.043478260869565216,0.6086956521739131,0.043478260869565216
heldout,outbound,15_30,primary,0.0,23,23,0.0,2.316895498260877e-06,0.001198236493924932,0.0009742545706315336,0.08695652173913043,nan,0.08695652173913043
heldout,outbound,15_30,primary,0.0001,23,23,9.992299369e-05,1.210524276521745e-06,0.001189113309650658,0.0009742040157931129,0.08695652173913043,0.6086956521739131,0.043478260869565216
heldout,outbound,15_30,primary,0.0002,23,23,0.00020006435562,1.9864309217390166e-07,0.00118070503474056,0.0009740160104605432,0.08695652173913043,0.6521739130434783,0.043478260869565216
heldout,outbound,15_30,primary,0.0005,23,23,0.00050201295542,-2.750546915217378e-06,0.00115658288470158,0.0009744487017671704,0.043478260869565216,0.7391304347826086,0.043478260869565216
heldout,outbound,15_30,primary,0.001,23,23,0.00099672071582,-6.7848447830434445e-06,0.00112655432743014,0.0009751758428248439,0.21739130434782608,0.8260869565217391,0.21739130434782608
heldout,outbound,15_30,primary,0.002,23,23,0.00199307597572,-1.816328177130433e-05,0.0010565687386926,0.0009695594928134328,0.6521739130434783,0.9565217391304348,0.6521739130434783
heldout,outbound,15_30,primary,0.005,23,23,0.00496982643872,-2.6530918453913297e-05,0.0009845566135188001,0.0009754666575212497,1.0,1.0,1.0
heldout,outbound,15_30,primary,0.01,23,23,0.00995968041972,-5.752898080173893e-05,0.0007689783554669996,0.001004177835804752,1.0,1.0,1.0
heldout,outbound,15_30,reference_split,-0.01,23,23,-0.009866246300069999,-6.395426200433788e-06,0.001270325378015399,0.0010522047797919278,1.0,1.0,1.0
heldout,outbound,15_30,reference_split,-0.005,23,23,-0.00492316068907,1.631502453869566e-05,0.0013134039755970002,0.0010520583017555973,1.0,1.0,1.0
heldout,outbound,15_30,reference_split,-0.002,23,23,-0.00195910446207,1.2599964573478239e-05,0.0013409870236056,0.0010590526796467959,0.5652173913043478,1.0,0.5652173913043478
heldout,outbound,15_30,reference_split,-0.001,23,23,-0.00097992920307,1.4472395738260938e-06,0.0013068958686461996,0.0010537909351433189,0.2608695652173913,0.7391304347826086,0.2608695652173913
heldout,outbound,15_30,reference_split,-0.0005,23,23,-0.00048907431637,-9.067078704782625e-06,0.00129541078869342,0.0010495124662421476,0.13043478260869565,0.6086956521739131,0.13043478260869565
heldout,outbound,15_30,reference_split,-0.0002,23,23,-0.00019481014937,-1.424241734869571e-05,0.00128971795162182,0.0010470060951319666,0.08695652173913043,0.5652173913043478,0.08695652173913043
heldout,outbound,15_30,reference_split,-0.0001,23,23,-9.721968227e-05,-1.5735121265652133e-05,0.0012871419787480799,0.0010461328342610263,0.08695652173913043,0.5217391304347826,0.08695652173913043
heldout,outbound,15_30,reference_split,0.0,23,23,0.0,-1.7416284372173965e-05,0.001284455240783862,0.0010451711810008418,0.08695652173913043,nan,0.08695652173913043
heldout,outbound,15_30,reference_split,0.0001,23,23,9.694563569999999e-05,-1.9097182206086997e-05,0.001281930524209062,0.001044120876569948,0.043478260869565216,0.5217391304347826,0.0
heldout,outbound,15_30,reference_split,0.0002,23,23,0.00019487775602999998,-2.054942312652178e-05,0.00128064711215658,0.0010429971752290957,0.043478260869565216,0.5217391304347826,0.0
heldout,outbound,15_30,reference_split,0.0005,23,23,0.0004882878658299999,-2.4325409204347854e-05,0.0012749316071687998,0.0010399002569566561,0.13043478260869565,0.7391304347826086,0.08695652173913043
heldout,outbound,15_30,reference_split,0.001,23,23,0.00097682622693,-3.102624805304352e-05,0.001265676173640186,0.0010357815211271431,0.34782608695652173,0.8260869565217391,0.34782608695652173
heldout,outbound,15_30,reference_split,0.002,23,23,0.00194913212693,-3.4132755317826165e-05,0.0012477605603568,0.00102055102664131,0.5217391304347826,0.9565217391304348,0.5217391304347826
heldout,outbound,15_30,reference_split,0.005,23,23,0.00487883140693,-4.772925680913053e-05,0.0012349872882564,0.0010188288386583152,1.0,1.0,1.0
heldout,outbound,15_30,reference_split,0.01,23,23,0.009876257935930001,-5.014219833086905e-05,0.0013344765785945998,0.001007811608768321,1.0,1.0,1.0
heldout,outbound,15_30,slowness_offset_m,-0.01,23,23,-0.01104292521738,-0.0009877339243365216,0.0014541353105579995,0.0015383955051876826,1.0,1.0,1.0
heldout,outbound,15_30,slowness_offset_m,-0.005,23,23,-0.00553750473238,-0.0004991428792495649,0.0016084909048152002,0.001290895910688609,1.0,1.0,1.0
heldout,outbound,15_30,slowness_offset_m,-0.002,23,23,-0.00221406861138,-0.00019864860497565217,0.0015703902345852,0.001220133830915503,0.6086956521739131,1.0,0.6086956521739131
heldout,outbound,15_30,slowness_offset_m,-0.001,23,23,-0.0011047584013800002,-9.484158550130435e-05,0.0015480245301066002,0.0012065584004237063,0.2608695652173913,0.782608695652174,0.2608695652173913
heldout,outbound,15_30,slowness_offset_m,-0.0005,23,23,-0.00054906093898,-4.6575560110434874e-05,0.0015125710478104798,0.00120091611197497,0.08695652173913043,0.6956521739130435,0.08695652173913043
heldout,outbound,15_30,slowness_offset_m,-0.0002,23,23,-0.00021908975448000002,-1.649235706695654e-05,0.0014964426433110001,0.0011989299774010722,0.043478260869565216,0.6086956521739131,0.043478260869565216
heldout,outbound,15_30,slowness_offset_m,-0.0001,23,23,-0.00010934944138000001,-7.136370771304387e-06,0.00149234656080552,0.0011982777843097313,0.043478260869565216,0.5652173913043478,0.043478260869565216
heldout,outbound,15_30,slowness_offset_m,0.0,23,23,0.0,1.879782296521725e-06,0.001486087815491832,0.0011976977481532945,0.08695652173913043,nan,0.08695652173913043
heldout,outbound,15_30,slowness_offset_m,0.0001,23,23,0.000111510995,1.1596642301739085e-05,0.0014784358504686122,0.0011973687318531032,0.08695652173913043,0.5217391304347826,0.043478260869565216
heldout,outbound,15_30,slowness_offset_m,0.0002,23,23,0.00022427672852,2.121018122869558e-05,0.0014691923412990598,0.0011971423659053993,0.17391304347826086,0.5217391304347826,0.13043478260869565
heldout,outbound,15_30,slowness_offset_m,0.0005,23,23,0.00056073468562,4.8839824697826066e-05,0.0014419614758765997,0.0011956462477844799,0.13043478260869565,0.6521739130434783,0.13043478260869565
heldout,outbound,15_30,slowness_offset_m,0.001,23,23,0.0011238952216199999,9.654594961913039e-05,0.0013969929398754003,0.0011955468775146825,0.2608695652173913,0.782608695652174,0.2608695652173913
heldout,outbound,15_30,slowness_offset_m,0.002,23,23,0.00224558941162,0.00019085942816782605,0.0013411571860553998,0.0012014870420602704,0.5217391304347826,0.9565217391304348,0.5217391304347826
heldout,outbound,15_30,slowness_offset_m,0.005,23,23,0.00553252348762,0.0004670960026634782,0.0013350208543980002,0.0012699769167169924,1.0,1.0,1.0
heldout,outbound,15_30,slowness_offset_m,0.01,23,23,0.01097123511262,0.0009151939559243478,0.0013223143941840008,0.0014970988642794025,1.0,1.0,1.0
heldout,outbound,15_30,slowness_offset_p,-0.01,23,23,-0.009548769027500001,0.0003816883840652171,0.0010307705231418004,0.0012133477763898518,1.0,1.0,1.0
heldout,outbound,15_30,slowness_offset_p,-0.005,23,23,-0.0046972582295,1.1188629543478515e-05,0.001101454882164,0.0011579879392125704,1.0,1.0,1.0
heldout,outbound,15_30,slowness_offset_p,-0.002,23,23,-0.0018989863264999999,-0.0002477610202556521,0.0012495626754828002,0.0011895404182532647,0.4782608695652174,1.0,0.4782608695652174
heldout,outbound,15_30,slowness_offset_p,-0.001,23,23,-0.0009444041214,-0.00031227036242565217,0.0013193991742608598,0.00120734454641545,0.13043478260869565,0.8695652173913043,0.13043478260869565
heldout,outbound,15_30,slowness_offset_p,-0.0005,23,23,-0.0004705583166,-0.0003451507935469566,0.00129716829861234,0.0012166677574903483,0.13043478260869565,0.782608695652174,0.13043478260869565
heldout,outbound,15_30,slowness_offset_p,-0.0002,23,23,-0.00018904678671,-0.0003694159682395652,0.001290562801580094,0.0012258082401114317,0.13043478260869565,0.6956521739130435,0.13043478260869565
heldout,outbound,15_30,slowness_offset_p,-0.0001,23,23,-9.419329470000001e-05,-0.00037733249035652185,0.0012893206486250999,0.0012290170695541092,0.08695652173913043,0.6086956521739131,0.08695652173913043
heldout,outbound,15_30,slowness_offset_p,0.0,23,23,0.0,-0.0003848722430043478,0.0012862259596754398,0.0012318890378726264,0.08695652173913043,nan,0.08695652173913043
heldout,outbound,15_30,slowness_offset_p,0.0001,23,23,9.230003279999999e-05,-0.00039295231134347825,0.00128043389633712,0.0012347004874396716,0.043478260869565216,0.5217391304347826,0.0
heldout,outbound,15_30,slowness_offset_p,0.0002,23,23,0.0001850923941,-0.00040089535526521743,0.0012753722372231399,0.0012376295648318881,0.043478260869565216,0.5217391304347826,0.0
heldout,outbound,15_30,slowness_offset_p,0.0005,23,23,0.0004701073971,-0.0004239018484634782,0.0012945912606387598,0.0012486326878545372,0.043478260869565216,0.5217391304347826,0.0
heldout,outbound,15_30,slowness_offset_p,0.001,23,23,0.0009362038295000001,-0.00046366091749565217,0.0013085142295869,0.0012688245293367892,0.13043478260869565,0.6521739130434783,0.08695652173913043
heldout,outbound,15_30,slowness_offset_p,0.002,23,23,0.0018350641874999999,-0.0005486074697184349,0.0013071975955373997,0.0013116168116921506,0.21739130434782608,0.8695652173913043,0.21739130434782608
heldout,outbound,15_30,slowness_offset_p,0.005,23,23,0.0045195980095,-0.0008068880965434781,0.0012775062947766008,0.0014693111628517209,0.9565217391304348,1.0,0.9565217391304348
heldout,outbound,15_30,slowness_offset_p,0.01,23,23,0.008909012138499999,-0.0012473836111521746,0.001246773448242,0.001766731051670485,1.0,1.0,1.0
heldout,outbound,3_15,aperture_200m,-0.01,23,23,-0.0100882417521,-0.00026679855331739126,0.0011128085944163999,0.0011108711978485614,1.0,1.0,1.0
heldout,outbound,3_15,aperture_200m,-0.005,23,23,-0.0050109289471,-0.00028311716440434777,0.0010307073302819989,0.0011026764732047609,1.0,1.0,1.0
heldout,outbound,3_15,aperture_200m,-0.002,23,23,-0.0019982931411,-0.00028135406493913056,0.000958542056976,0.001091605659096824,0.4782608695652174,0.9565217391304348,0.4782608695652174
heldout,outbound,3_15,aperture_200m,-0.001,23,23,-0.0009851203499,-0.0002808210367491304,0.0009505956845095201,0.0010885987122677748,0.2608695652173913,0.9565217391304348,0.2608695652173913
heldout,outbound,3_15,aperture_200m,-0.0005,23,23,-0.0004898670739,-0.0002722600599121739,0.0009180462836592599,0.0010874850142418777,0.13043478260869565,0.7391304347826086,0.13043478260869565
heldout,outbound,3_15,aperture_200m,-0.0002,23,23,-0.00019844696863,-0.0002676135477454348,0.0008955595845949618,0.0010834146367093335,0.043478260869565216,0.6086956521739131,0.043478260869565216
heldout,outbound,3_15,aperture_200m,-0.0001,23,23,-9.949878389e-05,-0.00026652404779086954,0.0008924801299829937,0.001082330882814229,0.043478260869565216,0.5652173913043478,0.043478260869565216
heldout,outbound,3_15,aperture_200m,0.0,23,23,0.0,-0.00026488594988478256,0.00089367904946208,0.0010796800444983086,0.08695652173913043,nan,0.08695652173913043
heldout,outbound,3_15,aperture_200m,0.0001,23,23,9.99710227e-05,-0.0002628897378595218,0.0008949050385336599,0.0010769424030579833,0.08695652173913043,0.5217391304347826,0.043478260869565216
heldout,outbound,3_15,aperture_200m,0.0002,23,23,0.00020342973819999997,-0.0002604637364043479,0.0008912115990535798,0.0010737178791674394,0.043478260869565216,0.5217391304347826,0.043478260869565216
heldout,outbound,3_15,aperture_200m,0.0005,23,23,0.0005152415370999999,-0.0002567936967134783,0.0009046473000808738,0.0010712716726633013,0.043478260869565216,0.5652173913043478,0.043478260869565216
heldout,outbound,3_15,aperture_200m,0.001,23,23,0.0010889916569,-0.00024341163629913048,0.00100602773480034,0.0010737467813470372,0.043478260869565216,0.7391304347826086,0.043478260869565216
heldout,outbound,3_15,aperture_200m,0.002,23,23,0.0020755905769,-0.0002241893923608697,0.0009959092746077997,0.0010853323116483285,0.43478260869565216,0.9565217391304348,0.43478260869565216
heldout,outbound,3_15,aperture_200m,0.005,23,23,0.0050330522858999995,-0.00020619154379565235,0.0008744784872334009,0.0010737962708376157,1.0,1.0,1.0
heldout,outbound,3_15,aperture_200m,0.01,23,23,0.0099192506439,-0.00019948431236086985,0.0010322521994819984,0.0010747404467006914,1.0,1.0,1.0
heldout,outbound,3_15,aperture_800m,-0.01,23,23,-0.01044371111297,-0.0005288536373613038,0.0023237569869989996,0.0018660289168757655,1.0,1.0,1.0
heldout,outbound,3_15,aperture_800m,-0.005,23,23,-0.0053546430819699994,-0.0002974347286656519,0.002561130032886599,0.001791820733228524,0.9565217391304348,1.0,0.9565217391304348
heldout,outbound,3_15,aperture_800m,-0.002,23,23,-0.0021387258159699996,-0.00015797556789608682,0.0024915403422340193,0.001751923140036847,0.34782608695652173,0.8260869565217391,0.34782608695652173
heldout,outbound,3_15,aperture_800m,-0.001,23,23,-0.0010622550049700001,-0.00011442914229782597,0.0023392284650784003,0.001736414909528449,0.2608695652173913,0.6521739130434783,0.2608695652173913
heldout,outbound,3_15,aperture_800m,-0.0005,23,23,-0.00052568172647,-9.688288377869554e-05,0.0022754147420654997,0.0017260778153213715,0.17391304347826086,0.6086956521739131,0.17391304347826086
heldout,outbound,3_15,aperture_800m,-0.0002,23,23,-0.00020974020397,-8.298791305608688e-05,0.0022892159252087996,0.0017206872066215656,0.08695652173913043,0.5652173913043478,0.08695652173913043
heldout,outbound,3_15,aperture_800m,-0.0001,23,23,-0.0001048356451,-7.826745338217395e-05,0.002293205646094062,0.0017189046888108233,0.08695652173913043,0.5652173913043478,0.08695652173913043
heldout,outbound,3_15,aperture_800m,0.0,23,23,0.0,-7.349151969869555e-05,0.002297382490714122,0.0017171512277735649,0.08695652173913043,nan,0.08695652173913043
heldout,outbound,3_15,aperture_800m,0.0001,23,23,0.00010466842933,-6.84419391317391e-05,0.0023007891175621797,0.001715610893478949,0.08695652173913043,0.5217391304347826,0.043478260869565216
heldout,outbound,3_15,aperture_800m,0.0002,23,23,0.00020903415032999997,-6.34717175639131e-05,0.00230322350524938,0.0017141400549226414,0.08695652173913043,0.6086956521739131,0.043478260869565216
heldout,outbound,3_15,aperture_800m,0.0005,23,23,0.00052451246993,-4.758097047608689e-05,0.0023118494957737198,0.0017077869759945003,0.08695652173913043,0.6521739130434783,0.08695652173913043
heldout,outbound,3_15,aperture_800m,0.001,23,23,0.00105223331903,-1.9031335622173863e-05,0.0023197021901592,0.001694784735413371,0.21739130434782608,0.6521739130434783,0.21739130434782608
heldout,outbound,3_15,aperture_800m,0.002,23,23,0.0021134722920300004,3.0506066550000068e-05,0.00234584338401882,0.001678287358885232,0.391304347826087,0.8260869565217391,0.391304347826087
heldout,outbound,3_15,aperture_800m,0.005,23,23,0.00519189845503,0.00017496590289956532,0.002239982740716,0.0016498863629086057,0.9130434782608695,1.0,0.9130434782608695
heldout,outbound,3_15,aperture_800m,0.01,23,23,0.01033898470703,0.0003933394230299998,0.0024628390391723985,0.0016323162714741966,1.0,1.0,1.0
heldout,outbound,3_15,displaced_intercept,-0.01,23,23,-0.0099757097056,-0.00020596000555652086,0.0011388671560098004,0.0009916111738563496,1.0,1.0,1.0
heldout,outbound,3_15,displaced_intercept,-0.005,23,23,-0.0050025215156,-0.0002359887345130435,0.0010471497675491998,0.0009587888208961406,1.0,1.0,1.0
heldout,outbound,3_15,displaced_intercept,-0.002,23,23,-0.0019976732766,-0.00025600939194782605,0.0008158370092824,0.000935251899576167,0.782608695652174,1.0,0.782608695652174
heldout,outbound,3_15,displaced_intercept,-0.001,23,23,-0.0009902852784,-0.0002623060354347826,0.0008459564896675198,0.0009294643844211989,0.34782608695652173,0.8695652173913043,0.34782608695652173
heldout,outbound,3_15,displaced_intercept,-0.0005,23,23,-0.0004804636441,-0.0002618592323904348,0.00089357991289266,0.000927898563819618,0.17391304347826086,0.8695652173913043,0.17391304347826086
heldout,outbound,3_15,displaced_intercept,-0.0002,23,23,-0.00019028992468,-0.00026166395760086945,0.000898597410571392,0.0009280742006710877,0.17391304347826086,0.6521739130434783,0.17391304347826086
heldout,outbound,3_15,displaced_intercept,-0.0001,23,23,-9.48328201e-05,-0.0002616162682260869,0.00089863763792754,0.0009277401744004079,0.17391304347826086,0.5652173913043478,0.17391304347826086
heldout,outbound,3_15,displaced_intercept,0.0,23,23,0.0,-0.00026175446748695654,0.0008979954552231599,0.0009275419968186856,0.08695652173913043,nan,0.08695652173913043
heldout,outbound,3_15,displaced_intercept,0.0001,23,23,9.5632103e-05,-0.0002620191695736088,0.00089841901358328,0.0009275549458779278,0.0,0.5217391304347826,0.0
heldout,outbound,3_15,displaced_intercept,0.0002,23,23,0.00019353394570000002,-0.00026187274089504347,0.000901948116342,0.0009276398421490607,0.0,0.5217391304347826,0.0
heldout,outbound,3_15,displaced_intercept,0.0005,23,23,0.0004938509890999999,-0.0002627374582956521,0.0009220091936953798,0.000927299099349743,0.08695652173913043,0.6086956521739131,0.08695652173913043
heldout,outbound,3_15,displaced_intercept,0.001,23,23,0.0009952583214,-0.000266901773572174,0.0009565298224406401,0.0009259675983508771,0.13043478260869565,0.782608695652174,0.13043478260869565
heldout,outbound,3_15,displaced_intercept,0.002,23,23,0.0020014298694,-0.0002700762198869567,0.0010282151241599994,0.0009228040987996924,0.5652173913043478,1.0,0.5652173913043478
heldout,outbound,3_15,displaced_intercept,0.005,23,23,0.0049898206154,-0.0002822300004695655,0.0011574464498310003,0.000918901539325806,1.0,1.0,1.0
heldout,outbound,3_15,displaced_intercept,0.01,23,23,0.009775102229400002,-0.00030326740707826023,0.0009531014605728012,0.0009246171817895739,1.0,1.0,1.0
heldout,outbound,3_15,primary,-0.01,23,23,-0.00983316389731,-5.633329296217359e-05,0.000802531845536399,0.0012345722197249214,1.0,1.0,1.0
heldout,outbound,3_15,primary,-0.005,23,23,-0.00491619450531,-9.025361496217365e-05,0.0009342202293312001,0.0012486842135541272,1.0,1.0,1.0
heldout,outbound,3_15,primary,-0.002,23,23,-0.00192685297931,-0.00011753558199695643,0.0009173711371229999,0.0012357759476416318,0.34782608695652173,0.9565217391304348,0.34782608695652173
heldout,outbound,3_15,primary,-0.001,23,23,-0.00094347762061,-0.0001162114303708695,0.0010303659122614202,0.0012303486990338027,0.2608695652173913,0.8260869565217391,0.2608695652173913
heldout,outbound,3_15,primary,-0.0005,23,23,-0.00047664171081000003,-0.0001192922954982608,0.0010686953533052999,0.001226723810294752,0.08695652173913043,0.6521739130434783,0.08695652173913043
heldout,outbound,3_15,primary,-0.0002,23,23,-0.00019700017261,-0.00011857207189043473,0.0010848591181113,0.001220138663562688,0.043478260869565216,0.5652173913043478,0.043478260869565216
heldout,outbound,3_15,primary,-0.0001,23,23,-9.855867201e-05,-0.00011828049671478263,0.0010992888226895399,0.0012178476682775585,0.043478260869565216,0.5217391304347826,0.043478260869565216
heldout,outbound,3_15,primary,0.0,23,23,0.0,-0.00011778201642595659,0.001113831465375426,0.0012155653885476013,0.08695652173913043,nan,0.08695652173913043
heldout,outbound,3_15,primary,0.0001,23,23,9.915486079e-05,-0.00011651155171304345,0.0011282375798454599,0.0012132495623982664,0.08695652173913043,0.6086956521739131,0.043478260869565216
heldout,outbound,3_15,primary,0.0002,23,23,0.00019821741949000002,-0.00011514515971565216,0.00114242349279618,0.0012109168465336427,0.08695652173913043,0.6086956521739131,0.043478260869565216
heldout,outbound,3_15,primary,0.0005,23,23,0.00049482476249,-0.00011353588353173911,0.00116105235868272,0.0012052776901119674,0.08695652173913043,0.6956521739130435,0.043478260869565216
heldout,outbound,3_15,primary,0.001,23,23,0.00099040806169,-0.0001087953312665218,0.0011667978499967997,0.0011956521911883546,0.08695652173913043,0.7391304347826086,0.08695652173913043
heldout,outbound,3_15,primary,0.002,23,23,0.00198078568869,-0.00010381135577956515,0.001145398679145,0.0011836748124224774,0.43478260869565216,0.9565217391304348,0.43478260869565216
heldout,outbound,3_15,primary,0.005,23,23,0.00495973516369,-0.00010421814848391292,0.0011784819003552009,0.0011487344009356133,1.0,1.0,1.0
heldout,outbound,3_15,primary,0.01,23,23,0.009937746727690001,-0.0001267184193534782,0.0012622724834075979,0.0011519844643152603,1.0,1.0,1.0
heldout,outbound,3_15,reference_split,-0.01,23,23,-0.0099775132049,-0.00012380874994347772,0.0009460240604261998,0.0012155590694249692,1.0,1.0,1.0
heldout,outbound,3_15,reference_split,-0.005,23,23,-0.0050555104569000005,-0.00017097095663913068,0.0010112669616546002,0.0012237101695609033,1.0,1.0,1.0
heldout,outbound,3_15,reference_split,-0.002,23,23,-0.0020417085749,-0.00018480216229130433,0.0009930036410280001,0.0012127159346443637,0.43478260869565216,0.9565217391304348,0.43478260869565216
heldout,outbound,3_15,reference_split,-0.001,23,23,-0.0010362334447,-0.000191056356,0.0010208876368214999,0.0012111774351018284,0.2608695652173913,0.8260869565217391,0.2608695652173913
heldout,outbound,3_15,reference_split,-0.0005,23,23,-0.0005001051174,-0.0001918562522182609,0.0009774966428178,0.001210480127307108,0.13043478260869565,0.6521739130434783,0.13043478260869565
heldout,outbound,3_15,reference_split,-0.0002,23,23,-0.00019842430531,-0.00019302941322217384,0.0009763768129618859,0.0012076495990057748,0.043478260869565216,0.5652173913043478,0.043478260869565216
heldout,outbound,3_15,reference_split,-0.0001,23,23,-9.918850093e-05,-0.00019346462139695653,0.000977896024019418,0.0012064025719506844,0.043478260869565216,0.5217391304347826,0.043478260869565216
heldout,outbound,3_15,reference_split,0.0,23,23,0.0,-0.00019423634229739125,0.0009797209950108,0.0012057368409124046,0.08695652173913043,nan,0.08695652173913043
heldout,outbound,3_15,reference_split,0.0001,23,23,9.9309674e-05,-0.00019443210403782615,0.00098212334919762,0.0012049083136283136,0.08695652173913043,0.5217391304347826,0.043478260869565216
heldout,outbound,3_15,reference_split,0.0002,23,23,0.00019921986079999998,-0.00019444713709478267,0.0009837150313443599,0.0012039862569502052,0.08695652173913043,0.5652173913043478,0.043478260869565216
heldout,outbound,3_15,reference_split,0.0005,23,23,0.0004970442098,-0.00019561867416782603,0.0009885309011755797,0.0012010090010932848,0.08695652173913043,0.6521739130434783,0.043478260869565216
heldout,outbound,3_15,reference_split,0.001,23,23,0.0009894790021,-0.00019893607657826086,0.0010042956593291998,0.0011997602623626577,0.043478260869565216,0.7391304347826086,0.043478260869565216
heldout,outbound,3_15,reference_split,0.002,23,23,0.0019825883051,-0.0001969767247739131,0.0010235457836898,0.001199597108491153,0.43478260869565216,0.9565217391304348,0.43478260869565216
heldout,outbound,3_15,reference_split,0.005,23,23,0.0049824358731,-0.00018237658555217436,0.0010409828898840002,0.0011855563844055824,0.9565217391304348,1.0,0.9565217391304348
heldout,outbound,3_15,reference_split,0.01,23,23,0.009969746052100001,-0.000218093428769565,0.0010691757890939986,0.0011493569427726495,1.0,1.0,1.0
heldout,outbound,3_15,slowness_offset_m,-0.01,23,23,-0.01096188733605,-0.000604638998006522,0.0022797735423287988,0.0020057643766674734,1.0,1.0,1.0
heldout,outbound,3_15,slowness_offset_m,-0.005,23,23,-0.00550453763705,-0.000253947146745652,0.002115638850422999,0.0017933714243410816,0.8695652173913043,1.0,0.8695652173913043
heldout,outbound,3_15,slowness_offset_m,-0.002,23,23,-0.00216472660805,-5.643236964565214e-05,0.0020293311016775996,0.0017074655741803183,0.391304347826087,0.8260869565217391,0.391304347826087
heldout,outbound,3_15,slowness_offset_m,-0.001,23,23,-0.00104465803305,1.3137142680434782e-05,0.0020314282171386,0.0016908280539065326,0.17391304347826086,0.6956521739130435,0.17391304347826086
heldout,outbound,3_15,slowness_offset_m,-0.0005,23,23,-0.00050110995175,3.84247878804348e-05,0.0020112937653181794,0.001685362409710449,0.08695652173913043,0.6521739130434783,0.08695652173913043
heldout,outbound,3_15,slowness_offset_m,-0.0002,23,23,-0.00020183871635000002,5.1205753359130506e-05,0.00195965337720222,0.0016827280683833757,0.08695652173913043,0.6086956521739131,0.08695652173913043
heldout,outbound,3_15,slowness_offset_m,-0.0001,23,23,-0.00010209657225,5.56272460730435e-05,0.0019420133402812797,0.001682496012899754,0.043478260869565216,0.5652173913043478,0.043478260869565216
heldout,outbound,3_15,slowness_offset_m,0.0,23,23,0.0,6.045008508478257e-05,0.0019282042634049298,0.001681918006149657,0.08695652173913043,nan,0.08695652173913043
heldout,outbound,3_15,slowness_offset_m,0.0001,23,23,9.730988833e-05,6.587663988826094e-05,0.0019077642937295875,0.0016812841820245043,0.08695652173913043,0.5217391304347826,0.08695652173913043
heldout,outbound,3_15,slowness_offset_m,0.0002,23,23,0.00019356109725,7.092692090217382e-05,0.0018859330560541798,0.001680289609484706,0.08695652173913043,0.5217391304347826,0.08695652173913043
heldout,outbound,3_15,slowness_offset_m,0.0005,23,23,0.00048133537185,8.503947272913033e-05,0.0018200611955790597,0.001680842174785033,0.17391304347826086,0.5652173913043478,0.17391304347826086
heldout,outbound,3_15,slowness_offset_m,0.001,23,23,0.00100783477405,0.0001115348215004348,0.00184657958437638,0.0016868822507806918,0.21739130434782608,0.6956521739130435,0.21739130434782608
heldout,outbound,3_15,slowness_offset_m,0.002,23,23,0.00208243397095,0.00017399954811130432,0.00194449323696852,0.0016921928069237348,0.34782608695652173,0.9130434782608695,0.34782608695652173
heldout,outbound,3_15,slowness_offset_m,0.005,23,23,0.005307166480950001,0.0003789708791673914,0.0020101687813368005,0.00171354214093949,0.9130434782608695,1.0,0.9130434782608695
heldout,outbound,3_15,slowness_offset_m,0.01,23,23,0.01068830395395,0.0007523393051239123,0.0021614894637419987,0.0018233056222805412,1.0,1.0,1.0
heldout,outbound,3_15,slowness_offset_p,-0.01,23,23,-0.0092137418054,0.0009161373385565219,0.0010473323200871996,0.001265106989408744,1.0,1.0,1.0
heldout,outbound,3_15,slowness_offset_p,-0.005,23,23,-0.0046903022064,0.0005313106845565219,0.0009903302582207998,0.000998382205896675,1.0,1.0,1.0
heldout,outbound,3_15,slowness_offset_p,-0.002,23,23,-0.0018530883334,0.00031282310066086956,0.0008908147584797999,0.000910158432008828,0.5652173913043478,0.9565217391304348,0.5652173913043478
heldout,outbound,3_15,slowness_offset_p,-0.001,23,23,-0.0009176363324,0.00024248105020217395,0.0008616027984593399,0.0008905001699460271,0.21739130434782608,0.782608695652174,0.21739130434782608
heldout,outbound,3_15,slowness_offset_p,-0.0005,23,23,-0.000457872838,0.00021092450872086958,0.000868671376809768,0.0008850825445331702,0.17391304347826086,0.5652173913043478,0.13043478260869565
heldout,outbound,3_15,slowness_offset_p,-0.0002,23,23,-0.0001832911143,0.00019235199630913044,0.00089992906540488,0.0008825353747894003,0.043478260869565216,0.5217391304347826,0.0
heldout,outbound,3_15,slowness_offset_p,-0.0001,23,23,-9.16181157e-05,0.0001866060978539131,0.0009104691573188399,0.0008815967481044975,0.043478260869565216,0.5217391304347826,0.0
heldout,outbound,3_15,slowness_offset_p,0.0,23,23,0.0,0.00018097988645652172,0.00093747110826348,0.0008807355211428611,0.08695652173913043,nan,0.08695652173913043
heldout,outbound,3_15,slowness_offset_p,0.0001,23,23,9.15546156e-05,0.000175408379973913,0.00096501820411164,0.0008796736736282931,0.08695652173913043,0.5217391304347826,0.08695652173913043
heldout,outbound,3_15,slowness_offset_p,0.0002,23,23,0.00018316720283,0.0001700805546013043,0.000957522327705678,0.0008786553458177659,0.17391304347826086,0.6086956521739131,0.17391304347826086
heldout,outbound,3_15,slowness_offset_p,0.0005,23,23,0.0004583512283,0.0001537225647034783,0.0009418562267524199,0.0008751435521679444,0.21739130434782608,0.782608695652174,0.21739130434782608
heldout,outbound,3_15,slowness_offset_p,0.001,23,23,0.0009172919561,0.00012047698368043476,0.0009609275670476999,0.0008722437283075819,0.43478260869565216,0.8695652173913043,0.43478260869565216
heldout,outbound,3_15,slowness_offset_p,0.002,23,23,0.0018354005496000001,5.339872199565215e-05,0.0009640854412958999,0.0008730747290940725,0.7391304347826086,1.0,0.7391304347826086
heldout,outbound,3_15,slowness_offset_p,0.005,23,23,0.0045822364536,-0.0001555140961391306,0.0009772042162764013,0.0008943848594243901,1.0,1.0,1.0
heldout,outbound,3_15,slowness_offset_p,0.01,23,23,0.0092027545326,-0.0005297877554000004,0.0011125707408984,0.0010466187367322768,1.0,1.0,1.0
heldout,outbound,60_120,aperture_200m,-0.01,23,22,0.00138778614145,0.009767838066972727,0.004844454529718999,0.011505287046728908,0.09090909090909091,0.4090909090909091,0.045454545454545456
heldout,outbound,60_120,aperture_200m,-0.005,23,22,0.0019442380739500002,0.006249118124730455,0.0045040985782703186,0.008855395537950332,0.09090909090909091,0.36363636363636365,0.045454545454545456
heldout,outbound,60_120,aperture_200m,-0.002,23,22,0.00246208712345,0.0030038118769500004,0.007268758152156899,0.007788474029767759,0.13636363636363635,0.4090909090909091,0.09090909090909091
heldout,outbound,60_120,aperture_200m,-0.001,23,21,-0.00010486117105000005,0.0014779194194642856,0.006121637208498,0.005763403054167007,0.09523809523809523,0.5238095238095238,0.0
heldout,outbound,60_120,aperture_200m,-0.0005,23,22,0.0006192169369499999,0.0018911490987,0.005770327383758699,0.006043672716618509,0.09090909090909091,0.45454545454545453,0.0
heldout,outbound,60_120,aperture_200m,-0.0002,23,22,-0.00020468025775,0.0014359049199363636,0.00516481701024828,0.006045387002400246,0.045454545454545456,0.5454545454545454,0.0
heldout,outbound,60_120,aperture_200m,-0.0001,23,22,-8.852601405e-05,0.0012790936723681816,0.0058248877109136,0.006077935742409605,0.045454545454545456,0.5454545454545454,0.0
heldout,outbound,60_120,aperture_200m,0.0,23,22,0.0,0.001485271115409091,0.004833072153693631,0.005997795372964311,0.09090909090909091,nan,0.09090909090909091
heldout,outbound,60_120,aperture_200m,0.0001,23,21,4.5503213949999984e-05,0.0019182442644452384,0.004522375461995999,0.006057638932719116,0.09523809523809523,0.5714285714285714,0.09523809523809523
heldout,outbound,60_120,aperture_200m,0.0002,23,21,0.00014034406894999994,0.0017308598483023814,0.005618099623693199,0.0061756329875927345,0.09523809523809523,0.5714285714285714,0.09523809523809523
heldout,outbound,60_120,aperture_200m,0.0005,23,21,7.883912095000005e-05,0.0014492243966214285,0.00347854454199,0.005794793674663123,0.09523809523809523,0.5238095238095238,0.09523809523809523
heldout,outbound,60_120,aperture_200m,0.001,23,21,-0.00022714570085,-0.0005441489811404762,0.005864789037094679,0.0059556513875940785,0.047619047619047616,0.47619047619047616,0.047619047619047616
heldout,outbound,60_120,aperture_200m,0.002,23,23,-0.00051549640605,-0.0029952164719891307,0.0050107993171362,0.00797322021460085,0.21739130434782608,0.4782608695652174,0.08695652173913043
heldout,outbound,60_120,aperture_200m,0.005,23,22,-0.000832382105045,-0.005398610311670455,0.0074352163829369995,0.00833757199091403,0.09090909090909091,0.3181818181818182,0.045454545454545456
heldout,outbound,60_120,aperture_200m,0.01,23,23,-9.776258674999998e-05,-0.010306733976949999,0.007036920684255418,0.01233074369728529,0.08695652173913043,0.4782608695652174,0.08695652173913043
heldout,outbound,60_120,aperture_800m,-0.01,23,19,-0.00025783587491,0.00895634962917984,0.00946032961274604,0.012884679033075244,0.21052631578947367,0.5789473684210527,0.15789473684210525
heldout,outbound,60_120,aperture_800m,-0.005,23,17,0.0008502002198899999,0.006828465446437059,0.00747944962732296,0.014985506108179898,0.29411764705882354,0.47058823529411764,0.11764705882352941
heldout,outbound,60_120,aperture_800m,-0.002,23,15,-0.00376006543051,-0.00011985758922333327,0.005525325826393799,0.007181139465735357,0.13333333333333333,0.6666666666666666,0.13333333333333333
heldout,outbound,60_120,aperture_800m,-0.001,23,16,0.00235889446299,0.00168050461704,0.006260413182942241,0.00733671536335239,0.125,0.375,0.125
heldout,outbound,60_120,aperture_800m,-0.0005,23,15,-9.921215037e-05,-0.00031492858732066624,0.006496343426943636,0.00690848990922017,0.13333333333333333,0.5333333333333333,0.13333333333333333
heldout,outbound,60_120,aperture_800m,-0.0002,23,15,0.00034753970118999995,-0.00040077776403666635,0.00875973155701182,0.007213168261171486,0.13333333333333333,0.4666666666666667,0.13333333333333333
heldout,outbound,60_120,aperture_800m,-0.0001,23,16,0.00023752300553,-0.0005025666797112503,0.0069500436924261,0.006643834528587685,0.0625,0.5,0.0625
heldout,outbound,60_120,aperture_800m,0.0,23,15,0.0,-0.000892551624096,0.0063952442697025255,0.006742212440714743,0.06666666666666667,nan,0.06666666666666667
heldout,outbound,60_120,aperture_800m,0.0001,23,15,0.00011089889408999999,-0.0008683731044966666,0.0063445941986229595,0.006758340649547686,0.06666666666666667,0.5333333333333333,0.0
heldout,outbound,60_120,aperture_800m,0.0002,23,14,-2.926680416000001e-05,-0.0009876756046171434,0.0069055586960367,0.007267714444262303,0.14285714285714285,0.5,0.07142857142857142
heldout,outbound,60_120,aperture_800m,0.0005,23,15,0.00119759560649,0.00034893729698133325,0.0068525756462351995,0.007109611643286163,0.13333333333333333,0.5333333333333333,0.06666666666666667
heldout,outbound,60_120,aperture_800m,0.001,23,15,0.00273229177649,0.0007614530524099999,0.005676841270548,0.0066453545167126996,0.13333333333333333,0.6666666666666666,0.06666666666666667
heldout,outbound,60_120,aperture_800m,0.002,23,18,-0.00070258191986,-0.001055399477271111,0.0097062190363887,0.007938373882838946,0.1111111111111111,0.4444444444444444,0.1111111111111111
heldout,outbound,60_120,aperture_800m,0.005,23,17,-7.008046863e-05,-0.005713938271222942,0.011286078934257288,0.009740547241080798,0.058823529411764705,0.47058823529411764,0.058823529411764705
heldout,outbound,60_120,aperture_800m,0.01,23,18,0.00012191054814000005,-0.00970768055066,0.0103774091559558,0.012575400100673137,0.1111111111111111,0.5,0.1111111111111111
heldout,outbound,60_120,displaced_intercept,-0.01,23,21,-0.001102399087205,0.008047080197721669,0.0055853981378832,0.009819340834402949,0.19047619047619047,0.5714285714285714,0.14285714285714285
heldout,outbound,60_120,displaced_intercept,-0.005,23,23,-0.0009138920898049999,0.004719583211264566,0.00471350395973856,0.007111330923928486,0.17391304347826086,0.5652173913043478,0.08695652173913043
heldout,outbound,60_120,displaced_intercept,-0.002,23,23,0.000337206638595,0.002042968106599348,0.00424760752456152,0.0059210048526676185,0.17391304347826086,0.4782608695652174,0.08695652173913043
heldout,outbound,60_120,displaced_intercept,-0.001,23,22,-0.00037636721920500003,0.00025831388553136376,0.0044524601794847995,0.004717365157225285,0.045454545454545456,0.5454545454545454,0.045454545454545456
heldout,outbound,60_120,displaced_intercept,-0.0005,23,21,-0.000496814491205,-0.00029658914701928514,0.0035350858177068006,0.004686901976475676,0.09523809523809523,0.6190476190476191,0.09523809523809523
heldout,outbound,60_120,displaced_intercept,-0.0002,23,22,-0.000604374028005,-0.0004544290602777273,0.005183364754193219,0.004249588284538963,0.09090909090909091,0.5454545454545454,0.09090909090909091
heldout,outbound,60_120,displaced_intercept,-0.0001,23,22,-0.000151516568325,-0.000528706172615909,0.0054265495406346,0.004361544783106093,0.09090909090909091,0.5454545454545454,0.09090909090909091
heldout,outbound,60_120,displaced_intercept,0.0,23,22,0.0,-0.00045318090534545444,0.005004791835716967,0.004328190461200411,0.09090909090909091,nan,0.09090909090909091
heldout,outbound,60_120,displaced_intercept,0.0001,23,22,6.443953583500001e-05,-0.0003239376518695454,0.0042441876063972,0.003929699325360092,0.045454545454545456,0.5,0.0
heldout,outbound,60_120,displaced_intercept,0.0002,23,22,-0.00020330787650499997,-0.0003699460029549999,0.0040950933533075995,0.003952682165329418,0.045454545454545456,0.5,0.0
heldout,outbound,60_120,displaced_intercept,0.0005,23,22,-0.000205512603185,-0.0006706554763213636,0.004090728965124899,0.003971078687444271,0.045454545454545456,0.45454545454545453,0.0
heldout,outbound,60_120,displaced_intercept,0.001,23,23,0.00036370541999499996,-0.00034345122468413045,0.00390242367121908,0.0036732106364663047,0.0,0.5652173913043478,0.0
heldout,outbound,60_120,displaced_intercept,0.002,23,21,0.001004856580395,-0.0011801415767188096,0.0036370032756321592,0.003974540538883232,0.0,0.6190476190476191,0.0
heldout,outbound,60_120,displaced_intercept,0.005,23,22,-7.3660138855e-05,-0.005311807657373182,0.004875102714085589,0.007401606397209636,0.22727272727272727,0.5,0.09090909090909091
heldout,outbound,60_120,displaced_intercept,0.01,23,21,0.00017591388299500002,-0.009692648657754524,0.00456399492735648,0.011618924633301985,0.14285714285714285,0.5714285714285714,0.09523809523809523
heldout,outbound,60_120,primary,-0.01,23,18,-0.0009153844947500001,0.00807466803112778,0.00751640735557908,0.011056488730278572,0.2222222222222222,0.5555555555555556,0.2222222222222222
heldout,outbound,60_120,primary,-0.005,23,22,-0.0009742890127,0.004906313605649999,0.0040229636987253,0.00677455673877882,0.09090909090909091,0.5909090909090909,0.045454545454545456
heldout,outbound,60_120,primary,-0.002,23,20,0.00121919274305,0.00243254672128,0.0036616290430969193,0.005285956571345734,0.05,0.3,0.05
heldout,outbound,60_120,primary,-0.001,23,22,-0.00043976104495000004,0.0003296605675040912,0.0061917939035085,0.006260899001444996,0.09090909090909091,0.5454545454545454,0.09090909090909091
heldout,outbound,60_120,primary,-0.0005,23,22,-0.00109352847395,-0.0005674123048999992,0.0052377521187117,0.0059470242660625075,0.09090909090909091,0.5909090909090909,0.09090909090909091
heldout,outbound,60_120,primary,-0.0002,23,22,-0.0001951193326,-0.0004981950658818182,0.006408599400241291,0.005996556520552417,0.045454545454545456,0.5454545454545454,0.045454545454545456
heldout,outbound,60_120,primary,-0.0001,23,22,-0.000720518615,-0.0010746204198954544,0.0066304218777888,0.005725100401276477,0.045454545454545456,0.5909090909090909,0.045454545454545456
heldout,outbound,60_120,primary,0.0,23,22,0.0,-0.0005059632044590907,0.00637658907719883,0.005967687415625232,0.09090909090909091,nan,0.09090909090909091
heldout,outbound,60_120,primary,0.0001,23,22,0.00015296752814999997,-0.0005121426299772724,0.00625258729811604,0.005933832288081802,0.09090909090909091,0.5454545454545454,0.045454545454545456
heldout,outbound,60_120,primary,0.0002,23,21,0.00012507590015,-0.0005582852266833332,0.00634167986707374,0.0060656661942410355,0.14285714285714285,0.5238095238095238,0.047619047619047616
heldout,outbound,60_120,primary,0.0005,23,22,-0.00191839232335,-0.0011325550196772728,0.005944167324414059,0.006028480665740769,0.13636363636363635,0.4090909090909091,0.045454545454545456
heldout,outbound,60_120,primary,0.001,23,21,-0.0010549226670500001,-0.0010967451768595237,0.00570530149306446,0.0067059636288902165,0.09523809523809523,0.47619047619047616,0.047619047619047616
heldout,outbound,60_120,primary,0.002,23,20,-0.0007182439572500001,-0.00255358451083,0.0044046303492807,0.0062460005525719,0.1,0.45,0.05
heldout,outbound,60_120,primary,0.005,23,21,-0.00255446818395,-0.00676558841465,0.0078039261280386,0.009266447780525775,0.14285714285714285,0.42857142857142855,0.0
heldout,outbound,60_120,primary,0.01,23,20,-0.00069039942765,-0.01212830905547,0.0057238807889613,0.01328563347866154,0.1,0.45,0.0
heldout,outbound,60_120,reference_split,-0.01,23,21,0.0015502066649500002,0.010787254531723333,0.005398734378252599,0.011830313687892486,0.0,0.38095238095238093,0.0
heldout,outbound,60_120,reference_split,-0.005,23,22,-0.00224230014755,0.0040499724351727275,0.0060712554070833,0.007671730543241063,0.13636363636363635,0.6363636363636364,0.045454545454545456
heldout,outbound,60_120,reference_split,-0.002,23,22,-0.00044102066404999997,0.002004829446063636,0.0036958179218562,0.005918600842899153,0.045454545454545456,0.5454545454545454,0.0
heldout,outbound,60_120,reference_split,-0.001,23,23,-0.0015297396650499999,0.0006116516192513044,0.005828682194327999,0.005819690235939431,0.0,0.6086956521739131,0.0
heldout,outbound,60_120,reference_split,-0.0005,23,23,-0.0011691160560500001,-6.008844148478255e-05,0.0084347044626894,0.006671496681599575,0.043478260869565216,0.5217391304347826,0.043478260869565216
heldout,outbound,60_120,reference_split,-0.0002,23,23,-0.00035961068075,-0.0006962420931978262,0.007330758577829821,0.007402612912647151,0.08695652173913043,0.5217391304347826,0.08695652173913043
heldout,outbound,60_120,reference_split,-0.0001,23,22,-6.6667941426e-05,-8.026517451600003e-05,0.006329846050358158,0.006792601864357244,0.09090909090909091,0.5,0.045454545454545456
heldout,outbound,60_120,reference_split,0.0,23,22,0.0,-0.0001717527299545455,0.00623432203535757,0.00684584082194132,0.09090909090909091,nan,0.09090909090909091
heldout,outbound,60_120,reference_split,0.0001,23,21,-2.1398215849999984e-05,-0.00037643698658761896,0.00697848277632828,0.0069320181640002585,0.047619047619047616,0.47619047619047616,0.047619047619047616
heldout,outbound,60_120,reference_split,0.0002,23,22,-8.142592386999998e-05,-0.0011328997914609093,0.008846348124369,0.007642377877622659,0.09090909090909091,0.5,0.045454545454545456
heldout,outbound,60_120,reference_split,0.0005,23,21,-0.00091871844805,-0.0012390716143928573,0.007825787397141,0.007133594438817286,0.047619047619047616,0.47619047619047616,0.047619047619047616
heldout,outbound,60_120,reference_split,0.001,23,22,-0.0004814931954,-0.002079318271936364,0.007934475390445589,0.007633181475540064,0.09090909090909091,0.45454545454545453,0.045454545454545456
heldout,outbound,60_120,reference_split,0.002,23,17,-0.00133665009105,-0.003127306897561765,0.006359298649737599,0.006395763979707308,0.0,0.4117647058823529,0.0
heldout,outbound,60_120,reference_split,0.005,23,21,-0.0016505867580499998,-0.004954998295740476,0.005840550521488199,0.00858370900943067,0.09523809523809523,0.47619047619047616,0.09523809523809523
heldout,outbound,60_120,reference_split,0.01,23,21,0.00088768735545,-0.009974749967454762,0.0061325230188621,0.01162903614217745,0.047619047619047616,0.5714285714285714,0.047619047619047616
heldout,outbound,60_120,slowness_offset_m,-0.01,23,23,0.00019826157478,0.010614217259794783,0.006032369517467327,0.012464203652457312,0.0,0.4782608695652174,0.0
heldout,outbound,60_120,slowness_offset_m,-0.005,23,22,-0.0013421160152,0.0037942558591954542,0.00678216928242252,0.008151254533559422,0.09090909090909091,0.5454545454545454,0.09090909090909091
heldout,outbound,60_120,slowness_offset_m,-0.002,23,23,0.0014314098825,0.0020886806744130435,0.0077946738174437995,0.006735632348167776,0.043478260869565216,0.43478260869565216,0.043478260869565216
heldout,outbound,60_120,slowness_offset_m,-0.001,23,22,0.00065098104445,0.001189465820677273,0.006250410100238428,0.006786681017685232,0.045454545454545456,0.45454545454545453,0.045454545454545456
heldout,outbound,60_120,slowness_offset_m,-0.0005,23,22,0.00037100183095000003,0.00012844214392727333,0.00949686777921273,0.00822475488432249,0.09090909090909091,0.5,0.09090909090909091
heldout,outbound,60_120,slowness_offset_m,-0.0002,23,23,-0.00017944475110000002,-0.00012343462819260838,0.013177048462898038,0.009563041216574766,0.13043478260869565,0.5217391304347826,0.13043478260869565
heldout,outbound,60_120,slowness_offset_m,-0.0001,23,23,-8.317918380000002e-05,-0.00010970053346521745,0.01308900664280538,0.009651834584528275,0.13043478260869565,0.5217391304347826,0.13043478260869565
heldout,outbound,60_120,slowness_offset_m,0.0,23,23,0.0,-0.00017942494174347825,0.0129274063550793,0.00874866101515093,0.08695652173913043,nan,0.08695652173913043
heldout,outbound,60_120,slowness_offset_m,0.0001,23,23,0.00011577831810999999,-0.00045263258519956514,0.012918114773538785,0.009124822538386304,0.13043478260869565,0.5217391304347826,0.0
heldout,outbound,60_120,slowness_offset_m,0.0002,23,23,0.00024534108597999997,-0.000508650440918261,0.012995875822349448,0.008662438503730465,0.13043478260869565,0.5652173913043478,0.043478260869565216
heldout,outbound,60_120,slowness_offset_m,0.0005,23,23,-0.0024921867515,-0.0014182854962782611,0.008962492295211,0.008531061623190055,0.08695652173913043,0.4782608695652174,0.043478260869565216
heldout,outbound,60_120,slowness_offset_m,0.001,23,23,-0.0037571211254999997,-0.003077598857804348,0.007884454538898,0.008173652301627353,0.043478260869565216,0.391304347826087,0.0
heldout,outbound,60_120,slowness_offset_m,0.002,23,23,-0.0029068731695,-0.0043858231592521744,0.00565518627365622,0.0077491361375510845,0.043478260869565216,0.30434782608695654,0.0
heldout,outbound,60_120,slowness_offset_m,0.005,23,18,-0.0008088404681,-0.006940934495161112,0.00497674801535436,0.00886186268303569,0.0,0.4444444444444444,0.0
heldout,outbound,60_120,slowness_offset_m,0.01,23,21,-0.0034187250294999997,-0.012679901778695237,0.006382284297475799,0.013836177796834567,0.0,0.2857142857142857,0.0
heldout,outbound,60_120,slowness_offset_p,-0.01,23,17,-0.0019439904831,0.008089030817052941,0.006316453026585659,0.009355453765031427,0.0,0.6470588235294118,0.0
heldout,outbound,60_120,slowness_offset_p,-0.005,23,21,-0.001088148333244,0.004751489649012191,0.003913404974283554,0.007125864452574106,0.0,0.6190476190476191,0.0
heldout,outbound,60_120,slowness_offset_p,-0.002,23,20,0.0003670606595000001,0.004080872612845,0.007255423475775298,0.008551520670796856,0.1,0.45,0.0
heldout,outbound,60_120,slowness_offset_p,-0.001,23,21,0.0037062637529999996,0.0037502510276761895,0.006973999853830802,0.008850273467062306,0.14285714285714285,0.38095238095238093,0.047619047619047616
heldout,outbound,60_120,slowness_offset_p,-0.0005,23,19,0.00255713271,0.0009763156207894738,0.0082822733455014,0.0068803821170718826,0.0,0.47368421052631576,0.0
heldout,outbound,60_120,slowness_offset_p,-0.0002,23,19,0.0013102064250000002,-0.00013804247715789453,0.006995209465377,0.0065416813506898215,0.05263157894736842,0.42105263157894735,0.05263157894736842
heldout,outbound,60_120,slowness_offset_p,-0.0001,23,17,0.00016490187400000004,-0.000496248253882353,0.007594690302318,0.00702141833824733,0.058823529411764705,0.47058823529411764,0.058823529411764705
heldout,outbound,60_120,slowness_offset_p,0.0,23,19,0.0,-0.0007947957073157891,0.007243476750951,0.00716144028383041,0.05263157894736842,nan,0.05263157894736842
heldout,outbound,60_120,slowness_offset_p,0.0001,23,18,-0.002356994796,-0.0013409836772777773,0.0071499348534327,0.007539137449054641,0.1111111111111111,0.4444444444444444,0.05555555555555555
heldout,outbound,60_120,slowness_offset_p,0.0002,23,19,-0.002557910624,-0.0014728574258631578,0.0072258666045804,0.0076143064775125655,0.10526315789473684,0.42105263157894735,0.05263157894736842
heldout,outbound,60_120,slowness_offset_p,0.0005,23,19,-0.004433225928,-0.003022165804047369,0.008466679435951798,0.008496731982174783,0.05263157894736842,0.3684210526315789,0.0
heldout,outbound,60_120,slowness_offset_p,0.001,23,19,-0.0027660593759999998,-0.0024651255432157895,0.008532281575608,0.006939724262382807,0.0,0.3684210526315789,0.0
heldout,outbound,60_120,slowness_offset_p,0.002,23,19,-0.002115962697,-0.0029782308493947365,0.0076653462384156,0.007274981114058251,0.0,0.3684210526315789,0.0
heldout,outbound,60_120,slowness_offset_p,0.005,23,19,-0.0005854212321999999,-0.005353736669236842,0.005815371600114719,0.007184865314589888,0.0,0.47368421052631576,0.0
heldout,outbound,60_120,slowness_offset_p,0.01,23,19,0.0023922584969999997,-0.009215880578105263,0.0023424903674382,0.010865104401612492,0.10526315789473684,0.7894736842105263,0.0
heldout,return,15_30,aperture_200m,-0.01,23,23,-0.009953990555951,1.3024380918565251e-05,0.0009389890166789996,0.001321674328381812,1.0,1.0,1.0
heldout,return,15_30,aperture_200m,-0.005,23,23,-0.005062583113951,-3.1761308168391335e-05,0.0008148817834458001,0.0012779392698655566,0.9565217391304348,1.0,0.9565217391304348
heldout,return,15_30,aperture_200m,-0.002,23,23,-0.001954698335951,-4.888773485782579e-06,0.0009182416827780001,0.0012380469250352908,0.2608695652173913,0.9565217391304348,0.2608695652173913
heldout,return,15_30,aperture_200m,-0.001,23,23,-0.0009750670075510001,-1.8573206118695262e-06,0.0009044139683594396,0.0012442472660692493,0.043478260869565216,0.8260869565217391,0.043478260869565216
heldout,return,15_30,aperture_200m,-0.0005,23,23,-0.000489816159851,-3.4870336118695296e-06,0.0009027942503949599,0.0012419673229056532,0.043478260869565216,0.782608695652174,0.043478260869565216
heldout,return,15_30,aperture_200m,-0.0002,23,23,-0.00019635708815099999,-4.872488142304296e-06,0.0009027717534225599,0.001241242295352879,0.043478260869565216,0.6521739130434783,0.043478260869565216
heldout,return,15_30,aperture_200m,-0.0001,23,23,-9.8056576751e-05,-5.338308161434755e-06,0.0009025725260823598,0.0012413019296269364,0.08695652173913043,0.6521739130434783,0.043478260869565216
heldout,return,15_30,aperture_200m,0.0,23,23,0.0,-5.3932277610434304e-06,0.0009028873801348674,0.0012413185275215737,0.08695652173913043,nan,0.08695652173913043
heldout,return,15_30,aperture_200m,0.0001,23,23,9.9856450869e-05,-5.58595330752173e-06,0.0008994900120659879,0.0012411559650789769,0.08695652173913043,0.5652173913043478,0.043478260869565216
heldout,return,15_30,aperture_200m,0.0002,23,23,0.000201561001049,-5.25819708578263e-06,0.0008927401328185199,0.0012408288951802138,0.08695652173913043,0.5652173913043478,0.043478260869565216
heldout,return,15_30,aperture_200m,0.0005,23,23,0.000506643573149,-3.5590875944782937e-06,0.0008721069601553401,0.0012425895102703933,0.08695652173913043,0.6521739130434783,0.043478260869565216
heldout,return,15_30,aperture_200m,0.001,23,23,0.000990172161649,-1.2170002634043495e-05,0.0008719875448796398,0.0012458534850956723,0.08695652173913043,0.8695652173913043,0.08695652173913043
heldout,return,15_30,aperture_200m,0.002,23,23,0.001983751128049,3.2891189247820217e-07,0.0009502166560403998,0.0012776600898543374,0.17391304347826086,0.9565217391304348,0.17391304347826086
heldout,return,15_30,aperture_200m,0.005,23,23,0.004950901649049,-8.99725347273927e-06,0.0006600993115836005,0.0012418226467800593,0.9565217391304348,1.0,0.9565217391304348
heldout,return,15_30,aperture_200m,0.01,23,23,0.009938652757048999,5.283480875086528e-06,0.0007098938929445993,0.0011565760422260103,1.0,1.0,1.0
heldout,return,15_30,aperture_800m,-0.01,23,23,-0.010910629123800001,-0.0005516968664956527,0.0025744537424759978,0.00228919495002834,1.0,1.0,1.0
heldout,return,15_30,aperture_800m,-0.005,23,23,-0.0054481214328,-0.00010218151853913035,0.0023966249934311993,0.0021817199639830366,0.6521739130434783,1.0,0.6521739130434783
heldout,return,15_30,aperture_800m,-0.002,23,23,-0.0021635732528000003,0.00016686734087391304,0.0022908268946472002,0.002162009409109662,0.08695652173913043,0.8260869565217391,0.08695652173913043
heldout,return,15_30,aperture_800m,-0.001,23,23,-0.0010781756488,0.0002695694295782609,0.0022610986549074,0.00216510455448592,0.043478260869565216,0.6521739130434783,0.043478260869565216
heldout,return,15_30,aperture_800m,-0.0005,23,23,-0.0005385024125,0.0003196210456521739,0.0022347875432269797,0.002169829520552832,0.043478260869565216,0.6521739130434783,0.0
heldout,return,15_30,aperture_800m,-0.0002,23,23,-0.00021657375349999999,0.0003529643417065218,0.0022090074732175804,0.002176438683367467,0.043478260869565216,0.6086956521739131,0.0
heldout,return,15_30,aperture_800m,-0.0001,23,23,-0.00010808193510000003,0.0003639141833404349,0.0022024447953190194,0.002178145923618306,0.043478260869565216,0.6086956521739131,0.0
heldout,return,15_30,aperture_800m,0.0,23,23,0.0,0.00037237238153478265,0.0021957200020786796,0.0021781580748870474,0.08695652173913043,nan,0.08695652173913043
heldout,return,15_30,aperture_800m,0.0001,23,23,0.00010798389629999998,0.00038053321934913045,0.00218777605529406,0.0021779851930783414,0.08695652173913043,0.5652173913043478,0.08695652173913043
heldout,return,15_30,aperture_800m,0.0002,23,23,0.00021594151833999998,0.00038908132842104345,0.0021791139811619636,0.002178074263476058,0.08695652173913043,0.6086956521739131,0.08695652173913043
heldout,return,15_30,aperture_800m,0.0005,23,23,0.0005427387248,0.0004156690226513042,0.00216016038341376,0.00217746553749012,0.08695652173913043,0.6521739130434783,0.08695652173913043
heldout,return,15_30,aperture_800m,0.001,23,23,0.0010802852152999999,0.00045557708384782607,0.0021870430726800595,0.002177902851328835,0.13043478260869565,0.6956521739130435,0.13043478260869565
heldout,return,15_30,aperture_800m,0.002,23,23,0.0021596651672,0.0005370184474434783,0.0021344569362479996,0.0021831679304287564,0.21739130434782608,0.9130434782608695,0.21739130434782608
heldout,return,15_30,aperture_800m,0.005,23,23,0.0054547798392,0.0007842823362434783,0.0018741032597406,0.002222884800665151,0.782608695652174,1.0,0.782608695652174
heldout,return,15_30,aperture_800m,0.01,23,23,0.011148179576199999,0.0012397007636782598,0.0020394050143361982,0.002430021832731469,1.0,1.0,1.0
heldout,return,15_30,displaced_intercept,-0.01,23,23,-0.01017163529438,-0.000147570403727826,0.0016345489904940006,0.0014486535223428843,1.0,1.0,1.0
heldout,return,15_30,displaced_intercept,-0.005,23,23,-0.00511001037738,-6.427578842347825e-05,0.0014175594914627996,0.0013800054974123905,0.9565217391304348,1.0,0.9565217391304348
heldout,return,15_30,displaced_intercept,-0.002,23,23,-0.00203728058338,-2.0035844088695608e-05,0.0013813125130476,0.0013431349124199304,0.391304347826087,0.9130434782608695,0.391304347826087
heldout,return,15_30,displaced_intercept,-0.001,23,23,-0.00102636633428,-4.555043582521769e-06,0.00135510453665706,0.0013375709671898438,0.21739130434782608,0.8695652173913043,0.17391304347826086
heldout,return,15_30,displaced_intercept,-0.0005,23,23,-0.00051342728978,2.0729502121739413e-06,0.00135342138906156,0.0013313867948267723,0.08695652173913043,0.6956521739130435,0.043478260869565216
heldout,return,15_30,displaced_intercept,-0.0002,23,23,-0.00020560780167999998,4.291300733043463e-06,0.00135155459121102,0.0013269225306807896,0.043478260869565216,0.6086956521739131,0.0
heldout,return,15_30,displaced_intercept,-0.0001,23,23,-0.00010284596022000001,5.647299100434773e-06,0.001349849146883076,0.0013249318523630925,0.043478260869565216,0.6086956521739131,0.0
heldout,return,15_30,displaced_intercept,0.0,23,23,0.0,7.111068760695596e-06,0.001348549446675648,0.0013227745654182921,0.08695652173913043,nan,0.08695652173913043
heldout,return,15_30,displaced_intercept,0.0001,23,23,0.00010248966202,7.742976909999931e-06,0.00135006567088722,0.001320733969590717,0.08695652173913043,0.5652173913043478,0.08695652173913043
heldout,return,15_30,displaced_intercept,0.0002,23,23,0.00020529739892000002,8.74836650043468e-06,0.00135272052549396,0.001318859739454949,0.08695652173913043,0.5652173913043478,0.08695652173913043
heldout,return,15_30,displaced_intercept,0.0005,23,23,0.0005136633022199999,1.2805524089565185e-05,0.0013548078282185998,0.0013140029145379192,0.08695652173913043,0.6086956521739131,0.08695652173913043
heldout,return,15_30,displaced_intercept,0.001,23,23,0.0010277580546199999,1.2227180752173838e-05,0.0013351537374638397,0.0013313606877832153,0.13043478260869565,0.6956521739130435,0.13043478260869565
heldout,return,15_30,displaced_intercept,0.002,23,23,0.00201133004162,3.468035771695643e-05,0.0013364911176834001,0.001324925114219899,0.391304347826087,1.0,0.391304347826087
heldout,return,15_30,displaced_intercept,0.005,23,23,0.00497597848162,8.0731113663478e-05,0.0012040212509808,0.0012636991683915581,1.0,1.0,1.0
heldout,return,15_30,displaced_intercept,0.01,23,23,0.01012157356562,0.00017862947853304332,0.0011580913941744008,0.0012093217843132168,1.0,1.0,1.0
heldout,return,15_30,primary,-0.01,23,23,-0.01001779552696,-6.839678769912988e-05,0.0015106410928308006,0.0015719724278524373,1.0,1.0,1.0
heldout,return,15_30,primary,-0.005,23,23,-0.00503250547596,3.740674747824191e-07,0.0012725725666961995,0.0015012305416702443,0.9130434782608695,1.0,0.9130434782608695
heldout,return,15_30,primary,-0.002,23,23,-0.00202587034596,3.858330859608698e-05,0.0013072028721108002,0.0014833853221627676,0.21739130434782608,0.9130434782608695,0.21739130434782608
heldout,return,15_30,primary,-0.001,23,23,-0.00101089064716,5.9255325966086996e-05,0.00130319838492984,0.0014835625092420503,0.043478260869565216,0.782608695652174,0.043478260869565216
heldout,return,15_30,primary,-0.0005,23,23,-0.00051231966466,6.11725563739131e-05,0.00131987163618198,0.0014813143669287732,0.043478260869565216,0.6521739130434783,0.043478260869565216
heldout,return,15_30,primary,-0.0002,23,23,-0.00020478263276,6.514795998782611e-05,0.0013226289635046601,0.0014789729392507996,0.043478260869565216,0.5217391304347826,0.043478260869565216
heldout,return,15_30,primary,-0.0001,23,23,-0.00010245204977,6.640623355695652e-05,0.001321916323660086,0.0014782361111578789,0.043478260869565216,0.5217391304347826,0.043478260869565216
heldout,return,15_30,primary,0.0,23,23,0.0,6.767168411217394e-05,0.001321657929653124,0.001477764869895684,0.08695652173913043,nan,0.08695652173913043
heldout,return,15_30,primary,0.0001,23,23,0.00010103094024000001,6.871014789217393e-05,0.00131913699676248,0.001477297460533421,0.08695652173913043,0.5217391304347826,0.043478260869565216
heldout,return,15_30,primary,0.0002,23,23,0.00020212891964000002,7.029412801652169e-05,0.00131323463510064,0.0014769569188804697,0.08695652173913043,0.5217391304347826,0.043478260869565216
heldout,return,15_30,primary,0.0005,23,23,0.00050911550774,7.547241545386956e-05,0.00128575264689018,0.001476935661543824,0.043478260869565216,0.6086956521739131,0.043478260869565216
heldout,return,15_30,primary,0.001,23,23,0.00102523800204,8.664590548217388e-05,0.0012290324550084,0.0014764765063934417,0.13043478260869565,0.782608695652174,0.13043478260869565
heldout,return,15_30,primary,0.002,23,23,0.00206365158904,9.665287337043473e-05,0.001217872340664,0.001475860246714956,0.21739130434782608,0.9565217391304348,0.21739130434782608
heldout,return,15_30,primary,0.005,23,23,0.00517615544104,0.00013849900403999966,0.0014123338898508002,0.0014507445579585334,0.9565217391304348,1.0,0.9565217391304348
heldout,return,15_30,primary,0.01,23,23,0.010237774505040001,0.00023837930617043516,0.0016250481353526011,0.0014053498305879072,1.0,1.0,1.0
heldout,return,15_30,reference_split,-0.01,23,23,-0.01019973940621,-0.0001482118991230438,0.0018216198201936012,0.0016833688912072005,1.0,1.0,1.0
heldout,return,15_30,reference_split,-0.005,23,23,-0.00513742055721,-9.924857325347795e-05,0.0015841667020452003,0.001617700661010386,0.9130434782608695,1.0,0.9130434782608695
heldout,return,15_30,reference_split,-0.002,23,23,-0.00206535467121,-5.87575625621739e-05,0.0014654671173953996,0.0015879962984308759,0.21739130434782608,0.9130434782608695,0.21739130434782608
heldout,return,15_30,reference_split,-0.001,23,23,-0.0010300187012100002,-4.609729759608699e-05,0.001433484987355932,0.0015797965409388363,0.13043478260869565,0.7391304347826086,0.13043478260869565
heldout,return,15_30,reference_split,-0.0005,23,23,-0.00051455776581,-4.392118870739132e-05,0.00143951219310024,0.0015760051312754837,0.043478260869565216,0.5652173913043478,0.043478260869565216
heldout,return,15_30,reference_split,-0.0002,23,23,-0.00020502734041,-4.2297205127391315e-05,0.00144596133319428,0.0015721815941061239,0.043478260869565216,0.5652173913043478,0.043478260869565216
heldout,return,15_30,reference_split,-0.0001,23,23,-0.00010253928977,-4.136349912086955e-05,0.001446635893421544,0.0015708893139335268,0.043478260869565216,0.5652173913043478,0.043478260869565216
heldout,return,15_30,reference_split,0.0,23,23,0.0,-4.067834264434782e-05,0.001450553360685366,0.001569466814603135,0.08695652173913043,nan,0.08695652173913043
heldout,return,15_30,reference_split,0.0001,23,23,0.00010257274978999999,-4.036762078956522e-05,0.0014559502311967199,0.0015683325295152819,0.08695652173913043,0.5652173913043478,0.043478260869565216
heldout,return,15_30,reference_split,0.0002,23,23,0.00020581394268999998,-3.996956750695663e-05,0.0014591149684003199,0.0015669914485653628,0.08695652173913043,0.6086956521739131,0.043478260869565216
heldout,return,15_30,reference_split,0.0005,23,23,0.0005148724388900001,-3.864963127913049e-05,0.0014660228633336999,0.0015620728421038182,0.08695652173913043,0.6521739130434783,0.043478260869565216
heldout,return,15_30,reference_split,0.001,23,23,0.0010270991667899998,-3.6328895744347844e-05,0.0014709189848203198,0.0015535411197989126,0.08695652173913043,0.782608695652174,0.08695652173913043
heldout,return,15_30,reference_split,0.002,23,23,0.00204868452179,-3.8794594512913035e-05,0.0014586593962584,0.0015448887373513413,0.21739130434782608,0.8695652173913043,0.21739130434782608
heldout,return,15_30,reference_split,0.005,23,23,0.00513618544779,7.362344137826234e-06,0.0012110137352124004,0.001506862631206643,0.9565217391304348,1.0,0.9565217391304348
heldout,return,15_30,reference_split,0.01,23,23,0.010224403983789999,0.00013589478535521677,0.0011725443512580005,0.0014602736286124186,1.0,1.0,1.0
heldout,return,15_30,slowness_offset_m,-0.01,23,23,-0.0109650355858,-0.0017683143009739127,0.002594853918174,0.002760827642629492,1.0,1.0,1.0
heldout,return,15_30,slowness_offset_m,-0.005,23,23,-0.0054429960158,-0.0011186950808434782,0.002283979669633199,0.0024064650041838577,0.782608695652174,1.0,0.782608695652174
heldout,return,15_30,slowness_offset_m,-0.002,23,23,-0.0021691859368,-0.0007770808106391302,0.0022841907992862,0.0022357718313808787,0.34782608695652173,0.9130434782608695,0.34782608695652173
heldout,return,15_30,slowness_offset_m,-0.001,23,23,-0.0010569351113,-0.0006731971634542174,0.0022981295884659,0.0022116302795652325,0.13043478260869565,0.7391304347826086,0.13043478260869565
heldout,return,15_30,slowness_offset_m,-0.0005,23,23,-0.0005433098858,-0.0006451404968565218,0.0022721848171637997,0.002199378122613659,0.08695652173913043,0.6086956521739131,0.08695652173913043
heldout,return,15_30,slowness_offset_m,-0.0002,23,23,-0.00021656415420000003,-0.0006155751705652173,0.00226925452705644,0.0021929026367287674,0.08695652173913043,0.5652173913043478,0.08695652173913043
heldout,return,15_30,slowness_offset_m,-0.0001,23,23,-0.00011042284870000003,-0.0006061272876608697,0.0022813392641495398,0.0021910119118741314,0.08695652173913043,0.5652173913043478,0.08695652173913043
heldout,return,15_30,slowness_offset_m,0.0,23,23,0.0,-0.000597040127773913,0.0022875058946653197,0.0021892562723963135,0.08695652173913043,nan,0.08695652173913043
heldout,return,15_30,slowness_offset_m,0.0001,23,23,0.00011580804979999997,-0.0005868610683304348,0.0022849296951020395,0.002188033658514754,0.043478260869565216,0.5217391304347826,0.0
heldout,return,15_30,slowness_offset_m,0.0002,23,23,0.00023051533969999994,-0.0005768226803173912,0.0022826981613429,0.002187403060784358,0.043478260869565216,0.5217391304347826,0.0
heldout,return,15_30,slowness_offset_m,0.0005,23,23,0.0005485711441999999,-0.0005483117053656521,0.0023163113327340007,0.002183182273183986,0.043478260869565216,0.5217391304347826,0.0
heldout,return,15_30,slowness_offset_m,0.001,23,23,0.0010741712022,-0.000494979752178261,0.0023727736288662,0.0021766586368689965,0.08695652173913043,0.5217391304347826,0.043478260869565216
heldout,return,15_30,slowness_offset_m,0.002,23,23,0.0021048457422000004,-0.00039020330992608696,0.0025005976216914,0.0021639495426145523,0.08695652173913043,0.6956521739130435,0.08695652173913043
heldout,return,15_30,slowness_offset_m,0.005,23,23,0.0053978808862,-5.324517810869559e-05,0.0024900433659066,0.00211983877174366,0.6521739130434783,1.0,0.6521739130434783
heldout,return,15_30,slowness_offset_m,0.01,23,23,0.0109407668542,0.0006115158607652174,0.002550428505995999,0.0021782575060323673,1.0,1.0,1.0
heldout,return,15_30,slowness_offset_p,-0.01,23,23,-0.0094753951154,0.0005697360748173916,0.0011249867241899987,0.0011300933937099604,1.0,1.0,1.0
heldout,return,15_30,slowness_offset_p,-0.005,23,23,-0.0046990426094,0.00029801484220869594,0.0010999435582716,0.0009869901743479149,1.0,1.0,1.0
heldout,return,15_30,slowness_offset_p,-0.002,23,23,-0.0018821067394000001,0.00012804743346869578,0.001115954103780599,0.0009158240277753999,0.6086956521739131,1.0,0.6086956521739131
heldout,return,15_30,slowness_offset_p,-0.001,23,23,-0.0009431023799,7.57999760433913e-05,0.0011247380721548998,0.000921254910798618,0.30434782608695654,0.8695652173913043,0.30434782608695654
heldout,return,15_30,slowness_offset_p,-0.0005,23,23,-0.000471742828,4.69526053952174e-05,0.00113438423677404,0.000920514077242675,0.043478260869565216,0.6956521739130435,0.043478260869565216
heldout,return,15_30,slowness_offset_p,-0.0002,23,23,-0.00018960792048999998,2.870309103652176e-05,0.0011387197889946058,0.0009187654853021216,0.08695652173913043,0.6086956521739131,0.043478260869565216
heldout,return,15_30,slowness_offset_p,-0.0001,23,23,-9.496223972e-05,2.314638136478261e-05,0.001140081117310968,0.0009178972826110631,0.08695652173913043,0.5652173913043478,0.043478260869565216
heldout,return,15_30,slowness_offset_p,0.0,23,23,0.0,1.7677058185434786e-05,0.0011420277441573,0.0009173230077025111,0.08695652173913043,nan,0.08695652173913043
heldout,return,15_30,slowness_offset_p,0.0001,23,23,9.454621409999999e-05,1.2262041609130416e-05,0.00114484540307004,0.0009161078778420086,0.08695652173913043,0.5217391304347826,0.08695652173913043
heldout,return,15_30,slowness_offset_p,0.0002,23,23,0.0001890467985,6.925933368304314e-06,0.0011473752424726198,0.0009160714169564065,0.08695652173913043,0.5652173913043478,0.08695652173913043
heldout,return,15_30,slowness_offset_p,0.0005,23,23,0.00047336130649999996,-9.06105036652172e-06,0.0011508947191543198,0.0009168079262049845,0.13043478260869565,0.6521739130434783,0.13043478260869565
heldout,return,15_30,slowness_offset_p,0.001,23,23,0.0009488114005999999,-2.17233605152174e-05,0.0009856856630858998,0.000902314488229074,0.21739130434782608,0.8695652173913043,0.21739130434782608
heldout,return,15_30,slowness_offset_p,0.002,23,23,0.0018835738826000002,-9.080984482608693e-05,0.0009835969547082003,0.0009078933320832259,0.5652173913043478,1.0,0.5652173913043478
heldout,return,15_30,slowness_offset_p,0.005,23,23,0.0047277449356,-0.00023696076831304346,0.0009127607211071997,0.0009082332181751198,1.0,1.0,1.0
heldout,return,15_30,slowness_offset_p,0.01,23,23,0.0094287245316,-0.0004952397618347826,0.0007852262163101989,0.0010190739768377462,1.0,1.0,1.0
heldout,return,3_15,aperture_200m,-0.01,23,23,-0.01009768814309,-7.720374061173893e-05,0.0010428428412359997,0.0009605051874667987,1.0,1.0,1.0
heldout,return,3_15,aperture_200m,-0.005,23,23,-0.00508050572309,-9.037563108999987e-05,0.0007412803110719995,0.0009388987863255324,1.0,1.0,1.0
heldout,return,3_15,aperture_200m,-0.002,23,23,-0.00200529166409,-7.547366640739125e-05,0.0007367181818555993,0.00094793869521129,0.6956521739130435,1.0,0.6956521739130435
heldout,return,3_15,aperture_200m,-0.001,23,23,-0.00100938446779,-6.873801888869561e-05,0.00068692230514698,0.0009393416753191753,0.2608695652173913,0.782608695652174,0.2608695652173913
heldout,return,3_15,aperture_200m,-0.0005,23,23,-0.00051191232669,-5.852798078478259e-05,0.0006758517721632599,0.0009369168408182386,0.08695652173913043,0.782608695652174,0.08695652173913043
heldout,return,3_15,aperture_200m,-0.0002,23,23,-0.00020528730469000002,-5.776295201086954e-05,0.0006792602354634599,0.0009353935098092572,0.08695652173913043,0.6956521739130435,0.08695652173913043
heldout,return,3_15,aperture_200m,-0.0001,23,23,-0.00010271118973000001,-5.657907747869568e-05,0.0006819469177263959,0.0009351185518972814,0.08695652173913043,0.5217391304347826,0.08695652173913043
heldout,return,3_15,aperture_200m,0.0,23,23,0.0,-5.4740269064347775e-05,0.000684998903540994,0.0009339946038868188,0.08695652173913043,nan,0.08695652173913043
heldout,return,3_15,aperture_200m,0.0001,23,23,0.00010161736370999998,-5.2899483394826123e-05,0.0006853128838395,0.0009337757380087175,0.043478260869565216,0.5217391304347826,0.043478260869565216
heldout,return,3_15,aperture_200m,0.0002,23,23,0.00020782604571,-5.111223553130436e-05,0.0006919376424996,0.0009333908915341729,0.08695652173913043,0.5652173913043478,0.08695652173913043
heldout,return,3_15,aperture_200m,0.0005,23,23,0.0005704602190100001,-4.2375207046521726e-05,0.0007775715585888601,0.0009311980731890526,0.08695652173913043,0.7391304347826086,0.08695652173913043
heldout,return,3_15,aperture_200m,0.001,23,23,0.00107893637091,-4.052617169217396e-05,0.0007894006377688198,0.0009322704568588968,0.21739130434782608,0.8260869565217391,0.21739130434782608
heldout,return,3_15,aperture_200m,0.002,23,23,0.00204014620991,-3.1364845968260856e-05,0.0006944056496243999,0.0009285148190956656,0.5652173913043478,1.0,0.5652173913043478
heldout,return,3_15,aperture_200m,0.005,23,23,0.00509750009791,-1.8337851437826162e-05,0.0007153822038636002,0.0009167935253492348,1.0,1.0,1.0
heldout,return,3_15,aperture_200m,0.01,23,23,0.01000874253691,-2.092473839434792e-05,0.000831316548257999,0.0009324916341719234,1.0,1.0,1.0
heldout,return,3_15,aperture_800m,-0.01,23,23,-0.0110527266118,-0.0010213420030608694,0.0017530331948765999,0.0020676527598526982,1.0,1.0,1.0
heldout,return,3_15,aperture_800m,-0.005,23,23,-0.0056610109858,-0.0006374814755391303,0.0017795791715982004,0.0018589569212773516,0.9130434782608695,1.0,0.9130434782608695
heldout,return,3_15,aperture_800m,-0.002,23,23,-0.0022894664598,-0.00038549545377082606,0.0016853967523323,0.0017726468953023573,0.30434782608695654,0.9565217391304348,0.30434782608695654
heldout,return,3_15,aperture_800m,-0.001,23,23,-0.0011290396956,-0.00029584449919217384,0.00150210115493088,0.0017560842335116351,0.13043478260869565,0.8260869565217391,0.13043478260869565
heldout,return,3_15,aperture_800m,-0.0005,23,23,-0.0005665023713,-0.000249859430206087,0.0014925447967310999,0.0017523251685606835,0.13043478260869565,0.6521739130434783,0.08695652173913043
heldout,return,3_15,aperture_800m,-0.0002,23,23,-0.000225912575297,-0.00022376388714899997,0.001536055779781148,0.0017521471461023745,0.13043478260869565,0.5652173913043478,0.08695652173913043
heldout,return,3_15,aperture_800m,-0.0001,23,23,-0.00011269861109999999,-0.00021437005371304348,0.0015494932626074999,0.0017515514011266092,0.08695652173913043,0.5652173913043478,0.043478260869565216
heldout,return,3_15,aperture_800m,0.0,23,23,0.0,-0.00020476155520434777,0.00156256829228892,0.0017511915028263097,0.08695652173913043,nan,0.08695652173913043
heldout,return,3_15,aperture_800m,0.0001,23,23,0.0001127466204,-0.00019553609704782608,0.00157986443584032,0.001750472067159392,0.043478260869565216,0.5652173913043478,0.043478260869565216
heldout,return,3_15,aperture_800m,0.0002,23,23,0.0002256491969,-0.00018465857098173916,0.0015990386491535398,0.0017484905489926642,0.043478260869565216,0.5652173913043478,0.043478260869565216
heldout,return,3_15,aperture_800m,0.0005,23,23,0.0005579710868,-0.0001519665507347827,0.0016391560718458798,0.0017452168703829764,0.043478260869565216,0.6086956521739131,0.043478260869565216
heldout,return,3_15,aperture_800m,0.001,23,23,0.0010861212942,-0.00010908439092260875,0.0016477359957643202,0.0017449484256263589,0.043478260869565216,0.6521739130434783,0.043478260869565216
heldout,return,3_15,aperture_800m,0.002,23,23,0.0021784985302,-2.581667907739134e-05,0.0016628405078081996,0.001721641810615471,0.17391304347826086,0.8695652173913043,0.17391304347826086
heldout,return,3_15,aperture_800m,0.005,23,23,0.0053844682682,0.00023880020063478245,0.0013945920530177992,0.001752552381938338,0.8260869565217391,1.0,0.8260869565217391
heldout,return,3_15,aperture_800m,0.01,23,23,0.0109516857082,0.0007248228274173912,0.0013557854828279983,0.0018653419772625259,1.0,1.0,1.0
heldout,return,3_15,displaced_intercept,-0.01,23,23,-0.0098454361402,0.0004640605170173907,0.0014388794010360012,0.0014065240677082057,1.0,1.0,1.0
heldout,return,3_15,displaced_intercept,-0.005,23,23,-0.0050203217712,0.0004498695305391307,0.0012667315393067996,0.001349045285835965,0.9565217391304348,1.0,0.9565217391304348
heldout,return,3_15,displaced_intercept,-0.002,23,23,-0.0019952594511999998,0.00043256951875060876,0.0013096735049201997,0.0013003130325602839,0.30434782608695654,0.8260869565217391,0.30434782608695654
heldout,return,3_15,displaced_intercept,-0.001,23,23,-0.0009860297391999999,0.000401686136658261,0.0013272766159090196,0.0012786311637577807,0.08695652173913043,0.6956521739130435,0.08695652173913043
heldout,return,3_15,displaced_intercept,-0.0005,23,23,-0.0004668458301,0.0003783187127417392,0.00129111322737138,0.0012647375358987526,0.043478260869565216,0.5217391304347826,0.043478260869565216
heldout,return,3_15,displaced_intercept,-0.0002,23,23,-0.0001859521037,0.0003666249868304347,0.0013032216114896998,0.0012507977389275698,0.043478260869565216,0.5217391304347826,0.0
heldout,return,3_15,displaced_intercept,-0.0001,23,23,-9.190616129999999e-05,0.0003645461332565217,0.00129565249430274,0.001245997739431811,0.043478260869565216,0.5217391304347826,0.0
heldout,return,3_15,displaced_intercept,0.0,23,23,0.0,0.00036365023367826085,0.0012844434546031198,0.001243139800570343,0.08695652173913043,nan,0.08695652173913043
heldout,return,3_15,displaced_intercept,0.0001,23,23,9.050409293e-05,0.0003612080419143478,0.0012794916215600818,0.0012398401143507655,0.08695652173913043,0.5217391304347826,0.08695652173913043
heldout,return,3_15,displaced_intercept,0.0002,23,23,0.00017885180204,0.0003578453096008696,0.0013029401617628761,0.0012381702350948006,0.13043478260869565,0.6521739130434783,0.13043478260869565
heldout,return,3_15,displaced_intercept,0.0005,23,23,0.0004566090964,0.0003549973322878261,0.0013289331259268404,0.001233600394881211,0.17391304347826086,0.7391304347826086,0.17391304347826086
heldout,return,3_15,displaced_intercept,0.001,23,23,0.0009203402462,0.00033401617772,0.00136195189139856,0.0012336194156134244,0.21739130434782608,0.8695652173913043,0.21739130434782608
heldout,return,3_15,displaced_intercept,0.002,23,23,0.0018919679498,0.0002817062347330435,0.0013879462807266003,0.001243564258206392,0.4782608695652174,1.0,0.4782608695652174
heldout,return,3_15,displaced_intercept,0.005,23,23,0.0050143987618000005,0.00025210491101739126,0.001416032229620399,0.0011925417926717877,1.0,1.0,1.0
heldout,return,3_15,displaced_intercept,0.01,23,23,0.0100186436178,0.0002502569231043468,0.0011315347872108005,0.0010861280785533524,1.0,1.0,1.0
heldout,return,3_15,primary,-0.01,23,23,-0.010179834183670002,4.8437092547390586e-05,0.0016828009636199993,0.0013350920865693762,1.0,1.0,1.0
heldout,return,3_15,primary,-0.005,23,23,-0.00507788214367,8.048854589521756e-05,0.0015158248599185995,0.0012862881969828818,0.9565217391304348,1.0,0.9565217391304348
heldout,return,3_15,primary,-0.002,23,23,-0.00205121122067,8.739410738260877e-05,0.0014171541278663999,0.0012612414058551717,0.5217391304347826,0.9565217391304348,0.5217391304347826
heldout,return,3_15,primary,-0.001,23,23,-0.0009908260476699999,9.523030090956531e-05,0.0014070994091401378,0.0012493951514101534,0.2608695652173913,0.7391304347826086,0.21739130434782608
heldout,return,3_15,primary,-0.0005,23,23,-0.00049575475677,9.846218861260873e-05,0.0014278205837057396,0.0012448136726288589,0.08695652173913043,0.6521739130434783,0.043478260869565216
heldout,return,3_15,primary,-0.0002,23,23,-0.00019875052787,9.829733059826094e-05,0.0014062337199934798,0.0012427215254233034,0.08695652173913043,0.5217391304347826,0.043478260869565216
heldout,return,3_15,primary,-0.0001,23,23,-9.935595536999999e-05,9.938680779086955e-05,0.0013997719969249798,0.001242004920006031,0.08695652173913043,0.5217391304347826,0.043478260869565216
heldout,return,3_15,primary,0.0,23,23,0.0,0.00010107356009826089,0.001393820111782602,0.0012411520041141788,0.08695652173913043,nan,0.08695652173913043
heldout,return,3_15,primary,0.0001,23,23,9.861777139000001e-05,0.00010253940833695652,0.001387260433762056,0.0012403976032271328,0.08695652173913043,0.5217391304347826,0.08695652173913043
heldout,return,3_15,primary,0.0002,23,23,0.00019735993653000001,9.736039863869564e-05,0.00137958090933978,0.001243514627494331,0.08695652173913043,0.5217391304347826,0.08695652173913043
heldout,return,3_15,primary,0.0005,23,23,0.00049460919063,0.00010462142138956521,0.0013585820874864,0.001239970517745104,0.13043478260869565,0.5652173913043478,0.13043478260869565
heldout,return,3_15,primary,0.001,23,23,0.00098911752713,0.00011335628646695654,0.0013306943862307198,0.0012364194255096129,0.30434782608695654,0.8260869565217391,0.30434782608695654
heldout,return,3_15,primary,0.002,23,23,0.00197601890733,0.00011432057967717393,0.0013796410490814,0.001224501312655748,0.5217391304347826,1.0,0.5217391304347826
heldout,return,3_15,primary,0.005,23,23,0.00496434469933,0.00014508123276478258,0.0012328569358686001,0.0012125853147324746,1.0,1.0,1.0
heldout,return,3_15,primary,0.01,23,23,0.00994342886133,0.0001917677557647816,0.001194495156057001,0.0011979866882068126,1.0,1.0,1.0
heldout,return,3_15,reference_split,-0.01,23,23,-0.0100806961457,-3.512325813478262e-05,0.0015918567910896,0.001296510700796342,1.0,1.0,1.0
heldout,return,3_15,reference_split,-0.005,23,23,-0.0050569904487,-4.1416428221739126e-05,0.0015749209801248004,0.0012543049816591417,0.9565217391304348,1.0,0.9565217391304348
heldout,return,3_15,reference_split,-0.002,23,23,-0.0019628931797,-7.563778208695687e-06,0.0015497991376652398,0.0012592532427409219,0.4782608695652174,0.9565217391304348,0.4782608695652174
heldout,return,3_15,reference_split,-0.001,23,23,-0.0009759631656,-1.3284647286956855e-06,0.0015774882437613598,0.0012422063656090231,0.08695652173913043,0.782608695652174,0.08695652173913043
heldout,return,3_15,reference_split,-0.0005,23,23,-0.0004883766688,1.5404246217391412e-06,0.0014968335665316598,0.001235469424640382,0.08695652173913043,0.5652173913043478,0.043478260869565216
heldout,return,3_15,reference_split,-0.0002,23,23,-0.00019525562331,4.499159346087032e-06,0.001502813159629614,0.001233835748592166,0.08695652173913043,0.5652173913043478,0.043478260869565216
heldout,return,3_15,reference_split,-0.0001,23,23,-9.756027988e-05,5.76782710391306e-06,0.001489920988242792,0.0012333850483537564,0.08695652173913043,0.5652173913043478,0.043478260869565216
heldout,return,3_15,reference_split,0.0,23,23,0.0,7.020774091304355e-06,0.0014773542989280598,0.0012331523178350787,0.08695652173913043,nan,0.08695652173913043
heldout,return,3_15,reference_split,0.0001,23,23,9.70517229e-05,8.066661443478235e-06,0.00148497616657824,0.0012330374358283658,0.043478260869565216,0.5217391304347826,0.043478260869565216
heldout,return,3_15,reference_split,0.0002,23,23,0.00019450456570000002,9.372302386956474e-06,0.00149228497715976,0.001232839677348828,0.043478260869565216,0.5217391304347826,0.043478260869565216
heldout,return,3_15,reference_split,0.0005,23,23,0.00048634932160000006,1.3394918541304334e-05,0.0015109678529782195,0.0012320918530148847,0.043478260869565216,0.5652173913043478,0.043478260869565216
heldout,return,3_15,reference_split,0.001,23,23,0.0009728365323,1.7958782522608675e-05,0.00146357283881256,0.0012306634160029802,0.13043478260869565,0.7391304347826086,0.13043478260869565
heldout,return,3_15,reference_split,0.002,23,23,0.0019448482872999999,3.613363969999988e-05,0.0014295640858716,0.0012240712930873998,0.43478260869565216,0.9565217391304348,0.43478260869565216
heldout,return,3_15,reference_split,0.005,23,23,0.0048720508263,4.983684582173883e-05,0.0013539359141238004,0.001199317630603049,1.0,1.0,1.0
heldout,return,3_15,reference_split,0.01,23,23,0.0099136587383,7.907764660434745e-05,0.001296689395239,0.0011734991949672647,1.0,1.0,1.0
heldout,return,3_15,slowness_offset_m,-0.01,23,23,-0.0109179885479,-6.130608833478207e-05,0.0016717320944100004,0.002250888416873323,0.9130434782608695,1.0,0.9130434782608695
heldout,return,3_15,slowness_offset_m,-0.005,23,23,-0.005453135886899999,0.00034254333489260893,0.0017542494324432017,0.0022237055297628576,0.5652173913043478,0.9130434782608695,0.5652173913043478
heldout,return,3_15,slowness_offset_m,-0.002,23,23,-0.0021657369399,0.0005820952007173914,0.0017505228951042002,0.0022601092591330693,0.0,0.782608695652174,0.0
heldout,return,3_15,slowness_offset_m,-0.001,23,23,-0.0010878117969,0.0006526456343434782,0.0017391743245086001,0.0022821296065462775,0.0,0.6956521739130435,0.0
heldout,return,3_15,slowness_offset_m,-0.0005,23,23,-0.0005446506769000001,0.0006937238353724304,0.0017237551629353995,0.0022861923651442953,0.043478260869565216,0.5652173913043478,0.0
heldout,return,3_15,slowness_offset_m,-0.0002,23,23,-0.000218775392,0.0007132613443434783,0.00172091146037454,0.002287572937792556,0.08695652173913043,0.5652173913043478,0.0
heldout,return,3_15,slowness_offset_m,-0.0001,23,23,-0.00010905419990000001,0.0007215536658826088,0.0017215342800263997,0.00228991324212817,0.08695652173913043,0.5652173913043478,0.0
heldout,return,3_15,slowness_offset_m,0.0,23,23,0.0,0.0007312819553826089,0.0017219308798259397,0.0022937069491961062,0.08695652173913043,nan,0.08695652173913043
heldout,return,3_15,slowness_offset_m,0.0001,23,23,0.00010864609240000003,0.0007408903352956519,0.0017248737939757797,0.002296204004108879,0.08695652173913043,0.5217391304347826,0.08695652173913043
heldout,return,3_15,slowness_offset_m,0.0002,23,23,0.00021785659220000003,0.0007509606179347827,0.0017265486127692599,0.0022966870762557764,0.08695652173913043,0.5217391304347826,0.08695652173913043
heldout,return,3_15,slowness_offset_m,0.0005,23,23,0.00055616683517,0.0007825063230465216,0.0017369783182487818,0.0023051453525872677,0.08695652173913043,0.6956521739130435,0.08695652173913043
heldout,return,3_15,slowness_offset_m,0.001,23,23,0.0011466802806,0.0008361565516191304,0.0018002121586398597,0.0023089711579566776,0.08695652173913043,0.782608695652174,0.08695652173913043
heldout,return,3_15,slowness_offset_m,0.002,23,23,0.0022094045521,0.0009322074289930435,0.0017103163198191002,0.0023305763967272665,0.17391304347826086,0.9565217391304348,0.17391304347826086
heldout,return,3_15,slowness_offset_m,0.005,23,23,0.0054183352241000005,0.0011695486080130434,0.001546236862917601,0.0024181139492904903,0.5652173913043478,1.0,0.5652173913043478
heldout,return,3_15,slowness_offset_m,0.01,23,23,0.0107648852121,0.0015578319923173914,0.0014845564982639994,0.002576473822270513,1.0,1.0,1.0
heldout,return,3_15,slowness_offset_p,-0.01,23,23,-0.009400384660800001,0.0006582662229826086,0.0010811038116605998,0.0011597875152860044,1.0,1.0,1.0
heldout,return,3_15,slowness_offset_p,-0.005,23,23,-0.0047134612438000005,0.0003108624205913043,0.001027147416426599,0.0009599546905941813,1.0,1.0,1.0
heldout,return,3_15,slowness_offset_p,-0.002,23,23,-0.0018809660708000002,0.00010105894152217397,0.0010434176200517992,0.0009005492623496072,0.7391304347826086,1.0,0.7391304347826086
heldout,return,3_15,slowness_offset_p,-0.001,23,23,-0.0009458017098,1.1841309565217285e-06,0.0010129647195318001,0.0009118804825721897,0.2608695652173913,0.8260869565217391,0.2608695652173913
heldout,return,3_15,slowness_offset_p,-0.0005,23,23,-0.00047308809550000003,-3.411433615508693e-05,0.00099961344218148,0.0008942429497102432,0.08695652173913043,0.7391304347826086,0.08695652173913043
heldout,return,3_15,slowness_offset_p,-0.0002,23,23,-0.00019101133756000002,-6.188642528217392e-05,0.000996214107308784,0.000895797371329391,0.043478260869565216,0.6956521739130435,0.043478260869565216
heldout,return,3_15,slowness_offset_p,-0.0001,23,23,-9.675328030000002e-05,-7.24983276478261e-05,0.0009939623862604801,0.0008963653004775197,0.043478260869565216,0.6086956521739131,0.043478260869565216
heldout,return,3_15,slowness_offset_p,0.0,23,23,0.0,-8.364121968260874e-05,0.00099145085014794,0.0008977871280981797,0.08695652173913043,nan,0.08695652173913043
heldout,return,3_15,slowness_offset_p,0.0001,23,23,9.210328739999997e-05,-9.555608242608701e-05,0.00098234403272502,0.0008986887928554893,0.043478260869565216,0.5217391304347826,0.043478260869565216
heldout,return,3_15,slowness_offset_p,0.0002,23,23,0.0001782854553,-0.00010654657688173918,0.0010268699441301,0.0009002487686263248,0.08695652173913043,0.5652173913043478,0.08695652173913043
heldout,return,3_15,slowness_offset_p,0.0005,23,23,0.00042072254389999996,-0.00013656905770826095,0.00110142260396049,0.0009025508546302613,0.13043478260869565,0.5652173913043478,0.13043478260869565
heldout,return,3_15,slowness_offset_p,0.001,23,23,0.0008246048732,-0.00018976070856956522,0.0011420049180477,0.000915308671985292,0.21739130434782608,0.782608695652174,0.21739130434782608
heldout,return,3_15,slowness_offset_p,0.002,23,23,0.0017259117472000001,-0.00029501782241739136,0.0010474822213254003,0.0009651987832413073,0.5217391304347826,1.0,0.5217391304347826
heldout,return,3_15,slowness_offset_p,0.005,23,23,0.0044836626631999995,-0.0005018177523217394,0.0008283336712181992,0.0010233174265126231,1.0,1.0,1.0
heldout,return,3_15,slowness_offset_p,0.01,23,23,0.0090727184502,-0.0007904629064521743,0.0007765327584419994,0.0011547197614685729,1.0,1.0,1.0
heldout,return,60_120,aperture_200m,-0.01,23,21,-0.0040161211185,0.006051452742828572,0.004919489086218,0.007208623524191347,0.14285714285714285,0.8095238095238095,0.14285714285714285
heldout,return,60_120,aperture_200m,-0.005,23,22,-0.00197775484865,0.00379849334779091,0.0032002496187272097,0.0060906850722976915,0.09090909090909091,0.7272727272727273,0.045454545454545456
heldout,return,60_120,aperture_200m,-0.002,23,21,-0.0024825261597,-0.0016331620190571427,0.0052714461908404805,0.005755031465641526,0.19047619047619047,0.7619047619047619,0.19047619047619047
heldout,return,60_120,aperture_200m,-0.001,23,22,-0.0018165865561499998,-0.0016457087554563633,0.0047990516371370995,0.004853759862277705,0.13636363636363635,0.6363636363636364,0.13636363636363635
heldout,return,60_120,aperture_200m,-0.0005,23,22,-0.00039791139049999967,-0.0011435769858727269,0.004176373227983039,0.004016151697876603,0.045454545454545456,0.5,0.045454545454545456
heldout,return,60_120,aperture_200m,-0.0002,23,22,-7.485399899999985e-05,-0.0015904888796136364,0.004365967885586999,0.004395474309287304,0.09090909090909091,0.5,0.09090909090909091
heldout,return,60_120,aperture_200m,-0.0001,23,22,-0.00013763276299999972,-0.0016605850406772723,0.00424322475028557,0.004253258748502092,0.09090909090909091,0.5,0.09090909090909091
heldout,return,60_120,aperture_200m,0.0,23,22,2.168404344971009e-19,-0.00193647782055,0.00511054917746373,0.0047340504228312085,0.09090909090909091,nan,0.09090909090909091
heldout,return,60_120,aperture_200m,0.0001,23,22,2.059260550000045e-05,-0.0015916126429954545,0.00428128515621303,0.004371209966559053,0.09090909090909091,0.5,0.0
heldout,return,60_120,aperture_200m,0.0002,23,21,-0.00010188675549999962,-0.0018450811289571424,0.0038701128359795996,0.004474760248375107,0.09523809523809523,0.47619047619047616,0.0
heldout,return,60_120,aperture_200m,0.0005,23,22,-0.0008724093891499998,-0.0022645754637499993,0.007086114306012,0.005344755145704073,0.09090909090909091,0.5,0.0
heldout,return,60_120,aperture_200m,0.001,23,21,-0.0013954012174999997,-0.0023987789591619047,0.005954971340329199,0.00506061561723528,0.09523809523809523,0.42857142857142855,0.0
heldout,return,60_120,aperture_200m,0.002,23,21,0.00012085039350000042,-0.002583496821595238,0.0016449284403257996,0.004515116216627044,0.09523809523809523,0.5714285714285714,0.0
heldout,return,60_120,aperture_200m,0.005,23,21,6.209462050000029e-05,-0.007152836552614286,0.005838277440681001,0.009071298418826465,0.14285714285714285,0.5238095238095238,0.0
heldout,return,60_120,aperture_200m,0.01,23,23,-0.0020968263547999997,-0.012177736016848694,0.0033782197052902195,0.012710445249503556,0.043478260869565216,0.2608695652173913,0.0
heldout,return,60_120,aperture_800m,-0.01,23,20,0.000333335902,0.008369475924544999,0.008654918823543299,0.011927392212279031,0.2,0.5,0.2
heldout,return,60_120,aperture_800m,-0.005,23,13,-0.006241440208,-0.0009609787189999994,0.0109246665331902,0.007576931009725911,0.3076923076923077,0.6153846153846154,0.3076923076923077
heldout,return,60_120,aperture_800m,-0.002,23,14,-0.0068428945655,-0.003829109060571428,0.008704695199317599,0.007883130033697573,0.21428571428571427,0.7142857142857143,0.21428571428571427
heldout,return,60_120,aperture_800m,-0.001,23,15,-0.007710956546,-0.005784120594619999,0.0045396483391056,0.009257981609038925,0.2,0.8,0.2
heldout,return,60_120,aperture_800m,-0.0005,23,17,-0.0029082514079,-0.0020596599802,0.00964004466709914,0.0071158034604855295,0.11764705882352941,0.5294117647058824,0.11764705882352941
heldout,return,60_120,aperture_800m,-0.0002,23,17,-0.0038869764981,-0.0023666743573588236,0.008818123045177737,0.007303323236733212,0.058823529411764705,0.5882352941176471,0.058823529411764705
heldout,return,60_120,aperture_800m,-0.0001,23,19,-6.498011200000006e-05,-0.0018159516851842105,0.0080239086821586,0.006905004803114882,0.05263157894736842,0.5263157894736842,0.05263157894736842
heldout,return,60_120,aperture_800m,0.0,23,19,0.0,-0.0022379473945094734,0.0054761041250531274,0.006151598755523649,0.05263157894736842,nan,0.05263157894736842
heldout,return,60_120,aperture_800m,0.0001,23,19,0.00013131831100000012,-0.0022804157380421053,0.005472191907957599,0.006196088326580997,0.05263157894736842,0.5263157894736842,0.0
heldout,return,60_120,aperture_800m,0.0002,23,18,-0.0009127073114999999,-0.0023003224426177775,0.0045518218001124955,0.0062741555434273275,0.05555555555555555,0.5,0.0
heldout,return,60_120,aperture_800m,0.0005,23,19,-0.0031080163702,-0.003521782412589474,0.00795801166344408,0.007471026131198415,0.10526315789473684,0.42105263157894735,0.0
heldout,return,60_120,aperture_800m,0.001,23,17,-0.0015431872869999998,-0.0038901171873,0.00527045634066,0.007091881044462862,0.11764705882352941,0.29411764705882354,0.0
heldout,return,60_120,aperture_800m,0.002,23,17,-0.007431901082,-0.010320854637241177,0.0092152867562238,0.012629654159789843,0.4117647058823529,0.11764705882352941,0.0
heldout,return,60_120,aperture_800m,0.005,23,17,-0.005107435638,-0.01156262007652353,0.007559061356090999,0.013510889358477213,0.29411764705882354,0.17647058823529413,0.0
heldout,return,60_120,aperture_800m,0.01,23,17,-0.0048523899609999996,-0.014950955663805884,0.0056380572892518,0.017095215854201616,0.29411764705882354,0.11764705882352941,0.058823529411764705
heldout,return,60_120,displaced_intercept,-0.01,23,22,0.00129471071095,0.01088993795328,0.006499777655741369,0.011988609156761336,0.0,0.36363636363636365,0.0
heldout,return,60_120,displaced_intercept,-0.005,23,20,0.0015243300472,0.00646604966413,0.00569572573504368,0.008624994145914224,0.0,0.4,0.0
heldout,return,60_120,displaced_intercept,-0.002,23,19,0.0017936290365,0.002814759875684211,0.0055078175272302,0.006157422074316058,0.0,0.47368421052631576,0.0
heldout,return,60_120,displaced_intercept,-0.001,23,22,0.00183918226635,0.0024314546509953184,0.0034733574368283,0.005856371928387171,0.0,0.36363636363636365,0.0
heldout,return,60_120,displaced_intercept,-0.0005,23,22,0.0014001966575,0.001463866195090909,0.0055452295831337995,0.005988506066152948,0.045454545454545456,0.45454545454545453,0.0
heldout,return,60_120,displaced_intercept,-0.0002,23,22,0.00028000245137499994,0.0008443532094431819,0.0065470794839750995,0.006531189501091184,0.045454545454545456,0.5,0.0
heldout,return,60_120,displaced_intercept,-0.0001,23,22,0.00043628521809999993,0.0008208323940590914,0.006611558431816799,0.00631141334863189,0.045454545454545456,0.5,0.0
heldout,return,60_120,displaced_intercept,0.0,23,21,0.0,0.0011508625111285714,0.0070413305101251,0.006160804653213006,0.047619047619047616,nan,0.047619047619047616
heldout,return,60_120,displaced_intercept,0.0001,23,21,6.572088889999995e-05,0.0010776791031380953,0.00748914509447076,0.006445713653890025,0.09523809523809523,0.5238095238095238,0.09523809523809523
heldout,return,60_120,displaced_intercept,0.0002,23,21,0.001043709388,0.001420049701290476,0.0065047998802898995,0.006263518238809319,0.09523809523809523,0.5714285714285714,0.09523809523809523
heldout,return,60_120,displaced_intercept,0.0005,23,22,0.00206433257795,0.0015442424502636368,0.007201527900499801,0.006157152986513121,0.09090909090909091,0.5909090909090909,0.09090909090909091
heldout,return,60_120,displaced_intercept,0.001,23,22,0.00101317191635,7.63316096818182e-05,0.00581734398243621,0.004602476563983248,0.0,0.5909090909090909,0.0
heldout,return,60_120,displaced_intercept,0.002,23,22,-0.00011186162914999999,-0.0009105503914681818,0.00441874436791809,0.0044349055417944785,0.0,0.5,0.0
heldout,return,60_120,displaced_intercept,0.005,23,22,0.00013170842244999994,-0.004747916947417844,0.00427542534354033,0.00634011383915734,0.0,0.5,0.0
heldout,return,60_120,displaced_intercept,0.01,23,22,0.002286316913,-0.009119660644818185,0.0032178745253444996,0.010307501813040762,0.0,0.6818181818181818,0.0
heldout,return,60_120,primary,-0.01,23,23,-0.001382668652,0.010108728195869566,0.0048748907806409995,0.01144093851613129,0.08695652173913043,0.6086956521739131,0.08695652173913043
heldout,return,60_120,primary,-0.005,23,20,0.0019565917942499997,0.006985026590215002,0.0036875317419916504,0.008359553410810171,0.1,0.2,0.05
heldout,return,60_120,primary,-0.002,23,17,-0.0010015431859999998,0.0036594432299752945,0.0085755878234544,0.008479630511686301,0.35294117647058826,0.5294117647058824,0.11764705882352941
heldout,return,60_120,primary,-0.001,23,19,0.000547435602,0.0029366196287889472,0.006839893945441199,0.0069784731010192865,0.21052631578947367,0.42105263157894735,0.10526315789473684
heldout,return,60_120,primary,-0.0005,23,20,0.00151367437525,0.00224647785027,0.00724606620933195,0.006064681321591975,0.15,0.4,0.05
heldout,return,60_120,primary,-0.0002,23,22,-0.0002517006494999999,0.0011644067743954547,0.0048602553925926,0.005334369351799764,0.09090909090909091,0.5454545454545454,0.045454545454545456
heldout,return,60_120,primary,-0.0001,23,22,-2.006854249999993e-05,0.0010973639776909088,0.0052314194100125996,0.005237733311755056,0.09090909090909091,0.5,0.045454545454545456
heldout,return,60_120,primary,0.0,23,23,0.0,0.001126281633947826,0.004646252896677,0.00476974619924522,0.08695652173913043,nan,0.08695652173913043
heldout,return,60_120,primary,0.0001,23,23,8.092181000000009e-05,0.0012886291000000002,0.0047933021743824,0.005332808623928282,0.13043478260869565,0.5217391304347826,0.13043478260869565
heldout,return,60_120,primary,0.0002,23,23,-3.996128399999998e-05,0.0009127244579478261,0.004436278831042801,0.005073888112078535,0.13043478260869565,0.4782608695652174,0.13043478260869565
heldout,return,60_120,primary,0.0005,23,22,0.00036129519549999995,0.0008141811711954544,0.0057972796329105,0.005338841016382136,0.13636363636363635,0.5454545454545454,0.13636363636363635
heldout,return,60_120,primary,0.001,23,21,-0.0006523518930000001,-3.539142190476194e-05,0.0020527585227030003,0.004634890693813316,0.09523809523809523,0.3333333333333333,0.09523809523809523
heldout,return,60_120,primary,0.002,23,21,0.0008977098105999999,-0.000619303531997143,0.00294793440927636,0.0045760225188763454,0.047619047619047616,0.6190476190476191,0.047619047619047616
heldout,return,60_120,primary,0.005,23,20,0.00274473359435,-0.0029366587562200002,0.0073095380925987,0.005893475274830617,0.1,0.6,0.1
heldout,return,60_120,primary,0.01,23,19,0.0021986691483,-0.008228042764168421,0.002949412898174819,0.009129729798421917,0.10526315789473684,0.631578947368421,0.10526315789473684
heldout,return,60_120,reference_split,-0.01,23,23,-0.00017038004499999996,0.010103161261152177,0.0045831762667866,0.01153376073220119,0.08695652173913043,0.5217391304347826,0.043478260869565216
heldout,return,60_120,reference_split,-0.005,23,20,0.0037764169079999997,0.007315999096235001,0.0043216185285651,0.009077874027790218,0.1,0.3,0.0
heldout,return,60_120,reference_split,-0.002,23,17,-8.681271399999988e-05,0.0020761357338235295,0.0092288380745652,0.0072470377459652865,0.11764705882352941,0.5294117647058824,0.058823529411764705
heldout,return,60_120,reference_split,-0.001,23,22,-0.0005180898564999999,0.0005372243780727274,0.009406782338906398,0.0067487508201665835,0.13636363636363635,0.5454545454545454,0.045454545454545456
heldout,return,60_120,reference_split,-0.0005,23,21,-0.0008328033390000002,0.000849692583757143,0.006439128589945799,0.0058444046721623155,0.047619047619047616,0.5238095238095238,0.0
heldout,return,60_120,reference_split,-0.0002,23,22,-0.0005348298345,0.0008517249510454545,0.006768437849382298,0.00635832057054114,0.09090909090909091,0.5909090909090909,0.045454545454545456
heldout,return,60_120,reference_split,-0.0001,23,22,-0.0005174814964999999,0.0008013684699818183,0.007001367407412,0.006437478443852985,0.045454545454545456,0.5454545454545454,0.0
heldout,return,60_120,reference_split,0.0,23,22,0.0,0.0005779334955863638,0.0066318679480074,0.006063966427155637,0.09090909090909091,nan,0.09090909090909091
heldout,return,60_120,reference_split,0.0001,23,22,-0.0007765914900000001,0.0002905973027681821,0.006476839348236599,0.006347074847253831,0.09090909090909091,0.45454545454545453,0.09090909090909091
heldout,return,60_120,reference_split,0.0002,23,22,-0.00027300224799999993,0.00017165144866363677,0.0074506133722272,0.006418352569069556,0.09090909090909091,0.45454545454545453,0.09090909090909091
heldout,return,60_120,reference_split,0.0005,23,22,-0.0009112616300000001,-0.0008613731125781816,0.005216439259642799,0.005609296436525273,0.0,0.45454545454545453,0.0
heldout,return,60_120,reference_split,0.001,23,22,-0.001080644785,-0.001447262734140909,0.005512793902299599,0.005562401012195181,0.0,0.45454545454545453,0.0
heldout,return,60_120,reference_split,0.002,23,21,0.0013775653312,-0.0009326292904904759,0.00532720680500988,0.005416517849611575,0.09523809523809523,0.5238095238095238,0.09523809523809523
heldout,return,60_120,reference_split,0.005,23,21,0.0017934744696000001,-0.0036688392866666662,0.00364127123002524,0.005439073754946172,0.047619047619047616,0.7142857142857143,0.047619047619047616
heldout,return,60_120,reference_split,0.01,23,21,0.0024172471988,-0.006922661959909524,0.005052240542842079,0.008663948332759049,0.09523809523809523,0.7142857142857143,0.09523809523809523
heldout,return,60_120,slowness_offset_m,-0.01,23,23,-0.0024741166509999997,0.008642570690886957,0.0032916768181122,0.010808120369608328,0.043478260869565216,0.7391304347826086,0.043478260869565216
heldout,return,60_120,slowness_offset_m,-0.005,23,22,-0.0032220291939999996,0.0037445350955454555,0.0050676843477477,0.008624090829007601,0.0,0.7272727272727273,0.0
heldout,return,60_120,slowness_offset_m,-0.002,23,22,-0.0015011050205,0.0015650769405500002,0.0068859496727636995,0.00746283226869144,0.045454545454545456,0.6363636363636364,0.0
heldout,return,60_120,slowness_offset_m,-0.001,23,23,-0.003148762244,-0.0002150367246739131,0.0047943697160646,0.0067563267075106,0.043478260869565216,0.6521739130434783,0.0
heldout,return,60_120,slowness_offset_m,-0.0005,23,22,-0.0022641092735,-4.553026021818162e-05,0.0055871517801434996,0.007244494747444679,0.045454545454545456,0.6363636363636364,0.0
heldout,return,60_120,slowness_offset_m,-0.0002,23,23,-0.00040090097000000007,-0.00017150786517391306,0.006292057267461,0.006862773662854797,0.043478260869565216,0.5652173913043478,0.0
heldout,return,60_120,slowness_offset_m,-0.0001,23,23,-0.00020663144300000005,-0.00017136060754347824,0.0063508314633162,0.0068701966124340465,0.08695652173913043,0.5652173913043478,0.0
heldout,return,60_120,slowness_offset_m,0.0,23,23,0.0,6.733824633913075e-05,0.0054029791258044,0.007091674775571485,0.08695652173913043,nan,0.08695652173913043
heldout,return,60_120,slowness_offset_m,0.0001,23,22,-0.0007342596635,-0.00014815324088590903,0.005948690051904599,0.0067703802498383,0.045454545454545456,0.5,0.045454545454545456
heldout,return,60_120,slowness_offset_m,0.0002,23,22,-0.0022263394494999996,-0.0011225857764772728,0.005673471338761589,0.0064582617514973885,0.045454545454545456,0.4090909090909091,0.045454545454545456
heldout,return,60_120,slowness_offset_m,0.0005,23,22,-0.0012231850415,-0.0017560082414318186,0.006283115869205699,0.00654617924613707,0.045454545454545456,0.4090909090909091,0.045454545454545456
heldout,return,60_120,slowness_offset_m,0.001,23,22,-0.0008638664495,-0.0017217463983272728,0.006087053882970901,0.006877704207724554,0.045454545454545456,0.36363636363636365,0.045454545454545456
heldout,return,60_120,slowness_offset_m,0.002,23,22,-0.0005276527135000001,-0.003399301276707727,0.006109622952726299,0.006651544750179838,0.0,0.45454545454545453,0.0
heldout,return,60_120,slowness_offset_m,0.005,23,19,-0.000266090775,-0.004595053325736842,0.0061267171061123995,0.006846544224692285,0.0,0.47368421052631576,0.0
heldout,return,60_120,slowness_offset_m,0.01,23,23,0.0008183235369,-0.009647544861069567,0.00752997494738286,0.011183497286588358,0.0,0.5652173913043478,0.0
heldout,return,60_120,slowness_offset_p,-0.01,23,21,-0.0014761706107,0.008896251025536667,0.0048076842290862,0.010080387114292214,0.047619047619047616,0.5714285714285714,0.047619047619047616
heldout,return,60_120,slowness_offset_p,-0.005,23,20,-0.0015973446057,0.0035253279951499997,0.007848389411750999,0.0067366026169611674,0.05,0.55,0.05
heldout,return,60_120,slowness_offset_p,-0.002,23,19,0.0010441758976,0.0020551757197368424,0.00813551339525862,0.007021058332350169,0.15789473684210525,0.47368421052631576,0.10526315789473684
heldout,return,60_120,slowness_offset_p,-0.001,23,18,0.0019300407993999998,0.0008319120939777779,0.0059485399030722,0.006269151290286371,0.1111111111111111,0.4444444444444444,0.1111111111111111
heldout,return,60_120,slowness_offset_p,-0.0005,23,19,0.0013005148707,8.637492942631606e-05,0.00691635610726536,0.006514433137876179,0.10526315789473684,0.47368421052631576,0.10526315789473684
heldout,return,60_120,slowness_offset_p,-0.0002,23,19,0.0018997630203,0.0002543857198421054,0.004154749817736,0.005533482957056403,0.10526315789473684,0.47368421052631576,0.10526315789473684
heldout,return,60_120,slowness_offset_p,-0.0001,23,19,0.00027221510923,-0.00016422132389842112,0.005235741673926581,0.005403516083134918,0.10526315789473684,0.47368421052631576,0.10526315789473684
heldout,return,60_120,slowness_offset_p,0.0,23,19,0.0,-4.094362414210532e-05,0.005686031731073819,0.005125611544384192,0.05263157894736842,nan,0.05263157894736842
heldout,return,60_120,slowness_offset_p,0.0001,23,19,0.00010635288579999999,-0.0010654477005894738,0.0057479341770501,0.006071318790320682,0.15789473684210525,0.5263157894736842,0.0
heldout,return,60_120,slowness_offset_p,0.0002,23,19,0.00021204110539999998,-0.0006129299076594739,0.00570770602385634,0.005838881049181819,0.15789473684210525,0.5789473684210527,0.05263157894736842
heldout,return,60_120,slowness_offset_p,0.0005,23,19,0.00039457855108,-0.0009727940988536842,0.005382830841207373,0.0054188045999312845,0.05263157894736842,0.5789473684210527,0.0
heldout,return,60_120,slowness_offset_p,0.001,23,20,-0.0004933536673999999,-0.0014915775852600002,0.0057748726491414,0.005207787084049623,0.0,0.5,0.0
heldout,return,60_120,slowness_offset_p,0.002,23,23,-0.0002546842414,-0.00324458833683913,0.0035256253644532203,0.006823411378244559,0.043478260869565216,0.43478260869565216,0.0
heldout,return,60_120,slowness_offset_p,0.005,23,22,-0.0009771763327,-0.0046319806333318175,0.004117243418064,0.006499664127215153,0.0,0.45454545454545453,0.0
heldout,return,60_120,slowness_offset_p,0.01,23,22,-0.0009959504757,-0.010432130279918182,0.0046932579787401,0.011590473021422618,0.0,0.4090909090909091,0.0
allbursts,outbound,15_30,aperture_200m,-0.01,46,46,-0.0099236556904,-9.21867431391298e-05,0.0015660898242989994,0.0013062089481505892,1.0,1.0,1.0
allbursts,outbound,15_30,aperture_200m,-0.005,46,46,-0.0049782140239,-0.00011133628105217354,0.0014442287448917994,0.0013121095941528568,0.9782608695652174,1.0,0.9782608695652174
allbursts,outbound,15_30,aperture_200m,-0.002,46,46,-0.0019990474529,-0.00011186537421086955,0.0014475891734346,0.0013010416435058558,0.391304347826087,0.9565217391304348,0.391304347826087
allbursts,outbound,15_30,aperture_200m,-0.001,46,46,-0.00099802768405,-0.00010367738500608692,0.0014538426613449058,0.0012968534112092072,0.13043478260869565,0.782608695652174,0.13043478260869565
allbursts,outbound,15_30,aperture_200m,-0.0005,46,46,-0.0004992636303,-9.971297795445653e-05,0.0014366685438388501,0.0012947154702054996,0.06521739130434782,0.6956521739130435,0.06521739130434782
allbursts,outbound,15_30,aperture_200m,-0.0002,46,46,-0.00019942320196000003,-9.699924850869567e-05,0.00144023437556628,0.0012911866608188664,0.08695652173913043,0.5434782608695652,0.06521739130434782
allbursts,outbound,15_30,aperture_200m,-0.0001,46,46,-9.976366896e-05,-9.588365392000009e-05,0.00143923425526734,0.0012898194879328614,0.06521739130434782,0.5217391304347826,0.043478260869565216
allbursts,outbound,15_30,aperture_200m,0.0,46,46,0.0,-9.588947501239134e-05,0.0014368990582644598,0.0012885825190935174,0.06521739130434782,nan,0.06521739130434782
allbursts,outbound,15_30,aperture_200m,0.0001,46,46,0.00010060806439999998,-9.576687305978266e-05,0.0014318277053927697,0.0012877761543302255,0.043478260869565216,0.5217391304347826,0.021739130434782608
allbursts,outbound,15_30,aperture_200m,0.0002,46,46,0.00020118337765,-9.58240657454348e-05,0.00142912071545355,0.0012871214561868813,0.043478260869565216,0.5434782608695652,0.021739130434782608
allbursts,outbound,15_30,aperture_200m,0.0005,46,46,0.0005019793017,-9.55086912663044e-05,0.0014244015839379898,0.0012849829095229334,0.043478260869565216,0.5869565217391305,0.043478260869565216
allbursts,outbound,15_30,aperture_200m,0.001,46,46,0.0010024651031,-9.585443727326092e-05,0.00142570159885692,0.0012807625373947994,0.08695652173913043,0.7608695652173914,0.08695652173913043
allbursts,outbound,15_30,aperture_200m,0.002,46,46,0.0019727671886,-9.755441186956526e-05,0.00134720422368,0.0012762254824571454,0.2608695652173913,0.9347826086956522,0.2608695652173913
allbursts,outbound,15_30,aperture_200m,0.005,46,46,0.004898162719100001,-0.00010308140748695637,0.0013058870831433,0.0012780185391072715,0.9565217391304348,1.0,0.9565217391304348
allbursts,outbound,15_30,aperture_200m,0.01,46,46,0.009842471987100001,-0.00011898113194347807,0.001340752272428099,0.0012760259284572283,1.0,1.0,1.0
allbursts,outbound,15_30,aperture_800m,-0.01,46,46,-0.010647708849855001,-0.0005711136712245655,0.001638479526179999,0.001617768676020023,1.0,1.0,1.0
allbursts,outbound,15_30,aperture_800m,-0.005,46,46,-0.005377548894355001,-0.00026932298596369595,0.0017536720175645993,0.0014761687338194066,1.0,1.0,1.0
allbursts,outbound,15_30,aperture_800m,-0.002,46,46,-0.0021541503438549997,-8.910310583760869e-05,0.0017003621411951998,0.0014201265414724529,0.3695652173913043,0.9782608695652174,0.3695652173913043
allbursts,outbound,15_30,aperture_800m,-0.001,46,46,-0.001081619023855,-2.4983412762391257e-05,0.0016763193148003892,0.001408859896369189,0.13043478260869565,0.6956521739130435,0.13043478260869565
allbursts,outbound,15_30,aperture_800m,-0.0005,46,46,-0.000542284815455,5.6999797254347935e-06,0.00168618774293151,0.001403723236768525,0.08695652173913043,0.5869565217391305,0.08695652173913043
allbursts,outbound,15_30,aperture_800m,-0.0002,46,46,-0.00021645456000499998,2.5287356768043558e-05,0.00169331064785274,0.001401181001702109,0.06521739130434782,0.5434782608695652,0.06521739130434782
allbursts,outbound,15_30,aperture_800m,-0.0001,46,46,-0.00010805159585499998,3.113836065260873e-05,0.0016872699111298798,0.0014003979892076236,0.06521739130434782,0.5217391304347826,0.06521739130434782
allbursts,outbound,15_30,aperture_800m,0.0,46,46,6.776263578034403e-21,3.6794478615217426e-05,0.0016753331919281997,0.0013993238120728261,0.06521739130434782,nan,0.06521739130434782
allbursts,outbound,15_30,aperture_800m,0.0001,46,46,0.00010827340605,3.81853632930435e-05,0.0016642951689524997,0.0014055213776025001,0.06521739130434782,0.5217391304347826,0.0
allbursts,outbound,15_30,aperture_800m,0.0002,46,46,0.00021593532857500002,4.289869090478259e-05,0.0016531254925793997,0.001405942330475646,0.08695652173913043,0.5869565217391305,0.021739130434782608
allbursts,outbound,15_30,aperture_800m,0.0005,46,46,0.000539597809395,5.996202119652177e-05,0.00164842319872965,0.0014034604259671665,0.043478260869565216,0.6739130434782609,0.021739130434782608
allbursts,outbound,15_30,aperture_800m,0.001,46,46,0.001078666282895,8.71219129297826e-05,0.0016458023588216697,0.001399550988037403,0.1956521739130435,0.7608695652173914,0.1956521739130435
allbursts,outbound,15_30,aperture_800m,0.002,46,46,0.002155057646145,0.00013493162469717387,0.0016127712477397498,0.001389843237052438,0.43478260869565216,0.9130434782608695,0.43478260869565216
allbursts,outbound,15_30,aperture_800m,0.005,46,46,0.005340890422645,0.00031710468953630394,0.0015338584939293,0.0013874922338844213,0.9782608695652174,1.0,0.9782608695652174
allbursts,outbound,15_30,aperture_800m,0.01,46,46,0.010565253675144999,0.0005797237482971733,0.0014281419299910008,0.0014492988606155666,1.0,1.0,1.0
allbursts,outbound,15_30,displaced_intercept,-0.01,46,46,-0.0100260371211,-0.0002124073058608688,0.0011145479347757995,0.0011078989501948453,1.0,1.0,1.0
allbursts,outbound,15_30,displaced_intercept,-0.005,46,46,-0.004988581784099999,-0.00021942084283913004,0.001003574506380599,0.001101166635843471,1.0,1.0,1.0
allbursts,outbound,15_30,displaced_intercept,-0.002,46,46,-0.0019890972566,-0.00022573997127108697,0.0009991446021038997,0.0010998236267838008,0.6086956521739131,1.0,0.6086956521739131
allbursts,outbound,15_30,displaced_intercept,-0.001,46,46,-0.00099286887995,-0.00022628893090984782,0.0010098739344162001,0.0010971595351494036,0.2826086956521739,0.8913043478260869,0.2826086956521739
allbursts,outbound,15_30,displaced_intercept,-0.0005,46,46,-0.0004970940825,-0.00022806438944608691,0.0009892444638052197,0.0010961859502836974,0.21739130434782608,0.6956521739130435,0.21739130434782608
allbursts,outbound,15_30,displaced_intercept,-0.0002,46,46,-0.00019954696014,-0.00022971686159191303,0.000978401111309664,0.0010963563812587558,0.10869565217391304,0.6304347826086957,0.10869565217391304
allbursts,outbound,15_30,displaced_intercept,-0.0001,46,46,-9.969748700000001e-05,-0.00022994052689978263,0.00097693477233303,0.001096215820652408,0.06521739130434782,0.5869565217391305,0.06521739130434782
allbursts,outbound,15_30,displaced_intercept,0.0,46,46,0.0,-0.00023016396920282615,0.0009764045546169598,0.0010958507029048038,0.06521739130434782,nan,0.06521739130434782
allbursts,outbound,15_30,displaced_intercept,0.0001,46,46,9.919182145e-05,-0.00023078317719391303,0.0009746257409962497,0.001095588437108508,0.043478260869565216,0.5652173913043478,0.021739130434782608
allbursts,outbound,15_30,displaced_intercept,0.0002,46,46,0.00019739868160000002,-0.0002311231956113044,0.0009750084520213797,0.0010954228427092398,0.043478260869565216,0.5652173913043478,0.021739130434782608
allbursts,outbound,15_30,displaced_intercept,0.0005,46,46,0.0004925161786,-0.00023189873006086964,0.0009766197305818797,0.0010948079953504656,0.06521739130434782,0.6304347826086957,0.043478260869565216
allbursts,outbound,15_30,displaced_intercept,0.001,46,46,0.0009818001794,-0.00023462120950434786,0.0009803663930297998,0.0010941582806190573,0.15217391304347827,0.717391304347826,0.13043478260869565
allbursts,outbound,15_30,displaced_intercept,0.002,46,46,0.0019523638454,-0.00024249556200434794,0.0010326457000544998,0.0010907600411833955,0.5434782608695652,0.9782608695652174,0.5434782608695652
allbursts,outbound,15_30,displaced_intercept,0.005,46,46,0.0048750256149000006,-0.00027024524451304323,0.0010101418773011996,0.0010867887721991833,0.9782608695652174,1.0,0.9782608695652174
allbursts,outbound,15_30,displaced_intercept,0.01,46,46,0.0099203287384,-0.0003055920531652172,0.0009680330898924004,0.0011015250725356664,1.0,1.0,1.0
allbursts,outbound,15_30,primary,-0.01,46,46,-0.009930748289895,5.711122300651879e-06,0.0011916310493619007,0.0011227630327945365,1.0,1.0,1.0
allbursts,outbound,15_30,primary,-0.005,46,46,-0.004982782080895,8.887314713696033e-06,0.0011719150854095995,0.001121208527951821,1.0,1.0,1.0
allbursts,outbound,15_30,primary,-0.002,46,46,-0.002006957578395,-8.765182141086918e-06,0.001193973221553,0.0011209666622866749,0.391304347826087,0.9565217391304348,0.391304347826087
allbursts,outbound,15_30,primary,-0.001,46,46,-0.001004303048095,-1.1538354605869557e-05,0.0012222218101842,0.001117761451523416,0.15217391304347827,0.8043478260869565,0.15217391304347827
allbursts,outbound,15_30,primary,-0.0005,46,46,-0.000504494992595,-1.4993868683304334e-05,0.0012004088112760802,0.0011147189053213756,0.06521739130434782,0.6956521739130435,0.06521739130434782
allbursts,outbound,15_30,primary,-0.0002,46,46,-0.000200786062645,-1.682580918717389e-05,0.00119669054721573,0.0011127264901893484,0.06521739130434782,0.5869565217391305,0.043478260869565216
allbursts,outbound,15_30,primary,-0.0001,46,46,-0.000100262583885,-1.745070254006524e-05,0.001195306705218066,0.0011119150521598949,0.06521739130434782,0.5869565217391305,0.043478260869565216
allbursts,outbound,15_30,primary,0.0,46,46,8.470329472543003e-22,-1.832769037217393e-05,0.0011914986282742198,0.0011111845308071273,0.06521739130434782,nan,0.06521739130434782
allbursts,outbound,15_30,primary,0.0001,46,46,0.000100066865155,-1.9198627138739114e-05,0.00118529623937382,0.001110536790169446,0.043478260869565216,0.5652173913043478,0.021739130434782608
allbursts,outbound,15_30,primary,0.0002,46,46,0.000199407911905,-1.9195917690869603e-05,0.0011791764299590797,0.0011089175191700419,0.06521739130434782,0.6086956521739131,0.043478260869565216
allbursts,outbound,15_30,primary,0.0005,46,46,0.0004958568640050001,-1.7743051257260863e-05,0.00116525925997845,0.0011021237323428465,0.08695652173913043,0.6956521739130435,0.06521739130434782
allbursts,outbound,15_30,primary,0.001,46,46,0.000986149273755,-1.9803996557326132e-05,0.0011496413423835899,0.0010998066019997665,0.15217391304347827,0.8260869565217391,0.15217391304347827
allbursts,outbound,15_30,primary,0.002,46,46,0.0019904017576049997,-2.7075340251521793e-05,0.0011131214400662997,0.0010959260249646435,0.41304347826086957,0.9565217391304348,0.41304347826086957
allbursts,outbound,15_30,primary,0.005,46,46,0.004992235107605001,-4.021534043847803e-05,0.0011202294877787995,0.0010904435311662596,1.0,1.0,1.0
allbursts,outbound,15_30,primary,0.01,46,46,0.009933803317605,-5.4558751655870164e-05,0.0010737809003670002,0.00108631466438084,1.0,1.0,1.0
allbursts,outbound,15_30,reference_split,-0.01,46,46,-0.009940501785139,-4.6528521291173136e-05,0.0013640782487723997,0.001232538174237384,1.0,1.0,1.0
allbursts,outbound,15_30,reference_split,-0.005,46,46,-0.004965671391139,-2.903560424769573e-05,0.0013465253959961997,0.0012230420797989753,1.0,1.0,1.0
allbursts,outbound,15_30,reference_split,-0.002,46,46,-0.0019961383331389996,-3.657520834356511e-05,0.0013700575545572996,0.0012240776842797818,0.391304347826087,0.9565217391304348,0.391304347826087
allbursts,outbound,15_30,reference_split,-0.001,46,46,-0.000995820417989,-3.872175283965214e-05,0.001377943666331652,0.001219557081087398,0.13043478260869565,0.782608695652174,0.13043478260869565
allbursts,outbound,15_30,reference_split,-0.0005,46,46,-0.000498034334239,-4.277310949595648e-05,0.00138287016463176,0.0012153796490371749,0.043478260869565216,0.6086956521739131,0.043478260869565216
allbursts,outbound,15_30,reference_split,-0.0002,46,46,-0.00019886380273900002,-4.450701783052171e-05,0.00138992622668025,0.0012131546834950968,0.043478260869565216,0.5869565217391305,0.043478260869565216
allbursts,outbound,15_30,reference_split,-0.0001,46,46,-9.9431801779e-05,-4.494478059513045e-05,0.0013895237207212198,0.0012124956168902052,0.06521739130434782,0.5217391304347826,0.043478260869565216
allbursts,outbound,15_30,reference_split,0.0,46,46,0.0,-4.5505319856869586e-05,0.0013894129670912398,0.0012118703158170128,0.06521739130434782,nan,0.06521739130434782
allbursts,outbound,15_30,reference_split,0.0001,46,46,0.000100260150716,-4.593928951617394e-05,0.0013893953861239198,0.001211059213082262,0.06521739130434782,0.5217391304347826,0.021739130434782608
allbursts,outbound,15_30,reference_split,0.0002,46,46,0.000201110163711,-4.631345556334788e-05,0.0013901782532612097,0.0012099919023892285,0.06521739130434782,0.5434782608695652,0.021739130434782608
allbursts,outbound,15_30,reference_split,0.0005,46,46,0.000501605241911,-4.745805241356522e-05,0.00139500061865955,0.0012063859459166362,0.06521739130434782,0.6521739130434783,0.043478260869565216
allbursts,outbound,15_30,reference_split,0.001,46,46,0.0010019051144610001,-4.99903912009565e-05,0.00139835292425934,0.001199504528680207,0.10869565217391304,0.782608695652174,0.10869565217391304
allbursts,outbound,15_30,reference_split,0.002,46,46,0.0019961586248610002,-5.634256925856515e-05,0.0013897255727082004,0.0011875623614254764,0.391304347826087,0.9565217391304348,0.391304347826087
allbursts,outbound,15_30,reference_split,0.005,46,46,0.004960318325861,-6.62316426607394e-05,0.0012884042543064003,0.0011577032750252514,0.9565217391304348,1.0,0.9565217391304348
allbursts,outbound,15_30,reference_split,0.01,46,46,0.009988479376861,-7.281392161726054e-05,0.0012487673628822,0.0011779696965077996,1.0,1.0,1.0
allbursts,outbound,15_30,slowness_offset_m,-0.01,46,46,-0.010997492045039501,-0.0008506834910612391,0.0015928007595443997,0.0015546814142509734,1.0,1.0,1.0
allbursts,outbound,15_30,slowness_offset_m,-0.005,46,46,-0.0054736244825395,-0.00037397779106123914,0.0015834499709511001,0.0013581241093616541,1.0,1.0,1.0
allbursts,outbound,15_30,slowness_offset_m,-0.002,46,46,-0.0022208352465394997,-9.94685229155869e-05,0.0015458601594617997,0.0013203895888994057,0.43478260869565216,0.9565217391304348,0.43478260869565216
allbursts,outbound,15_30,slowness_offset_m,-0.001,46,46,-0.0011090137125395,-8.452566746021707e-06,0.0015238344853643101,0.0013147656942689755,0.13043478260869565,0.7608695652173914,0.13043478260869565
allbursts,outbound,15_30,slowness_offset_m,-0.0005,46,46,-0.0005553600598895,3.748687699289131e-05,0.00151508294286048,0.001313622373663104,0.043478260869565216,0.6304347826086957,0.043478260869565216
allbursts,outbound,15_30,slowness_offset_m,-0.0002,46,46,-0.00022239128953950002,6.702522809310875e-05,0.0015087089138769902,0.0013148307479331103,0.043478260869565216,0.5869565217391305,0.021739130434782608
allbursts,outbound,15_30,slowness_offset_m,-0.0001,46,46,-0.00011112993123950001,7.675219556006521e-05,0.00150772868191575,0.001315627559338847,0.043478260869565216,0.5652173913043478,0.021739130434782608
allbursts,outbound,15_30,slowness_offset_m,0.0,46,46,0.0,8.591673357460869e-05,0.0015044928570814799,0.0013166493640470154,0.06521739130434782,nan,0.06521739130434782
allbursts,outbound,15_30,slowness_offset_m,0.0001,46,46,0.0001118432080205,9.540193590223911e-05,0.00150138440285799,0.0013177158166879294,0.06521739130434782,0.5217391304347826,0.043478260869565216
allbursts,outbound,15_30,slowness_offset_m,0.0002,46,46,0.0002234111376105,0.00010418453527702167,0.00149864950979373,0.0013176685139871772,0.043478260869565216,0.5434782608695652,0.043478260869565216
allbursts,outbound,15_30,slowness_offset_m,0.0005,46,46,0.0005611371779605,0.0001273584698163696,0.0014937984675755399,0.0013204116181733871,0.06521739130434782,0.6739130434782609,0.06521739130434782
allbursts,outbound,15_30,slowness_offset_m,0.001,46,46,0.0011271405294605,0.00017528718352289137,0.0014851868114803442,0.0013247702715294884,0.21739130434782608,0.782608695652174,0.21739130434782608
allbursts,outbound,15_30,slowness_offset_m,0.002,46,46,0.0022467385564605,0.0002681498582800652,0.0014362879919241004,0.001341448949295921,0.41304347826086957,0.9565217391304348,0.41304347826086957
allbursts,outbound,15_30,slowness_offset_m,0.005,46,46,0.0055505867659605,0.0005436675552213692,0.0014032934012832,0.0014279549076055998,1.0,1.0,1.0
allbursts,outbound,15_30,slowness_offset_m,0.01,46,46,0.0110430716999605,0.0010136722859170211,0.001418938586709,0.0016689240714344695,1.0,1.0,1.0
allbursts,outbound,15_30,slowness_offset_p,-0.01,46,46,-0.009070112786274998,0.0007126569885076095,0.0009474471814793985,0.001276337640824799,1.0,1.0,1.0
allbursts,outbound,15_30,slowness_offset_p,-0.005,46,46,-0.004539879495775,0.0003231203297902175,0.0009329529910658994,0.001085936050834013,1.0,1.0,1.0
allbursts,outbound,15_30,slowness_offset_p,-0.002,46,46,-0.001828123729775,8.804994181476848e-05,0.0009308194429338,0.0010300349241927397,0.45652173913043476,1.0,0.45652173913043476
allbursts,outbound,15_30,slowness_offset_p,-0.001,46,46,-0.0009109559206249999,1.2149651382173906e-05,0.00092726911519935,0.0010248261824130234,0.15217391304347827,0.8478260869565217,0.15217391304347827
allbursts,outbound,15_30,slowness_offset_p,-0.0005,46,46,-0.000452136276625,-2.4469498505108726e-05,0.0009253585171194002,0.0010270203679378863,0.10869565217391304,0.6739130434782609,0.10869565217391304
allbursts,outbound,15_30,slowness_offset_p,-0.0002,46,46,-0.000181293419885,-4.897061029630433e-05,0.0009202325268794698,0.001029441140079022,0.06521739130434782,0.5434782608695652,0.06521739130434782
allbursts,outbound,15_30,slowness_offset_p,-0.0001,46,46,-9.1165889921e-05,-5.7106334055978245e-05,0.00091914298623021,0.0010303447616209949,0.06521739130434782,0.5434782608695652,0.06521739130434782
allbursts,outbound,15_30,slowness_offset_p,0.0,46,46,3.3881317890172014e-21,-6.508698861130437e-05,0.00091487309081721,0.001031272233335635,0.06521739130434782,nan,0.06521739130434782
allbursts,outbound,15_30,slowness_offset_p,0.0001,46,46,9.334270881500001e-05,-7.319539887021745e-05,0.0009121707465309599,0.0010321011261158436,0.043478260869565216,0.5434782608695652,0.0
allbursts,outbound,15_30,slowness_offset_p,0.0002,46,46,0.00018593942857500002,-8.099847773267392e-05,0.0009100211221964099,0.0010331431014035657,0.10869565217391304,0.5652173913043478,0.06521739130434782
allbursts,outbound,15_30,slowness_offset_p,0.0005,46,46,0.000459751083825,-0.0001044742385496957,0.0009098726075895117,0.001038132626240408,0.08695652173913043,0.6521739130434783,0.06521739130434782
allbursts,outbound,15_30,slowness_offset_p,0.001,46,46,0.000920501651075,-0.00014377471971456528,0.0009122159064528298,0.001048856236571202,0.13043478260869565,0.8478260869565217,0.10869565217391304
allbursts,outbound,15_30,slowness_offset_p,0.002,46,46,0.001843793746225,-0.00022485305667326098,0.0009094434933045,0.0010701202580251765,0.45652173913043476,0.9347826086956522,0.45652173913043476
allbursts,outbound,15_30,slowness_offset_p,0.005,46,46,0.004618074010725,-0.0004670789271880436,0.0009410097152294995,0.001166968587081541,0.9782608695652174,1.0,0.9782608695652174
allbursts,outbound,15_30,slowness_offset_p,0.01,46,46,0.009204589482725001,-0.0008907899477532603,0.0011140341997911004,0.0014007310994194487,1.0,1.0,1.0
allbursts,outbound,3_15,aperture_200m,-0.01,46,46,-0.01003573151694,-0.00014120246367913016,0.0012777076422348013,0.0011467789477311626,1.0,1.0,1.0
allbursts,outbound,3_15,aperture_200m,-0.005,46,46,-0.00501037078394,-0.00012495925546173885,0.0011518566356681996,0.001116532034048328,1.0,1.0,1.0
allbursts,outbound,3_15,aperture_200m,-0.002,46,46,-0.00201243623094,-0.00013030489734434784,0.0011220003800901,0.001106463675398911,0.41304347826086957,0.9565217391304348,0.41304347826086957
allbursts,outbound,3_15,aperture_200m,-0.001,46,46,-0.00100846992444,-0.00012640555875978264,0.00114989005186944,0.0011107750063448006,0.2391304347826087,0.8695652173913043,0.2391304347826087
allbursts,outbound,3_15,aperture_200m,-0.0005,46,46,-0.00050275920264,-0.00012203239757695652,0.00113495184232626,0.001111507586241494,0.10869565217391304,0.6956521739130435,0.10869565217391304
allbursts,outbound,3_15,aperture_200m,-0.0002,46,46,-0.00020061763859,-0.00011993005486913041,0.00112975658857257,0.0011109366630494488,0.10869565217391304,0.6086956521739131,0.08695652173913043
allbursts,outbound,3_15,aperture_200m,-0.0001,46,46,-0.00010038608135,-0.00012009681339521739,0.001126635158500446,0.0011104344588463472,0.08695652173913043,0.5434782608695652,0.06521739130434782
allbursts,outbound,3_15,aperture_200m,0.0,46,46,0.0,-0.00011962485029500005,0.001126611963149316,0.0011102077684187442,0.06521739130434782,nan,0.06521739130434782
allbursts,outbound,3_15,aperture_200m,0.0001,46,46,0.00010098113550999999,-0.00011860186063891304,0.0011256245106888599,0.0011103572367275351,0.06521739130434782,0.5434782608695652,0.043478260869565216
allbursts,outbound,3_15,aperture_200m,0.0002,46,46,0.00020303767556000002,-0.0001158390153954349,0.00112369267265892,0.0011101735261286373,0.06521739130434782,0.6086956521739131,0.043478260869565216
allbursts,outbound,3_15,aperture_200m,0.0005,46,46,0.00054177445831,-0.0001088454345652174,0.001073251839768339,0.0011116459786181113,0.043478260869565216,0.6956521739130435,0.043478260869565216
allbursts,outbound,3_15,aperture_200m,0.001,46,46,0.00103653725156,-0.00010228799391173918,0.0011004909949782,0.0011156646394291678,0.08695652173913043,0.7608695652173914,0.08695652173913043
allbursts,outbound,3_15,aperture_200m,0.002,46,46,0.00205072507556,-9.392119843645669e-05,0.0011031255366305997,0.0011149843803822863,0.45652173913043476,0.9130434782608695,0.45652173913043476
allbursts,outbound,3_15,aperture_200m,0.005,46,46,0.00508755692556,-8.01623378747826e-05,0.0010792315161809994,0.0011144973024193325,1.0,1.0,1.0
allbursts,outbound,3_15,aperture_200m,0.01,46,46,0.01015172450056,-6.399324150521738e-05,0.0010037760050640003,0.001118180258614438,1.0,1.0,1.0
allbursts,outbound,3_15,aperture_800m,-0.01,46,46,-0.010388655511045,-0.0006046758590667384,0.0019351931974766997,0.001958606081037701,1.0,1.0,1.0
allbursts,outbound,3_15,aperture_800m,-0.005,46,46,-0.005195110540545,-0.00034254789537108696,0.0018735690567216001,0.0018688880175800632,0.8913043478260869,1.0,0.8913043478260869
allbursts,outbound,3_15,aperture_800m,-0.002,46,46,-0.002094477748045,-0.0002045233622219564,0.00193066685718648,0.0018350162077064181,0.32608695652173914,0.9130434782608695,0.32608695652173914
allbursts,outbound,3_15,aperture_800m,-0.001,46,46,-0.001052802433345,-0.00016590320330391297,0.0019413137567163897,0.0018186653176293633,0.17391304347826086,0.717391304347826,0.17391304347826086
allbursts,outbound,3_15,aperture_800m,-0.0005,46,46,-0.000519838439545,-0.00014847086764999996,0.0019214252104887,0.0018124367619016914,0.08695652173913043,0.6304347826086957,0.08695652173913043
allbursts,outbound,3_15,aperture_800m,-0.0002,46,46,-0.00020924557056999999,-0.00013479570871086948,0.0019319833106923648,0.001809387462276406,0.06521739130434782,0.5434782608695652,0.043478260869565216
allbursts,outbound,3_15,aperture_800m,-0.0001,46,46,-0.00010453987861499999,-0.0001290780405697826,0.001933396478377182,0.0018084446293996244,0.06521739130434782,0.5217391304347826,0.043478260869565216
allbursts,outbound,3_15,aperture_800m,0.0,46,46,1.3552527156068805e-20,-0.0001235252815547826,0.0019346388228766828,0.0018076108146906319,0.06521739130434782,nan,0.06521739130434782
allbursts,outbound,3_15,aperture_800m,0.0001,46,46,0.00010471834490500002,-0.0001177738686117391,0.0019361209256052298,0.0018067955603937702,0.06521739130434782,0.5434782608695652,0.043478260869565216
allbursts,outbound,3_15,aperture_800m,0.0002,46,46,0.00020961335805500002,-0.00011262263616282609,0.0019372317723284397,0.0018051558984333459,0.06521739130434782,0.5869565217391305,0.043478260869565216
allbursts,outbound,3_15,aperture_800m,0.0005,46,46,0.000524734407205,-9.73271343473913e-05,0.0019390073598115497,0.0017988855088670254,0.06521739130434782,0.6086956521739131,0.043478260869565216
allbursts,outbound,3_15,aperture_800m,0.001,46,46,0.0010508006059549999,-7.009193512956519e-05,0.0019382996966697001,0.001788959160579859,0.08695652173913043,0.6739130434782609,0.06521739130434782
allbursts,outbound,3_15,aperture_800m,0.002,46,46,0.0021393850819550002,-1.7767757691739145e-05,0.0019290871835067002,0.0017775847257926016,0.2826086956521739,0.8260869565217391,0.2826086956521739
allbursts,outbound,3_15,aperture_800m,0.005,46,46,0.005239673755454999,0.0001203244810397824,0.0019593512304386996,0.0017492912556380683,0.8695652173913043,1.0,0.8695652173913043
allbursts,outbound,3_15,aperture_800m,0.01,46,46,0.010406895428955,0.0003743873584115222,0.0019245123328410026,0.0017841704877495027,1.0,1.0,1.0
allbursts,outbound,3_15,displaced_intercept,-0.01,46,46,-0.009887127600035,-6.973405405673848e-05,0.0011665950740535002,0.0010448794009591076,1.0,1.0,1.0
allbursts,outbound,3_15,displaced_intercept,-0.005,46,46,-0.004998873503035,-0.0001173016913176085,0.0012143094964496997,0.0010329115962029406,1.0,1.0,1.0
allbursts,outbound,3_15,displaced_intercept,-0.002,46,46,-0.002024558874035,-0.00014091490908934779,0.0011772729727479003,0.0010258940642896986,0.6521739130434783,0.9782608695652174,0.6521739130434783
allbursts,outbound,3_15,displaced_intercept,-0.001,46,46,-0.001008742190335,-0.0001462845326019565,0.00122665185634572,0.001024745822249292,0.391304347826087,0.8478260869565217,0.391304347826087
allbursts,outbound,3_15,displaced_intercept,-0.0005,46,46,-0.000490674500135,-0.00014712477069899998,0.00124965654096444,0.001024511199198426,0.1956521739130435,0.7391304347826086,0.1956521739130435
allbursts,outbound,3_15,displaced_intercept,-0.0002,46,46,-0.00019689039738499998,-0.00014700670043652173,0.0012358312544516398,0.001023979282942831,0.08695652173913043,0.6086956521739131,0.06521739130434782
allbursts,outbound,3_15,displaced_intercept,-0.0001,46,46,-9.830241305899999e-05,-0.0001469051711673478,0.0012299396834876675,0.00102377578483308,0.08695652173913043,0.5869565217391305,0.06521739130434782
allbursts,outbound,3_15,displaced_intercept,0.0,46,46,6.776263578034403e-21,-0.00014690295813065218,0.001222862336209101,0.001023636096994454,0.06521739130434782,nan,0.06521739130434782
allbursts,outbound,3_15,displaced_intercept,0.0001,46,46,9.9064923015e-05,-0.00014689399935347824,0.0012178742293481397,0.0010236585893567667,0.08695652173913043,0.5217391304347826,0.06521739130434782
allbursts,outbound,3_15,displaced_intercept,0.0002,46,46,0.000198594804865,-0.00014675626655304342,0.0012146569869033598,0.0010235650813530841,0.08695652173913043,0.5434782608695652,0.06521739130434782
allbursts,outbound,3_15,displaced_intercept,0.0005,46,46,0.000500722498365,-0.00014651932633065218,0.00121201206645792,0.0010236561776885106,0.13043478260869565,0.6086956521739131,0.13043478260869565
allbursts,outbound,3_15,displaced_intercept,0.001,46,46,0.001004350896465,-0.00014699473468693483,0.00122202273644136,0.001023910512384352,0.1956521739130435,0.7608695652173914,0.1956521739130435
allbursts,outbound,3_15,displaced_intercept,0.002,46,46,0.001995776311965,-0.00014948215129760874,0.0012091743519702,0.0010221272181016319,0.5434782608695652,0.9782608695652174,0.5434782608695652
allbursts,outbound,3_15,displaced_intercept,0.005,46,46,0.004989450357965,-0.00016871999007847828,0.0012347276679465,0.001024011961801749,1.0,1.0,1.0
allbursts,outbound,3_15,displaced_intercept,0.01,46,46,0.009854491715965,-0.00020635397575239102,0.0011572751250228,0.001036823952579923,1.0,1.0,1.0
allbursts,outbound,3_15,primary,-0.01,46,46,-0.009816464682945,-9.737437972760784e-05,0.0012393638322765002,0.0013029991466286233,1.0,1.0,1.0
allbursts,outbound,3_15,primary,-0.005,46,46,-0.004945452083945,-0.0001230626978363044,0.0012127625175099002,0.0012817435675801408,0.9782608695652174,1.0,0.9782608695652174
allbursts,outbound,3_15,primary,-0.002,46,46,-0.001978089667945,-0.00015727573695608694,0.0011887594577606997,0.001298394609266409,0.32608695652173914,0.9782608695652174,0.32608695652173914
allbursts,outbound,3_15,primary,-0.001,46,46,-0.000996752376995,-0.00016388215865282605,0.0011985134223073829,0.0013052141347542558,0.10869565217391304,0.8478260869565217,0.10869565217391304
allbursts,outbound,3_15,primary,-0.0005,46,46,-0.0005015540725449999,-0.00016898803303608693,0.0012009866424687599,0.0013068161888844508,0.08695652173913043,0.6304347826086957,0.08695652173913043
allbursts,outbound,3_15,primary,-0.0002,46,46,-0.00020236228492,-0.00017230657575622384,0.001197265694124045,0.00130705788493459,0.06521739130434782,0.5869565217391305,0.06521739130434782
allbursts,outbound,3_15,primary,-0.0001,46,46,-0.000100982427249,-0.00017339175812908694,0.0011930485730129903,0.0013070924211061087,0.06521739130434782,0.5652173913043478,0.06521739130434782
allbursts,outbound,3_15,primary,0.0,46,46,0.0,-0.00017445157782782614,0.0011891913624249328,0.0013071303893130131,0.06521739130434782,nan,0.06521739130434782
allbursts,outbound,3_15,primary,0.0001,46,46,0.000101221795305,-0.0001751156000830435,0.0011850800393029498,0.0013072988755027948,0.06521739130434782,0.5869565217391305,0.0
allbursts,outbound,3_15,primary,0.0002,46,46,0.000202202947955,-0.00017562867568007392,0.0011818423475787603,0.001307501334425871,0.043478260869565216,0.5869565217391305,0.0
allbursts,outbound,3_15,primary,0.0005,46,46,0.000503760099305,-0.00017668207398630433,0.0011809980701116502,0.0013081598047614813,0.043478260869565216,0.6739130434782609,0.021739130434782608
allbursts,outbound,3_15,primary,0.001,46,46,0.001012880733055,-0.0001742370755776087,0.00117987241569855,0.0013088796344067272,0.06521739130434782,0.717391304347826,0.06521739130434782
allbursts,outbound,3_15,primary,0.002,46,46,0.0020255539345549996,-0.00017904413551456536,0.0011985299882052,0.0013082251963053165,0.2608695652173913,0.9130434782608695,0.2608695652173913
allbursts,outbound,3_15,primary,0.005,46,46,0.004995743662555,-0.00018794756827108716,0.0012117004258652999,0.0013025797932431854,0.9347826086956522,1.0,0.9347826086956522
allbursts,outbound,3_15,primary,0.01,46,46,0.009951391353555002,-0.00019690179107543436,0.0012463319744399986,0.0012639751073894826,1.0,1.0,1.0
allbursts,outbound,3_15,reference_split,-0.01,46,46,-0.009893726911285,-8.482199093717381e-05,0.0012994105266617983,0.001286670723501196,1.0,1.0,1.0
allbursts,outbound,3_15,reference_split,-0.005,46,46,-0.004964473855785001,-0.00013002529541543485,0.0012058912239675003,0.0012718401232698145,1.0,1.0,1.0
allbursts,outbound,3_15,reference_split,-0.002,46,46,-0.0019814287037850003,-0.00015164382241369563,0.0012057537402456002,0.0012836686893228449,0.34782608695652173,0.9565217391304348,0.34782608695652173
allbursts,outbound,3_15,reference_split,-0.001,46,46,-0.0009949161461350001,-0.0001533481449465218,0.0012201858371472002,0.0012756500518171145,0.17391304347826086,0.8478260869565217,0.17391304347826086
allbursts,outbound,3_15,reference_split,-0.0005,46,46,-0.0004973245083349999,-0.0001529184822706522,0.0012196755354934499,0.0012732706289547008,0.08695652173913043,0.6956521739130435,0.08695652173913043
allbursts,outbound,3_15,reference_split,-0.0002,46,46,-0.000198709867885,-0.00015123235593717386,0.0012199374234400499,0.0012710453372265828,0.06521739130434782,0.5652173913043478,0.06521739130434782
allbursts,outbound,3_15,reference_split,-0.0001,46,46,-9.925794397999999e-05,-0.0001511163536063044,0.001219659049937727,0.0012701278978330172,0.06521739130434782,0.5434782608695652,0.06521739130434782
allbursts,outbound,3_15,reference_split,0.0,46,46,3.3881317890172014e-21,-0.00015087666566173912,0.0012198689402409088,0.0012688510815106664,0.06521739130434782,nan,0.06521739130434782
allbursts,outbound,3_15,reference_split,0.0001,46,46,9.9439427915e-05,-0.0001503531685021739,0.00122045037635325,0.001267532984336715,0.043478260869565216,0.5434782608695652,0.0
allbursts,outbound,3_15,reference_split,0.0002,46,46,0.000198953503715,-0.00015017815812978268,0.0012208757561616,0.0012668925219718695,0.06521739130434782,0.5434782608695652,0.021739130434782608
allbursts,outbound,3_15,reference_split,0.0005,46,46,0.0004963938894149999,-0.0001517862278054348,0.0012222316595407801,0.001266388983825004,0.043478260869565216,0.6521739130434783,0.021739130434782608
allbursts,outbound,3_15,reference_split,0.001,46,46,0.000992291732715,-0.00015461263402413044,0.0012270196490790002,0.0012657460291738683,0.08695652173913043,0.7391304347826086,0.08695652173913043
allbursts,outbound,3_15,reference_split,0.002,46,46,0.001989763692715,-0.00015504487195413055,0.0012747254805495,0.0012665025782898757,0.30434782608695654,0.9130434782608695,0.30434782608695654
allbursts,outbound,3_15,reference_split,0.005,46,46,0.004978603677215,-0.0001779807430023915,0.0012492798272786998,0.0012782430573935347,0.9565217391304348,1.0,0.9565217391304348
allbursts,outbound,3_15,reference_split,0.01,46,46,0.009951104885715,-0.0001876549368067395,0.0012620006553693002,0.0012573552714050527,1.0,1.0,1.0
allbursts,outbound,3_15,slowness_offset_m,-0.01,46,46,-0.010802276421530001,-0.0005579670410082614,0.0022261562636754,0.0020449017321230423,1.0,1.0,1.0
allbursts,outbound,3_15,slowness_offset_m,-0.005,46,46,-0.00543301796153,-0.0001862218683126086,0.0022404192211212003,0.0018508694594270322,0.8260869565217391,1.0,0.8260869565217391
allbursts,outbound,3_15,slowness_offset_m,-0.002,46,46,-0.0021359123635299997,2.3746028272173877e-05,0.00231359087537529,0.0018205633515997017,0.2608695652173913,0.8260869565217391,0.2608695652173913
allbursts,outbound,3_15,slowness_offset_m,-0.001,46,46,-0.00099741128403,8.432392400369573e-05,0.00234362951907105,0.0018192708383697048,0.10869565217391304,0.6304347826086957,0.10869565217391304
allbursts,outbound,3_15,slowness_offset_m,-0.0005,46,46,-0.0004948074171299999,0.00010385844059391309,0.00230021172937038,0.0018265506508590545,0.06521739130434782,0.6304347826086957,0.06521739130434782
allbursts,outbound,3_15,slowness_offset_m,-0.0002,46,46,-0.00020833960092999997,0.0001165754327623914,0.0023005311580608,0.0018305647742082056,0.08695652173913043,0.5434782608695652,0.06521739130434782
allbursts,outbound,3_15,slowness_offset_m,-0.0001,46,46,-0.00010634320543000002,0.00012095595837191302,0.00230537430802854,0.001832503290385074,0.08695652173913043,0.5,0.06521739130434782
allbursts,outbound,3_15,slowness_offset_m,0.0,46,46,-1.3552527156068805e-20,0.00012534514942956523,0.002299857469024122,0.0018342421567017222,0.06521739130434782,nan,0.06521739130434782
allbursts,outbound,3_15,slowness_offset_m,0.0001,46,46,0.000104552160515,0.00013157185654565223,0.002297947729717983,0.001835470490018313,0.043478260869565216,0.5,0.021739130434782608
allbursts,outbound,3_15,slowness_offset_m,0.0002,46,46,0.00020612255702,0.0001381272736873913,0.00230127916526907,0.0018358991295488846,0.043478260869565216,0.5217391304347826,0.021739130434782608
allbursts,outbound,3_15,slowness_offset_m,0.0005,46,46,0.00052652032652,0.00015522424305739133,0.0022884008488089,0.0018402344002437924,0.08695652173913043,0.6304347826086957,0.06521739130434782
allbursts,outbound,3_15,slowness_offset_m,0.001,46,46,0.00106480814847,0.00018542532668108693,0.00231149015208132,0.0018503939885221778,0.15217391304347827,0.7391304347826086,0.15217391304347827
allbursts,outbound,3_15,slowness_offset_m,0.002,46,46,0.00210060503147,0.00024808796974006513,0.00231089355658413,0.0018591362299724802,0.34782608695652173,0.8913043478260869,0.34782608695652173
allbursts,outbound,3_15,slowness_offset_m,0.005,46,46,0.00536572298297,0.000466654727991739,0.002359199340603,0.0018992796638920746,0.8913043478260869,1.0,0.8913043478260869
allbursts,outbound,3_15,slowness_offset_m,0.01,46,46,0.010799447163469998,0.0008565290713830425,0.0022184974649040023,0.0020122754490376903,1.0,1.0,1.0
allbursts,outbound,3_15,slowness_offset_p,-0.01,46,46,-0.009159624006049999,0.0008430263006891312,0.0010335640684551001,0.001283217369463834,1.0,1.0,1.0
allbursts,outbound,3_15,slowness_offset_p,-0.005,46,46,-0.00454478149555,0.00045413464825434774,0.0009754015125582001,0.0010618065781240686,1.0,1.0,1.0
allbursts,outbound,3_15,slowness_offset_p,-0.002,46,46,-0.0018316253240499999,0.00022109875983478266,0.0009381258002571001,0.0009834534210191907,0.41304347826086957,0.9782608695652174,0.41304347826086957
allbursts,outbound,3_15,slowness_offset_p,-0.001,46,46,-0.00092369441805,0.00014637639474608696,0.0009647206035927598,0.0009664010273354212,0.15217391304347827,0.782608695652174,0.15217391304347827
allbursts,outbound,3_15,slowness_offset_p,-0.0005,46,46,-0.00045829345380000004,0.00010999371070695652,0.000970401593533932,0.0009602368157460736,0.043478260869565216,0.6304347826086957,0.043478260869565216
allbursts,outbound,3_15,slowness_offset_p,-0.0002,46,46,-0.00018207156305,8.762571475130437e-05,0.00097432942181442,0.0009570218991787411,0.06521739130434782,0.5652173913043478,0.043478260869565216
allbursts,outbound,3_15,slowness_offset_p,-0.0001,46,46,-9.125887585e-05,8.037431275891307e-05,0.0009754098438806398,0.0009558057137240636,0.06521739130434782,0.5434782608695652,0.043478260869565216
allbursts,outbound,3_15,slowness_offset_p,0.0,46,46,-6.776263578034403e-21,7.313542476904349e-05,0.0009766839365763901,0.0009548252619886191,0.06521739130434782,nan,0.06521739130434782
allbursts,outbound,3_15,slowness_offset_p,0.0001,46,46,9.1158905285e-05,6.56602961734782e-05,0.00097458872195685,0.0009541728147793314,0.06521739130434782,0.6086956521739131,0.043478260869565216
allbursts,outbound,3_15,slowness_offset_p,0.0002,46,46,0.00018234112701999997,5.829598909095648e-05,0.0009705328365921301,0.0009534518767804152,0.06521739130434782,0.6521739130434783,0.043478260869565216
allbursts,outbound,3_15,slowness_offset_p,0.0005,46,46,0.00046264710065,3.620930708608696e-05,0.0009548726318352899,0.0009524476549147844,0.06521739130434782,0.6956521739130435,0.06521739130434782
allbursts,outbound,3_15,slowness_offset_p,0.001,46,46,0.00093830090915,-1.4750194934782915e-06,0.00096824295725976,0.0009512685007088898,0.1956521739130435,0.8260869565217391,0.1956521739130435
allbursts,outbound,3_15,slowness_offset_p,0.002,46,46,0.00187319718495,-7.132758513913055e-05,0.0009749057489093996,0.0009616406721334752,0.45652173913043476,0.9565217391304348,0.45652173913043476
allbursts,outbound,3_15,slowness_offset_p,0.005,46,46,0.00464137449745,-0.0002838686564630438,0.0010107766124609998,0.0010242590291833832,1.0,1.0,1.0
allbursts,outbound,3_15,slowness_offset_p,0.01,46,46,0.009276024622950001,-0.0006675059963978258,0.0009619764672587998,0.0012047757571327252,1.0,1.0,1.0
allbursts,outbound,60_120,aperture_200m,-0.01,46,44,0.0003635711353,0.010106012172220456,0.0043367420169994194,0.011075533703117669,0.0,0.4318181818181818,0.0
allbursts,outbound,60_120,aperture_200m,-0.005,46,42,-0.0006204971866,0.005295998958661905,0.0061407646869975,0.007467617886477298,0.0,0.5238095238095238,0.0
allbursts,outbound,60_120,aperture_200m,-0.002,46,44,-0.0006630410054500001,0.0021829468544295456,0.005488808830269029,0.005895261872478982,0.0,0.5454545454545454,0.0
allbursts,outbound,60_120,aperture_200m,-0.001,46,45,-0.0005901541047,0.0010765428924800003,0.006098356268797379,0.006052315306913948,0.0,0.5111111111111111,0.0
allbursts,outbound,60_120,aperture_200m,-0.0005,46,45,-4.126903100000001e-05,0.0006440899212215559,0.006323666284634999,0.0061850825010216146,0.044444444444444446,0.5111111111111111,0.022222222222222223
allbursts,outbound,60_120,aperture_200m,-0.0002,46,46,0.0011689702304999998,0.0007149328385070654,0.0062211573502596,0.006442597474786776,0.06521739130434782,0.45652173913043476,0.043478260869565216
allbursts,outbound,60_120,aperture_200m,-0.0001,46,46,0.0007474607516999999,0.0006063014164236958,0.0069664439411242195,0.006553779143019999,0.06521739130434782,0.45652173913043476,0.043478260869565216
allbursts,outbound,60_120,aperture_200m,0.0,46,46,0.0,-0.00021657767395519989,0.0070342469356908,0.0065715883635707115,0.06521739130434782,nan,0.06521739130434782
allbursts,outbound,60_120,aperture_200m,0.0001,46,46,-8.695036470000002e-05,-0.000126050020123478,0.006570022902076199,0.006582241505879442,0.06521739130434782,0.5,0.021739130434782608
allbursts,outbound,60_120,aperture_200m,0.0002,46,46,7.242923899999985e-06,-0.00011162052462717371,0.006832545589173359,0.006675845520952785,0.06521739130434782,0.5,0.021739130434782608
allbursts,outbound,60_120,aperture_200m,0.0005,46,46,0.00073517615625,-0.00010571121589565219,0.006346833566811151,0.006507742336719308,0.043478260869565216,0.5652173913043478,0.021739130434782608
allbursts,outbound,60_120,aperture_200m,0.001,46,44,0.001282210916,0.00011698154887954549,0.0075192342018675,0.0066015270244412045,0.022727272727272728,0.5681818181818182,0.022727272727272728
allbursts,outbound,60_120,aperture_200m,0.002,46,43,0.00039405195369999997,-0.0013006676768723253,0.0069681907093096206,0.006356981581517905,0.0,0.5348837209302325,0.0
allbursts,outbound,60_120,aperture_200m,0.005,46,43,0.0006797243321000001,-0.004244657773118604,0.006874485722381339,0.007949774435344142,0.023255813953488372,0.5581395348837209,0.023255813953488372
allbursts,outbound,60_120,aperture_200m,0.01,46,45,-0.001347886902,-0.010792061274837998,0.0058041089028971985,0.01219495170623185,0.0,0.4444444444444444,0.0
allbursts,outbound,60_120,aperture_800m,-0.01,46,35,0.0035882592050000004,0.012170531055857144,0.0078768265796892,0.014482322024449544,0.08571428571428572,0.45714285714285713,0.02857142857142857
allbursts,outbound,60_120,aperture_800m,-0.005,46,36,0.0032528247333000002,0.008638177385127777,0.01273925941456602,0.01374310649849238,0.16666666666666666,0.4166666666666667,0.0
allbursts,outbound,60_120,aperture_800m,-0.002,46,37,-0.0005729524929999996,0.004061638077208109,0.011437644838880398,0.011160212221578236,0.16216216216216217,0.5135135135135135,0.02702702702702703
allbursts,outbound,60_120,aperture_800m,-0.001,46,35,0.0007284488460000001,0.004299620837102859,0.007644425363219399,0.011008798561365786,0.2,0.42857142857142855,0.02857142857142857
allbursts,outbound,60_120,aperture_800m,-0.0005,46,34,0.00032986548700000037,0.002156817463355883,0.0071144741808230995,0.008626127420187877,0.11764705882352941,0.4411764705882353,0.029411764705882353
allbursts,outbound,60_120,aperture_800m,-0.0002,46,32,0.0010001858326500002,0.00232943598455,0.007967969083550488,0.008931857200688299,0.125,0.46875,0.03125
allbursts,outbound,60_120,aperture_800m,-0.0001,46,32,0.0010163016948000004,0.0015405352764124997,0.00817176959559408,0.00829133898193731,0.0625,0.46875,0.0
allbursts,outbound,60_120,aperture_800m,0.0,46,33,0.0,0.0013626956824545455,0.0086422875481992,0.00835470946331399,0.06060606060606061,nan,0.06060606060606061
allbursts,outbound,60_120,aperture_800m,0.0001,46,35,8.028274500000016e-05,0.0015150333045414292,0.008520830629999799,0.00844264822519276,0.02857142857142857,0.5428571428571428,0.02857142857142857
allbursts,outbound,60_120,aperture_800m,0.0002,46,34,0.00014057362900000026,0.001686651813841177,0.008321289761412599,0.008483154797071304,0.029411764705882353,0.5588235294117647,0.029411764705882353
allbursts,outbound,60_120,aperture_800m,0.0005,46,36,0.0005044475095000003,0.0018972333430355556,0.008525083104862798,0.00850093940337791,0.05555555555555555,0.6111111111111112,0.05555555555555555
allbursts,outbound,60_120,aperture_800m,0.001,46,35,0.0011128902590000001,0.0016148314059514287,0.0081410328827352,0.008091087673283062,0.08571428571428572,0.6571428571428571,0.08571428571428572
allbursts,outbound,60_120,aperture_800m,0.002,46,32,0.003153325900485,0.0006270311124146877,0.008299021649101238,0.007984742912559784,0.03125,0.65625,0.03125
allbursts,outbound,60_120,aperture_800m,0.005,46,32,0.0043591076535,-0.0018846746346999996,0.010902353622615001,0.00865620102608859,0.03125,0.625,0.03125
allbursts,outbound,60_120,aperture_800m,0.01,46,38,0.004057308445,-0.0047783314545,0.005759902894762799,0.009179436513939989,0.15789473684210525,0.7894736842105263,0.15789473684210525
allbursts,outbound,60_120,displaced_intercept,-0.01,46,45,0.001332853060665,0.01115051861266722,0.0054394499471675985,0.012707075668318666,0.1111111111111111,0.4666666666666667,0.044444444444444446
allbursts,outbound,60_120,displaced_intercept,-0.005,46,42,0.000422431418215,0.004819817050331666,0.007191521689954769,0.008936724692011587,0.19047619047619047,0.47619047619047616,0.09523809523809523
allbursts,outbound,60_120,displaced_intercept,-0.002,46,46,0.000123453773221,0.0026077567752565657,0.006632735314309725,0.006671403818223134,0.13043478260869565,0.45652173913043476,0.043478260869565216
allbursts,outbound,60_120,displaced_intercept,-0.001,46,43,0.000672807943765,0.0014746744927463954,0.006961236136939139,0.006058325580198417,0.09302325581395349,0.4418604651162791,0.046511627906976744
allbursts,outbound,60_120,displaced_intercept,-0.0005,46,43,0.001009481672665,0.000793912129720814,0.0046375199141754,0.0053062497467082324,0.06976744186046512,0.4418604651162791,0.046511627906976744
allbursts,outbound,60_120,displaced_intercept,-0.0002,46,43,0.000677767042565,0.00014038580262779062,0.00458884885613826,0.005355598771927416,0.06976744186046512,0.4883720930232558,0.06976744186046512
allbursts,outbound,60_120,displaced_intercept,-0.0001,46,42,-0.0006242843187349999,-7.48552551980953e-05,0.0061953781838949,0.005482687241011691,0.07142857142857142,0.5238095238095238,0.07142857142857142
allbursts,outbound,60_120,displaced_intercept,0.0,46,42,1.3552527156068805e-20,-0.0001327977984690478,0.005507904401659799,0.005389757861599748,0.07142857142857142,nan,0.07142857142857142
allbursts,outbound,60_120,displaced_intercept,0.0001,46,43,-0.000844912498935,-0.0009295993661373257,0.004975468916733841,0.005822789498227761,0.11627906976744186,0.46511627906976744,0.023255813953488372
allbursts,outbound,60_120,displaced_intercept,0.0002,46,43,-0.0006607560283349999,-0.0007861527474098837,0.0052097503006962005,0.005601300782001813,0.06976744186046512,0.4883720930232558,0.023255813953488372
allbursts,outbound,60_120,displaced_intercept,0.0005,46,43,-0.00015639952763500003,-0.00048492265839779103,0.00544871753046978,0.005925268927511743,0.06976744186046512,0.4883720930232558,0.023255813953488372
allbursts,outbound,60_120,displaced_intercept,0.001,46,45,0.001008938247865,-0.00036434939931944435,0.00589241562610008,0.005413861805631852,0.06666666666666667,0.5555555555555556,0.044444444444444446
allbursts,outbound,60_120,displaced_intercept,0.002,46,46,0.0015880482916650002,-0.0007282197024828261,0.0065028736278072,0.006003469760434758,0.08695652173913043,0.5652173913043478,0.06521739130434782
allbursts,outbound,60_120,displaced_intercept,0.005,46,46,0.0018603844606650002,-0.003984870001468044,0.006250199423445599,0.007170051519175712,0.08695652173913043,0.5652173913043478,0.06521739130434782
allbursts,outbound,60_120,displaced_intercept,0.01,46,44,-0.000610730173035,-0.010614484479702953,0.005527949887102019,0.011882729345716726,0.06818181818181818,0.4318181818181818,0.045454545454545456
allbursts,outbound,60_120,primary,-0.01,46,40,-0.0017683198861,0.007763429011182499,0.00964385677269714,0.01095213911950229,0.15,0.55,0.15
allbursts,outbound,60_120,primary,-0.005,46,42,-0.0010316147578,0.003916614068425,0.006871968978339779,0.007307834193535535,0.023809523809523808,0.5952380952380952,0.023809523809523808
allbursts,outbound,60_120,primary,-0.002,46,43,0.000745770478,0.0013866989637116279,0.008660929183867797,0.007269734092501305,0.09302325581395349,0.4186046511627907,0.046511627906976744
allbursts,outbound,60_120,primary,-0.001,46,41,-0.000316154681,0.00032960922898048764,0.006910329835529399,0.006917185360380322,0.12195121951219512,0.5609756097560976,0.07317073170731707
allbursts,outbound,60_120,primary,-0.0005,46,39,-0.0013575200882,-0.0013610591824128203,0.007206367400751119,0.006260276131703533,0.10256410256410256,0.6153846153846154,0.10256410256410256
allbursts,outbound,60_120,primary,-0.0002,46,40,-0.0006330192737999999,-0.0009942171635625,0.006514861320279479,0.005869509380042951,0.05,0.55,0.05
allbursts,outbound,60_120,primary,-0.0001,46,40,-0.00024791276049999987,-0.0002869812379075001,0.0058047226266498,0.005877276758351082,0.05,0.525,0.05
allbursts,outbound,60_120,primary,0.0,46,41,0.0,-0.00039684423471707286,0.0056457999335009995,0.005720571282105824,0.04878048780487805,nan,0.04878048780487805
allbursts,outbound,60_120,primary,0.0001,46,42,-0.0005395946811999998,-0.0006192394246247617,0.00646809247925862,0.0055926448862347366,0.023809523809523808,0.4523809523809524,0.0
allbursts,outbound,60_120,primary,0.0002,46,42,-0.00042828515249999986,-0.00058092552215,0.0059641176546609,0.00542319053860151,0.023809523809523808,0.4523809523809524,0.0
allbursts,outbound,60_120,primary,0.0005,46,42,0.00014883885400000004,-0.0003970455555347621,0.0058770442230758994,0.005534790869296663,0.023809523809523808,0.5476190476190477,0.0
allbursts,outbound,60_120,primary,0.001,46,43,0.0004862783970000003,-0.0015937008633279072,0.006929219272962,0.005835134026202852,0.046511627906976744,0.5348837209302325,0.0
allbursts,outbound,60_120,primary,0.002,46,41,-0.0024768919819999997,-0.0028094667435219515,0.005626270516952399,0.00675959171895546,0.024390243902439025,0.36585365853658536,0.024390243902439025
allbursts,outbound,60_120,primary,0.005,46,39,-0.003302490787,-0.007138578552361536,0.0045089213310498,0.008771113508008287,0.0,0.28205128205128205,0.0
allbursts,outbound,60_120,primary,0.01,46,45,-0.0032476793709999997,-0.012220218341373336,0.005829539916975599,0.013529117505266081,0.022222222222222223,0.37777777777777777,0.0
allbursts,outbound,60_120,reference_split,-0.01,46,43,-0.0009051518877000001,0.009934655174548836,0.00821113414525908,0.012003334488140846,0.023255813953488372,0.5116279069767442,0.023255813953488372
allbursts,outbound,60_120,reference_split,-0.005,46,41,-0.0004655501895,0.004709016023831707,0.0055909690993044,0.007973978597518114,0.04878048780487805,0.5121951219512195,0.024390243902439025
allbursts,outbound,60_120,reference_split,-0.002,46,42,-0.0002593474205000001,0.002492044062014524,0.0066241430022957,0.007116194687739232,0.047619047619047616,0.5,0.0
allbursts,outbound,60_120,reference_split,-0.001,46,39,-0.0007166587295000001,0.0014100102708025641,0.005026823379509399,0.006934706019108923,0.05128205128205128,0.5384615384615384,0.0
allbursts,outbound,60_120,reference_split,-0.0005,46,38,-0.00035031697600000004,-8.076521408157876e-05,0.006163782274387499,0.006123546677582605,0.02631578947368421,0.5526315789473685,0.02631578947368421
allbursts,outbound,60_120,reference_split,-0.0002,46,41,-0.0002757493325,-0.0003433398349634147,0.006161687567410199,0.006914231612504842,0.04878048780487805,0.5121951219512195,0.04878048780487805
allbursts,outbound,60_120,reference_split,-0.0001,46,41,-0.0001625135355,-0.0005971181790439024,0.0061988627824116,0.006885129869198229,0.04878048780487805,0.5365853658536586,0.04878048780487805
allbursts,outbound,60_120,reference_split,0.0,46,40,0.0,-0.0007703869771324998,0.0063482781659199,0.006970791693875735,0.05,nan,0.05
allbursts,outbound,60_120,reference_split,0.0001,46,40,-7.74968525000001e-05,-0.0006713747644849999,0.006727737292533599,0.006911792515893719,0.05,0.5,0.025
allbursts,outbound,60_120,reference_split,0.0002,46,40,-0.00053493289065,-0.0009650575772450001,0.00685021301690691,0.007162229693025799,0.075,0.475,0.025
allbursts,outbound,60_120,reference_split,0.0005,46,39,-0.0005942425008,-0.00138749782884359,0.00547075799550378,0.007292504104867581,0.05128205128205128,0.46153846153846156,0.02564102564102564
allbursts,outbound,60_120,reference_split,0.001,46,40,0.00017128701949999992,-0.0013775346722575,0.006545320977304199,0.006991875254654272,0.05,0.525,0.025
allbursts,outbound,60_120,reference_split,0.002,46,41,0.0003107897804999998,-0.002606288804270732,0.0065992412519544,0.007170670800589892,0.04878048780487805,0.5365853658536586,0.024390243902439025
allbursts,outbound,60_120,reference_split,0.005,46,40,-0.0014613984844500001,-0.0065093470298975,0.005868126825223529,0.008981402436419891,0.0,0.375,0.0
allbursts,outbound,60_120,reference_split,0.01,46,41,-0.0019306436079,-0.0125286277734,0.0053752951459460395,0.014018994877197075,0.0,0.2926829268292683,0.0
allbursts,outbound,60_120,slowness_offset_m,-0.01,46,43,8.099932709999997e-05,0.009642587213744187,0.00621604437079836,0.012362728379145893,0.09302325581395349,0.4883720930232558,0.06976744186046512
allbursts,outbound,60_120,slowness_offset_m,-0.005,46,46,-0.0004264683228,0.004278144005236305,0.0065573417327943,0.0076968026668727905,0.021739130434782608,0.5217391304347826,0.0
allbursts,outbound,60_120,slowness_offset_m,-0.002,46,42,0.0025383154127000002,0.0033398897472214284,0.0075963220822713,0.0078067351708982335,0.023809523809523808,0.40476190476190477,0.023809523809523808
allbursts,outbound,60_120,slowness_offset_m,-0.001,46,45,0.0015342138413000001,0.0018910794266088888,0.007936901029680839,0.0074153308863582545,0.06666666666666667,0.4444444444444444,0.022222222222222223
allbursts,outbound,60_120,slowness_offset_m,-0.0005,46,45,0.0020633747917,0.0015361402052777781,0.007929719102676,0.008589146215337136,0.08888888888888889,0.4666666666666667,0.022222222222222223
allbursts,outbound,60_120,slowness_offset_m,-0.0002,46,43,0.0010035523867,0.0015313848913255817,0.009002221638606,0.008632481473081016,0.09302325581395349,0.46511627906976744,0.0
allbursts,outbound,60_120,slowness_offset_m,-0.0001,46,44,0.0017854751542999998,0.0011349229942499996,0.008534035949383139,0.008680019974241783,0.09090909090909091,0.45454545454545453,0.0
allbursts,outbound,60_120,slowness_offset_m,0.0,46,44,0.0,9.229320139999998e-05,0.010652074492874218,0.008435115860164148,0.06818181818181818,nan,0.06818181818181818
allbursts,outbound,60_120,slowness_offset_m,0.0001,46,43,0.0013020683071,0.00046722642355581363,0.00960040920267744,0.00826438137498079,0.06976744186046512,0.5116279069767442,0.06976744186046512
allbursts,outbound,60_120,slowness_offset_m,0.0002,46,43,0.0017017826386999998,0.0006198746257232555,0.0087425250385578,0.008201879765228943,0.06976744186046512,0.5348837209302325,0.06976744186046512
allbursts,outbound,60_120,slowness_offset_m,0.0005,46,42,0.0009487592636,0.0007177541366476187,0.008974838507939639,0.007872039705838833,0.07142857142857142,0.5238095238095238,0.07142857142857142
allbursts,outbound,60_120,slowness_offset_m,0.001,46,42,0.0005632390282000002,-0.00028181019413333366,0.007892809642983301,0.007357039586646761,0.047619047619047616,0.5,0.047619047619047616
allbursts,outbound,60_120,slowness_offset_m,0.002,46,44,2.7058456899999955e-05,-0.0017250373660868184,0.006524720858466717,0.006306352677235934,0.022727272727272728,0.5,0.022727272727272728
allbursts,outbound,60_120,slowness_offset_m,0.005,46,42,0.000730090089635,-0.00474178574583643,0.0061419577419855684,0.0076118082774751855,0.023809523809523808,0.5714285714285714,0.0
allbursts,outbound,60_120,slowness_offset_m,0.01,46,43,-0.0021720953543,-0.012070949246136978,0.006222329140960799,0.013949263516001656,0.046511627906976744,0.32558139534883723,0.023255813953488372
allbursts,outbound,60_120,slowness_offset_p,-0.01,46,43,0.0004497456047,0.01031877810503907,0.006381225404095919,0.012052437161933079,0.09302325581395349,0.4186046511627907,0.046511627906976744
allbursts,outbound,60_120,slowness_offset_p,-0.005,46,41,-0.00040209015549999994,0.004004303185473098,0.004158415328293799,0.006028057851680156,0.024390243902439025,0.5853658536585366,0.024390243902439025
allbursts,outbound,60_120,slowness_offset_p,-0.002,46,41,0.0002177292742,0.001910525042717073,0.0047466929082682205,0.005772123463493912,0.04878048780487805,0.4878048780487805,0.024390243902439025
allbursts,outbound,60_120,slowness_offset_p,-0.001,46,43,-0.0010412919734999998,0.0005789293793860468,0.005048633994100199,0.004979991787741919,0.06976744186046512,0.5813953488372093,0.023255813953488372
allbursts,outbound,60_120,slowness_offset_p,-0.0005,46,42,-0.00041837361149999993,0.00033757581598571455,0.00406552279712166,0.004619345979692223,0.047619047619047616,0.5476190476190477,0.023809523809523808
allbursts,outbound,60_120,slowness_offset_p,-0.0002,46,43,-0.00040090092350000004,-0.00017762173940883707,0.0047780153259636,0.004554341107647407,0.023255813953488372,0.5348837209302325,0.0
allbursts,outbound,60_120,slowness_offset_p,-0.0001,46,43,-0.00039851563249999997,-0.0004897143099325582,0.004974793784578799,0.004840548870625604,0.046511627906976744,0.5813953488372093,0.023255813953488372
allbursts,outbound,60_120,slowness_offset_p,0.0,46,42,0.0,-0.0002249823228923809,0.0045821520133179,0.005236379343977853,0.07142857142857142,nan,0.07142857142857142
allbursts,outbound,60_120,slowness_offset_p,0.0001,46,43,0.0001795947155000001,-0.000377503497871,0.0042788506609632,0.004546953988728175,0.046511627906976744,0.5116279069767442,0.023255813953488372
allbursts,outbound,60_120,slowness_offset_p,0.0002,46,44,0.00045082510755,-0.0002369305352057043,0.00408161033975667,0.004752727316712908,0.045454545454545456,0.5681818181818182,0.022727272727272728
allbursts,outbound,60_120,slowness_offset_p,0.0005,46,44,0.0006686271795500001,-0.0005739277813113635,0.0044443632864981,0.005192222894569726,0.06818181818181818,0.6136363636363636,0.022727272727272728
allbursts,outbound,60_120,slowness_offset_p,0.001,46,43,0.0009565292266000001,-0.0005730380296720928,0.005522846852328539,0.0052409067454437215,0.046511627906976744,0.627906976744186,0.023255813953488372
allbursts,outbound,60_120,slowness_offset_p,0.002,46,42,0.00135041535996,-0.0013138789778233335,0.004646814038478695,0.0056229188577099935,0.09523809523809523,0.6190476190476191,0.047619047619047616
allbursts,outbound,60_120,slowness_offset_p,0.005,46,40,0.0021459572944500004,-0.0030173249147245,0.005628090773987429,0.006037234341766073,0.075,0.625,0.075
allbursts,outbound,60_120,slowness_offset_p,0.01,46,45,0.00117079785837,-0.008010757247893999,0.005683327734311262,0.009758910982673823,0.13333333333333333,0.5333333333333333,0.13333333333333333
allbursts,return,15_30,aperture_200m,-0.01,46,46,-0.00995381263391,0.0001251201735465227,0.0009918723949889994,0.0011852906535847595,1.0,1.0,1.0
allbursts,return,15_30,aperture_200m,-0.005,46,46,-0.00503859308641,0.0001011529502204349,0.0009840921401429998,0.001151034622226818,0.9782608695652174,1.0,0.9782608695652174
allbursts,return,15_30,aperture_200m,-0.002,46,46,-0.00195643806541,0.00011318864200130435,0.0009929181254012998,0.0011390659155445487,0.2608695652173913,0.9565217391304348,0.2608695652173913
allbursts,return,15_30,aperture_200m,-0.001,46,46,-0.00099041603091,0.00010562113456997823,0.0010287773754505802,0.0011364575287086999,0.043478260869565216,0.7608695652173914,0.043478260869565216
allbursts,return,15_30,aperture_200m,-0.0005,46,46,-0.00050022951116,0.00010220400515369565,0.001050017757136635,0.0011366342705383177,0.043478260869565216,0.6956521739130435,0.043478260869565216
allbursts,return,15_30,aperture_200m,-0.0002,46,46,-0.00019979377121,0.00010114943689478263,0.00104732510953623,0.0011330374948478837,0.043478260869565216,0.5869565217391305,0.043478260869565216
allbursts,return,15_30,aperture_200m,-0.0001,46,46,-0.00010047529170999998,0.00010160197945260868,0.00104802811998276,0.0011327377644050677,0.06521739130434782,0.5217391304347826,0.043478260869565216
allbursts,return,15_30,aperture_200m,0.0,46,46,6.776263578034403e-21,0.00010190385884884782,0.001048474802143734,0.0011327496439689341,0.06521739130434782,nan,0.06521739130434782
allbursts,return,15_30,aperture_200m,0.0001,46,46,0.00010212234710900001,0.00010197541242560868,0.0010462376563596006,0.0011328229230943327,0.06521739130434782,0.5434782608695652,0.021739130434782608
allbursts,return,15_30,aperture_200m,0.0002,46,46,0.0002050732586,0.00010352617127493477,0.001038046820957664,0.001133477585307965,0.06521739130434782,0.5869565217391305,0.021739130434782608
allbursts,return,15_30,aperture_200m,0.0005,46,46,0.0005127454377400001,0.00010421885020586956,0.0010231423744567199,0.0011354976946503662,0.043478260869565216,0.717391304347826,0.043478260869565216
allbursts,return,15_30,aperture_200m,0.001,46,46,0.00097241122864,0.00010084764740608694,0.00105992088068748,0.0011384738348854376,0.13043478260869565,0.9130434782608695,0.13043478260869565
allbursts,return,15_30,aperture_200m,0.002,46,46,0.00198685908959,9.385886444434774e-05,0.0010912296931557001,0.0011401018982935978,0.32608695652173914,0.9565217391304348,0.32608695652173914
allbursts,return,15_30,aperture_200m,0.005,46,46,0.00502761064209,8.739597922043466e-05,0.0010413768181866002,0.0011494889313003011,0.9565217391304348,1.0,0.9565217391304348
allbursts,return,15_30,aperture_200m,0.01,46,46,0.010085317568090002,0.00010016111669869619,0.0011355163436106,0.0011097828794811649,1.0,1.0,1.0
allbursts,return,15_30,aperture_800m,-0.01,46,46,-0.0109597539258,-0.000640675534473913,0.0024150176679426007,0.002127236266342621,1.0,1.0,1.0
allbursts,return,15_30,aperture_800m,-0.005,46,46,-0.0054267730303,-0.0001719025910652175,0.0024702633262062004,0.0020146039324269284,0.7608695652173914,1.0,0.7608695652173914
allbursts,return,15_30,aperture_800m,-0.002,46,46,-0.0021631589408,8.797285278739131e-05,0.0024244215497021097,0.001996237050020563,0.2826086956521739,0.8043478260869565,0.2826086956521739
allbursts,return,15_30,aperture_800m,-0.001,46,46,-0.0011019866983,0.00017886381723260873,0.0024524142040635295,0.0020064729034097654,0.10869565217391304,0.6304347826086957,0.08695652173913043
allbursts,return,15_30,aperture_800m,-0.0005,46,46,-0.0005528312472499999,0.00022470927735434787,0.00242531191334544,0.002010010553796792,0.08695652173913043,0.6086956521739131,0.06521739130434782
allbursts,return,15_30,aperture_800m,-0.0002,46,46,-0.00022135688535,0.00025215907862863047,0.0024059600346627297,0.00201231614867231,0.08695652173913043,0.5652173913043478,0.043478260869565216
allbursts,return,15_30,aperture_800m,-0.0001,46,46,-0.00011054974790000002,0.0002619146038060869,0.00239965418259546,0.002013094521983521,0.08695652173913043,0.5434782608695652,0.043478260869565216
allbursts,return,15_30,aperture_800m,0.0,46,46,-1.3552527156068805e-20,0.0002711909658365217,0.0023928816259135197,0.002013864754352064,0.06521739130434782,nan,0.06521739130434782
allbursts,return,15_30,aperture_800m,0.0001,46,46,0.00011080722867749999,0.0002800281010859783,0.0023855588388951585,0.0020141251220858743,0.043478260869565216,0.5217391304347826,0.043478260869565216
allbursts,return,15_30,aperture_800m,0.0002,46,46,0.000221399488895,0.0002888022938258694,0.002377965274201293,0.002014640921937502,0.043478260869565216,0.5434782608695652,0.043478260869565216
allbursts,return,15_30,aperture_800m,0.0005,46,46,0.0005531239040999999,0.0003149812661213044,0.0023660486879588994,0.0020181199493951754,0.06521739130434782,0.6956521739130435,0.06521739130434782
allbursts,return,15_30,aperture_800m,0.001,46,46,0.00110080969145,0.00035867607468695643,0.0023486611977149995,0.0020220457952273103,0.1956521739130435,0.717391304347826,0.1956521739130435
allbursts,return,15_30,aperture_800m,0.002,46,46,0.0021969485277000002,0.0004446313517173913,0.0023950689073243795,0.0020341892687185423,0.3695652173913043,0.8913043478260869,0.3695652173913043
allbursts,return,15_30,aperture_800m,0.005,46,46,0.0055329353161999995,0.000724960815569565,0.0024810603592236003,0.002108595480959074,0.8478260869565217,1.0,0.8478260869565217
allbursts,return,15_30,aperture_800m,0.01,46,46,0.0111819963642,0.0012325571430913038,0.0023569831649489998,0.0023380657823380414,1.0,1.0,1.0
allbursts,return,15_30,displaced_intercept,-0.01,46,46,-0.010160137442855,-0.00021268203026804342,0.0014287344392201996,0.0014803372680505333,1.0,1.0,1.0
allbursts,return,15_30,displaced_intercept,-0.005,46,46,-0.005088309282355,-0.0001363506586810869,0.0014096042490453007,0.0014241752282175882,0.9130434782608695,1.0,0.9130434782608695
allbursts,return,15_30,displaced_intercept,-0.002,46,46,-0.002034095542855,-0.00010035250028760871,0.0013968214912701003,0.0013909719746049624,0.34782608695652173,0.9130434782608695,0.34782608695652173
allbursts,return,15_30,displaced_intercept,-0.001,46,46,-0.001015348741205,-8.214466216630439e-05,0.001387713719416017,0.001382719969414144,0.043478260869565216,0.8913043478260869,0.043478260869565216
allbursts,return,15_30,displaced_intercept,-0.0005,46,46,-0.0005076671745049999,-7.586434947239135e-05,0.0013590629741337598,0.001383374663208026,0.06521739130434782,0.6086956521739131,0.043478260869565216
allbursts,return,15_30,displaced_intercept,-0.0002,46,46,-0.000204070595855,-7.052483099369561e-05,0.0013493038684565999,0.0013813880749818056,0.06521739130434782,0.5652173913043478,0.021739130434782608
allbursts,return,15_30,displaced_intercept,-0.0001,46,46,-0.0001019314480055,-6.813374276764999e-05,0.0013452712854874712,0.0013806273110857816,0.06521739130434782,0.5434782608695652,0.021739130434782608
allbursts,return,15_30,displaced_intercept,0.0,46,46,0.0,-6.572398875826088e-05,0.001342042599364047,0.0013796171200332634,0.06521739130434782,nan,0.06521739130434782
allbursts,return,15_30,displaced_intercept,0.0001,46,46,0.000100917595645,-6.386153526021739e-05,0.0013404291753405001,0.0013789466929406875,0.06521739130434782,0.5434782608695652,0.043478260869565216
allbursts,return,15_30,displaced_intercept,0.0002,46,46,0.000201642425995,-6.186192580239134e-05,0.0013394946512700896,0.001378973941261016,0.043478260869565216,0.5652173913043478,0.043478260869565216
allbursts,return,15_30,displaced_intercept,0.0005,46,46,0.000506219796245,-5.96795846267392e-05,0.00133353059958594,0.0013835405325189263,0.043478260869565216,0.6304347826086957,0.043478260869565216
allbursts,return,15_30,displaced_intercept,0.001,46,46,0.0010136217376450001,-5.2741454360869575e-05,0.0013264429815083995,0.001379549147955192,0.08695652173913043,0.6956521739130435,0.08695652173913043
allbursts,return,15_30,displaced_intercept,0.002,46,46,0.0020370471376449997,-3.68842742941305e-05,0.0013020652546545002,0.0013701437089266534,0.13043478260869565,0.9565217391304348,0.13043478260869565
allbursts,return,15_30,displaced_intercept,0.005,46,46,0.005086657861645,9.516740623260754e-06,0.0011450489664222002,0.001342232260028721,0.9565217391304348,1.0,0.9565217391304348
allbursts,return,15_30,displaced_intercept,0.01,46,46,0.010122988102145,7.953917044934763e-05,0.001362297328154699,0.001290332620186438,1.0,1.0,1.0
allbursts,return,15_30,primary,-0.01,46,46,-0.01015719339146,-6.090313878608685e-05,0.0014887847563385995,0.001408362009002249,1.0,1.0,1.0
allbursts,return,15_30,primary,-0.005,46,46,-0.00504698436246,5.2336460866086886e-05,0.0013289276463854995,0.0013599842538571127,0.9782608695652174,1.0,0.9782608695652174
allbursts,return,15_30,primary,-0.002,46,46,-0.0020217359669599997,9.788528754021739e-05,0.0013278839478764995,0.001352969621166797,0.34782608695652173,0.8695652173913043,0.34782608695652173
allbursts,return,15_30,primary,-0.001,46,46,-0.00101575275446,0.00011386982492826089,0.0013261367489958002,0.0013511482633854859,0.17391304347826086,0.782608695652174,0.17391304347826086
allbursts,return,15_30,primary,-0.0005,46,46,-0.0005104948625100001,0.00012081041139260872,0.00133833653110458,0.0013497567945284581,0.043478260869565216,0.6304347826086957,0.021739130434782608
allbursts,return,15_30,primary,-0.0002,46,46,-0.00020497696931,0.0001219219794480435,0.00134296871280033,0.0013488573357774442,0.043478260869565216,0.5217391304347826,0.021739130434782608
allbursts,return,15_30,primary,-0.0001,46,46,-0.00010253447141,0.0001235101030443478,0.00134622922744653,0.0013483222503910602,0.043478260869565216,0.5217391304347826,0.021739130434782608
allbursts,return,15_30,primary,0.0,46,46,3.3881317890172014e-21,0.00012485948581652173,0.0013483374305168039,0.0013476774677951822,0.06521739130434782,nan,0.06521739130434782
allbursts,return,15_30,primary,0.0001,46,46,0.00010162683923000001,0.00012587322175260874,0.001350569483363856,0.0013472352520428011,0.08695652173913043,0.5869565217391305,0.06521739130434782
allbursts,return,15_30,primary,0.0002,46,46,0.00020268620554,0.00012730317165239127,0.0013531223714736,0.0013468345186508459,0.13043478260869565,0.6304347826086957,0.10869565217391304
allbursts,return,15_30,primary,0.0005,46,46,0.00050591778569,0.00013198356247130436,0.0013512657409232099,0.0013461522589034204,0.15217391304347827,0.6956521739130435,0.13043478260869565
allbursts,return,15_30,primary,0.001,46,46,0.00101511834379,0.00014057854671239124,0.0013556944758510508,0.001344233537316699,0.15217391304347827,0.7608695652173914,0.15217391304347827
allbursts,return,15_30,primary,0.002,46,46,0.00203629713454,0.00015624676972478258,0.0013750890178535996,0.0013416390665600424,0.41304347826086957,0.9782608695652174,0.41304347826086957
allbursts,return,15_30,primary,0.005,46,46,0.00514338631854,0.0002086897816704345,0.001434774348504,0.001330019350222067,0.9782608695652174,1.0,0.9782608695652174
allbursts,return,15_30,primary,0.01,46,46,0.010250581748539999,0.00031219628601826044,0.001481418037180199,0.0013317945660606218,1.0,1.0,1.0
allbursts,return,15_30,reference_split,-0.01,46,46,-0.0102791935209449,-0.00021516515148837847,0.0017950441536657015,0.0015547795352214336,1.0,1.0,1.0
allbursts,return,15_30,reference_split,-0.005,46,46,-0.0051271005524449005,-6.783860144490025e-05,0.0016929701125722,0.0014715166060408577,0.9347826086956522,1.0,0.9347826086956522
allbursts,return,15_30,reference_split,-0.002,46,46,-0.0020416781859449,-1.413330855598698e-05,0.0016495553901485402,0.0014551579573877083,0.34782608695652173,0.9130434782608695,0.34782608695652173
allbursts,return,15_30,reference_split,-0.001,46,46,-0.0010221896964449002,1.1903891624261543e-06,0.0016486040792654995,0.0014519506239338426,0.13043478260869565,0.6956521739130435,0.13043478260869565
allbursts,return,15_30,reference_split,-0.0005,46,46,-0.0005118345424949,3.871497687708681e-06,0.0016464967108100698,0.0014537057940241197,0.043478260869565216,0.6304347826086957,0.043478260869565216
allbursts,return,15_30,reference_split,-0.0002,46,46,-0.0002053037549449,5.620367963143519e-06,0.0016472846794256999,0.0014522122961759115,0.043478260869565216,0.6086956521739131,0.021739130434782608
allbursts,return,15_30,reference_split,-0.0001,46,46,-0.0001026693982449,6.568743720100017e-06,0.0016457266116757198,0.0014513471985341672,0.043478260869565216,0.5217391304347826,0.021739130434782608
allbursts,return,15_30,reference_split,0.0,46,46,0.0,7.555651362704357e-06,0.0016449169864178087,0.0014505338477149297,0.06521739130434782,nan,0.06521739130434782
allbursts,return,15_30,reference_split,0.0001,46,46,0.0001021286410551,7.956191844013031e-06,0.00164378794382649,0.0014497690692068517,0.06521739130434782,0.5434782608695652,0.043478260869565216
allbursts,return,15_30,reference_split,0.0002,46,46,0.00020430702345509998,8.499197117056416e-06,0.00164165505552552,0.00144921669523227,0.10869565217391304,0.5652173913043478,0.08695652173913043
allbursts,return,15_30,reference_split,0.0005,46,46,0.0005100318435051,7.289878322056552e-06,0.0016372961455498197,0.0014474830180953892,0.10869565217391304,0.5869565217391305,0.08695652173913043
allbursts,return,15_30,reference_split,0.001,46,46,0.0010245075423051,1.1792593953360838e-05,0.0016354480750722237,0.0014428993138076492,0.15217391304347827,0.7391304347826086,0.13043478260869565
allbursts,return,15_30,reference_split,0.002,46,46,0.0020596470685551,2.671857293466513e-05,0.00154836064546002,0.0014248124682845911,0.32608695652173914,0.9347826086956522,0.32608695652173914
allbursts,return,15_30,reference_split,0.005,46,46,0.0051295632260551,6.731544918553434e-05,0.0014701738305051004,0.0013876528781409728,0.9782608695652174,1.0,0.9782608695652174
allbursts,return,15_30,reference_split,0.01,46,46,0.0101601848590551,0.0001764857034464037,0.0014169102082904994,0.0013644604201637459,1.0,1.0,1.0
allbursts,return,15_30,slowness_offset_m,-0.01,46,46,-0.01097843032733,-0.0012622408510691299,0.0022535413593798015,0.0023605324212299683,1.0,1.0,1.0
allbursts,return,15_30,slowness_offset_m,-0.005,46,46,-0.00550033174583,-0.0006715651006995651,0.0021727958054417996,0.0020605598688084054,0.8478260869565217,1.0,0.8478260869565217
allbursts,return,15_30,slowness_offset_m,-0.002,46,46,-0.00220521392883,-0.00032975710517880427,0.00227637624649071,0.0019277163866842214,0.2826086956521739,0.9130434782608695,0.2826086956521739
allbursts,return,15_30,slowness_offset_m,-0.001,46,46,-0.00109883541573,-0.0002241927869750216,0.00230749192362213,0.001909333398167038,0.15217391304347827,0.717391304347826,0.15217391304347827
allbursts,return,15_30,slowness_offset_m,-0.0005,46,46,-0.00055089241198,-0.00017663202914282612,0.0022944913977782995,0.001903254380259897,0.06521739130434782,0.6086956521739131,0.06521739130434782
allbursts,return,15_30,slowness_offset_m,-0.0002,46,46,-0.000218838452935,-0.00014600848104760864,0.002279701401978,0.0018994702590489152,0.06521739130434782,0.5652173913043478,0.06521739130434782
allbursts,return,15_30,slowness_offset_m,-0.0001,46,46,-0.00010902461679500001,-0.00014390906261108695,0.0022737183459564003,0.001894315413678134,0.043478260869565216,0.5217391304347826,0.043478260869565216
allbursts,return,15_30,slowness_offset_m,0.0,46,46,-1.3552527156068805e-20,-0.00013393889708739122,0.0022681833768740996,0.0018930613821253315,0.06521739130434782,nan,0.06521739130434782
allbursts,return,15_30,slowness_offset_m,0.0001,46,46,0.00011155180637,-0.00012306355253282608,0.0022619379666282,0.0018919676026198297,0.06521739130434782,0.5217391304347826,0.021739130434782608
allbursts,return,15_30,slowness_offset_m,0.0002,46,46,0.00022338549212,-0.00011230929038695649,0.002255468052936,0.001891083210375303,0.08695652173913043,0.5217391304347826,0.043478260869565216
allbursts,return,15_30,slowness_offset_m,0.0005,46,46,0.00047059476542,-8.689239365021737e-05,0.00228755020009068,0.0018918743446816465,0.06521739130434782,0.6304347826086957,0.043478260869565216
allbursts,return,15_30,slowness_offset_m,0.001,46,46,0.00103085482267,-3.4890622801739176e-05,0.0022959438173796596,0.0018928366176945853,0.06521739130434782,0.717391304347826,0.06521739130434782
allbursts,return,15_30,slowness_offset_m,0.002,46,46,0.00214860748117,7.011075963130442e-05,0.0022924809207169796,0.0018952768178530533,0.2608695652173913,0.8478260869565217,0.2608695652173913
allbursts,return,15_30,slowness_offset_m,0.005,46,46,0.00547991786617,0.0004042204096765218,0.0021985758265254,0.0019264794130585048,0.8260869565217391,1.0,0.8260869565217391
allbursts,return,15_30,slowness_offset_m,0.01,46,46,0.01108456678267,0.001001255932191739,0.0020561097954494996,0.0021206745726491207,1.0,1.0,1.0
allbursts,return,15_30,slowness_offset_p,-0.01,46,46,-0.00943673282833,0.0005351045144526084,0.0011739691572861016,0.0011000799504577456,1.0,1.0,1.0
allbursts,return,15_30,slowness_offset_p,-0.005,46,46,-0.004756817152329999,0.0002709308532786961,0.0010818161238654,0.00095213387475337,1.0,1.0,1.0
allbursts,return,15_30,slowness_offset_p,-0.002,46,46,-0.0019231409883300001,0.00010121399612630439,0.0010168582836215998,0.0009182120060079675,0.5652173913043478,1.0,0.5652173913043478
allbursts,return,15_30,slowness_offset_p,-0.001,46,46,-0.00096097918563,5.128610271423912e-05,0.0010501049484349198,0.0009115833132580939,0.2391304347826087,0.8478260869565217,0.2391304347826087
allbursts,return,15_30,slowness_offset_p,-0.0005,46,46,-0.00047778686148000003,2.5109148835717344e-05,0.0010734114147269102,0.0009097492104964048,0.06521739130434782,0.6739130434782609,0.06521739130434782
allbursts,return,15_30,slowness_offset_p,-0.0002,46,46,-0.000192536844355,7.67672407508698e-06,0.001079601307940925,0.0009108513830930148,0.043478260869565216,0.5652173913043478,0.043478260869565216
allbursts,return,15_30,slowness_offset_p,-0.0001,46,46,-9.6278024965e-05,2.229610804347819e-06,0.001081958269274589,0.0009113966802804268,0.043478260869565216,0.5217391304347826,0.043478260869565216
allbursts,return,15_30,slowness_offset_p,0.0,46,46,6.776263578034403e-21,-3.2193719556521815e-06,0.0010942496516227079,0.0009119516152676228,0.06521739130434782,nan,0.06521739130434782
allbursts,return,15_30,slowness_offset_p,0.0001,46,46,9.501821967000001e-05,-8.752060256521783e-06,0.0011052167709880499,0.0009120980709452403,0.06521739130434782,0.5434782608695652,0.043478260869565216
allbursts,return,15_30,slowness_offset_p,0.0002,46,46,0.00019094726757000002,-1.3654024786087e-05,0.0011109884306369098,0.0009121107150333304,0.10869565217391304,0.5652173913043478,0.08695652173913043
allbursts,return,15_30,slowness_offset_p,0.0005,46,46,0.00047536568197000006,-2.4575877121739156e-05,0.0011045679254051398,0.0009169127080120999,0.08695652173913043,0.6739130434782609,0.08695652173913043
allbursts,return,15_30,slowness_offset_p,0.001,46,46,0.0009444121326699999,-4.2070815253913086e-05,0.0010570751797300798,0.0009083206362861094,0.21739130434782608,0.9130434782608695,0.21739130434782608
allbursts,return,15_30,slowness_offset_p,0.002,46,46,0.00188280985417,-9.816719637565223e-05,0.0010010038833206999,0.0009083860738355412,0.5434782608695652,0.9782608695652174,0.5434782608695652
allbursts,return,15_30,slowness_offset_p,0.005,46,46,0.00473454313217,-0.0002488273087213042,0.0009529920298667986,0.0009280947388757018,1.0,1.0,1.0
allbursts,return,15_30,slowness_offset_p,0.01,46,46,0.009471083134669999,-0.00047645590269956595,0.0009732668502522,0.0010671492675833998,1.0,1.0,1.0
allbursts,return,3_15,aperture_200m,-0.01,46,46,-0.009979952875555,7.904173022760936e-05,0.0011225352228509987,0.000997320707139749,1.0,1.0,1.0
allbursts,return,3_15,aperture_200m,-0.005,46,46,-0.004960840385555,7.287528572760904e-05,0.0010284877364937002,0.0009796789020990427,1.0,1.0,1.0
allbursts,return,3_15,aperture_200m,-0.002,46,46,-0.001992298386055,7.326625889891302e-05,0.0010136394552396,0.0009726552827779981,0.5869565217391305,0.9782608695652174,0.5869565217391305
allbursts,return,3_15,aperture_200m,-0.001,46,46,-0.000999843229555,8.211052929434782e-05,0.0010024044251172,0.000975208412558246,0.15217391304347827,0.8043478260869565,0.15217391304347827
allbursts,return,3_15,aperture_200m,-0.0005,46,46,-0.000503919408405,8.636938301391302e-05,0.0009562622342676902,0.00097803548279887,0.10869565217391304,0.717391304347826,0.10869565217391304
allbursts,return,3_15,aperture_200m,-0.0002,46,46,-0.00020073040770499998,8.635745423347828e-05,0.0009683159804988601,0.0009825318544122378,0.021739130434782608,0.5652173913043478,0.0
allbursts,return,3_15,aperture_200m,-0.0001,46,46,-9.992654720499999e-05,8.727096434499998e-05,0.0009695817369795899,0.0009823878213690304,0.043478260869565216,0.5652173913043478,0.0
allbursts,return,3_15,aperture_200m,0.0,46,46,0.0,8.850211445789127e-05,0.000969080004761253,0.0009819812546883056,0.06521739130434782,nan,0.06521739130434782
allbursts,return,3_15,aperture_200m,0.0001,46,46,9.832039112750001e-05,9.54079911185869e-05,0.0009677349488657446,0.000979565588133793,0.08695652173913043,0.5869565217391305,0.08695652173913043
allbursts,return,3_15,aperture_200m,0.0002,46,46,0.000196964971245,9.656560243478256e-05,0.0009666200214602399,0.0009790529799435512,0.08695652173913043,0.5869565217391305,0.08695652173913043
allbursts,return,3_15,aperture_200m,0.0005,46,46,0.000491773241945,0.00010293938783782605,0.00095926882030539,0.000987389718880606,0.10869565217391304,0.7391304347826086,0.10869565217391304
allbursts,return,3_15,aperture_200m,0.001,46,46,0.000992847810295,0.00011062591422086952,0.0009335098631871599,0.0009869965321886109,0.2608695652173913,0.8913043478260869,0.2608695652173913
allbursts,return,3_15,aperture_200m,0.002,46,46,0.002043083593945,0.00011484901445586948,0.0009898316894928004,0.0009837589823074916,0.5869565217391305,1.0,0.5869565217391305
allbursts,return,3_15,aperture_200m,0.005,46,46,0.005050633662945001,0.00011962861803195676,0.0009130457272356002,0.0009667762365724204,1.0,1.0,1.0
allbursts,return,3_15,aperture_200m,0.01,46,46,0.010090190925945,0.0001284499238363044,0.0010073879767119006,0.000982014847126242,1.0,1.0,1.0
allbursts,return,3_15,aperture_800m,-0.01,46,46,-0.011073794973950002,-0.0009296287038195657,0.0017486838232079977,0.00205986624249305,1.0,1.0,1.0
allbursts,return,3_15,aperture_800m,-0.005,46,46,-0.00548646885295,-0.0005103350597760869,0.0017599917987329995,0.0018705592603046337,0.8478260869565217,1.0,0.8478260869565217
allbursts,return,3_15,aperture_800m,-0.002,46,46,-0.00217896802895,-0.00025122661842323895,0.0017225641973977498,0.0018034292833004027,0.2608695652173913,0.8913043478260869,0.2608695652173913
allbursts,return,3_15,aperture_800m,-0.001,46,46,-0.0010487585824,-0.00016338326984956513,0.0018072283729222798,0.001806353795733998,0.13043478260869565,0.7608695652173914,0.13043478260869565
allbursts,return,3_15,aperture_800m,-0.0005,46,46,-0.00052622841455,-0.00012175232785323907,0.00184011194929212,0.0018044081637975452,0.08695652173913043,0.6086956521739131,0.08695652173913043
allbursts,return,3_15,aperture_800m,-0.0002,46,46,-0.00021170139897499997,-9.697245862673901e-05,0.0018345039218331,0.001801008571923618,0.06521739130434782,0.5434782608695652,0.043478260869565216
allbursts,return,3_15,aperture_800m,-0.0001,46,46,-0.00010625243713499999,-8.825804993630433e-05,0.0018233520648293998,0.0018002374074027256,0.06521739130434782,0.5434782608695652,0.043478260869565216
allbursts,return,3_15,aperture_800m,0.0,46,46,1.3552527156068805e-20,-7.941741927869557e-05,0.0018060317154608401,0.001799708608052935,0.06521739130434782,nan,0.06521739130434782
allbursts,return,3_15,aperture_800m,0.0001,46,46,0.00010663298170000001,-7.038134854478253e-05,0.0017878125783898798,0.0017992853781584146,0.06521739130434782,0.5217391304347826,0.043478260869565216
allbursts,return,3_15,aperture_800m,0.0002,46,46,0.00021368445705000002,-6.150183739326098e-05,0.0017713304833517996,0.001799019455305455,0.06521739130434782,0.5434782608695652,0.043478260869565216
allbursts,return,3_15,aperture_800m,0.0005,46,46,0.0005613823798000001,-3.226757826728257e-05,0.0017378940822104397,0.0018003285096530792,0.043478260869565216,0.6304347826086957,0.043478260869565216
allbursts,return,3_15,aperture_800m,0.001,46,46,0.00112093098505,7.576512218000015e-06,0.00169656999947337,0.001794714860785486,0.10869565217391304,0.717391304347826,0.10869565217391304
allbursts,return,3_15,aperture_800m,0.002,46,46,0.00219860490055,9.651791185978267e-05,0.0017148607742196,0.0018030575224185844,0.1956521739130435,0.8695652173913043,0.1956521739130435
allbursts,return,3_15,aperture_800m,0.005,46,46,0.00541444393155,0.00035566997152826064,0.0017022985405922997,0.0018230494653655898,0.8695652173913043,1.0,0.8695652173913043
allbursts,return,3_15,aperture_800m,0.01,46,46,0.010950294571049998,0.0007920298830717381,0.0016645853552852993,0.001926326283254004,1.0,1.0,1.0
allbursts,return,3_15,displaced_intercept,-0.01,46,46,-0.009906575299269,0.0003185636055353485,0.0013373250794421006,0.0015343450104282287,1.0,1.0,1.0
allbursts,return,3_15,displaced_intercept,-0.005,46,46,-0.0049575261777689995,0.00029985717827447873,0.0013135963918728003,0.0014698319628419134,0.9347826086956522,1.0,0.9347826086956522
allbursts,return,3_15,displaced_intercept,-0.002,46,46,-0.001925936074269,0.00027478289676795644,0.0013309818257505,0.0014353395254831287,0.30434782608695654,0.8260869565217391,0.30434782608695654
allbursts,return,3_15,displaced_intercept,-0.001,46,46,-0.0009381296423190001,0.0002503452060155653,0.0012882048007066137,0.0014237044065890042,0.15217391304347827,0.7391304347826086,0.13043478260869565
allbursts,return,3_15,displaced_intercept,-0.0005,46,46,-0.000487236550119,0.00022267383153686958,0.00121219069121787,0.0014138291532783556,0.08695652173913043,0.6304347826086957,0.043478260869565216
allbursts,return,3_15,displaced_intercept,-0.0002,46,46,-0.00020427226286900003,0.00019800470900550003,0.0011802384857247598,0.0014017368389746367,0.06521739130434782,0.5652173913043478,0.021739130434782608
allbursts,return,3_15,displaced_intercept,-0.0001,46,46,-0.000105366079994,0.00018957535206491307,0.0011774881555327798,0.0013985750610302017,0.043478260869565216,0.5217391304347826,0.0
allbursts,return,3_15,displaced_intercept,0.0,46,46,0.0,0.0001831790645209565,0.0011748012203531097,0.0013968501170318192,0.06521739130434782,nan,0.06521739130434782
allbursts,return,3_15,displaced_intercept,0.0001,46,46,0.000103287863531,0.0001776837020494783,0.00118250781140268,0.0013947325378864536,0.06521739130434782,0.5217391304347826,0.06521739130434782
allbursts,return,3_15,displaced_intercept,0.0002,46,46,0.00020207557103099998,0.00017324053129382603,0.0011899296932144999,0.0013924474250363622,0.06521739130434782,0.5869565217391305,0.06521739130434782
allbursts,return,3_15,displaced_intercept,0.0005,46,46,0.0004892078879809999,0.00015415549728843475,0.00124394763369492,0.0013901682804972502,0.17391304347826086,0.6521739130434783,0.17391304347826086
allbursts,return,3_15,displaced_intercept,0.001,46,46,0.000986166260981,0.0001263370140586087,0.0011827891168873501,0.0013921862095331219,0.17391304347826086,0.782608695652174,0.17391304347826086
allbursts,return,3_15,displaced_intercept,0.002,46,46,0.0019704697417310003,9.246044687926092e-05,0.0013405272137481004,0.001407366350693472,0.3695652173913043,0.9565217391304348,0.3695652173913043
allbursts,return,3_15,displaced_intercept,0.005,46,46,0.0048573556092310005,7.865665820926108e-05,0.001538399922343201,0.0013797579380110175,1.0,1.0,1.0
allbursts,return,3_15,displaced_intercept,0.01,46,46,0.009882878996231,0.00010277743599186981,0.0013119159374201986,0.0013568628905264884,1.0,1.0,1.0
allbursts,return,3_15,primary,-0.01,46,46,-0.01011857004455,0.00020923211549347782,0.0014598850787283003,0.0013315626805151472,1.0,1.0,1.0
allbursts,return,3_15,primary,-0.005,46,46,-0.00508252902355,0.0002444590139717392,0.0013062211514708992,0.0013123178725963024,0.9565217391304348,1.0,0.9565217391304348
allbursts,return,3_15,primary,-0.002,46,46,-0.0020421059810499997,0.0002669678368026088,0.0012797332889628004,0.0012958875582328544,0.41304347826086957,0.9347826086956522,0.41304347826086957
allbursts,return,3_15,primary,-0.001,46,46,-0.0010132819880499999,0.0002680052647541305,0.0012887510833722,0.001287768803998871,0.17391304347826086,0.6956521739130435,0.13043478260869565
allbursts,return,3_15,primary,-0.0005,46,46,-0.0005058750912000001,0.00026954164038041307,0.0013329847981130099,0.0012854637914891888,0.08695652173913043,0.5652173913043478,0.043478260869565216
allbursts,return,3_15,primary,-0.0002,46,46,-0.0002047708754,0.0002683013713065218,0.0013402851231816898,0.0013050069625111784,0.06521739130434782,0.5652173913043478,0.021739130434782608
allbursts,return,3_15,primary,-0.0001,46,46,-0.00010234150845000001,0.0002677068729293478,0.00134253553614684,0.0013049474829204394,0.06521739130434782,0.5217391304347826,0.021739130434782608
allbursts,return,3_15,primary,0.0,46,46,0.0,0.00026942560635656517,0.00134245063379763,0.0013058802371680885,0.06521739130434782,nan,0.06521739130434782
allbursts,return,3_15,primary,0.0001,46,46,0.00010475970165329999,0.00027141261923992606,0.00134368943764818,0.0013061699980533917,0.043478260869565216,0.5652173913043478,0.043478260869565216
allbursts,return,3_15,primary,0.0002,46,46,0.00021828773125749998,0.0002743818921896739,0.00134520452519481,0.001306281974770403,0.06521739130434782,0.5869565217391305,0.06521739130434782
allbursts,return,3_15,primary,0.0005,46,46,0.00053073514165,0.00027916514666326086,0.00134920261243635,0.0013049724939784848,0.10869565217391304,0.6304347826086957,0.10869565217391304
allbursts,return,3_15,primary,0.001,46,46,0.0010479242616,0.0002827531527263043,0.001344845010551217,0.0013045079054134785,0.2826086956521739,0.8695652173913043,0.2826086956521739
allbursts,return,3_15,primary,0.002,46,46,0.00205998039395,0.0002832526221739131,0.00133427819092491,0.001295004743309503,0.4782608695652174,0.9782608695652174,0.4782608695652174
allbursts,return,3_15,primary,0.005,46,46,0.005092234075950001,0.00030288105718913035,0.0013084638063608999,0.0012993743362604627,1.0,1.0,1.0
allbursts,return,3_15,primary,0.01,46,46,0.01013963110195,0.00032997131912391206,0.0012720967025046004,0.0012710772524651285,1.0,1.0,1.0
allbursts,return,3_15,reference_split,-0.01,46,46,-0.01002042626245,0.0001736745872456525,0.0013250795099009989,0.00127604344449438,1.0,1.0,1.0
allbursts,return,3_15,reference_split,-0.005,46,46,-0.004935912834449999,0.00018300145818043502,0.0013184020796520003,0.0012466423568059837,0.9565217391304348,1.0,0.9565217391304348
allbursts,return,3_15,reference_split,-0.002,46,46,-0.00188255538295,0.0001925166833369566,0.0012792652417797,0.0012357482578967275,0.4782608695652174,0.9565217391304348,0.4782608695652174
allbursts,return,3_15,reference_split,-0.001,46,46,-0.000883740312,0.00021100966851615656,0.0012680586499268101,0.0012341632312527495,0.17391304347826086,0.7391304347826086,0.13043478260869565
allbursts,return,3_15,reference_split,-0.0005,46,46,-0.00050121035725,0.00020591576183391305,0.0011879499599398201,0.0012312015031956539,0.13043478260869565,0.5869565217391305,0.08695652173913043
allbursts,return,3_15,reference_split,-0.0002,46,46,-0.0001976269535,0.00020877220054405657,0.0011947928692534803,0.0012308850687355055,0.10869565217391304,0.5434782608695652,0.06521739130434782
allbursts,return,3_15,reference_split,-0.0001,46,46,-9.87663251e-05,0.0002098024148293479,0.00119688014403111,0.0012342050202312626,0.08695652173913043,0.5217391304347826,0.043478260869565216
allbursts,return,3_15,reference_split,0.0,46,46,0.0,0.00020768015246586965,0.00119660122152942,0.0012393408469922903,0.06521739130434782,nan,0.06521739130434782
allbursts,return,3_15,reference_split,0.0001,46,46,0.00010034700456500001,0.00020696672782391303,0.00119549160358509,0.0012406802973609857,0.043478260869565216,0.5869565217391305,0.043478260869565216
allbursts,return,3_15,reference_split,0.0002,46,46,0.00020043136664,0.0002069928445259348,0.00119435165379453,0.0012404712694153118,0.043478260869565216,0.6304347826086957,0.043478260869565216
allbursts,return,3_15,reference_split,0.0005,46,46,0.0004986096312,0.00020747584337195657,0.00118277145674919,0.0012400114059036506,0.08695652173913043,0.6956521739130435,0.08695652173913043
allbursts,return,3_15,reference_split,0.001,46,46,0.00098371802735,0.00021190330853913044,0.0011781805616828099,0.0012466929924883215,0.2608695652173913,0.8695652173913043,0.2608695652173913
allbursts,return,3_15,reference_split,0.002,46,46,0.00201002767405,0.00022252036735434785,0.0011841768768185998,0.0012509661575575673,0.4782608695652174,0.9347826086956522,0.4782608695652174
allbursts,return,3_15,reference_split,0.005,46,46,0.00503472283255,0.0002364424805282608,0.0011900213253074991,0.0012399375770205886,1.0,1.0,1.0
allbursts,return,3_15,reference_split,0.01,46,46,0.010152704688050001,0.0002562938298543477,0.001147607811707699,0.0012201657597859324,1.0,1.0,1.0
allbursts,return,3_15,slowness_offset_m,-0.01,46,46,-0.010769334627269998,-0.0006571574458352168,0.0017927613269873982,0.00208831906020199,1.0,1.0,1.0
allbursts,return,3_15,slowness_offset_m,-0.005,46,46,-0.00539118680627,-0.00023387836689165174,0.0018750695442905998,0.0019347885365694091,0.8913043478260869,0.9565217391304348,0.8913043478260869
allbursts,return,3_15,slowness_offset_m,-0.002,46,46,-0.00220207396777,1.0389821269130486e-05,0.00198865684845093,0.0019074459839667243,0.32608695652173914,0.8695652173913043,0.30434782608695654
allbursts,return,3_15,slowness_offset_m,-0.001,46,46,-0.00107991111827,0.00010659316992456518,0.00203319032986335,0.0019065019346547387,0.13043478260869565,0.6956521739130435,0.08695652173913043
allbursts,return,3_15,slowness_offset_m,-0.0005,46,46,-0.00053632713847,0.00015029804879454348,0.0020566068080405397,0.0019022789588345336,0.08695652173913043,0.6304347826086957,0.043478260869565216
allbursts,return,3_15,slowness_offset_m,-0.0002,46,46,-0.00021543106547,0.00017975048007153697,0.0020524212727158,0.001903126645620512,0.06521739130434782,0.5434782608695652,0.021739130434782608
allbursts,return,3_15,slowness_offset_m,-0.0001,46,46,-0.00010750489722,0.00019008830991695642,0.0020526475604712,0.0019041968102147687,0.06521739130434782,0.5434782608695652,0.021739130434782608
allbursts,return,3_15,slowness_offset_m,0.0,46,46,0.0,0.00020146405124934789,0.0020525239509200997,0.001905873037217693,0.06521739130434782,nan,0.06521739130434782
allbursts,return,3_15,slowness_offset_m,0.0001,46,46,0.000107752274635,0.00021347238940869562,0.0020546950659123,0.0019063096261288106,0.08695652173913043,0.5217391304347826,0.08695652173913043
allbursts,return,3_15,slowness_offset_m,0.0002,46,46,0.0002158516148,0.0002261512139619565,0.0020577328577148003,0.0019061893563934217,0.08695652173913043,0.5434782608695652,0.08695652173913043
allbursts,return,3_15,slowness_offset_m,0.0005,46,46,0.00055371624178,0.0002488819223745652,0.0020679407341805097,0.0019066206807548923,0.08695652173913043,0.5652173913043478,0.08695652173913043
allbursts,return,3_15,slowness_offset_m,0.001,46,46,0.00109708043518,0.00030381235423434784,0.0020650198904590498,0.0018917041791818628,0.17391304347826086,0.7608695652173914,0.17391304347826086
allbursts,return,3_15,slowness_offset_m,0.002,46,46,0.00221179909173,0.00038819782127478257,0.00206682858958926,0.0018992732996948429,0.30434782608695654,0.9347826086956522,0.30434782608695654
allbursts,return,3_15,slowness_offset_m,0.005,46,46,0.005413396986730001,0.0006517229810778263,0.0020571524109192,0.0019442724356759215,0.9347826086956522,1.0,0.9347826086956522
allbursts,return,3_15,slowness_offset_m,0.01,46,46,0.01085242319273,0.0010997736917734784,0.0018660102415290001,0.002076378918376999,1.0,1.0,1.0
allbursts,return,3_15,slowness_offset_p,-0.01,46,46,-0.009279879299150001,0.0006422097207630438,0.0008879608839486002,0.0011465247175768704,1.0,1.0,1.0
allbursts,return,3_15,slowness_offset_p,-0.005,46,46,-0.00460613141315,0.0003211836387195652,0.0009206225085750006,0.0009858388856749099,1.0,1.0,1.0
allbursts,return,3_15,slowness_offset_p,-0.002,46,46,-0.00183058623565,0.00011803467572217394,0.0008129972565162001,0.0009461895793054005,0.5,0.9565217391304348,0.5
allbursts,return,3_15,slowness_offset_p,-0.001,46,46,-0.0008987051066500001,3.8095547580434765e-05,0.0008154910871230201,0.000927288916229621,0.15217391304347827,0.8695652173913043,0.15217391304347827
allbursts,return,3_15,slowness_offset_p,-0.0005,46,46,-0.00044780446234999997,-1.4490580848478257e-05,0.00086210588266803,0.0009251822977851626,0.06521739130434782,0.7608695652173914,0.06521739130434782
allbursts,return,3_15,slowness_offset_p,-0.0002,46,46,-0.000186271671355,-5.027888304673911e-05,0.00085428112298697,0.0009307478582455571,0.06521739130434782,0.6521739130434783,0.043478260869565216
allbursts,return,3_15,slowness_offset_p,-0.0001,46,46,-9.173179635e-05,-6.221570922652174e-05,0.0008770535536455,0.0009315161519885928,0.06521739130434782,0.5652173913043478,0.043478260869565216
allbursts,return,3_15,slowness_offset_p,0.0,46,46,0.0,-7.469688917826089e-05,0.0008740374624368101,0.0009320989719781817,0.06521739130434782,nan,0.06521739130434782
allbursts,return,3_15,slowness_offset_p,0.0001,46,46,7.904015544999999e-05,-8.900916074934786e-05,0.0008692226814270299,0.0009333895185615457,0.08695652173913043,0.5217391304347826,0.06521739130434782
allbursts,return,3_15,slowness_offset_p,0.0002,46,46,0.00015926297189999998,-0.00010376325068195656,0.0008421730365005998,0.0009368164745908096,0.08695652173913043,0.5652173913043478,0.06521739130434782
allbursts,return,3_15,slowness_offset_p,0.0005,46,46,0.00040664969499999996,-0.0001455267206745652,0.0008454219147383102,0.000945838761262998,0.06521739130434782,0.6304347826086957,0.06521739130434782
allbursts,return,3_15,slowness_offset_p,0.001,46,46,0.00086683557685,-0.0002032909237402174,0.0008700880201166997,0.0009663975820063224,0.13043478260869565,0.8260869565217391,0.13043478260869565
allbursts,return,3_15,slowness_offset_p,0.002,46,46,0.00172319470035,-0.0002945110983130436,0.0009751340685681001,0.0009936913115647155,0.4782608695652174,0.9782608695652174,0.4782608695652174
allbursts,return,3_15,slowness_offset_p,0.005,46,46,0.00456061809185,-0.0004795337369326089,0.0008574467861483998,0.0010598783267934948,1.0,1.0,1.0
allbursts,return,3_15,slowness_offset_p,0.01,46,46,0.00926207716535,-0.0007736966217804351,0.0009965047505195999,0.0012142852649399032,1.0,1.0,1.0
allbursts,return,60_120,aperture_200m,-0.01,46,46,-0.000555567683385,0.008508228528119565,0.007064179652657399,0.010208942958371771,0.17391304347826086,0.5869565217391305,0.15217391304347827
allbursts,return,60_120,aperture_200m,-0.005,46,44,-0.0016691085748999999,0.003703043743447727,0.0040159514343858,0.006139785898097283,0.13636363636363635,0.6136363636363636,0.11363636363636363
allbursts,return,60_120,aperture_200m,-0.002,46,41,0.00021296687249999996,0.002428560665308293,0.0033852940864184397,0.004634897348973993,0.07317073170731707,0.43902439024390244,0.024390243902439025
allbursts,return,60_120,aperture_200m,-0.001,46,44,-0.00034381734480500004,0.0011749035430429543,0.004178749408060354,0.004230660328764799,0.045454545454545456,0.5454545454545454,0.045454545454545456
allbursts,return,60_120,aperture_200m,-0.0005,46,44,0.00012266757949999998,0.0008706061332063637,0.0043055182123674,0.004332201842654682,0.045454545454545456,0.4772727272727273,0.045454545454545456
allbursts,return,60_120,aperture_200m,-0.0002,46,43,0.0002204896875,-0.0002755362466348837,0.00463041487777176,0.005211303805833456,0.06976744186046512,0.4883720930232558,0.06976744186046512
allbursts,return,60_120,aperture_200m,-0.0001,46,43,0.0003218843253,-0.000390885037767442,0.004434149802913319,0.00570292842781848,0.06976744186046512,0.46511627906976744,0.06976744186046512
allbursts,return,60_120,aperture_200m,0.0,46,42,-2.710505431213761e-20,-9.727657659285722e-05,0.00396435213163626,0.005351400592686307,0.07142857142857142,nan,0.07142857142857142
allbursts,return,60_120,aperture_200m,0.0001,46,42,-0.00026918376895,-0.00015800787270476186,0.004624816808418031,0.005239162964236043,0.07142857142857142,0.5,0.047619047619047616
allbursts,return,60_120,aperture_200m,0.0002,46,42,-0.00038362916256,-0.00030589821237904754,0.0046638876396188165,0.005218975536114901,0.047619047619047616,0.47619047619047616,0.023809523809523808
allbursts,return,60_120,aperture_200m,0.0005,46,42,3.760258454999997e-05,-0.0002906768487428575,0.003992703829760099,0.005113441155780465,0.07142857142857142,0.5,0.047619047619047616
allbursts,return,60_120,aperture_200m,0.001,46,44,-0.0003540216426,-0.001223725802175,0.0059023051510584,0.005939656657129089,0.11363636363636363,0.5,0.045454545454545456
allbursts,return,60_120,aperture_200m,0.002,46,43,0.0005306019429,-0.002087626338919535,0.0041830203455854795,0.005548555489268638,0.13953488372093023,0.5348837209302325,0.06976744186046512
allbursts,return,60_120,aperture_200m,0.005,46,45,-0.0006072276843,-0.005799674466184445,0.00552461103142704,0.007845852088417414,0.1111111111111111,0.4888888888888889,0.06666666666666667
allbursts,return,60_120,aperture_200m,0.01,46,46,-0.0008009392835,-0.010762181379666523,0.003904467011592,0.011653991365144993,0.06521739130434782,0.391304347826087,0.0
allbursts,return,60_120,aperture_800m,-0.01,46,39,0.0008127242507,0.009694814130566668,0.0050911049199024,0.012705502242624712,0.15384615384615385,0.41025641025641024,0.10256410256410256
allbursts,return,60_120,aperture_800m,-0.005,46,36,-0.0020332755828,0.0029436763610750007,0.008537178366192,0.009686492317748735,0.16666666666666666,0.5833333333333334,0.1388888888888889
allbursts,return,60_120,aperture_800m,-0.002,46,31,0.0005861379817,0.0021078304224451615,0.006598778815671,0.006854394532914579,0.03225806451612903,0.4838709677419355,0.03225806451612903
allbursts,return,60_120,aperture_800m,-0.001,46,32,-0.0002669595343,0.0007008953178468748,0.007008178348014901,0.00660608575023483,0.03125,0.53125,0.03125
allbursts,return,60_120,aperture_800m,-0.0005,46,36,-0.0005027842286000001,0.00027979047850000007,0.00709486253527548,0.007076803199687211,0.08333333333333333,0.5555555555555556,0.0
allbursts,return,60_120,aperture_800m,-0.0002,46,35,0.00020658749669999997,0.000727479969626857,0.006316203304706399,0.006968343019093682,0.08571428571428572,0.4857142857142857,0.0
allbursts,return,60_120,aperture_800m,-0.0001,46,35,-0.00023147849350000003,0.00018425532249142831,0.0067904800263745195,0.006846725336199809,0.05714285714285714,0.5142857142857142,0.0
allbursts,return,60_120,aperture_800m,0.0,46,34,-2.710505431213761e-20,1.1607955367352965e-05,0.008003630952615479,0.006906603013800561,0.058823529411764705,nan,0.058823529411764705
allbursts,return,60_120,aperture_800m,0.0001,46,35,0.00035379286739999993,-0.00012530361075885704,0.00857693811133782,0.007493915789038101,0.05714285714285714,0.5142857142857142,0.02857142857142857
allbursts,return,60_120,aperture_800m,0.0002,46,34,0.0008389597711999999,0.00043677524139411756,0.008798847971031299,0.007503082494023,0.058823529411764705,0.5588235294117647,0.029411764705882353
allbursts,return,60_120,aperture_800m,0.0005,46,36,0.0013061824402,0.0006096678824694439,0.009807354815554798,0.008475210576444656,0.1111111111111111,0.5555555555555556,0.05555555555555555
allbursts,return,60_120,aperture_800m,0.001,46,31,0.0008228580956999999,-0.0009759879038129034,0.0071045463405882,0.00770559327703924,0.12903225806451613,0.5161290322580645,0.06451612903225806
allbursts,return,60_120,aperture_800m,0.002,46,36,0.0013496914261999999,-0.0013649038958166671,0.0060357331658022,0.00827889719590828,0.1388888888888889,0.6111111111111112,0.1111111111111111
allbursts,return,60_120,aperture_800m,0.005,46,39,0.0007315532607,-0.004107364611848719,0.0081223623971532,0.00876011075988398,0.10256410256410256,0.5384615384615384,0.07692307692307693
allbursts,return,60_120,aperture_800m,0.01,46,33,-0.0026628640633,-0.012346681814742423,0.0062330342364696,0.014846240279409112,0.15151515151515152,0.36363636363636365,0.06060606060606061
allbursts,return,60_120,displaced_intercept,-0.01,46,46,0.00101647591835,0.01163107700460652,0.00399202544663391,0.012772346318567543,0.043478260869565216,0.45652173913043476,0.0
allbursts,return,60_120,displaced_intercept,-0.005,46,44,0.0020379561284500003,0.007350018691724999,0.0066387080928651,0.009183887820044458,0.022727272727272728,0.36363636363636365,0.0
allbursts,return,60_120,displaced_intercept,-0.002,46,44,0.002155120413385,0.004558190961800181,0.006644332999258099,0.007390673280082277,0.045454545454545456,0.36363636363636365,0.0
allbursts,return,60_120,displaced_intercept,-0.001,46,43,0.00031726624749999995,0.002813928338951163,0.004635644678699999,0.006596264993039449,0.06976744186046512,0.46511627906976744,0.0
allbursts,return,60_120,displaced_intercept,-0.0005,46,42,0.0007719010935,0.0018248504960214286,0.006205254676502699,0.006461073829855301,0.047619047619047616,0.47619047619047616,0.0
allbursts,return,60_120,displaced_intercept,-0.0002,46,43,0.002325479206,0.002206365586253488,0.0065468140422363,0.006770624503024064,0.046511627906976744,0.46511627906976744,0.0
allbursts,return,60_120,displaced_intercept,-0.0001,46,43,9.140069549999998e-05,0.0018989374446976744,0.0059588680030530005,0.006701727466362599,0.046511627906976744,0.4883720930232558,0.0
allbursts,return,60_120,displaced_intercept,0.0,46,42,0.0,0.0015335977023547623,0.006208913269248899,0.006743560680692098,0.07142857142857142,nan,0.07142857142857142
allbursts,return,60_120,displaced_intercept,0.0001,46,44,0.0012590885680000001,0.0020764563943497048,0.0056297656641681,0.006705643532997652,0.06818181818181818,0.6136363636363636,0.06818181818181818
allbursts,return,60_120,displaced_intercept,0.0002,46,43,0.00031243914349999994,0.0017084959194000001,0.005982412155106799,0.006646371866691281,0.06976744186046512,0.5813953488372093,0.06976744186046512
allbursts,return,60_120,displaced_intercept,0.0005,46,44,0.0009018775915,0.001219251923045454,0.006235093084541999,0.006374074201590046,0.06818181818181818,0.5454545454545454,0.06818181818181818
allbursts,return,60_120,displaced_intercept,0.001,46,43,0.0010337080808,0.0017236702115139536,0.00624995941763718,0.007008527509477207,0.11627906976744186,0.5348837209302325,0.11627906976744186
allbursts,return,60_120,displaced_intercept,0.002,46,41,0.00192231781484,0.0009725128015985366,0.008724632178662484,0.007384094150090627,0.12195121951219512,0.5853658536585366,0.12195121951219512
allbursts,return,60_120,displaced_intercept,0.005,46,43,0.0025953587414,-0.0015676074716279072,0.005666353124045461,0.006055504934865011,0.09302325581395349,0.6976744186046512,0.09302325581395349
allbursts,return,60_120,displaced_intercept,0.01,46,41,0.0045390242645,-0.005390649503256098,0.0045194338775901,0.007531466242161827,0.07317073170731707,0.8048780487804879,0.07317073170731707
allbursts,return,60_120,primary,-0.01,46,44,-0.0026726342116999997,0.007980165868232249,0.0063161474007529805,0.009985315314485392,0.13636363636363635,0.6818181818181818,0.09090909090909091
allbursts,return,60_120,primary,-0.005,46,44,-0.0027838344399999998,0.002417354699975,0.0053615432467989,0.00554262131417947,0.11363636363636363,0.6818181818181818,0.11363636363636363
allbursts,return,60_120,primary,-0.002,46,43,-0.0028573875639999998,-0.00017287015913255817,0.0041510423584937995,0.006146755070235421,0.09302325581395349,0.7209302325581395,0.06976744186046512
allbursts,return,60_120,primary,-0.001,46,41,-0.0012943822451,-0.001282925011190244,0.00523480588620654,0.006579621761058532,0.12195121951219512,0.6829268292682927,0.0975609756097561
allbursts,return,60_120,primary,-0.0005,46,41,-0.000333697269,0.00040775742189756096,0.006449587338121199,0.005925410163944107,0.12195121951219512,0.5365853658536586,0.04878048780487805
allbursts,return,60_120,primary,-0.0002,46,44,-0.00019729111449999991,0.00047016968851818197,0.0056893227654858,0.0056223482423510334,0.09090909090909091,0.5227272727272727,0.0
allbursts,return,60_120,primary,-0.0001,46,42,-0.0002456183404999999,0.00022357138382404757,0.005348787707335799,0.005272771915917693,0.07142857142857142,0.5714285714285714,0.0
allbursts,return,60_120,primary,0.0,46,43,0.0,-0.00016530350689767441,0.0056020305999924,0.005472905701824685,0.06976744186046512,nan,0.06976744186046512
allbursts,return,60_120,primary,0.0001,46,43,0.00011746503900000003,-0.0006523342546139532,0.0058409830730033994,0.006195180536351471,0.11627906976744186,0.5116279069767442,0.06976744186046512
allbursts,return,60_120,primary,0.0002,46,44,-3.497949349999996e-05,-0.00021170524044545442,0.006218975945282099,0.006067259738336421,0.09090909090909091,0.5,0.09090909090909091
allbursts,return,60_120,primary,0.0005,46,42,4.9942994000000017e-05,-0.0015550418211916666,0.0055349491643103,0.005972629315527978,0.07142857142857142,0.5,0.0
allbursts,return,60_120,primary,0.001,46,41,-0.0008216684008999999,-0.0015277334071902438,0.00458392822831146,0.006491086886856618,0.12195121951219512,0.4878048780487805,0.07317073170731707
allbursts,return,60_120,primary,0.002,46,42,-0.0010261021007499998,-0.002867576009666666,0.0045631389300105,0.0069565331153382814,0.14285714285714285,0.42857142857142855,0.07142857142857142
allbursts,return,60_120,primary,0.005,46,41,-0.0014751628276,-0.006242890788685366,0.006396580519128239,0.0087624493669698,0.07317073170731707,0.3902439024390244,0.024390243902439025
allbursts,return,60_120,primary,0.01,46,44,-0.00080823571935,-0.011079139331056817,0.00628478461386111,0.012657489204211931,0.13636363636363635,0.4772727272727273,0.022727272727272728
allbursts,return,60_120,reference_split,-0.01,46,38,-0.0016473924668,0.009309145268928948,0.007127225986358099,0.011293396754120342,0.13157894736842105,0.5526315789473685,0.05263157894736842
allbursts,return,60_120,reference_split,-0.005,46,44,0.0004666397928,0.005268063306679545,0.005612602723331099,0.00866280344961372,0.13636363636363635,0.4318181818181818,0.06818181818181818
allbursts,return,60_120,reference_split,-0.002,46,42,0.0003935863167,0.0034454865235761904,0.0069245172567291005,0.00725031654562694,0.14285714285714285,0.47619047619047616,0.023809523809523808
allbursts,return,60_120,reference_split,-0.001,46,42,0.00070489068794,0.002461257246287619,0.005926333322700924,0.006163670733786232,0.09523809523809523,0.4523809523809524,0.0
allbursts,return,60_120,reference_split,-0.0005,46,43,0.0006166861584,0.0012465277922860468,0.004311714523052579,0.005411954920346415,0.06976744186046512,0.46511627906976744,0.023255813953488372
allbursts,return,60_120,reference_split,-0.0002,46,42,0.000858022661285,0.0006278519074611905,0.004809164024874321,0.005565400860213278,0.047619047619047616,0.42857142857142855,0.023809523809523808
allbursts,return,60_120,reference_split,-0.0001,46,42,0.000865771852725,0.0009284978685749996,0.0049244015982924,0.005480450399833368,0.023809523809523808,0.42857142857142855,0.023809523809523808
allbursts,return,60_120,reference_split,0.0,46,40,0.0,0.0005147376875482498,0.0048728908933467,0.005460350581145236,0.05,nan,0.05
allbursts,return,60_120,reference_split,0.0001,46,40,0.00074165488085,0.0009129490081825002,0.0040478019359652,0.005982176620502366,0.1,0.55,0.075
allbursts,return,60_120,reference_split,0.0002,46,40,0.00128679096235,0.0010249435794199998,0.00469489114662939,0.006119602837138651,0.125,0.575,0.075
allbursts,return,60_120,reference_split,0.0005,46,42,0.00129716669605,0.0007079641378214285,0.0051528498325122,0.005988838622846014,0.047619047619047616,0.5714285714285714,0.047619047619047616
allbursts,return,60_120,reference_split,0.001,46,44,0.00041732693115,0.000395502549881818,0.004933362368199299,0.005929950735346087,0.09090909090909091,0.6363636363636364,0.09090909090909091
allbursts,return,60_120,reference_split,0.002,46,39,0.0018129679979,-0.000574386634646154,0.0054738789617593195,0.005551601436956785,0.05128205128205128,0.5897435897435898,0.05128205128205128
allbursts,return,60_120,reference_split,0.005,46,44,0.00042737689705,-0.0036027541950659093,0.007080646896787799,0.007005986935098397,0.09090909090909091,0.5454545454545454,0.06818181818181818
allbursts,return,60_120,reference_split,0.01,46,43,0.0006724940567,-0.009252189963702093,0.006991222522691399,0.011110293581670608,0.13953488372093023,0.5348837209302325,0.06976744186046512
allbursts,return,60_120,slowness_offset_m,-0.01,46,45,0.00039888581929999994,0.009641548751077334,0.00652930019488698,0.011462934067606342,0.17777777777777778,0.4444444444444444,0.08888888888888889
allbursts,return,60_120,slowness_offset_m,-0.005,46,42,-0.0003601359555,0.004620739480452143,0.0077457491086374,0.008383499189730872,0.2619047619047619,0.5238095238095238,0.14285714285714285
allbursts,return,60_120,slowness_offset_m,-0.002,46,45,0.0011377840249999999,0.0025284728080531772,0.005679759725652601,0.006002274422741062,0.2,0.4222222222222222,0.08888888888888889
allbursts,return,60_120,slowness_offset_m,-0.001,46,46,0.0019643943855,0.0022837606581736954,0.0067833583073109,0.006030151440998308,0.15217391304347827,0.34782608695652173,0.06521739130434782
allbursts,return,60_120,slowness_offset_m,-0.0005,46,46,0.0017296047014,0.001849919223124131,0.006143909674486501,0.005537252708160901,0.08695652173913043,0.391304347826087,0.021739130434782608
allbursts,return,60_120,slowness_offset_m,-0.0002,46,46,0.00071194144945,0.0008101713219413043,0.00539686007614803,0.005080111448006463,0.06521739130434782,0.4782608695652174,0.021739130434782608
allbursts,return,60_120,slowness_offset_m,-0.0001,46,45,-0.000888866666,-0.00011984572746444426,0.006272773674887999,0.004859587946409367,0.044444444444444446,0.5555555555555556,0.022222222222222223
allbursts,return,60_120,slowness_offset_m,0.0,46,45,0.0,4.0673973580000034e-05,0.005274031227292799,0.004957511043929483,0.06666666666666667,nan,0.06666666666666667
allbursts,return,60_120,slowness_offset_m,0.0001,46,44,-0.0009273328985000001,-0.00048123647905681815,0.006030129312899999,0.0048009712570184744,0.06818181818181818,0.45454545454545453,0.022727272727272728
allbursts,return,60_120,slowness_offset_m,0.0002,46,45,-0.000770628095,-0.0005014704190733332,0.005247265029615,0.004737258917150345,0.044444444444444446,0.4666666666666667,0.022222222222222223
allbursts,return,60_120,slowness_offset_m,0.0005,46,45,-0.0003779733020000001,-0.0004967906437455557,0.004951153494810599,0.004727120140572415,0.044444444444444446,0.4888888888888889,0.022222222222222223
allbursts,return,60_120,slowness_offset_m,0.001,46,45,-0.00031875933200000003,-0.0006553467745431112,0.004770630588767399,0.005335880023917896,0.08888888888888889,0.4666666666666667,0.06666666666666667
allbursts,return,60_120,slowness_offset_m,0.002,46,46,0.00039067929145,-0.0019223971413543483,0.0053474381091579,0.005069860830903787,0.043478260869565216,0.5434782608695652,0.021739130434782608
allbursts,return,60_120,slowness_offset_m,0.005,46,42,0.0024802504465,-0.0028664153219285717,0.0068019327382040995,0.006146914422544811,0.16666666666666666,0.6666666666666666,0.16666666666666666
allbursts,return,60_120,slowness_offset_m,0.01,46,44,0.0012645198881500001,-0.009328181257836365,0.005741171909982809,0.010794058406947865,0.11363636363636363,0.5909090909090909,0.06818181818181818
allbursts,return,60_120,slowness_offset_p,-0.01,46,44,9.389958134999998e-05,0.009660941084542728,0.004635342710886299,0.011248948371945535,0.13636363636363635,0.5,0.06818181818181818
allbursts,return,60_120,slowness_offset_p,-0.005,46,40,-0.00059018737455,0.00482974764783575,0.0050258862337574095,0.007063305679910765,0.025,0.55,0.0
allbursts,return,60_120,slowness_offset_p,-0.002,46,41,0.00027693251039999996,0.0020582429093292678,0.006032717974902359,0.006144442740532031,0.0975609756097561,0.43902439024390244,0.04878048780487805
allbursts,return,60_120,slowness_offset_p,-0.001,46,41,0.0007991482007,0.0016102394483146342,0.006389996278443539,0.005000192492923371,0.024390243902439025,0.4634146341463415,0.0
allbursts,return,60_120,slowness_offset_p,-0.0005,46,44,-0.00025831192355000004,0.0008332059336397729,0.0046773093273332995,0.0051842490239755595,0.06818181818181818,0.5,0.022727272727272728
allbursts,return,60_120,slowness_offset_p,-0.0002,46,44,-0.00033498590870000006,0.0006592671965772727,0.0052150803966975,0.00519533242308172,0.06818181818181818,0.5227272727272727,0.022727272727272728
allbursts,return,60_120,slowness_offset_p,-0.0001,46,42,-0.00022206297180000004,0.0006401818035714283,0.005489552761809899,0.0051041294932264196,0.047619047619047616,0.5238095238095238,0.023809523809523808
allbursts,return,60_120,slowness_offset_p,0.0,46,41,0.0,0.0006010523904414633,0.00560868215175492,0.0049416182147807705,0.04878048780487805,nan,0.04878048780487805
allbursts,return,60_120,slowness_offset_p,0.0001,46,40,-0.00027043338705000006,-0.00030053610072000017,0.00556667736124899,0.004331335128899077,0.025,0.475,0.0
allbursts,return,60_120,slowness_offset_p,0.0002,46,39,-8.927616960000006e-05,-0.00018908871483846136,0.00525708973589436,0.004351668388175702,0.02564102564102564,0.48717948717948717,0.0
allbursts,return,60_120,slowness_offset_p,0.0005,46,40,0.00012194012119999998,-0.00048614387371750023,0.0048106923058782,0.004540556802510421,0.075,0.5,0.025
allbursts,return,60_120,slowness_offset_p,0.001,46,37,-0.0005467444942,-0.0011680745629521622,0.0047569168278744,0.004516877891252378,0.0,0.4864864864864865,0.0
allbursts,return,60_120,slowness_offset_p,0.002,46,37,-0.0009382002222000001,-0.003042149242046216,0.003965387557089,0.005143071808284046,0.02702702702702703,0.40540540540540543,0.0
allbursts,return,60_120,slowness_offset_p,0.005,46,42,0.0016405153293,-0.003377325807749286,0.0041460580618926,0.004966236959898706,0.0,0.6666666666666666,0.0
allbursts,return,60_120,slowness_offset_p,0.01,46,43,0.00022752320559999995,-0.008962199785551163,0.0035274700155214795,0.01003831781979931,0.06976744186046512,0.5348837209302325,0.06976744186046512
