burst_id,drop_id,utc_date_from_p26,nano_file_listed_in_manifest,n_drops_in_burst,loo_signal_ncc,loo_noise_ncc,loo_signal_delay_s,loo_least_squares_gain,signal_rms,noise_rms,relative_amplitude,beam_snr_db
0,0,2026-06-16T23:47:09.409500+00:00,timeseriesScaler_2026-06-16_23.43.28_UTC_000299.pb,20,0.9526404630052879,0.19570928015672429,0.0013545377542936775,0.648591004390609,0.005188540110658228,0.00044871744277824154,0.7166373642150633,21.26144452936456
0,1,2026-06-16T23:47:23.100000+00:00,timeseriesScaler_2026-06-16_23.43.28_UTC_000299.pb,20,0.964534302700474,0.15296619718844265,0.0009415928741837529,0.7581190693612093,0.0059505821482124235,0.0014529623237746502,0.8218900529419187,12.246102042443896
0,2,2026-06-16T23:47:32.557000+00:00,timeseriesScaler_2026-06-16_23.43.28_UTC_000299.pb,20,0.9577747284064245,0.33693673788152423,0.00027844604815257547,0.7725539550582706,0.00609480314193021,0.001602116113022879,0.8418097510839998,11.60531388941373
0,3,2026-06-16T23:47:41.957000+00:00,timeseriesScaler_2026-06-16_23.43.28_UTC_000299.pb,20,0.9067964312091565,0.2480258462400629,0.0005782282592705475,0.8546386826552798,0.007090320412212594,0.0023642048903725365,0.9793098681478024,9.539615001883222
0,4,2026-06-16T23:47:51.841500+00:00,timeseriesScaler_2026-06-16_23.43.28_UTC_000299.pb,20,0.9544209342742904,0.1227015840040423,-7.559947493406857e-05,0.8567787143129346,0.006753989252834373,0.002733500432934375,0.9328560544700227,7.85682436449998
0,5,2026-06-16T23:48:01.759000+00:00,timeseriesScaler_2026-06-16_23.43.28_UTC_000299.pb,20,0.9592532108996379,0.2515878180131135,4.627011701503195e-05,0.8118943650294677,0.006382597733606528,0.0006055110463407759,0.88155972953952,20.457508065585273
0,6,2026-06-16T23:48:10.999000+00:00,timeseriesScaler_2026-06-16_23.43.28_UTC_000299.pb,20,0.9511437339724735,0.082858997309188,-8.303665211518775e-05,0.8233983525961993,0.006524416949387035,0.00046569204528974415,0.9011476958700138,22.928857753506946
0,7,2026-06-16T23:48:20.509000+00:00,timeseriesScaler_2026-06-16_23.43.28_UTC_000299.pb,20,0.9631902281112006,0.1775884187269144,0.00014068296465565255,0.8970883381766295,0.006993356689252274,0.0005479556945549929,0.9659173096699327,22.118804698579826
0,8,2026-06-16T23:48:28.963000+00:00,timeseriesScaler_2026-06-16_23.48.28_UTC_000300.pb,20,0.3933935970827601,0.18011291009096309,-0.0019750338024720248,0.8410340035581281,0.01613306961255454,0.013446558944525016,2.228287772140302,1.5821169552996104
0,9,2026-06-16T23:48:37.465000+00:00,timeseriesScaler_2026-06-16_23.48.28_UTC_000300.pb,20,0.3518085239861066,0.35296033944800687,0.0004878701215650398,1.7149036927228576,0.034379582440085835,0.020346435063091108,4.748482774965384,4.556245418928393
0,10,2026-06-16T23:48:45.465500+00:00,timeseriesScaler_2026-06-16_23.48.28_UTC_000300.pb,20,0.8324529383265775,0.3335832914448556,0.0008110729545918315,1.227244651737099,0.010895308669160926,0.0060691102631924235,1.5048520625171535,5.0822902145143924
0,11,2026-06-16T23:48:54.964500+00:00,timeseriesScaler_2026-06-16_23.48.28_UTC_000300.pb,20,0.9579408903046186,0.27063203967645744,-3.595733263616166e-05,0.9235359549771274,0.007229168214379651,0.0006024616892795892,0.9984874250038545,21.58317790373357
0,12,2026-06-16T23:49:03.200500+00:00,timeseriesScaler_2026-06-16_23.48.28_UTC_000300.pb,20,0.9689345910186262,0.20733337803599075,-2.9368043519527257e-05,0.9222163940161469,0.007137796382789012,0.0005910869864656071,0.9858672144710094,21.63825513870972
0,13,2026-06-16T23:49:11.758000+00:00,timeseriesScaler_2026-06-16_23.48.28_UTC_000300.pb,20,0.9478358585232785,0.4870639581711675,-0.0004553879332821825,0.9162554104038101,0.007251070661641736,0.0004930727846292077,1.0015125749961455,23.349822104576514
0,14,2026-06-16T23:49:20.329500+00:00,timeseriesScaler_2026-06-16_23.48.28_UTC_000300.pb,20,0.959827566194299,0.33698537004737134,-0.0004111706633063263,0.9407680941030244,0.007343345036591912,0.0005455857896737816,1.014257444157521,22.580617688282885
0,15,2026-06-16T23:49:28.864500+00:00,timeseriesScaler_2026-06-16_23.48.28_UTC_000300.pb,20,0.8133466307669978,0.3383038545006052,5.1559064023370493e-05,1.1804642028156365,0.010735267850230996,0.0053100548178504035,1.4827473416903514,6.114277605326979
0,16,2026-06-16T23:49:37.310000+00:00,timeseriesScaler_2026-06-16_23.48.28_UTC_000300.pb,20,0.8929962847944628,0.4176891758148302,-0.00014571719927810372,1.1647642038985206,0.00966041432396918,0.006469016324633661,1.3342893589920515,3.4831501222588828
0,17,2026-06-16T23:49:46.120000+00:00,timeseriesScaler_2026-06-16_23.48.28_UTC_000300.pb,20,0.4185946030297207,0.371650269923452,-0.0013185752556426225,0.9178104985624457,0.016442491039424155,0.012658635885071714,2.2710248332508063,2.2716141184826912
0,18,2026-06-16T23:49:55.696000+00:00,timeseriesScaler_2026-06-16_23.48.28_UTC_000300.pb,20,0.5381375383443546,0.3911281575572327,0.000251137880938337,0.7431924765703916,0.010428930481649517,0.003889182854621415,1.4404362484543467,8.56762819983621
0,19,2026-06-16T23:50:03.961500+00:00,timeseriesScaler_2026-06-16_23.48.28_UTC_000300.pb,20,0.9014089231587741,0.19299856622281275,-0.0005243674725809046,0.9666736425170566,0.008024523137318492,0.0040731768916142785,1.1083412650887596,5.889719247717535
1,0,2026-06-17T00:16:12.779000+00:00,timeseriesScaler_2026-06-17_00.13.28_UTC_000305.pb,20,0.9429275286792423,0.1289276215167524,0.0006129910929096426,0.9098598914587708,0.007443225350627771,0.0007646262577641155,0.7401289472397066,19.766239199378898
1,1,2026-06-17T00:16:21.483500+00:00,timeseriesScaler_2026-06-17_00.13.28_UTC_000305.pb,20,0.9470958677906147,0.5465088605404852,0.0007810217701349588,1.0032851655808932,0.008134603509406943,0.0008760501830977967,0.8088772337279824,19.356148100262985
1,2,2026-06-17T00:16:30.351000+00:00,timeseriesScaler_2026-06-17_00.13.28_UTC_000305.pb,20,0.9205679883989327,0.23227619498554436,0.00012014675037067593,0.9808903291252792,0.008183626855382986,0.003815906427941834,0.8137519480807268,6.626962045569499
1,3,2026-06-17T00:16:39.336500+00:00,timeseriesScaler_2026-06-17_00.13.28_UTC_000305.pb,20,0.3951108004442573,0.25118225436978403,-0.00020514207025888623,0.7206993095413836,0.014145682204706883,0.013258660161968324,1.406598401225906,0.5624851573667782
1,4,2026-06-17T00:16:47.456500+00:00,timeseriesScaler_2026-06-17_00.13.28_UTC_000305.pb,20,0.738571791471647,0.1567854863640457,-0.00037041188996970347,1.5464280565613502,0.015600811402347904,0.014428718404034008,1.5512914866041385,0.6783885812451195
1,5,2026-06-17T00:16:55.651000+00:00,timeseriesScaler_2026-06-17_00.13.28_UTC_000305.pb,20,0.5621388577671271,0.5538404119520296,-0.0016952435510972652,1.241110763976612,0.016821897433852855,0.012966597566830473,1.6727121176361743,2.260978968936616
1,6,2026-06-17T00:17:03.830500+00:00,timeseriesScaler_2026-06-17_00.13.28_UTC_000305.pb,20,0.4793444132394749,0.40725585822574945,-0.002755807030607675,0.7704629331181315,0.012588305985185587,0.014867458301891436,1.2517382206573795,-1.4453887663673817
1,7,2026-06-17T00:17:12.443000+00:00,timeseriesScaler_2026-06-17_00.13.28_UTC_000305.pb,20,0.8352907540757168,0.4204793946344356,-0.0003373741652002201,0.7284232501219905,0.006782027562533552,0.007094218432159428,0.6743816938963528,-0.39090011796809243
1,8,2026-06-17T00:17:20.977000+00:00,timeseriesScaler_2026-06-17_00.13.28_UTC_000305.pb,20,0.9766403134120002,0.23094414726876433,0.00017108340139093732,0.9734781479274254,0.007660091622445563,0.0007182991926426032,0.7616933897886299,20.55857171943778
1,9,2026-06-17T00:17:29.255000+00:00,timeseriesScaler_2026-06-17_00.13.28_UTC_000305.pb,20,0.9811085198679801,0.2871273367298853,0.0002022388027885661,0.9733409361117326,0.007624167984790256,0.0006183321438758871,0.7581212657608922,21.81941265663275
1,10,2026-06-17T00:17:37.368000+00:00,timeseriesScaler_2026-06-17_00.13.28_UTC_000305.pb,20,0.6343195828904877,0.21451056023643256,0.0005012444460257512,1.2788994154427087,0.015302962441786647,0.009630876560316835,1.5216744016400172,4.022193916973543
1,11,2026-06-17T00:17:46.166500+00:00,timeseriesScaler_2026-06-17_00.13.28_UTC_000305.pb,20,0.5690938271282492,0.3468882008132998,0.0012499308534786283,0.6913613054550274,0.009505185542946864,0.01171622222883349,0.9451632374164238,-1.8165400365684934
1,12,2026-06-17T00:17:54.477500+00:00,timeseriesScaler_2026-06-17_00.13.28_UTC_000305.pb,20,0.6986487147836071,0.24141374243157057,-0.0010235031510060465,0.9624284440802099,0.010608134922053468,0.009631211458908214,1.054836762583576,0.8391623323327233
1,13,2026-06-17T00:18:02.892000+00:00,timeseriesScaler_2026-06-17_00.13.28_UTC_000305.pb,20,0.612754337857998,0.3554395809338509,-0.0006272547327932037,0.8905878715631361,0.011212064406278524,0.007375982193768473,1.1148894510768526,3.6373144844167635
1,14,2026-06-17T00:18:11.456500+00:00,timeseriesScaler_2026-06-17_00.13.28_UTC_000305.pb,20,0.714461540423593,0.3640452265211985,0.001167227904635951,1.12795671391563,0.012056692801135131,0.009378001469653816,1.1988764184526637,2.1823579794208374
1,15,2026-06-17T00:18:20.348000+00:00,timeseriesScaler_2026-06-17_00.13.28_UTC_000305.pb,20,0.45945636797589023,0.13244413964877325,-0.0007676922592867486,0.6816823067218124,0.011538774009001164,0.013899102066276923,1.1473763398818269,-1.6165415299500645
1,16,2026-06-17T00:18:28.895000+00:00,timeseriesScaler_2026-06-17_00.18.28_UTC_000306.pb,20,0.7963921176055313,0.27992124986356454,0.0011533796461808655,1.1557602867265575,0.011071047631103337,0.0036097089422234504,1.1008672238249602,9.734330678481193
1,17,2026-06-17T00:18:37.066000+00:00,timeseriesScaler_2026-06-17_00.18.28_UTC_000306.pb,20,0.8881493236704694,0.40648974533559884,0.0002463741405746769,0.9809578485087281,0.008482019283257685,0.00599961939090168,0.8434230735812566,3.0075111071461276
1,18,2026-06-17T00:18:46.007500+00:00,timeseriesScaler_2026-06-17_00.18.28_UTC_000306.pb,20,0.8970255255380941,0.22605176189731396,0.00047567622392438486,0.974613522374444,0.008346932683801994,0.0015231745845299821,0.8299905227808297,14.7755445299717
1,19,2026-06-17T00:18:54.119500+00:00,timeseriesScaler_2026-06-17_00.18.28_UTC_000306.pb,20,0.9712446375401435,0.32380326096663564,0.00010447728409574012,1.0206264740020228,0.00805626773610252,0.0004582389104719518,0.8010877915579799,24.90083854227967
2,0,2026-06-17T00:46:24.629000+00:00,timeseriesScaler_2026-06-17_00.43.28_UTC_000311.pb,20,0.9968019667623622,0.32447320424543596,2.6169434353881065e-05,0.9516920236108345,0.007738246793871358,0.0005155256669373318,0.9539623374281386,23.527845673607256
2,1,2026-06-17T00:46:32.595500+00:00,timeseriesScaler_2026-06-17_00.43.28_UTC_000311.pb,20,0.9944885658822654,0.2509645965383536,0.00018456134034596368,0.9799010109155957,0.007974811420470697,0.0006129208000910963,0.9831257577938798,22.28632124614343
2,2,2026-06-17T00:46:40.177500+00:00,timeseriesScaler_2026-06-17_00.43.28_UTC_000311.pb,20,0.9950137408129983,0.3697795456136197,0.00026366562865807276,0.9848419443932313,0.008008775249423117,0.0005041286948241652,0.9873127803221767,24.020493763665275
2,3,2026-06-17T00:46:48.040500+00:00,timeseriesScaler_2026-06-17_00.43.28_UTC_000311.pb,20,0.9974791801511368,0.3709570069167032,-1.1510194910047642e-05,1.0090997919617417,0.00817590972864776,0.0004436940968782228,1.0079169304240125,25.30904874042594
2,4,2026-06-17T00:46:55.774500+00:00,timeseriesScaler_2026-06-17_00.43.28_UTC_000311.pb,20,0.9958145784739957,0.15769221858022356,-5.612905575058008e-05,0.9844598468838534,0.00799940356645787,0.000533099799047365,0.9861574498157573,23.52498176986479
2,5,2026-06-17T00:47:03.807500+00:00,timeseriesScaler_2026-06-17_00.43.28_UTC_000311.pb,20,0.9968254475280885,0.3092034854570338,0.00019419604727515568,0.9826968220453555,0.007977710790621624,0.0005523347944511619,0.9834831888761295,23.193517711555035
2,6,2026-06-17T00:47:11.370000+00:00,timeseriesScaler_2026-06-17_00.43.28_UTC_000311.pb,20,0.989836006118173,0.3348387546135472,-0.00039600308671418203,0.971360224198421,0.007945732490650947,0.000585053939700599,0.9795409401213901,22.658760627209116
2,7,2026-06-17T00:47:20.074500+00:00,timeseriesScaler_2026-06-17_00.43.28_UTC_000311.pb,20,0.9956849238818306,0.3551794230428751,0.00021962597940189459,1.0075435943001598,0.008178584553307723,0.0005482975163737968,1.008246679791382,23.473237385570354
2,8,2026-06-17T00:47:28.380500+00:00,timeseriesScaler_2026-06-17_00.43.28_UTC_000311.pb,20,0.9973665715591203,0.06992361824033193,-8.805707087539659e-05,0.9967339422850333,0.008081669493055424,0.0004457327749176603,0.9962991004658566,25.16853033003036
2,9,2026-06-17T00:47:36.732500+00:00,timeseriesScaler_2026-06-17_00.43.28_UTC_000311.pb,20,0.9986930578336846,0.2022532147185239,-4.1077102256240435e-05,1.0022961660313459,0.008113712395660793,0.00047499367840727767,1.0002493133605408,24.650635592131763
2,10,2026-06-17T00:47:44.683000+00:00,timeseriesScaler_2026-06-17_00.43.28_UTC_000311.pb,20,0.9980020553360448,0.3275515056236519,-3.523286795217542e-05,0.9963555126848446,0.008073572640153482,0.000455468905195749,0.9953009295718672,24.972140480084143
2,11,2026-06-17T00:47:52.744500+00:00,timeseriesScaler_2026-06-17_00.43.28_UTC_000311.pb,20,0.9965976257189023,0.33740221527102215,-0.00020478073790471812,0.9995674600006956,0.008109667690252243,0.00044067269077211315,0.9997506866394592,25.297738422242553
2,12,2026-06-17T00:48:00.505500+00:00,timeseriesScaler_2026-06-17_00.43.28_UTC_000311.pb,20,0.9969812455065507,0.31369693328417253,0.00018902548522045025,1.0239488050862162,0.008294178383217183,0.0005678782812606511,1.022496956774023,23.290362245749424
2,13,2026-06-17T00:48:08.787500+00:00,timeseriesScaler_2026-06-17_00.43.28_UTC_000311.pb,20,0.9931027072498052,0.19864261972284614,0.0003273527555368337,1.018914648130409,0.00828767490752056,0.0005134178693537712,1.0216952156248686,24.159234540114824
2,14,2026-06-17T00:48:17.668000+00:00,timeseriesScaler_2026-06-17_00.43.28_UTC_000311.pb,20,0.9984715772109727,0.33014489913624956,-1.4215223304805138e-05,1.0287363342346838,0.008318591876673906,0.00043544596075491656,1.0255066247134335,25.622311026022263
2,15,2026-06-17T00:48:25.832500+00:00,timeseriesScaler_2026-06-17_00.43.28_UTC_000311.pb,20,0.9943550527276528,0.3861440840702177,-0.00024190930153889005,0.994439910711132,0.008088279513511227,0.0005197491039060942,0.9971139763327596,23.841248037641904
2,16,2026-06-17T00:48:34.000500+00:00,timeseriesScaler_2026-06-17_00.48.28_UTC_000312.pb,20,0.9984165997232112,0.3326754706152317,-0.0001017781034442122,1.0106380814550897,0.00818006735166874,0.00040429346160471107,1.0084294775010043,26.12120323401047
2,17,2026-06-17T00:48:42.311000+00:00,timeseriesScaler_2026-06-17_00.48.28_UTC_000312.pb,20,0.9972170131713486,0.14605362794816706,-0.00013455570485929123,1.0069959176398924,0.008161877729648612,0.00043480627681301347,1.0061870814129137,25.46988559163551
2,18,2026-06-17T00:48:50.645000+00:00,timeseriesScaler_2026-06-17_00.48.28_UTC_000312.pb,20,0.9976465048435109,0.23653230711413115,-0.00013919401737973349,1.0162368929939005,0.008229415523985475,0.00044792810304814787,1.0145130645285416,25.283213610612417
2,19,2026-06-17T00:48:59.032500+00:00,timeseriesScaler_2026-06-17_00.48.28_UTC_000312.pb,20,0.9986573263543761,0.41202048394633867,4.8769376044776833e-05,1.0266748155079966,0.00830124613466594,0.0005275221173029013,1.023368261201501,23.938052362103235
3,0,2026-06-17T01:16:19.085500+00:00,timeseriesScaler_2026-06-17_01.13.28_UTC_000317.pb,20,0.8797571087789194,0.14436006582952304,0.0012370298523420892,1.2422711161101554,0.01057965408649407,0.008551327417985886,0.7851666234629757,1.8487586586157017
3,1,2026-06-17T01:16:28.508000+00:00,timeseriesScaler_2026-06-17_01.13.28_UTC_000317.pb,20,0.5912074899221965,0.23868384171824872,-0.0011018167573783406,0.8699873340197375,0.011191166100597026,0.0108378096256778,0.8305498486038813,0.27867647209864127
3,2,2026-06-17T01:16:36.869500+00:00,timeseriesScaler_2026-06-17_01.13.28_UTC_000317.pb,20,0.5728765026083745,0.11171243310314745,-0.0008497160631530045,1.2974522533445934,0.01679938025457695,0.012383209231121793,1.2467621873947137,2.6492009899285685
3,3,2026-06-17T01:16:45.120000+00:00,timeseriesScaler_2026-06-17_01.13.28_UTC_000317.pb,20,0.3893629382514092,0.3591936802999827,-0.00010051852744948192,0.7473855861787901,0.014589092162276274,0.014200990597811835,1.0827261589835768,0.23419255872654268
3,4,2026-06-17T01:16:53.176000+00:00,timeseriesScaler_2026-06-17_01.13.28_UTC_000317.pb,20,0.6594401364993523,0.3825494784530978,-0.0011117810777594914,1.443931436786831,0.01618622808671686,0.008915382976832299,1.2012572386155003,5.180113041631797
3,5,2026-06-17T01:17:01.108500+00:00,timeseriesScaler_2026-06-17_01.13.28_UTC_000317.pb,20,0.5384223861863449,0.47508398728903595,0.0009995240398498204,1.0293981440521025,0.01443331984392654,0.014191393584157256,1.0711655517815135,0.14682381598012179
3,6,2026-06-17T01:17:09.096000+00:00,timeseriesScaler_2026-06-17_01.13.28_UTC_000317.pb,20,0.4784848642677108,0.41125479280000066,0.002342850594465459,0.7607342504708389,0.012226973592006137,0.012281689430070837,0.9074220661582887,-0.03878273735558195
3,7,2026-06-17T01:17:17.511000+00:00,timeseriesScaler_2026-06-17_01.13.28_UTC_000317.pb,20,0.2665553353867359,0.3611633222579127,0.0012747803929524023,0.372038607160516,0.010834911962566718,0.016418193418420518,0.8041105287201568,-3.6099996158587326
3,8,2026-06-17T01:17:26.018000+00:00,timeseriesScaler_2026-06-17_01.13.28_UTC_000317.pb,20,0.6391048221761794,0.31988241157029657,0.0005142972385727003,1.2531292031029269,0.014576563999939724,0.009609445730545901,1.081796384263197,3.61913650686706
3,9,2026-06-17T01:17:34.184500+00:00,timeseriesScaler_2026-06-17_01.13.28_UTC_000317.pb,20,0.4894750856829531,0.5220860237154271,0.0009660529327245368,0.9267588016717366,0.014321723343148608,0.009225331944920256,1.0628834428401683,3.8202655645897385
3,10,2026-06-17T01:17:42.375500+00:00,timeseriesScaler_2026-06-17_01.13.28_UTC_000317.pb,20,0.5684962665089444,0.15628215990547864,0.00043101125411681957,1.0060480693813891,0.013334904426217278,0.006837884316838951,0.9896469012064026,5.801363164542482
3,11,2026-06-17T01:17:50.963000+00:00,timeseriesScaler_2026-06-17_01.13.28_UTC_000317.pb,20,0.6159467000521783,0.15176367468265514,0.012,1.8652208566919215,0.023408565920990963,0.019599064630123085,1.7372613994779176,1.5427892656255662
3,12,2026-06-17T01:17:59.696000+00:00,timeseriesScaler_2026-06-17_01.13.28_UTC_000317.pb,20,0.35349664865570896,0.35834998004207286,-0.0014862102691533547,0.6073172169212239,0.013262890926282018,0.00947170744281836,0.984302435676088,2.924198453771739
3,13,2026-06-17T01:18:08.189000+00:00,timeseriesScaler_2026-06-17_01.13.28_UTC_000317.pb,20,0.7329973911854359,0.45475573198543107,0.0009941650351360594,1.2863923795654337,0.01308651982188122,0.011306930245347409,0.9712130942489808,1.2695890878299552
3,14,2026-06-17T01:18:16.784500+00:00,timeseriesScaler_2026-06-17_01.13.28_UTC_000317.pb,20,0.6800111595913177,0.48263829586008455,0.0006957458338680767,1.2398934060739435,0.013613908145138666,0.007531996763023988,1.0103530987935974,5.141453826692269
3,15,2026-06-17T01:18:25.540000+00:00,timeseriesScaler_2026-06-17_01.13.28_UTC_000317.pb,20,0.7751494103741218,0.19004544562025424,0.0012782567691079732,1.4321996705941533,0.013727956222084555,0.007511397131588034,1.0188171509030481,5.237703231794368
3,16,2026-06-17T01:18:34.001000+00:00,timeseriesScaler_2026-06-17_01.18.28_UTC_000318.pb,20,0.8371925826723565,0.31315752882999875,-0.0011709959487651164,1.3792287038793218,0.012263493484587306,0.008967467415318965,0.9101323816858816,2.7188879481336583
3,17,2026-06-17T01:18:42.063000+00:00,timeseriesScaler_2026-06-17_01.18.28_UTC_000318.pb,20,0.7703524279547643,0.2983226864907679,0.0005764764871711081,1.5531000409497817,0.01480167619563719,0.009655830307486738,1.0985030347029079,3.710425488878987
3,18,2026-06-17T01:18:50.706000+00:00,timeseriesScaler_2026-06-17_01.18.28_UTC_000318.pb,20,0.591652851571073,0.3920914417804865,0.0010379024453695703,0.9268516937464641,0.011866424143643825,0.012797194807719512,0.8806639707945216,-0.6558982757481202
3,19,2026-06-17T01:18:58.864000+00:00,timeseriesScaler_2026-06-17_01.18.28_UTC_000318.pb,20,0.613236241116409,0.4851289701847249,0.00030181844141502484,0.6741317679426998,0.008421317722508023,0.010332849331417718,0.6249861807610101,-1.7768008776541409
4,0,2026-06-17T01:46:13.476500+00:00,timeseriesScaler_2026-06-17_01.43.28_UTC_000323.pb,21,0.8123905837431442,0.26067726428811644,0.000509351456542592,0.9717787343297432,0.010043238954163149,0.0021574621041182424,1.0,13.358612394492223
4,1,2026-06-17T01:46:21.627000+00:00,timeseriesScaler_2026-06-17_01.43.28_UTC_000323.pb,21,0.5271990396504215,0.11674381724660375,-0.00035608693469976337,0.7945961896839228,0.012748861659382993,0.01104806379520969,1.2693974242341712,1.2437047037231619
4,2,2026-06-17T01:46:30.098000+00:00,timeseriesScaler_2026-06-17_01.43.28_UTC_000323.pb,21,0.5201848385483676,0.24749164225471787,-0.002476950685362905,1.2441588474463772,0.020012309511423722,0.02110173484531818,1.9926150918801118,-0.46041901011957703
4,3,2026-06-17T01:46:38.076000+00:00,timeseriesScaler_2026-06-17_01.43.28_UTC_000323.pb,21,0.28402958241323095,0.0844725812466555,-0.0015030673845620077,0.7169107117197883,0.021456176917932897,0.020367347160623606,2.136380207207838,0.4523575105773297
4,4,2026-06-17T01:46:46.009000+00:00,timeseriesScaler_2026-06-17_01.43.28_UTC_000323.pb,21,0.6454839364602616,0.2808772283025896,-0.00025104659254981867,1.2547487049894925,0.016076912351322893,0.019517341400221558,1.6007696744742541,-1.684360297297873
4,5,2026-06-17T01:46:54.458500+00:00,timeseriesScaler_2026-06-17_01.43.28_UTC_000323.pb,21,0.9257619908001742,0.16132815440195328,5.875239571535419e-06,0.867229879053113,0.007909670112414743,0.0005930397364514959,0.7875616769165894,22.501491533994287
4,6,2026-06-17T01:47:02.220000+00:00,timeseriesScaler_2026-06-17_01.43.28_UTC_000323.pb,21,0.8881223834642075,0.1284069338573913,0.00015721979408113583,0.9324389625261729,0.008836259242154722,0.0010139028081340936,0.8798216673408825,18.80544246045526
4,7,2026-06-17T01:47:10.426000+00:00,timeseriesScaler_2026-06-17_01.43.28_UTC_000323.pb,21,0.9350833017808861,0.23417885254530243,0.0004015886863070632,1.0724201968344658,0.009589564651010872,0.0004914709106178313,0.9548278891677452,25.80602147402241
4,8,2026-06-17T01:47:18.216500+00:00,timeseriesScaler_2026-06-17_01.43.28_UTC_000323.pb,21,0.22948196785233116,0.24559151683977656,0.0013680259654262042,1.0024312443023606,0.036005756265582466,0.024164627511089568,3.585074140913203,3.4638366449314777
4,9,2026-06-17T01:47:26.053000+00:00,timeseriesScaler_2026-06-17_01.43.28_UTC_000323.pb,21,0.3322708622908102,0.3248591087704402,0.00042374515710646044,0.5773706495784181,0.014792100750757207,0.017346390209002374,1.4728416617654554,-1.3835851094988625
4,10,2026-06-17T01:47:33.977500+00:00,timeseriesScaler_2026-06-17_01.43.28_UTC_000323.pb,21,0.8772999201263924,0.41991737895529363,0.000843026679211449,1.0825029595761002,0.010321517675477765,0.003874872930099811,1.0277080653546795,8.5097219100726
4,11,2026-06-17T01:47:41.749000+00:00,timeseriesScaler_2026-06-17_01.43.28_UTC_000323.pb,21,0.45526189850792287,0.3282892471336929,-0.0009174284712079996,0.41590311222498316,0.00791442351136548,0.006952016705009923,0.7880349703403973,1.1261695844113693
4,12,2026-06-17T01:47:49.662000+00:00,timeseriesScaler_2026-06-17_01.43.28_UTC_000323.pb,21,0.8980035001488706,0.3877391214512856,6.050932978776976e-05,0.9226280183921096,0.008651184813414751,0.004699300995123844,0.8613939041875172,5.300846538581082
4,13,2026-06-17T01:47:57.510500+00:00,timeseriesScaler_2026-06-17_01.43.28_UTC_000323.pb,21,0.9388975332966186,0.24397557024606564,0.0007022966102750241,0.9833730069321388,0.008798226622563085,0.000509763258138854,0.8760347794887448,24.740532286472806
4,14,2026-06-17T01:48:05.194500+00:00,timeseriesScaler_2026-06-17_01.43.28_UTC_000323.pb,21,0.8225374206938574,0.4851327765443386,0.0003456124790711142,0.9026876500035094,0.009248694936209926,0.0040892844982510085,0.9208876716386533,7.088662569980255
4,15,2026-06-17T01:48:13.045000+00:00,timeseriesScaler_2026-06-17_01.43.28_UTC_000323.pb,21,0.9133579792326008,0.05713800643127132,8.209401524477886e-05,0.9569997579336033,0.008808577766803315,0.003177272235796492,0.8770654374555094,8.857027302585172
4,16,2026-06-17T01:48:20.709500+00:00,timeseriesScaler_2026-06-17_01.43.28_UTC_000323.pb,21,0.937056458345169,0.46511730599244544,-0.0002478641706646473,0.9909536452635787,0.008876636378878238,0.0017873584756667687,0.8838419975259746,13.920735315807564
4,17,2026-06-17T01:48:28.456000+00:00,timeseriesScaler_2026-06-17_01.48.28_UTC_000324.pb,21,0.5866269774252267,0.10638146336141775,-0.0010224360726277368,1.2249538110187839,0.017373058476094373,0.014450253272007984,1.7298262597737804,1.6000164467771234
4,18,2026-06-17T01:48:36.553500+00:00,timeseriesScaler_2026-06-17_01.48.28_UTC_000324.pb,21,0.47404551301799636,0.2650646806808881,-0.0011685017882342662,1.0271276160407834,0.018160350236910008,0.020069166376674046,1.8082164847210105,-0.8681022672998889
4,19,2026-06-17T01:48:44.454500+00:00,timeseriesScaler_2026-06-17_01.48.28_UTC_000324.pb,21,0.9343434224819509,0.46513101431961024,0.00039586513907917,0.9848857437707113,0.008850438744369474,0.00068663603895819,0.8812335128898598,22.20476412814957
4,20,2026-06-17T01:48:52.112500+00:00,timeseriesScaler_2026-06-17_01.48.28_UTC_000324.pb,21,0.4650529777721549,0.22620006810678456,0.0036788401151576487,0.8552487493859153,0.01597484243690441,0.025524976276858364,1.5906066269868526,-4.070575276090621
5,0,2026-06-17T02:16:14.740000+00:00,timeseriesScaler_2026-06-17_02.13.28_UTC_000329.pb,20,0.9378286990581437,0.45519465903916934,-6.338177969099453e-05,0.8557297413150557,0.008271428735958618,0.0005366653548492927,0.7928167493243992,23.75753945243668
5,1,2026-06-17T02:16:23.872000+00:00,timeseriesScaler_2026-06-17_02.13.28_UTC_000329.pb,20,0.9197542710012797,0.21324639876038637,-0.0010967763137020167,0.9771307580819656,0.009587860677590791,0.0017501697013331788,0.918996799469106,14.772831069761878
5,2,2026-06-17T02:16:33.005500+00:00,timeseriesScaler_2026-06-17_02.13.28_UTC_000329.pb,20,0.9020913828344806,0.276468077822376,0.00011651928787032526,0.8474714493147377,0.008518401050156735,0.0032434300851430335,0.8164890547466115,8.387070844272614
5,3,2026-06-17T02:16:42.037000+00:00,timeseriesScaler_2026-06-17_02.13.28_UTC_000329.pb,20,0.9101491991596321,0.13670489814808692,-0.00019736091553477123,0.9099480107040444,0.00903711373017523,0.0023887302996849933,0.8662076842522732,11.55725258902928
5,4,2026-06-17T02:16:50.409500+00:00,timeseriesScaler_2026-06-17_02.13.28_UTC_000329.pb,20,0.8272028306608257,0.2976782923769943,-0.0003246732010444161,0.9736895836702123,0.010603601469510946,0.004714420614138696,1.016355591826881,7.040501391510155
5,5,2026-06-17T02:16:59.078000+00:00,timeseriesScaler_2026-06-17_02.13.28_UTC_000329.pb,20,0.7427019796026278,0.5280408151823307,0.00031495389525659567,0.8451451983555875,0.010315095853930206,0.007090157106941118,0.9887023179357352,3.256348189241945
5,6,2026-06-17T02:17:07.412000+00:00,timeseriesScaler_2026-06-17_02.13.28_UTC_000329.pb,20,0.7781375889959775,0.39761927639281724,-5.7366176633858845e-05,0.8777781324842825,0.01020783398427274,0.0056821882040874,0.978421263774125,5.08835968072201
5,7,2026-06-17T02:17:16.061500+00:00,timeseriesScaler_2026-06-17_02.13.28_UTC_000329.pb,20,0.7286219918515926,0.1771029171263778,-0.0009581971341012389,1.0624580203765894,0.013085372534647014,0.006652534361168754,1.2542334399276294,5.875979298107268
5,8,2026-06-17T02:17:24.532000+00:00,timeseriesScaler_2026-06-17_02.13.28_UTC_000329.pb,20,0.13984639865586268,0.3536567574771515,0.0008370903057846136,0.2795204205906709,0.018657976206215544,0.01795848198906986,1.788367707319603,0.3318982291680278
5,9,2026-06-17T02:17:33.005000+00:00,timeseriesScaler_2026-06-17_02.13.28_UTC_000329.pb,20,0.3441833247700414,0.13261353752332214,-0.003916686545128185,0.8154944954976295,0.022403904603858316,0.027461875634470154,2.147415082352921,-1.7681296254845402
5,10,2026-06-17T02:17:41.554000+00:00,timeseriesScaler_2026-06-17_02.13.28_UTC_000329.pb,20,0.36532485704524925,0.08051734333327064,4.5054652327363756e-05,1.081709531688646,0.026288406753689823,0.03154846666589167,2.519744756642998,-1.5842798086035037
5,11,2026-06-17T02:17:52.107500+00:00,timeseriesScaler_2026-06-17_02.13.28_UTC_000329.pb,20,0.5439324476581668,0.3990681426858204,0.0008469348780940968,1.1402548334888287,0.018640620983517958,0.012680153927701127,1.7867042085841203,3.346717010348799
5,12,2026-06-17T02:18:01.783000+00:00,timeseriesScaler_2026-06-17_02.13.28_UTC_000329.pb,20,0.570893555678774,0.3260589529195488,0.0003610807228086652,0.6581027869583457,0.010550832478202375,0.01688216875890162,1.0112976820642647,-4.082830194872141
5,13,2026-06-17T02:18:10.665000+00:00,timeseriesScaler_2026-06-17_02.13.28_UTC_000329.pb,20,0.4449615423281128,0.24547088307216608,0.0003583215465447018,1.642049916870659,0.03176730957833553,0.024185866246326185,3.044897794402497,2.3683757707127353
5,14,2026-06-17T02:18:20.172500+00:00,timeseriesScaler_2026-06-17_02.13.28_UTC_000329.pb,20,0.45706162487585805,0.3139327076700172,0.001921218920988003,1.4334201594618259,0.027674630814937776,0.01941967196890436,2.652614384026241,3.076798926981916
5,15,2026-06-17T02:18:29.287000+00:00,timeseriesScaler_2026-06-17_02.18.28_UTC_000330.pb,20,0.38266137927535027,0.4262584464913823,0.0006059063458605514,0.6590836828040006,0.015656183864547472,0.016033924835694317,1.5006458006891226,-0.20707860759718721
5,16,2026-06-17T02:18:37.980500+00:00,timeseriesScaler_2026-06-17_02.18.28_UTC_000330.pb,20,0.858555583177594,0.4376101648515727,0.0002729546959828836,0.8987184894261795,0.009465491574231379,0.00265334587610261,0.9072677164001328,11.046986144660822
5,17,2026-06-17T02:18:46.461500+00:00,timeseriesScaler_2026-06-17_02.18.28_UTC_000330.pb,20,0.9329020796252762,0.14392153367562505,-5.094732840716502e-06,0.9223260917348102,0.008931633627062558,0.0005557708226591848,0.8560974124796785,24.12070314130741
5,18,2026-06-17T02:18:54.823500+00:00,timeseriesScaler_2026-06-17_02.18.28_UTC_000330.pb,20,0.9347610447391758,0.21263755144753327,5.014235001225154e-05,0.9199880478382261,0.008892245148129883,0.0006078364210923029,0.8523220253216561,23.304494160686268
5,19,2026-06-17T02:19:03.030500+00:00,timeseriesScaler_2026-06-17_02.18.28_UTC_000330.pb,20,0.9060002794775418,0.3282715029325694,0.0002742891988753695,0.9055745675437509,0.00903651324895422,0.0020334895143736547,0.8661501281050985,12.955179047076186
6,0,2026-06-17T02:46:59.073500+00:00,timeseriesScaler_2026-06-17_02.43.28_UTC_000335.pb,19,0.6623460308320888,0.10552980887696957,-0.00033811599707473565,2.006617347019511,0.028154420310311255,0.020775072467287006,2.779736865731936,2.640080848783299
6,1,2026-06-17T02:47:07.969000+00:00,timeseriesScaler_2026-06-17_02.43.28_UTC_000335.pb,19,0.4010837652843116,0.5584660163378249,0.0004313333484659509,1.1227103245977148,0.027161810659145594,0.01807055673027328,2.6817347186369034,3.539743693505452
6,2,2026-06-17T02:47:17.007500+00:00,timeseriesScaler_2026-06-17_02.43.28_UTC_000335.pb,19,0.6173301803878348,0.33390862509914543,0.000760459259396942,1.3089275695233047,0.020485530629929898,0.016689645628565824,2.022573509895412,1.7800020484758952
6,3,2026-06-17T02:47:25.945000+00:00,timeseriesScaler_2026-06-17_02.43.28_UTC_000335.pb,19,0.4940708253113078,0.6166317081399578,-0.00020828854695970352,0.9222449141794611,0.018379320060063264,0.018102711054684695,1.8146235289146875,0.13171642376503243
6,4,2026-06-17T02:47:34.510500+00:00,timeseriesScaler_2026-06-17_02.43.28_UTC_000335.pb,19,0.9326579266656455,0.3622565052826421,-1.5753112351709726e-05,1.0004250687891114,0.010561353134392595,0.007375695225350565,1.0427415068792114,3.118332028301584
6,5,2026-06-17T02:47:43.335000+00:00,timeseriesScaler_2026-06-17_02.43.28_UTC_000335.pb,19,0.8098966342145096,0.2264049385672585,0.0005840306616891113,0.6822387909602722,0.008409143836539948,0.00345495704451265,0.8302499882447114,7.726182577891439
6,6,2026-06-17T02:47:53.227000+00:00,timeseriesScaler_2026-06-17_02.43.28_UTC_000335.pb,19,0.9208278795621103,0.15511786564931762,-0.00011286713340875609,0.8722869926688779,0.00939031731914294,0.004489159844918343,0.9271230217225574,6.410303974430733
6,7,2026-06-17T02:48:01.986000+00:00,timeseriesScaler_2026-06-17_02.43.28_UTC_000335.pb,19,0.9196113917247483,0.27251309865442885,-8.78159021531377e-05,0.9418038362231633,0.010114592849963716,0.0052130118999186535,0.9986320555360766,5.757193783625758
6,8,2026-06-17T02:48:10.732500+00:00,timeseriesScaler_2026-06-17_02.43.28_UTC_000335.pb,19,0.7029663109842601,0.43347110965584595,0.0002406980300558321,0.8398557206433288,0.011850779695520534,0.005775479332449031,1.1700489246173982,6.243177812977264
6,9,2026-06-17T02:48:19.282500+00:00,timeseriesScaler_2026-06-17_02.43.28_UTC_000335.pb,19,0.9426942747766024,0.3436142476023386,0.00013752615263166258,0.8483624707642053,0.008932975899743081,0.001760421316484612,0.8819688757760198,14.107590872527116
6,10,2026-06-17T02:48:28.121500+00:00,timeseriesScaler_2026-06-17_02.48.28_UTC_000336.pb,19,0.7970442374482487,0.4291612148597948,-0.0005619744844495542,0.8089310447010428,0.010128448004339388,0.0063806070763852574,1.0,4.013618034762939
6,11,2026-06-17T02:48:36.813500+00:00,timeseriesScaler_2026-06-17_02.48.28_UTC_000336.pb,19,0.8791021346036739,0.22308187755384887,0.00020746018762425955,0.7700002808749797,0.0087292211967534,0.0031584827373837064,0.861851805233486,8.82993981918167
6,12,2026-06-17T02:48:45.986500+00:00,timeseriesScaler_2026-06-17_02.48.28_UTC_000336.pb,19,0.8798958973272755,0.24062815212453587,-0.00019184083349256583,0.8318849603833752,0.00939093581696525,0.0017698926413403824,0.9271840871317933,14.495238974789125
6,13,2026-06-17T02:48:54.459000+00:00,timeseriesScaler_2026-06-17_02.48.28_UTC_000336.pb,19,0.20053302756665586,0.546431553895585,-0.0009586091911893392,0.40362432950787386,0.02034153983510986,0.018611435735563626,2.0083570381557783,0.7720789691122354
6,14,2026-06-17T02:49:02.643500+00:00,timeseriesScaler_2026-06-17_02.48.28_UTC_000336.pb,19,0.9733825741580739,0.3210592623933109,0.00016861415012025592,0.8580363430626236,0.008746312117036678,0.0026204979878009,0.8635392227209387,10.468822815384558
6,15,2026-06-17T02:49:11.709000+00:00,timeseriesScaler_2026-06-17_02.48.28_UTC_000336.pb,19,0.8505136312643943,0.22600708499644795,-0.00010827875688779801,0.9167556050023659,0.010656866766511714,0.0033569888022976085,1.052171740620669,10.033592872127963
6,16,2026-06-17T02:49:20.389500+00:00,timeseriesScaler_2026-06-17_02.48.28_UTC_000336.pb,19,0.8461417241168916,0.198085499663795,-0.0003361213397898228,1.027837136826434,0.011937618165371736,0.00480325313495757,1.1786226438894918,7.907644172578588
6,17,2026-06-17T02:49:29.026500+00:00,timeseriesScaler_2026-06-17_02.48.28_UTC_000336.pb,19,0.9631076741770028,0.28399825691138836,-0.00020079091897828958,0.8891868155751113,0.009145140505205429,0.002479816028789535,0.902916271208316,11.33541839010312
6,18,2026-06-17T02:49:37.566500+00:00,timeseriesScaler_2026-06-17_02.48.28_UTC_000336.pb,19,0.9692701628387694,0.17580511694809015,0.00027280459263714435,0.862529442385601,0.008827296942614856,0.0005698927085449916,0.8715350011011487,23.80069271331675
7,0,2026-06-17T03:16:53.602000+00:00,timeseriesScaler_2026-06-17_03.13.28_UTC_000341.pb,20,0.8957623632074543,0.437906869683221,0.0014720345859172241,0.5373916908409886,0.005641328106778121,0.0031979467697965296,0.5693727091958295,4.930202579783341
7,1,2026-06-17T03:17:01.965500+00:00,timeseriesScaler_2026-06-17_03.13.28_UTC_000341.pb,20,0.9752176246163899,0.13398164331749407,0.0013511854946831761,0.8281858689283894,0.007871453803120092,0.002214605676053898,0.7944567116752841,11.01517084550817
7,2,2026-06-17T03:17:10.460000+00:00,timeseriesScaler_2026-06-17_03.13.28_UTC_000341.pb,20,0.9294713196427983,0.3506375366457747,0.0007004299783640773,0.922373660401484,0.009132162547231924,0.000584675401099199,0.9216985844320494,23.87317621638391
7,3,2026-06-17T03:17:18.870000+00:00,timeseriesScaler_2026-06-17_03.13.28_UTC_000341.pb,20,0.9560403594530414,0.27615033109740994,0.0005766403904649841,0.9952445420769843,0.009543700175909981,0.0006811501309314082,0.9632346004448243,22.929478853602205
7,4,2026-06-17T03:17:27.176500+00:00,timeseriesScaler_2026-06-17_03.13.28_UTC_000341.pb,20,0.9794534542148428,0.35409053529428836,0.0002062009156016676,0.9448434115555527,0.00888671306928625,0.000528225852344987,0.8969256530259295,24.51843011004801
7,5,2026-06-17T03:17:35.428500+00:00,timeseriesScaler_2026-06-17_03.13.28_UTC_000341.pb,20,0.9790609532334186,0.4038895130090297,0.0002750110076763484,0.96328527540483,0.009055396922020538,0.0003832684003487402,0.9139507188279903,27.46808954510476
7,6,2026-06-17T03:17:44.196000+00:00,timeseriesScaler_2026-06-17_03.13.28_UTC_000341.pb,20,0.9787619688979398,0.48414625142406226,1.6641071638313187e-05,0.954543326949988,0.008979891088969941,0.0004879028549927819,0.9063300025869951,25.298754200302213
7,7,2026-06-17T03:17:53.193500+00:00,timeseriesScaler_2026-06-17_03.13.28_UTC_000341.pb,20,0.908333326434646,0.2551970456560392,0.00022633325813241491,1.0166862667291174,0.010272241177323541,0.004536965791566733,1.0367653995551758,7.097994054467664
7,8,2026-06-17T03:18:01.673000+00:00,timeseriesScaler_2026-06-17_03.13.28_UTC_000341.pb,20,0.8857631219476221,0.252592579599579,-0.00023150050334266433,1.100281305719965,0.011350591413536015,0.004630961267070124,1.1456020394089277,7.7869468415359355
7,9,2026-06-17T03:18:09.995500+00:00,timeseriesScaler_2026-06-17_03.13.28_UTC_000341.pb,20,0.7198560552002851,0.38581809059757805,-0.0015975921558977397,0.9288714025180621,0.011993622291084005,0.008446098454886345,1.210502400798326,3.0458845616687507
7,10,2026-06-17T03:18:18.451000+00:00,timeseriesScaler_2026-06-17_03.13.28_UTC_000341.pb,20,0.5280880747353943,0.1953426534132506,0.0024858028889462188,0.9711753224525896,0.016993676497847103,0.01264457661607699,1.7151520783113452,2.5676610849264754
7,11,2026-06-17T03:18:27.051000+00:00,timeseriesScaler_2026-06-17_03.13.28_UTC_000341.pb,20,0.6611933353532942,0.38440616817598516,0.00048027547364775443,1.7720458673594142,0.02359123425506548,0.019788153924768306,2.3810359381403714,1.526907662795224
7,12,2026-06-17T03:18:36.232000+00:00,timeseriesScaler_2026-06-17_03.18.28_UTC_000342.pb,20,0.544138051043356,0.4248928979451682,-0.0022142996278084965,0.8382955070140317,0.014395937081743118,0.01318505503463489,1.4529652490512666,0.7631598598188887
7,13,2026-06-17T03:18:44.887500+00:00,timeseriesScaler_2026-06-17_03.18.28_UTC_000342.pb,20,0.9711353672339537,0.17999226452815567,-0.0003712328017737483,0.9591783236469299,0.009092175193753896,0.0007281637929175976,0.9176627071789607,21.92877430074086
7,14,2026-06-17T03:18:53.128000+00:00,timeseriesScaler_2026-06-17_03.18.28_UTC_000342.pb,20,0.9657419836669755,0.15284896897580055,-9.856648315014567e-05,0.9485414732416492,0.009046120479244734,0.0004921563313164813,0.9130144582072662,25.287185821863734
7,15,2026-06-17T03:19:01.302500+00:00,timeseriesScaler_2026-06-17_03.18.28_UTC_000342.pb,20,0.9811000126645257,0.45801453540775044,-1.8369203897779144e-05,0.966277401859537,0.00906338587794577,0.00046233016980000446,0.9147570348927003,25.84676472025543
7,16,2026-06-17T03:19:09.539500+00:00,timeseriesScaler_2026-06-17_03.18.28_UTC_000342.pb,20,0.9070534307707981,0.37854483492857666,-0.00018847850555588135,1.3207510794852164,0.013162057049326279,0.0039790484911809585,1.32843116707938,10.390890742014777
7,17,2026-06-17T03:19:17.904000+00:00,timeseriesScaler_2026-06-17_03.18.28_UTC_000342.pb,20,0.7849624044711909,0.33776929074028667,-0.001173521408813425,1.0813577761952724,0.012683476283418772,0.008198113272469356,1.2801285649090912,3.7904877308080556
7,18,2026-06-17T03:19:28.277000+00:00,timeseriesScaler_2026-06-17_03.18.28_UTC_000342.pb,20,0.863457409649344,0.11824805342776143,-0.00025336772662699566,1.0309491295720226,0.010947154911500794,0.005712121615565398,1.1048836607214183,5.650076368482159
7,19,2026-06-17T03:19:36.752500+00:00,timeseriesScaler_2026-06-17_03.18.28_UTC_000342.pb,20,0.9128605062074644,0.5402262475073619,-0.00074222402540559,1.1053400881471394,0.011087859342041772,0.004370248115266453,1.1190847958613361,8.086832275193617
8,0,2026-06-17T03:46:40.941000+00:00,timeseriesScaler_2026-06-17_03.43.28_UTC_000347.pb,21,0.9895281967413683,0.37749244980663216,0.0003495313448262873,0.9901483587470638,0.008647471768095725,0.0005849000305221048,0.9439646964704113,23.39615017591875
8,1,2026-06-17T03:46:49.687500+00:00,timeseriesScaler_2026-06-17_03.43.28_UTC_000347.pb,21,0.9952002827025873,0.2184830977904961,5.22618839346819e-05,1.0457150496229624,0.009056862087557458,0.0006837794048725095,0.988654059906601,22.44123477429456
8,2,2026-06-17T03:46:58.293500+00:00,timeseriesScaler_2026-06-17_03.43.28_UTC_000347.pb,21,0.9941507300558263,0.2700320846651816,7.270744546665954e-05,1.0385006313163805,0.009006946399794259,0.0006164356927089804,0.9832052248815083,23.293796021677654
8,3,2026-06-17T03:47:06.555000+00:00,timeseriesScaler_2026-06-17_03.43.28_UTC_000347.pb,21,0.9911673777253207,0.39606777813111466,0.0003064142227876602,1.0466499382278422,0.00910131286169158,0.00044521996809123446,0.9935063407395028,26.21058819014765
8,4,2026-06-17T03:47:14.655500+00:00,timeseriesScaler_2026-06-17_03.43.28_UTC_000347.pb,21,0.9866398448649863,0.25062962326064187,0.0005357072099673936,1.0432365536084043,0.009093200015520667,0.00047943058080016895,0.9926207361861014,25.559820233200085
8,5,2026-06-17T03:47:22.977500+00:00,timeseriesScaler_2026-06-17_03.43.28_UTC_000347.pb,21,0.95582762408223,0.3163550910566828,-0.0001786580820482963,1.049810724935612,0.009464348612790998,0.000788219667685503,1.0331356036945798,21.588869233152103
8,6,2026-06-17T03:47:31.171000+00:00,timeseriesScaler_2026-06-17_03.43.28_UTC_000347.pb,21,0.9734749019013581,0.5520720646600595,-0.00019850867424306876,1.0396464417434848,0.009207288865347017,0.0023496996870059485,1.0050747631416244,11.862388193841875
8,7,2026-06-17T03:47:39.222000+00:00,timeseriesScaler_2026-06-17_03.43.28_UTC_000347.pb,21,0.9478616306476754,0.17117536145429385,-0.00014322417171531767,1.1666440011365045,0.010546444590108107,0.0013907852752402942,1.1512580362590443,17.596919825230355
8,8,2026-06-17T03:47:47.592500+00:00,timeseriesScaler_2026-06-17_03.43.28_UTC_000347.pb,21,0.9852223200196617,0.23947191460241135,-2.601612572375201e-05,1.106237753404704,0.009650852295090197,0.002759352838759996,1.0534944896873288,10.875168630863188
8,9,2026-06-17T03:47:55.879500+00:00,timeseriesScaler_2026-06-17_03.43.28_UTC_000347.pb,21,0.929047692812607,0.21715653407506713,-0.0004122343773957351,0.9148271732387109,0.008539348350644101,0.0026232140823480798,0.9321618607198944,10.251819904645119
8,10,2026-06-17T03:48:04.229000+00:00,timeseriesScaler_2026-06-17_03.43.28_UTC_000347.pb,21,0.9799736639182317,0.17980834416468353,0.0006934419286415024,1.064366198174593,0.009336794151822212,0.0029752314093081044,1.0192116602275332,9.93354067672698
8,11,2026-06-17T03:48:12.916000+00:00,timeseriesScaler_2026-06-17_03.43.28_UTC_000347.pb,21,0.8966526307843301,0.3776702876800593,0.00018992560678732996,1.0732236113943174,0.010300651934011699,0.0040874200584016685,1.1244271200989335,8.0283088095599
8,12,2026-06-17T03:48:21.504500+00:00,timeseriesScaler_2026-06-17_03.43.28_UTC_000347.pb,21,0.9909657872176622,0.3215214731322715,-0.00019480911632690132,1.060916453955497,0.009221336002601395,0.0024947213491381412,1.0066081594926282,11.355436065863088
8,13,2026-06-17T03:48:29.416500+00:00,timeseriesScaler_2026-06-17_03.48.28_UTC_000348.pb,21,0.9586511937014829,0.22587330354329288,-0.0002420938719161999,1.0444107614214533,0.009389863960268335,0.000649988460833021,1.0250048015022366,23.195073070964185
8,14,2026-06-17T03:48:37.308500+00:00,timeseriesScaler_2026-06-17_03.48.28_UTC_000348.pb,21,0.9394026121941088,0.15156743833205127,0.0004091952958049339,1.069424140106789,0.009799445931457687,0.0005915715771420065,1.0697150857890219,24.38388442937256
8,15,2026-06-17T03:48:46.322500+00:00,timeseriesScaler_2026-06-17_03.48.28_UTC_000348.pb,21,0.9745299983608926,0.2651218016807957,5.535484913656364e-05,1.000357940603693,0.008866604217837517,0.003565459757896521,0.9678853639157218,7.912835680797502
8,16,2026-06-17T03:48:54.336000+00:00,timeseriesScaler_2026-06-17_03.48.28_UTC_000348.pb,21,0.9881634885857471,0.29499170968999916,-0.0004231231762613316,1.0275383736238186,0.008970349232732083,0.000537874293606147,0.9792102498617596,24.442571251060752
8,17,2026-06-17T03:49:02.478500+00:00,timeseriesScaler_2026-06-17_03.48.28_UTC_000348.pb,21,0.9946431437190347,0.3595208613771208,0.00011546660340555166,1.054029349183709,0.009130376696298657,0.0006373913558040142,0.9966789713706147,23.12165052900656
8,18,2026-06-17T03:49:12.026000+00:00,timeseriesScaler_2026-06-17_03.48.28_UTC_000348.pb,21,0.9959988966133457,0.08151214739021717,-3.120967612549867e-05,1.0283874657495813,0.008906999437014002,0.0005742475485953605,0.9722949372374261,23.812645499066836
8,19,2026-06-17T03:49:20.438500+00:00,timeseriesScaler_2026-06-17_03.48.28_UTC_000348.pb,21,0.9904383987738796,0.2670068661469192,0.000330344688816391,1.0530351489763146,0.009160799975284649,0.00046355598300349587,1.0,25.916624194158512
8,20,2026-06-17T03:49:44.627000+00:00,timeseriesScaler_2026-06-17_03.48.28_UTC_000348.pb,21,0.3373852957458348,0.2444563170949481,-0.006178215208438706,0.4826094823387977,0.013407907239806161,0.012732468125015791,1.463617508948998,0.4489679817889404
9,0,2026-06-17T04:17:23.067000+00:00,timeseriesScaler_2026-06-17_04.13.28_UTC_000353.pb,19,0.9547733216364827,0.3363364124262432,0.002651918777236711,0.5901425894911613,0.0057573070378984315,0.00047032483820705985,0.6289285401305029,21.756429525653246
9,1,2026-06-17T04:17:31.747500+00:00,timeseriesScaler_2026-06-17_04.13.28_UTC_000353.pb,19,0.953021276126317,0.22549031250330095,0.0014979463654927337,0.8433483672702103,0.008173071102425055,0.0005699223080016644,0.8928267405219588,23.131392411656527
9,2,2026-06-17T04:17:42.416000+00:00,timeseriesScaler_2026-06-17_04.13.28_UTC_000353.pb,19,0.9679062926113744,0.15580383301182532,0.001034232999135795,0.8890021669644373,0.008447228291079509,0.0004353993878800959,0.9227756870158161,25.7565283450818
9,3,2026-06-17T04:17:57.522000+00:00,timeseriesScaler_2026-06-17_04.13.28_UTC_000353.pb,19,0.9591368564495409,0.16539597457924188,0.0006383718134961375,0.9152985035141691,0.00874905974169414,0.0004645417485413949,0.955747771421067,25.49873263532939
9,4,2026-06-17T04:18:06.798500+00:00,timeseriesScaler_2026-06-17_04.13.28_UTC_000353.pb,19,0.9674456559671087,0.304988262544619,0.00033849003849603887,0.9401606903795118,0.008902121892111236,0.0004382902936438361,0.9724682892217295,26.154633673193082
9,5,2026-06-17T04:18:15.417500+00:00,timeseriesScaler_2026-06-17_04.13.28_UTC_000353.pb,19,0.9724864651539108,0.19552424245915204,0.00019379929883504526,0.9397656254052597,0.008852503502351639,0.0004114636894149216,0.967047973572467,26.65469182709797
9,6,2026-06-17T04:18:23.694500+00:00,timeseriesScaler_2026-06-17_04.13.28_UTC_000353.pb,19,0.9586059966207439,0.4986370383264123,0.0004481340807869242,0.936398535506566,0.008949700405856855,0.0005481452793588794,0.9776657687020898,24.258256382082585
9,7,2026-06-17T04:18:31.942000+00:00,timeseriesScaler_2026-06-17_04.18.28_UTC_000354.pb,19,0.9744245336339415,0.3037834388963942,-1.1771014809811417e-05,0.9597814148235907,0.009013468025900037,0.00038661808121446455,0.9846317470522725,27.352195227482433
9,8,2026-06-17T04:18:40.424000+00:00,timeseriesScaler_2026-06-17_04.18.28_UTC_000354.pb,19,0.9676553212920492,0.20355640077279755,-0.00021892638414192406,0.9702158274664343,0.009169903542701991,0.0005605299823719373,1.0017207715839096,24.275318394433274
9,9,2026-06-17T04:18:48.933500+00:00,timeseriesScaler_2026-06-17_04.18.28_UTC_000354.pb,19,0.9731832899589377,0.22121157545974163,-4.711661247366759e-05,0.9742635605166192,0.009154151339202683,0.0006193246611294871,1.0,23.39399428687658
9,10,2026-06-17T04:18:57.480000+00:00,timeseriesScaler_2026-06-17_04.18.28_UTC_000354.pb,19,0.9701224087930269,0.2588015141020887,0.00010580400234128204,0.9811066457589905,0.0092441265506267,0.00044822194044873506,1.0098288970861449,26.287455417017668
9,11,2026-06-17T04:19:05.835500+00:00,timeseriesScaler_2026-06-17_04.18.28_UTC_000354.pb,19,0.9705133330278878,0.2156422419522476,0.00012895404788457835,0.9622357873160375,0.009071842653661455,0.00042113555538631067,0.9910085946264904,26.665471993523862
9,12,2026-06-17T04:19:14.095000+00:00,timeseriesScaler_2026-06-17_04.18.28_UTC_000354.pb,19,0.9661882396955488,0.22370689949622327,-0.0001660023733026356,0.9750057291370666,0.00922680659010924,0.0004217169709130409,1.0079368636386217,26.800606774218192
9,13,2026-06-17T04:19:22.399500+00:00,timeseriesScaler_2026-06-17_04.18.28_UTC_000354.pb,19,0.9125754332017106,0.31579284433131616,-1.0331627607164458e-05,1.0611193020772427,0.010581693587654865,0.0021661714550928637,1.1559447943949461,13.777247060022521
9,14,2026-06-17T04:19:30.857000+00:00,timeseriesScaler_2026-06-17_04.18.28_UTC_000354.pb,19,0.9116852364124649,0.18635752175549689,-0.0005166228956020024,1.184354157721813,0.011755574366654148,0.001763334099133333,1.2841795957983415,16.478184945727495
9,15,2026-06-17T04:19:39.159000+00:00,timeseriesScaler_2026-06-17_04.18.28_UTC_000354.pb,19,0.9191362489085408,0.4143914993379514,1.4671958232199432e-05,1.0184343997577676,0.01010602947202312,0.003279442939375058,1.103983220022157,9.775609632525665
9,16,2026-06-17T04:19:47.379000+00:00,timeseriesScaler_2026-06-17_04.18.28_UTC_000354.pb,19,0.6258854221883517,0.461328355872969,-0.0006546940659002173,1.360460463062703,0.0194308102993677,0.021092531939749807,2.1226227947701926,-0.7127560717577209
9,17,2026-06-17T04:19:55.670500+00:00,timeseriesScaler_2026-06-17_04.18.28_UTC_000354.pb,19,0.40763977096807663,0.4637856038164122,-0.002440749543477996,1.3194962172832398,0.029812432306535734,0.030892526241846244,3.256711758616432,-0.30912028011756754
9,18,2026-06-17T04:20:05.039500+00:00,timeseriesScaler_2026-06-17_04.18.28_UTC_000354.pb,19,0.4133336172195619,0.35828099972316274,0.0004071565969761078,1.0307454101647455,0.02263896524346863,0.01774023167182615,2.473081818793752,2.1179457137217916
10,0,2026-06-17T04:46:33.612500+00:00,timeseriesScaler_2026-06-17_04.43.28_UTC_000359.pb,20,0.9416495557192996,0.15863957490931074,0.00028408357957486013,0.814082238540471,0.008529472328219769,0.0005775446050933939,0.80016995683242,23.386732663156053
10,1,2026-06-17T04:46:43.088000+00:00,timeseriesScaler_2026-06-17_04.43.28_UTC_000359.pb,20,0.9392819001055964,0.17977959071268942,0.00031479560383791645,0.8569575761114131,0.008981594789871783,0.0016669019167917874,0.8425846334620782,14.628868234379697
10,2,2026-06-17T04:46:52.362000+00:00,timeseriesScaler_2026-06-17_04.43.28_UTC_000359.pb,20,0.9495685411324801,0.14906119327371653,0.0001606022082916552,0.8754751007793609,0.009068081644358716,0.0005680676703411877,0.8506981696760851,24.062306961292258
10,3,2026-06-17T04:47:01.384000+00:00,timeseriesScaler_2026-06-17_04.43.28_UTC_000359.pb,20,0.8091412259787822,0.4003946403911606,0.0005674525792469711,0.8826185332070667,0.010704556443856898,0.0029927652452556757,1.0042197381017732,11.069920493959852
10,4,2026-06-17T04:47:10.343000+00:00,timeseriesScaler_2026-06-17_04.43.28_UTC_000359.pb,20,0.4750755022205452,0.330397086351364,-0.002674045992039018,0.7978662875941246,0.016754309597107005,0.011441965406331646,1.571761378804099,3.312518119477595
10,5,2026-06-17T04:47:19.226000+00:00,timeseriesScaler_2026-06-17_04.43.28_UTC_000359.pb,20,0.6667066308777383,0.5881737875369193,-3.7430834985708985e-05,1.3346789943354551,0.01922887838210219,0.025667760027369202,1.803906524678759,-2.5086803540082894
10,6,2026-06-17T04:47:28.205500+00:00,timeseriesScaler_2026-06-17_04.43.28_UTC_000359.pb,20,0.4198075617566586,0.21342362557174027,0.0007228158645893828,0.716772838062972,0.016853965760627556,0.014076041747943777,1.581110359021609,1.5644312213936673
10,7,2026-06-17T04:47:37.204500+00:00,timeseriesScaler_2026-06-17_04.43.28_UTC_000359.pb,20,0.6361252320159527,0.23157853657253177,0.0017035079111079945,1.6335961787210584,0.02432613358992924,0.02204445202085605,2.282092082080301,0.8554755950642329
10,8,2026-06-17T04:47:45.837000+00:00,timeseriesScaler_2026-06-17_04.43.28_UTC_000359.pb,20,0.12021718607217813,0.288133087393187,0.0051243699411699616,0.24088652496034738,0.019882778543172722,0.016265364897846375,1.8652504441525823,1.744265292165165
10,9,2026-06-17T04:47:54.531500+00:00,timeseriesScaler_2026-06-17_04.43.28_UTC_000359.pb,20,0.6867670154039223,0.47648966636255824,-0.000841089321379446,2.2207020943174136,0.029772172825195488,0.025470824533155734,2.792997893378031,1.355350546884265
10,10,2026-06-17T04:48:03.046000+00:00,timeseriesScaler_2026-06-17_04.43.28_UTC_000359.pb,20,0.8320285237826349,0.2972170576705071,0.0004005219539155326,0.9670701330098604,0.011374822570392117,0.009113721668462487,1.067098987473564,1.9249773978589546
10,11,2026-06-17T04:48:12.019000+00:00,timeseriesScaler_2026-06-17_04.43.28_UTC_000359.pb,20,0.9410414797099422,0.22933473112410765,-0.00028794485146283356,0.8953273703654449,0.00934827878773455,0.00378251770688005,0.8769841258867436,7.859013717243868
10,12,2026-06-17T04:48:20.902500+00:00,timeseriesScaler_2026-06-17_04.43.28_UTC_000359.pb,20,0.8944049777246306,0.30409766409602995,-0.00045458501528966084,0.7597211564374157,0.008402670026482421,0.0014843849062253231,0.7882743332342599,15.05741558934178
10,13,2026-06-17T04:48:29.784500+00:00,timeseriesScaler_2026-06-17_04.48.28_UTC_000360.pb,20,0.867350251843859,0.2369205239099015,-0.00032366628160207257,0.873544864241606,0.009905025013446271,0.003877897925939642,0.929213805080432,8.145184064441594
10,14,2026-06-17T04:48:38.865500+00:00,timeseriesScaler_2026-06-17_04.48.28_UTC_000360.pb,20,0.8365328940708291,0.5735759109565172,0.0003098700270936138,0.7401147512587941,0.008760333339876731,0.005891247754060311,0.8218275739303345,3.446266892861302
10,15,2026-06-17T04:48:47.411500+00:00,timeseriesScaler_2026-06-17_04.48.28_UTC_000360.pb,20,0.8035677360148551,0.16771799142061228,-0.0011727787192712337,1.0051310394896424,0.01225410012091609,0.006267048712658267,1.1495860924869323,5.8243670792713464
10,16,2026-06-17T04:48:55.825500+00:00,timeseriesScaler_2026-06-17_04.48.28_UTC_000360.pb,20,0.7992031117853653,0.47325997395239755,-0.00040269592474230926,1.2657516461402512,0.015260641735214124,0.01077757780734699,1.4316368666911377,3.0210325986600357
10,17,2026-06-17T04:49:05.756500+00:00,timeseriesScaler_2026-06-17_04.48.28_UTC_000360.pb,20,0.9536868406707983,0.1135900448218259,0.0005250937068782258,0.9146070815320952,0.009393533908546968,0.002947203730376386,0.8812296157216906,10.068376983940334
10,18,2026-06-17T04:49:14.888500+00:00,timeseriesScaler_2026-06-17_04.48.28_UTC_000360.pb,20,0.9431242067871394,0.2693692667323686,0.0002871217417860536,0.887973229375441,0.009254467342945452,0.0006280429451445012,0.868183452546269,23.367241714385933
10,19,2026-06-17T04:49:23.633000+00:00,timeseriesScaler_2026-06-17_04.48.28_UTC_000360.pb,20,0.8569792605329466,0.2675233532529985,0.0005880932394739021,0.9280752327666216,0.010614595207336874,0.0037775683535761426,0.9957802618982267,8.973822106488242
11,0,2026-06-17T05:17:19.764000+00:00,timeseriesScaler_2026-06-17_05.13.28_UTC_000365.pb,20,0.8935240903334138,0.18597133289492096,0.00024176529186079905,0.7984053073543215,0.00868367740969293,0.003298104221743343,0.5641878624526946,8.408786120186996
11,1,2026-06-17T05:17:29.313000+00:00,timeseriesScaler_2026-06-17_05.13.28_UTC_000365.pb,20,0.801842078923313,0.3270845684352826,0.00017506967884673745,0.7445207610671672,0.009044474382235592,0.0060785747793965375,0.5876292298727962,3.451631383657365
11,2,2026-06-17T05:17:38.740500+00:00,timeseriesScaler_2026-06-17_05.13.28_UTC_000365.pb,20,0.7282651109115219,0.17639920572775866,-9.07895480905266e-05,1.1789871574996742,0.01541101805503875,0.01013730296010656,1.0012704208688075,3.638178067571891
11,3,2026-06-17T05:17:47.983000+00:00,timeseriesScaler_2026-06-17_05.13.28_UTC_000365.pb,20,0.6299620486604448,0.20105055231326383,-0.0006407754970733799,0.7348292821419863,0.011387899980259108,0.01335047091492051,0.7398841118298366,-1.3810588174414509
11,4,2026-06-17T05:17:57.138500+00:00,timeseriesScaler_2026-06-17_05.13.28_UTC_000365.pb,20,0.7660514938324422,0.3012520558103226,-0.00023651467917379685,0.9526200011739574,0.011981126058063066,0.008594968519344189,0.7784266482457819,2.8850669445693784
11,5,2026-06-17T05:18:05.868000+00:00,timeseriesScaler_2026-06-17_05.13.28_UTC_000365.pb,20,0.7049469902311889,0.026355822396440343,-0.00020881515430101828,1.14104978665626,0.015436826125124347,0.010925031171699604,1.002947198944346,3.0027065531785397
11,6,2026-06-17T05:18:15.338000+00:00,timeseriesScaler_2026-06-17_05.13.28_UTC_000365.pb,20,0.6653778099832018,0.2925035042130521,0.0012391765619990198,1.1099352639088962,0.0159346912451468,0.016758242902054955,1.0352940313522019,-0.4376965623816464
11,7,2026-06-17T05:18:24.477500+00:00,timeseriesScaler_2026-06-17_05.13.28_UTC_000365.pb,20,0.4870574892724142,0.23188915935530874,-0.001937487457407637,1.1502668147056117,0.02274625061688853,0.0184597766289339,1.4778483710174384,1.8136675658504686
11,8,2026-06-17T05:18:33.764500+00:00,timeseriesScaler_2026-06-17_05.18.28_UTC_000366.pb,20,0.5516625839752872,0.2821422863005152,0.00114958485571748,0.9120389106157802,0.015956108611032593,0.0088451543306214,1.0366855406527415,5.12443137860973
11,9,2026-06-17T05:18:42.431000+00:00,timeseriesScaler_2026-06-17_05.18.28_UTC_000366.pb,20,0.3925388760486966,0.30999620794936494,0.004327857560736114,0.6497264019919706,0.01615422002561026,0.017359274643368942,1.0495570523688829,-0.6249116085346694
11,10,2026-06-17T05:18:51.988000+00:00,timeseriesScaler_2026-06-17_05.18.28_UTC_000366.pb,20,0.6561442802047033,0.2245294472805373,-0.0011987765927142775,0.9256977286479567,0.013651022424544926,0.00966131470189714,0.8869216115053898,3.0025790256860976
11,11,2026-06-17T05:19:01.218000+00:00,timeseriesScaler_2026-06-17_05.18.28_UTC_000366.pb,20,0.599766284127376,0.09546438166631538,-8.792562913484266e-05,0.9557776778613594,0.0153719107798439,0.013387912591615996,0.9987295791311925,1.2002997376247935
11,12,2026-06-17T05:19:10.609500+00:00,timeseriesScaler_2026-06-17_05.18.28_UTC_000366.pb,20,0.5881490937737044,0.12099047321300155,-0.0003099764759393229,1.0036190702229268,0.01636733860556256,0.013313294721571483,1.0634035957628172,1.7938504176442525
11,13,2026-06-17T05:19:19.516500+00:00,timeseriesScaler_2026-06-17_05.18.28_UTC_000366.pb,20,0.7786072507481658,0.15896238434160898,0.0009221208579202833,1.5514798055912364,0.018595456679534987,0.011254277519812929,1.208166823844452,4.36178456554355
11,14,2026-06-17T05:19:28.323000+00:00,timeseriesScaler_2026-06-17_05.18.28_UTC_000366.pb,20,0.47830466597843563,0.17181599841260004,-0.0006080066521057381,0.9614774439238447,0.01932326033666206,0.014128618402034027,1.255453010355876,2.71961419105126
11,15,2026-06-17T05:19:37.113500+00:00,timeseriesScaler_2026-06-17_05.18.28_UTC_000366.pb,20,0.6537311371575433,0.49391086862885847,-0.001688531233979046,1.1683730444138836,0.017152817015941013,0.014692694676944222,1.1144369730344668,1.3446800170538693
11,16,2026-06-17T05:19:46.217500+00:00,timeseriesScaler_2026-06-17_05.18.28_UTC_000366.pb,20,0.8456780287084382,0.43256640206256564,-0.0002273127176106986,0.756782119675504,0.008714122558153183,0.005726703310929443,0.5661659164984002,3.6463795986162877
11,17,2026-06-17T05:19:55.787000+00:00,timeseriesScaler_2026-06-17_05.18.28_UTC_000366.pb,20,0.8766729088604269,0.232868171102852,0.00012970110878387402,1.07622129276047,0.011765194084926312,0.002705149998225281,0.7643973156702497,12.768154891232664
11,18,2026-06-17T05:20:05.030500+00:00,timeseriesScaler_2026-06-17_05.18.28_UTC_000366.pb,20,0.7092352183721481,0.42801160423421275,-0.00018159880082210518,0.8553205679050125,0.011674594950245988,0.006256496227486976,0.7585109924313993,5.41821269263164
11,19,2026-06-17T05:20:14.033000+00:00,timeseriesScaler_2026-06-17_05.18.28_UTC_000366.pb,20,0.796306400671373,0.45170922993896057,0.0011187636789436897,1.0256722614840095,0.012359450169029935,0.011564295267468152,0.8030067727034754,0.577599580354231
12,0,2026-06-17T05:47:22.978500+00:00,timeseriesScaler_2026-06-17_05.43.28_UTC_000371.pb,20,0.9752359445990569,0.17181525423679303,0.0024143471906308495,0.5517721804822731,0.005147880174461853,0.000471547993249277,0.5494215968376733,20.762050568736235
12,1,2026-06-17T05:47:31.757500+00:00,timeseriesScaler_2026-06-17_05.43.28_UTC_000371.pb,20,0.9953282598736816,0.3314187263534403,0.001043275405711417,0.9213401052296377,0.00826140689500248,0.00041901266624639894,0.8817212550703016,25.89653722838645
12,2,2026-06-17T05:47:41.671000+00:00,timeseriesScaler_2026-06-17_05.43.28_UTC_000371.pb,20,0.9910979535543866,0.39141563523196227,0.0007237095094889719,0.9768555340638491,0.008760999318546455,0.0004523866288061056,0.9350416234178861,25.740877731094884
12,3,2026-06-17T05:47:51.684000+00:00,timeseriesScaler_2026-06-17_05.43.28_UTC_000371.pb,20,0.9505346283000736,0.3569205061914212,0.00038323571224487034,1.229752257402888,0.011359557985084418,0.0036160093399855917,1.212379907072655,9.942637783663042
12,4,2026-06-17T05:48:00.485000+00:00,timeseriesScaler_2026-06-17_05.43.28_UTC_000371.pb,20,0.7786063326854977,0.07833458460273456,0.0005357425043352755,0.6520113423074564,0.007554936938818164,0.002587322812836103,0.8063213160099086,9.307604517095893
12,5,2026-06-17T05:48:09.349000+00:00,timeseriesScaler_2026-06-17_05.43.28_UTC_000371.pb,20,0.9754247642540933,0.41406195270656043,-0.00019932763127072556,0.9247243499801148,0.008454353396418588,0.0006345521084519713,0.9023139983587295,22.492262122283183
12,6,2026-06-17T05:48:18.267500+00:00,timeseriesScaler_2026-06-17_05.43.28_UTC_000371.pb,20,0.9900171329713876,0.5603974079122174,0.00011593356241150347,0.9872049837938326,0.008863419452440336,0.0005330720012611705,0.9459726924414938,24.416308596562544
12,7,2026-06-17T05:48:27.054500+00:00,timeseriesScaler_2026-06-17_05.43.28_UTC_000371.pb,20,0.9903014365741925,0.2981567751305129,-9.346167263953994e-05,1.030534825568226,0.009229766298506543,0.0005641216419275462,0.9850720619568657,24.2763588671615
12,8,2026-06-17T05:48:35.670000+00:00,timeseriesScaler_2026-06-17_05.48.28_UTC_000372.pb,20,0.882575125284001,0.14193182311832378,-0.0005929092407818649,0.8902271718835084,0.009017968304993166,0.005580398838001296,0.9624673415944109,4.16886929939472
12,9,2026-06-17T05:48:44.588000+00:00,timeseriesScaler_2026-06-17_05.48.28_UTC_000372.pb,20,0.4658720931944967,0.28082230372660005,-0.0007105337362398095,0.7282109308032434,0.01403918625958009,0.01475344410097411,1.4983705664528915,-0.43102959237263383
12,10,2026-06-17T05:48:53.513500+00:00,timeseriesScaler_2026-06-17_05.48.28_UTC_000372.pb,20,0.6042703601672081,0.50984796511378,-0.0005540317973300603,0.8991172710327047,0.013271467043431425,0.009386686783549824,1.4164336325374745,3.008132128709842
12,11,2026-06-17T05:49:03.253000+00:00,timeseriesScaler_2026-06-17_05.48.28_UTC_000372.pb,20,0.7528810516182987,0.08191290762146791,-2.7344237972479736e-05,1.2300753704562994,0.014340953406701166,0.005532957039813159,1.530577490900534,8.272414532285845
12,12,2026-06-17T05:49:12.264000+00:00,timeseriesScaler_2026-06-17_05.48.28_UTC_000372.pb,20,0.8997644387540038,0.26649756268491065,1.3838189066923059e-05,1.0603778589120723,0.010433267098887363,0.004912025619924357,1.1135189778001955,6.543194049041434
12,13,2026-06-17T05:49:21.104500+00:00,timeseriesScaler_2026-06-17_05.48.28_UTC_000372.pb,20,0.9818021511295337,0.25333746934515416,-0.00043432288648479427,1.0539188440347798,0.009509504979112324,0.0006398066466385154,1.0149279380431344,23.442183254345174
12,14,2026-06-17T05:49:29.810500+00:00,timeseriesScaler_2026-06-17_05.48.28_UTC_000372.pb,20,0.9608776660116585,0.5200868032186422,-0.00019214594693937594,0.9316882999825755,0.008641898668350554,0.0005300200294435221,0.9223302806520499,24.246337754862346
12,15,2026-06-17T05:49:38.516500+00:00,timeseriesScaler_2026-06-17_05.48.28_UTC_000372.pb,20,0.833957958265946,0.19819216715457494,-0.0001409821621877102,1.1777675262247307,0.012424101570451564,0.010538323655482455,1.3259962339400266,1.4298692123161523
12,16,2026-06-17T05:49:47.065000+00:00,timeseriesScaler_2026-06-17_05.48.28_UTC_000372.pb,20,0.7629372004807865,0.48572092323016486,-0.0002471589177342258,1.4748808323892117,0.016768079364335907,0.009114111814908643,1.7896191496371323,5.2953793700910285
12,17,2026-06-17T05:49:55.988500+00:00,timeseriesScaler_2026-06-17_05.48.28_UTC_000372.pb,20,0.9198708653359219,0.43272203225934097,5.292023274146319e-05,1.0683201206183632,0.010280855389150306,0.007158745597045365,1.0972524210617711,3.14384642762924
12,18,2026-06-17T05:50:04.800500+00:00,timeseriesScaler_2026-06-17_05.48.28_UTC_000372.pb,20,0.9813936490456008,0.46795490427085634,-0.0005707132661974283,1.0167964432350884,0.00921240156319153,0.002398453417447628,0.9832187630683702,11.688831445852678
12,19,2026-06-17T05:50:13.139500+00:00,timeseriesScaler_2026-06-17_05.48.28_UTC_000372.pb,20,0.9793169492627334,0.44534111435704166,-0.0004055633135350852,1.0641074368983288,0.009620815263379998,0.0005700507530938577,1.026807832689904,24.545967035052747
13,0,2026-06-17T06:17:40.282500+00:00,timeseriesScaler_2026-06-17_06.13.28_UTC_000377.pb,20,0.938399332624426,0.17858632969983948,0.0005025836931084071,0.9793732150266301,0.009420935408982067,0.004353115761708872,1.0114903350505395,6.705876195938765
13,1,2026-06-17T06:17:48.972000+00:00,timeseriesScaler_2026-06-17_06.13.28_UTC_000377.pb,20,0.9389770264408566,0.29876886489829646,-0.0001677450955733475,0.9311963040932303,0.008990940658647594,0.0036156245169603612,0.965323419006182,7.912436173297652
13,2,2026-06-17T06:17:57.727500+00:00,timeseriesScaler_2026-06-17_06.13.28_UTC_000377.pb,20,0.90246300442772,0.6968981249413521,0.0005446425899905422,0.8931134558412689,0.008972216413748907,0.0023239042952653863,0.9633130673877977,11.73363003512761
13,3,2026-06-17T06:18:06.666000+00:00,timeseriesScaler_2026-06-17_06.13.28_UTC_000377.pb,20,0.9762246654636286,0.3502456058933162,-0.0006511678036537504,1.1091212935328745,0.010223000792819065,0.002637209981056463,1.0976050729837001,11.768673674495282
13,4,2026-06-17T06:18:15.110000+00:00,timeseriesScaler_2026-06-17_06.13.28_UTC_000377.pb,20,0.9699010842995562,0.16026576860817657,6.327167130912083e-05,1.0010227354507188,0.009324670843474844,0.0006876436063463146,1.001154771394561,22.645402020959544
13,5,2026-06-17T06:18:23.569000+00:00,timeseriesScaler_2026-06-17_06.13.28_UTC_000377.pb,20,0.8938606505237,0.5290685000516429,-0.001508504951566553,0.9466646650486501,0.009655218597023988,0.004704735328606717,1.0366444381285942,6.244538283388196
13,6,2026-06-17T06:18:32.002000+00:00,timeseriesScaler_2026-06-17_06.18.28_UTC_000378.pb,20,0.9685672126908834,0.45235061943262794,0.0005084790077829208,1.0845358684068516,0.010054200586752908,0.0037726201930181353,1.0794816309285014,8.514089208099737
13,7,2026-06-17T06:18:41.159500+00:00,timeseriesScaler_2026-06-17_06.18.28_UTC_000378.pb,20,0.8888780577718844,0.26156940522719274,-0.00030559567258288503,1.0721339836850106,0.010854988545526094,0.0029767772951277316,1.1654592165461324,11.237660499882953
13,8,2026-06-17T06:18:50.237500+00:00,timeseriesScaler_2026-06-17_06.18.28_UTC_000378.pb,20,0.9705145565376412,0.42218950231667496,-0.00011424498977931194,0.9692797181388519,0.009037675108412394,0.004136582529573363,0.9703411207734536,6.788300631643676
13,9,2026-06-17T06:18:58.902000+00:00,timeseriesScaler_2026-06-17_06.18.28_UTC_000378.pb,20,0.9918876036814788,0.29794122384951705,-0.00014432430297235563,0.9847570048043763,0.008977779904507203,0.0021561906050644236,0.9639103984262628,12.389636096214307
13,10,2026-06-17T06:19:07.663500+00:00,timeseriesScaler_2026-06-17_06.18.28_UTC_000378.pb,20,0.9917148268054522,0.418631420115022,0.00025914613358165624,1.010728724591867,0.009204184904686406,0.00044092301725920163,0.9882186501599538,26.392451281204497
13,11,2026-06-17T06:19:16.171500+00:00,timeseriesScaler_2026-06-17_06.18.28_UTC_000378.pb,20,0.9735452880214807,0.42888678403623226,0.0003527902221016604,1.00406873949144,0.009316745797766623,0.0023226430628865663,1.0003038890998945,12.0656354473449
13,12,2026-06-17T06:19:24.652500+00:00,timeseriesScaler_2026-06-17_06.18.28_UTC_000378.pb,20,0.8440200100306744,0.4409640111273356,4.7545237791784676e-05,0.8738027492661039,0.00941147279253277,0.0081330406079678,1.010474369579252,1.2680930071830812
13,13,2026-06-17T06:19:33.059500+00:00,timeseriesScaler_2026-06-17_06.18.28_UTC_000378.pb,20,0.7377650299186094,0.5323580339169953,1.0222715780340196e-05,1.0019014492288847,0.012254437691492029,0.007960101170930257,1.3157127979675363,3.747496008217466
13,14,2026-06-17T06:19:41.518500+00:00,timeseriesScaler_2026-06-17_06.18.28_UTC_000378.pb,20,0.9937098013162549,0.26721797702161154,-0.00011264091999375778,1.0252608838935322,0.009311085003031579,0.000538579766946921,0.9996961109001052,24.75500514764544
13,15,2026-06-17T06:19:50.075000+00:00,timeseriesScaler_2026-06-17_06.18.28_UTC_000378.pb,20,0.9938277659507648,0.11455093088781294,0.00015304486573204318,1.0107400632093102,0.009184779896573172,0.0003916462725943787,0.9861352075604642,27.40349511531717
13,16,2026-06-17T06:19:58.285000+00:00,timeseriesScaler_2026-06-17_06.18.28_UTC_000378.pb,20,0.9943509669721495,0.27714322395024216,0.00011359986017210398,1.017358206244486,0.009237022151432824,0.000477576539449012,0.9917442616063505,25.729780016447066
13,17,2026-06-17T06:20:06.362500+00:00,timeseriesScaler_2026-06-17_06.18.28_UTC_000378.pb,20,0.9774529365488025,0.2637650784073342,0.00033437706498898757,1.0281964890749324,0.009491142576974972,0.0005417470779246828,1.0190282141244569,24.87043839928333
13,18,2026-06-17T06:20:14.856500+00:00,timeseriesScaler_2026-06-17_06.18.28_UTC_000378.pb,20,0.994611975694099,0.3818124068134487,-9.858795494438772e-05,1.0175607115025747,0.009236434372255346,0.0005057157350783219,0.9916811539709245,25.231957641943477
13,19,2026-06-17T06:20:23.301000+00:00,timeseriesScaler_2026-06-17_06.18.28_UTC_000378.pb,20,0.9930578292769349,0.2594460168682198,0.00013846240557039292,1.0159622016298526,0.009236956575333216,0.00055859039883042,0.9917372209476384,24.368708704875687
14,0,2026-06-17T06:47:57.203500+00:00,timeseriesScaler_2026-06-17_06.43.28_UTC_000383.pb,20,0.9967275059957869,0.37295842784798333,0.00018825344604078218,0.9519992527016297,0.008713135487161634,0.0004820447107456234,0.9500916757206446,25.141742907023982
14,1,2026-06-17T06:48:06.163500+00:00,timeseriesScaler_2026-06-17_06.43.28_UTC_000383.pb,20,0.9869367517351422,0.22783463896422773,0.00048492272615537654,0.9759335695542674,0.009009717074648996,0.00031064893949472297,0.9824313194526793,29.24882556061179
14,2,2026-06-17T06:48:14.961500+00:00,timeseriesScaler_2026-06-17_06.43.28_UTC_000383.pb,20,0.9940404220273733,0.1937811013509717,0.0003254113418384691,0.9996568095453212,0.009152212970967367,0.0005119102061127265,0.9979692581334123,25.04664658499658
14,3,2026-06-17T06:48:23.697500+00:00,timeseriesScaler_2026-06-17_06.43.28_UTC_000383.pb,20,0.9973045606123576,0.22071226670112204,5.959359918191034e-05,0.9977469804352648,0.009105682115288836,0.0004564879077452774,0.9928954728457314,25.99766414189763
14,4,2026-06-17T06:48:32.134000+00:00,timeseriesScaler_2026-06-17_06.48.28_UTC_000384.pb,20,0.9966598657579271,0.5900606463861966,-0.000191787464842775,0.9875416354352226,0.009022978976428946,0.0003862628845381791,0.9838774145471398,27.369339321253022
14,5,2026-06-17T06:48:40.433500+00:00,timeseriesScaler_2026-06-17_06.48.28_UTC_000384.pb,20,0.998104565476852,0.19108357005391147,-5.1482139217874594e-05,1.006281168794686,0.009172314639776436,0.0004968976027885592,1.0001611703596975,25.32424084893006
14,6,2026-06-17T06:48:49.184000+00:00,timeseriesScaler_2026-06-17_06.48.28_UTC_000384.pb,20,0.998645776267824,0.3787925556663207,-2.356149089520502e-05,1.0076602924984646,0.009179298062462898,0.00039921912758446846,1.0009226518920602,27.231962617721656
14,7,2026-06-17T06:48:57.545500+00:00,timeseriesScaler_2026-06-17_06.48.28_UTC_000384.pb,20,0.9974169611749408,0.4761054997982617,-0.00014468338034045748,1.0052510840031175,0.009169695110840244,0.0005300487005671863,0.9998755335025349,24.760782432222193
14,8,2026-06-17T06:49:06.142000+00:00,timeseriesScaler_2026-06-17_06.48.28_UTC_000384.pb,20,0.996524606851234,0.20086241639369254,-0.00021494648289198054,1.0060440413110376,0.009184760327723807,0.0005508176743568304,1.0015182644316118,24.44119921675889
14,9,2026-06-17T06:49:14.715500+00:00,timeseriesScaler_2026-06-17_06.48.28_UTC_000384.pb,20,0.9950510622094483,0.28351495701173485,-0.0002508764830982803,1.0030116469516426,0.009171978034654313,0.000612658352895328,1.0001244664974651,23.50489294001573
14,10,2026-06-17T06:49:23.432000+00:00,timeseriesScaler_2026-06-17_06.48.28_UTC_000384.pb,20,0.9960978809164861,0.46681011730622646,-0.00023742306124122155,1.0049325461193783,0.009179033299887021,0.0005455913779381104,1.0008937818349202,24.518588938407973
14,11,2026-06-17T06:49:32.164000+00:00,timeseriesScaler_2026-06-17_06.48.28_UTC_000384.pb,20,0.9975366650637545,0.39731849935429614,7.744409450351935e-05,1.012106481506905,0.009227958968898945,0.0006302181052476152,1.0062287006968826,23.312295582923788
14,12,2026-06-17T06:49:41.673500+00:00,timeseriesScaler_2026-06-17_06.48.28_UTC_000384.pb,20,0.9783899331651873,0.44702354321739896,-0.00032470002283751994,0.9912315697246133,0.009223550503492906,0.0004915683794100398,1.0057479958701125,25.466283827285338
14,13,2026-06-17T06:49:50.471000+00:00,timeseriesScaler_2026-06-17_06.48.28_UTC_000384.pb,20,0.9539318801682176,0.39078687434726356,0.00019171374105191025,0.9770310187726293,0.009330419698803317,0.0017008643084592025,1.0174011525328308,14.784630233368794
14,14,2026-06-17T06:49:59.018000+00:00,timeseriesScaler_2026-06-17_06.48.28_UTC_000384.pb,20,0.9980386852328895,0.27616222219651243,1.2954445966474634e-05,1.0055810594602486,0.009166860521801655,0.0005253925732683036,0.9995664462108681,24.834733878280197
14,15,2026-06-17T06:50:07.931500+00:00,timeseriesScaler_2026-06-17_06.48.28_UTC_000384.pb,20,0.9980952169153412,0.3488358439807841,-7.971592236809114e-05,1.0185575469537278,0.009278608213660881,0.00047974407550924674,1.011751560510179,25.72946433883112
14,16,2026-06-17T06:50:16.323000+00:00,timeseriesScaler_2026-06-17_06.48.28_UTC_000384.pb,20,0.9829612425382577,0.23616019135557587,0.000475963229642576,1.0445567463205039,0.009648931295936317,0.0005766121897714267,1.0521320731643806,24.471907895875162
14,17,2026-06-17T06:50:24.939500+00:00,timeseriesScaler_2026-06-17_06.48.28_UTC_000384.pb,20,0.9977267925860779,0.2055426407999419,-0.00015029374212466388,1.0044290026006373,0.009159741447966998,0.00044406308926845154,0.9987901731001017,26.288770781929305
14,18,2026-06-17T06:50:33.404500+00:00,timeseriesScaler_2026-06-17_06.48.28_UTC_000384.pb,20,0.9959733985412431,0.41764762486657725,0.00020754193343708007,0.9890558284471057,0.00904232646659331,0.0004924481550785604,0.985987090148803,25.27839336262538
14,19,2026-06-17T06:50:41.870500+00:00,timeseriesScaler_2026-06-17_06.48.28_UTC_000384.pb,20,0.993358886277341,0.3710063753247084,-0.0003370584730904104,0.9963397009369294,0.009129482730734764,0.0005434071855089961,0.9954907230453321,24.5064158925083
15,0,2026-06-17T07:17:59.428000+00:00,timeseriesScaler_2026-06-17_07.13.28_UTC_000389.pb,20,0.163477797412903,0.1983113856494972,0.0034034425050951003,0.26834172396338396,0.015664494305368086,0.022376464400661388,0.9985524550994427,-3.0975017523608326
15,1,2026-06-17T07:18:08.288500+00:00,timeseriesScaler_2026-06-17_07.13.28_UTC_000389.pb,20,0.41525791801076195,0.30098668003231527,-0.0016866397746623854,0.9725656848643309,0.02224998696918656,0.01996507088537973,1.4183527843856414,0.941178089756781
15,2,2026-06-17T07:18:16.868000+00:00,timeseriesScaler_2026-06-17_07.13.28_UTC_000389.pb,20,0.4932974024319592,0.5013397418088341,0.0005593830208234116,1.1136058353979172,0.020995047189163698,0.019097515332715517,1.33835510467029,0.8227997546055825
15,3,2026-06-17T07:18:25.369500+00:00,timeseriesScaler_2026-06-17_07.13.28_UTC_000389.pb,20,0.28401711167904165,0.5053463021781156,0.0013567025102869277,0.46313548109513736,0.015709910164566562,0.0183777612892044,1.0014475449005573,-1.3623780909308778
15,4,2026-06-17T07:18:33.809500+00:00,timeseriesScaler_2026-06-17_07.18.28_UTC_000390.pb,20,0.6028902149728843,0.12543295182653166,-0.001014618528500535,1.1767481526043788,0.01822030012745378,0.019111899374507437,1.1614754405881305,-0.41496647397284225
15,5,2026-06-17T07:18:42.549000+00:00,timeseriesScaler_2026-06-17_07.18.28_UTC_000390.pb,20,0.5695180462582091,0.5548120014649944,0.0029232739273999772,1.2642269594978905,0.020810470831828135,0.01678885752254238,1.3265890577633317,1.8652152522863767
15,6,2026-06-17T07:18:51.127000+00:00,timeseriesScaler_2026-06-17_07.18.28_UTC_000390.pb,20,0.4955415213080359,0.3773431917925032,-0.0008818426905899283,1.0123631368468682,0.019158888332086753,0.020458099422497423,1.2213069000526378,-0.5698995745592024
15,7,2026-06-17T07:18:59.431500+00:00,timeseriesScaler_2026-06-17_07.18.28_UTC_000390.pb,20,0.6757896105675159,0.5388560463276859,0.0007892474228008988,1.415186909759501,0.019278815532219412,0.017261982723464835,1.2289518069223495,0.9597934046008547
15,8,2026-06-17T07:19:07.856000+00:00,timeseriesScaler_2026-06-17_07.18.28_UTC_000390.pb,20,0.6462592802660195,0.27953403005417155,-0.0008850491900256082,1.4717541766675117,0.02092012506415563,0.015798486043254387,1.3335791016656837,2.438976112966597
15,9,2026-06-17T07:19:16.497500+00:00,timeseriesScaler_2026-06-17_07.18.28_UTC_000390.pb,20,0.5674049728593625,0.16960621513907154,0.00012647651896393182,0.8824414524199173,0.014673473013114745,0.010926771288270177,0.935378583977649,2.5608212967874486
15,10,2026-06-17T07:19:24.924000+00:00,timeseriesScaler_2026-06-17_07.18.28_UTC_000390.pb,20,0.6814668065642873,0.13410227744662986,-0.00026301392168392247,0.8224682860966279,0.011466805403458324,0.007834601176552925,0.7309656133519088,3.3085109794603107
15,11,2026-06-17T07:19:33.120000+00:00,timeseriesScaler_2026-06-17_07.18.28_UTC_000390.pb,20,0.5757886092455269,0.13862784928913835,0.00019959344496342743,0.8167075586884043,0.013453929124505236,0.009701019983067345,0.857637258893492,2.840634725926783
15,12,2026-06-17T07:19:41.674500+00:00,timeseriesScaler_2026-06-17_07.18.28_UTC_000390.pb,20,0.6231292921262077,0.19535610309486556,0.00089676419375508,1.18761419578198,0.017707454294879285,0.014974158725799649,1.128783452246746,1.4562739434919278
15,13,2026-06-17T07:19:50.786500+00:00,timeseriesScaler_2026-06-17_07.18.28_UTC_000390.pb,20,0.6786359862136185,0.3176659211753571,-0.0002993594075560587,0.9345272665601282,0.012988612546003649,0.008291327412828424,0.8279750813087355,3.8987739341179237
15,14,2026-06-17T07:19:59.999500+00:00,timeseriesScaler_2026-06-17_07.18.28_UTC_000390.pb,20,0.39655462680777764,0.28012828058944217,0.0007202045771890082,0.6374881434119057,0.015320508300327888,0.008510247734121953,0.9766246441432327,5.106619436729922
15,15,2026-06-17T07:20:08.730000+00:00,timeseriesScaler_2026-06-17_07.18.28_UTC_000390.pb,20,0.5821937950798768,0.38656592904946574,-0.00012878124586422054,0.9869161014321666,0.015903912429844676,0.007388237250543767,1.0138144579021424,6.659262854426531
15,16,2026-06-17T07:20:17.412500+00:00,timeseriesScaler_2026-06-17_07.18.28_UTC_000390.pb,20,0.5984000772417962,0.4200075139074408,-0.0007901613974093439,0.9173821430991737,0.014478852419518757,0.011356089346745746,0.9229722548769651,2.1101068132495056
15,17,2026-06-17T07:20:25.955000+00:00,timeseriesScaler_2026-06-17_07.18.28_UTC_000390.pb,20,0.49626170656037033,0.10604691953797914,-0.0006661272760246855,0.7287459698892856,0.013978349779542373,0.011136856268462943,0.8910670985285152,1.9738657776365789
15,18,2026-06-17T07:20:34.423500+00:00,timeseriesScaler_2026-06-17_07.18.28_UTC_000390.pb,20,0.5187330940675403,0.25311250927023404,-0.0006345898737269008,0.8360058621298144,0.015411976032985861,0.00746820391452232,0.9824553672567583,6.292843148057833
15,19,2026-06-17T07:20:43.034000+00:00,timeseriesScaler_2026-06-17_07.18.28_UTC_000390.pb,20,0.6721978268921923,0.3512470861119396,-0.0013103474283339672,1.0173845104392127,0.01427829214219328,0.012967320064715564,0.9101872933317877,0.8365206644018447
16,0,2026-06-17T07:48:23.707500+00:00,timeseriesScaler_2026-06-17_07.43.28_UTC_000395.pb,21,0.9848292670294074,0.18850090122712446,0.00044920482263323397,0.9304826232251854,0.008727869109507755,0.00042506288587119376,0.9451492615934265,26.24910076280877
16,1,2026-06-17T07:48:32.220500+00:00,timeseriesScaler_2026-06-17_07.48.28_UTC_000396.pb,21,0.9921850087036466,0.10977241812044154,0.00026306005347448755,0.9948660355867479,0.009234381768222985,0.00037284318902448284,1.0,27.877632225126092
16,2,2026-06-17T07:48:41.178000+00:00,timeseriesScaler_2026-06-17_07.48.28_UTC_000396.pb,21,0.9921676744468453,0.5271516643666423,0.00019879245742435056,0.9607350675364167,0.008932242019123769,0.0005478397698514577,0.9672809986978307,24.246138511119057
16,3,2026-06-17T07:48:51.165500+00:00,timeseriesScaler_2026-06-17_07.48.28_UTC_000396.pb,21,0.9953290040836984,0.42069268104102864,-0.00012888967212675825,0.9717326605824901,0.009001154745440033,0.00045163743616015727,0.9747436234891734,25.990165893788514
16,4,2026-06-17T07:49:00.072000+00:00,timeseriesScaler_2026-06-17_07.48.28_UTC_000396.pb,21,0.9941601317595852,0.30850276435453106,4.2081935720381013e-05,0.9838469575869454,0.009118771860276051,0.00042545783276595745,0.9874804929178078,26.62159653697274
16,5,2026-06-17T07:49:09.024000+00:00,timeseriesScaler_2026-06-17_07.48.28_UTC_000396.pb,21,0.9598290461849961,0.37135513472643844,-2.5251223625552167e-05,0.9776389707976477,0.00938712112792938,0.001670978387382135,1.0165402907893626,14.99123178319412
16,6,2026-06-17T07:49:17.954000+00:00,timeseriesScaler_2026-06-17_07.48.28_UTC_000396.pb,21,0.959386874981864,0.3234643233003599,0.0007823739147200341,1.0700294627660143,0.010235210769263094,0.0031878302868011627,1.1083807260908494,10.132031957789023
16,7,2026-06-17T07:49:26.833500+00:00,timeseriesScaler_2026-06-17_07.48.28_UTC_000396.pb,21,0.8816761740685032,0.31694193538605964,-0.000289368827916121,0.9176702251972167,0.009617399603113518,0.006742226812252654,1.041477366271401,3.085086060515806
16,8,2026-06-17T07:49:35.380000+00:00,timeseriesScaler_2026-06-17_07.48.28_UTC_000396.pb,21,0.6900761508608564,0.15785932587745435,-0.0014167320212944445,0.7758515962806064,0.010497830033460168,0.008610838542937625,1.1368200164287028,1.7210818178632692
16,9,2026-06-17T07:49:44.088000+00:00,timeseriesScaler_2026-06-17_07.48.28_UTC_000396.pb,21,0.6149258455301442,0.5694634541382501,-0.0013401209543353202,0.7740298528182928,0.011739447852265546,0.011164137285320291,1.2712759930137285,0.43645005242792545
16,10,2026-06-17T07:49:52.553500+00:00,timeseriesScaler_2026-06-17_07.48.28_UTC_000396.pb,21,0.8000777634755982,0.543347287475663,-0.0005666891077503835,1.256352542205516,0.014273434008795192,0.007894102793053793,1.5456837682315028,5.144513884340047
16,11,2026-06-17T07:50:01.308000+00:00,timeseriesScaler_2026-06-17_07.48.28_UTC_000396.pb,21,0.7564961226637948,0.0906792552343164,0.00011994174537147363,1.5342836807877174,0.018173366097888013,0.008049841917856246,1.9680111299302714,7.072960472330236
16,12,2026-06-17T07:50:10.343500+00:00,timeseriesScaler_2026-06-17_07.48.28_UTC_000396.pb,21,0.9934444376352118,0.5033342450061632,5.1600916099600314e-05,0.9843751991595744,0.009130028100872442,0.0004762554434980019,0.9886994419366936,25.652643232502903
16,13,2026-06-17T07:50:19.947500+00:00,timeseriesScaler_2026-06-17_07.48.28_UTC_000396.pb,21,0.9872757093410162,0.16598718126455822,0.0004166535639764398,0.9848410309651344,0.00919119351010714,0.000385215613799789,0.9953231023797974,27.553360557422224
16,14,2026-06-17T07:50:28.657500+00:00,timeseriesScaler_2026-06-17_07.48.28_UTC_000396.pb,21,0.9921476954272113,0.46113636005745684,0.0002519592655769253,0.9938184198648873,0.009225434926483166,0.0004188106794823548,0.9990311379836377,26.85938204707817
16,15,2026-06-17T07:50:37.229000+00:00,timeseriesScaler_2026-06-17_07.48.28_UTC_000396.pb,21,0.9912279610544628,0.26036749446406465,-0.00025247589851499884,0.9866291307046491,0.009170445228118667,0.00045367459578343603,0.9930762511547515,26.112919207423356
16,16,2026-06-17T07:50:45.570000+00:00,timeseriesScaler_2026-06-17_07.48.28_UTC_000396.pb,21,0.9906832852434094,0.1917722549522862,0.00028094567739632713,1.0041735246207153,0.009330714978196174,0.0004981946524713506,1.0104320150921946,25.45031723625754
16,17,2026-06-17T07:50:54.034000+00:00,timeseriesScaler_2026-06-17_07.48.28_UTC_000396.pb,21,0.9505602163357793,0.2528264550317207,0.00019271336770765093,0.971652512394234,0.009423015852522022,0.0032579681446515962,1.0204273647152164,9.22486176274285
16,18,2026-06-17T07:51:03.177500+00:00,timeseriesScaler_2026-06-17_07.48.28_UTC_000396.pb,21,0.9805926903552881,0.14562677543092314,4.6052654222583224e-05,0.8515070917210387,0.008051919708564769,0.001836572856454746,0.8719500569353478,12.837825483706393
16,19,2026-06-17T07:51:11.901500+00:00,timeseriesScaler_2026-06-17_07.48.28_UTC_000396.pb,21,0.993510235536255,0.3668982646380524,2.9550700910942154e-05,1.0050063222054872,0.009311567728200933,0.0004361982497514582,1.0083585411471245,26.58677775685986
16,20,2026-06-17T07:51:20.445500+00:00,timeseriesScaler_2026-06-17_07.48.28_UTC_000396.pb,21,0.993205875274406,0.12793057063769067,0.00016965010410733257,0.99408403062767,0.009217981631728924,0.0004530067045170692,0.998224013593363,26.170624175076092
17,0,2026-06-17T08:18:07.204000+00:00,timeseriesScaler_2026-06-17_08.13.28_UTC_000401.pb,20,0.3556869933733414,0.2404396153108269,0.003080963434642161,0.7266611993192358,0.017812823619135495,0.013756833090370452,1.2203840464005826,2.2442859900557792
17,1,2026-06-17T08:18:16.003000+00:00,timeseriesScaler_2026-06-17_08.13.28_UTC_000401.pb,20,0.5427902686160458,0.2037021087525706,-5.210479242137832e-05,0.6180287789414731,0.00998652313500492,0.00897027315224195,0.6841921176313666,0.9321728913547535
17,2,2026-06-17T08:18:24.582000+00:00,timeseriesScaler_2026-06-17_08.13.28_UTC_000401.pb,20,0.6097609215305502,0.32344215194002834,0.001634589150680306,1.0683115881729728,0.01518978207977901,0.013094647818515034,1.0406754209675062,1.2891544152803602
17,3,2026-06-17T08:18:33.145000+00:00,timeseriesScaler_2026-06-17_08.18.28_UTC_000402.pb,20,0.6728487600668983,0.3487127065703321,0.0009629594559468242,1.672157376613007,0.020650324196389222,0.013566825502167661,1.4147855916116925,3.6489727016530624
17,4,2026-06-17T08:18:41.976500+00:00,timeseriesScaler_2026-06-17_08.18.28_UTC_000402.pb,20,0.6695984616504291,0.37249630086554225,0.0005956333374676627,0.9820367856817802,0.01263930548198742,0.016664336265194025,0.8659383317101236,-2.401296200281364
17,5,2026-06-17T08:18:51.822000+00:00,timeseriesScaler_2026-06-17_08.18.28_UTC_000402.pb,20,0.5495399386986045,0.1714802487069074,-0.0008486575363923668,0.8536033269628549,0.013539724601779537,0.012880253737528878,0.9276274357153922,0.4337082457942251
17,6,2026-06-17T08:19:00.324000+00:00,timeseriesScaler_2026-06-17_08.18.28_UTC_000402.pb,20,0.5730893609698575,0.5047174400870823,-0.0015179177385809652,0.8062327975796432,0.01233919442051835,0.012071075119956932,0.8453772595636644,0.19081709136245217
17,7,2026-06-17T08:19:08.638500+00:00,timeseriesScaler_2026-06-17_08.18.28_UTC_000402.pb,20,0.617569514358472,0.20297800635739957,-0.0007408815103870247,1.2425323011751905,0.017089085096363033,0.011248356857443806,1.170799602864735,3.6325945274002613
17,8,2026-06-17T08:19:17.144500+00:00,timeseriesScaler_2026-06-17_08.18.28_UTC_000402.pb,20,0.7375884700753492,0.5220660072789998,0.00010971796496788432,1.0918912325581978,0.012671103460862402,0.018262085127161504,0.8681168603340259,-3.174718517716598
17,9,2026-06-17T08:19:25.456500+00:00,timeseriesScaler_2026-06-17_08.18.28_UTC_000402.pb,20,0.4834268261103714,0.5917580134373995,0.00015252471369648615,0.5414584460065152,0.009847661356083922,0.006465106850363621,0.6746784827763095,3.655147971704724
17,10,2026-06-17T08:19:33.677000+00:00,timeseriesScaler_2026-06-17_08.18.28_UTC_000402.pb,20,0.38538718686645324,0.46770115314592053,0.0006011094132789194,0.817780191562278,0.018326471957477868,0.015514945581888968,1.2555748870542682,1.4465722001939663
17,11,2026-06-17T08:19:42.294500+00:00,timeseriesScaler_2026-06-17_08.18.28_UTC_000402.pb,20,0.8723973924159767,0.30118664747400214,-0.00021849819236662368,1.0842391799448625,0.01064553387524024,0.0022214633947155575,0.729341960855877,13.610565698589657
17,12,2026-06-17T08:19:50.595500+00:00,timeseriesScaler_2026-06-17_08.18.28_UTC_000402.pb,20,0.9134704280784396,0.24888488358629637,-0.0003011414232244234,1.0969576670142207,0.010282324164187416,0.0033084163497669543,0.7044579028118472,9.849422661644429
17,13,2026-06-17T08:20:00.129000+00:00,timeseriesScaler_2026-06-17_08.18.28_UTC_000402.pb,20,0.3926610206231404,0.31700650963752897,-0.0029288977576224515,0.5082736036579953,0.011514555588653469,0.010855069627554864,0.7888799800773728,0.5122913454329582
17,14,2026-06-17T08:20:08.507000+00:00,timeseriesScaler_2026-06-17_08.18.28_UTC_000402.pb,20,0.8244017028597697,0.10853218841503887,0.0008496922787112122,1.5551748000401275,0.015801377063634617,0.01661843518477246,1.0825767375198243,-0.43790381902495507
17,15,2026-06-17T08:20:16.967500+00:00,timeseriesScaler_2026-06-17_08.18.28_UTC_000402.pb,20,0.5331366000143868,0.2865759278533791,-0.0002675929370709836,0.8940094690049886,0.014467632799363864,0.015723772247758495,0.9911998588791034,-0.7231853429699866
17,16,2026-06-17T08:20:25.269000+00:00,timeseriesScaler_2026-06-17_08.18.28_UTC_000402.pb,20,0.23560496987341153,0.32681360073468935,7.747024746167436e-05,0.3918349543143548,0.0147245279334364,0.01602568418307341,1.0088001411208964,-0.7355039925396938
17,17,2026-06-17T08:20:33.660000+00:00,timeseriesScaler_2026-06-17_08.18.28_UTC_000402.pb,20,0.6734235537536855,0.4007574588679582,-0.0010028344957517348,1.1934676536931652,0.015252441636837075,0.014227329794279901,1.0449683239582506,0.604319462586126
17,18,2026-06-17T08:20:42.250500+00:00,timeseriesScaler_2026-06-17_08.18.28_UTC_000402.pb,20,0.39305816447632036,0.348436194185039,-0.0020849967123309707,0.7848380556250567,0.017444622716134395,0.013982804596808243,1.1951580340905457,1.9213458508678998
17,19,2026-06-17T08:20:50.740000+00:00,timeseriesScaler_2026-06-17_08.18.28_UTC_000402.pb,20,0.5295796105525641,0.5641220430518408,-0.0001973203729184681,1.1967951890673023,0.019164911575172656,0.012907329794970513,1.3130176796840523,3.433408259187956
18,0,2026-06-17T08:48:33.617000+00:00,timeseriesScaler_2026-06-17_08.48.28_UTC_000408.pb,20,0.9783705800897715,0.38228296389346944,0.00041983784404978986,0.8696073132430507,0.008842836078076906,0.0005307132834147435,0.8897991107446745,24.434632331646227
18,1,2026-06-17T08:48:42.343000+00:00,timeseriesScaler_2026-06-17_08.48.28_UTC_000408.pb,20,0.980098664563588,0.3290297454914452,0.00014187887175539298,0.9115001540761738,0.009233029214364696,0.0004972415633680446,0.9290617978081961,25.375535729571197
18,2,2026-06-17T08:48:51.895500+00:00,timeseriesScaler_2026-06-17_08.48.28_UTC_000408.pb,20,0.9815797663667817,0.40663593924414615,0.0003131185135213658,0.9153105697554738,0.009255928656332018,0.0005744357362984878,0.9313660249723282,24.14357096872445
18,3,2026-06-17T08:49:00.869000+00:00,timeseriesScaler_2026-06-17_08.48.28_UTC_000408.pb,20,0.9813944055595365,0.3349276817748765,-7.063032881954465e-05,0.9091006993584158,0.009197723001270641,0.000575321018339707,0.9255091551110486,24.07540171436899
18,4,2026-06-17T08:49:09.983000+00:00,timeseriesScaler_2026-06-17_08.48.28_UTC_000408.pb,20,0.9850329579974404,0.2926098843327411,-5.6903574881768106e-05,0.9240155025978446,0.009307186680533487,0.00047912386600850696,0.9365237983326272,25.767412411274734
18,5,2026-06-17T08:49:18.790000+00:00,timeseriesScaler_2026-06-17_08.48.28_UTC_000408.pb,20,0.9790018014186073,0.3566967827160526,0.0002819588352021567,0.9116760186730799,0.009245014881829551,0.0005066840017362762,0.9302678403219038,25.223408453673063
18,6,2026-06-17T08:49:27.592500+00:00,timeseriesScaler_2026-06-17_08.48.28_UTC_000408.pb,20,0.9674904169948333,0.18758302663635643,0.0003414794489560362,0.897975717449568,0.0092204888415504,0.00042843425217286944,0.9277999387756362,26.657395247441276
18,7,2026-06-17T08:49:36.316500+00:00,timeseriesScaler_2026-06-17_08.48.28_UTC_000408.pb,20,0.9808479143860771,0.47930518082431034,0.00029885031143322917,0.9175642588492134,0.009284536051282759,0.0015353315071052647,0.9342446076310069,15.631160891445807
18,8,2026-06-17T08:49:45.188500+00:00,timeseriesScaler_2026-06-17_08.48.28_UTC_000408.pb,20,0.9648322359227216,0.2772021043598153,0.00046116863527261677,0.934394983200405,0.009603176640068623,0.0005140248549188124,0.9663074107911533,25.428615962781098
18,9,2026-06-17T08:49:54.055500+00:00,timeseriesScaler_2026-06-17_08.48.28_UTC_000408.pb,20,0.9662769441169983,0.16550294800384116,7.739069012411114e-05,0.9251701888926339,0.009499416901090223,0.0022958562506484054,0.9558667192914012,12.335045113566999
18,10,2026-06-17T08:50:02.766500+00:00,timeseriesScaler_2026-06-17_08.48.28_UTC_000408.pb,20,0.7498946758377307,0.06337727367285387,0.0016667072545253339,0.9278693867202473,0.012202381735614666,0.0060406931475240535,1.2278491110148746,6.107156640328046
18,11,2026-06-17T08:50:11.427000+00:00,timeseriesScaler_2026-06-17_08.48.28_UTC_000408.pb,20,0.8251400897526123,0.42408910022661467,-0.0008333923306421132,0.8501762778868863,0.010272851490991924,0.004659381099648842,1.0336925892088464,6.867255522557667
18,12,2026-06-17T08:50:20.072000+00:00,timeseriesScaler_2026-06-17_08.48.28_UTC_000408.pb,20,0.5722807415921707,0.19580984874219326,0.0008911953773796147,0.925674027468013,0.016007727285122,0.011800900598634633,1.6107571572719297,2.6482904924970825
18,13,2026-06-17T08:50:28.698000+00:00,timeseriesScaler_2026-06-17_08.48.28_UTC_000408.pb,20,0.7532046476756611,0.23849813280119622,-3.05206842546978e-05,1.1154826409904381,0.014535060226584665,0.012579893551071803,1.4625719113237239,1.2547973885541819
18,14,2026-06-17T08:50:37.537500+00:00,timeseriesScaler_2026-06-17_08.48.28_UTC_000408.pb,20,0.6160911167762745,0.38973367843970025,7.166732951042362e-05,1.3568367531726802,0.021302782738333418,0.018184561643405695,2.1435653640521126,1.3746700341422247
18,15,2026-06-17T08:50:46.567000+00:00,timeseriesScaler_2026-06-17_08.48.28_UTC_000408.pb,20,0.5644443925124781,0.2961875622202571,-0.0009161592205137656,0.7982716302421539,0.014162344493200843,0.010888703642702587,1.425067865653616,2.283179528338525
18,16,2026-06-17T08:50:55.354500+00:00,timeseriesScaler_2026-06-17_08.48.28_UTC_000408.pb,20,0.6358014446769034,0.2833563519912348,-0.0007131285296326766,1.3396799204359826,0.020515965443014747,0.013620721593088494,2.0643928764574606,3.5578368561407596
18,17,2026-06-17T08:51:03.941000+00:00,timeseriesScaler_2026-06-17_08.48.28_UTC_000408.pb,20,0.2696420139062507,0.21847207057366907,0.00016840160315035425,0.42434333668633917,0.015934025309792467,0.014738659425436423,1.603340989932706,0.6773503837409524
18,18,2026-06-17T08:51:12.485000+00:00,timeseriesScaler_2026-06-17_08.48.28_UTC_000408.pb,20,0.6299800546266693,0.08691269360559828,-0.0017582052120081685,1.3445609652393888,0.020943332079603454,0.01572877683942834,2.107396099613586,2.4870165662014703
18,19,2026-06-17T08:51:21.330000+00:00,timeseriesScaler_2026-06-17_08.48.28_UTC_000408.pb,20,0.5703916581165569,0.32041397094919166,-0.0003570768227535816,1.2203157223745724,0.020873057059094403,0.016011820747536567,2.100324765235745,2.302906815592362
19,0,2026-06-17T09:18:25.070000+00:00,timeseriesScaler_2026-06-17_09.13.28_UTC_000413.pb,20,0.9683371933765117,0.15037288428364814,0.00043447529233119617,0.9576342226854687,0.00922175912076819,0.0014545736509786894,0.9694748109847872,16.041561154001695
19,1,2026-06-17T09:18:34.038500+00:00,timeseriesScaler_2026-06-17_09.18.28_UTC_000414.pb,20,0.9290088376569261,0.26442493310001075,-0.00017117108387258937,0.9850573041757208,0.009872462403335225,0.003798680648221566,1.0378826314030358,8.295854083719636
19,2,2026-06-17T09:18:43.263000+00:00,timeseriesScaler_2026-06-17_09.18.28_UTC_000414.pb,20,0.955675526033426,0.13260528773979158,8.923547101778494e-05,0.9955017777976015,0.009694645265086095,0.0029398607582865016,1.01918888390472,10.364103225401024
19,3,2026-06-17T09:18:52.319500+00:00,timeseriesScaler_2026-06-17_09.18.28_UTC_000414.pb,20,0.9945273571058628,0.2869040236448242,-0.00011739368007903411,1.0200496822598142,0.009535056679432143,0.001617607392958663,1.002411486893367,15.409003117313677
19,4,2026-06-17T09:19:01.656500+00:00,timeseriesScaler_2026-06-17_09.18.28_UTC_000414.pb,20,0.9947942417307868,0.3010830671584967,0.000118176268950183,1.0151659951526475,0.00948917998206663,0.00047698796604002256,0.9975885131066332,25.974425233561945
19,5,2026-06-17T09:19:10.449500+00:00,timeseriesScaler_2026-06-17_09.18.28_UTC_000414.pb,20,0.9937280551192169,0.1681491137252046,-9.239097615057685e-05,0.9903186505589031,0.009278428280516693,0.0023571433463224945,0.9754323861303056,11.901768416008501
19,6,2026-06-17T09:19:19.288500+00:00,timeseriesScaler_2026-06-17_09.18.28_UTC_000414.pb,20,0.9766480662073913,0.15975711500786102,-0.00031522437109996284,0.9929865508374469,0.009464292549544027,0.00046007266395918126,0.9949721208733543,26.265234532030114
19,7,2026-06-17T09:19:28.348500+00:00,timeseriesScaler_2026-06-17_09.18.28_UTC_000414.pb,20,0.9934198993205307,0.40442088833644546,1.2548286307646144e-06,1.0102487184204354,0.009458563249897814,0.002153714190428719,0.9943698050224578,12.852742055808505
19,8,2026-06-17T09:19:37.665000+00:00,timeseriesScaler_2026-06-17_09.18.28_UTC_000414.pb,20,0.9935413375947596,0.24094992566532392,-0.0001475315030513295,1.0027113859248284,0.009390398928336659,0.0004538848694147664,0.9872037543919896,26.314766742950304
19,9,2026-06-17T09:19:47.166000+00:00,timeseriesScaler_2026-06-17_09.18.28_UTC_000414.pb,20,0.9914957590868174,0.42892436529295624,-0.00030989958628028846,0.9933703676383834,0.009326419321468082,0.00048116909704380484,0.9804776388576871,25.7483442116769
19,10,2026-06-17T09:19:56.158500+00:00,timeseriesScaler_2026-06-17_09.18.28_UTC_000414.pb,20,0.9913192893485717,0.49711160774966695,-0.0002624413848986316,0.96864735119005,0.00910717335745245,0.000436505182919545,0.9574285181053845,26.387883976443817
19,11,2026-06-17T09:20:05.062000+00:00,timeseriesScaler_2026-06-17_09.18.28_UTC_000414.pb,20,0.9733304367292894,0.2535745936021034,-0.00023000131030292877,0.9908305538083414,0.009476859886749369,0.0006443269761936822,0.9962933131428738,23.35116290572639
19,12,2026-06-17T09:20:13.991000+00:00,timeseriesScaler_2026-06-17_09.18.28_UTC_000414.pb,20,0.992881585173285,0.43846602024303416,-0.00022382294969306986,1.010554815123408,0.009466425820380294,0.00040037701085405105,0.9951963896179272,27.47433806402472
19,13,2026-06-17T09:20:22.961500+00:00,timeseriesScaler_2026-06-17_09.18.28_UTC_000414.pb,20,0.9194025897851584,0.5835532119873775,0.00143293862303714,1.0111250834178211,0.01024996997336434,0.008285028904545123,1.0775696450526413,1.8485713048957566
19,14,2026-06-17T09:20:31.990500+00:00,timeseriesScaler_2026-06-17_09.18.28_UTC_000414.pb,20,0.8545728798123795,0.16203249702142547,-1.572112968483168e-05,1.0293691868566737,0.011186543691918047,0.005267689067366887,1.1760307539232164,6.541515820170253
19,15,2026-06-17T09:20:40.969000+00:00,timeseriesScaler_2026-06-17_09.18.28_UTC_000414.pb,20,0.8323328386591509,0.3544699328202209,-0.0005687385528063032,0.9127459142639749,0.010261675700969827,0.007423611747183411,1.0788002571201603,2.812060704655128
19,16,2026-06-17T09:20:49.732500+00:00,timeseriesScaler_2026-06-17_09.18.28_UTC_000414.pb,20,0.9681424834330395,0.267551236070905,-0.00013794015084185796,1.030771442710101,0.009891723572559871,0.0038732822039129595,1.0399075398992201,8.143856618151172
19,17,2026-06-17T09:20:58.698500+00:00,timeseriesScaler_2026-06-17_09.18.28_UTC_000414.pb,20,0.9786072736715555,0.3563389102303342,-9.498304462355018e-05,1.0405815262357268,0.009874646852766882,0.00225545168820052,1.0381122805049183,12.825760879026722
19,18,2026-06-17T09:21:07.453500+00:00,timeseriesScaler_2026-06-17_09.18.28_UTC_000414.pb,20,0.944071031162147,0.28558991512312243,0.00023799432425082785,1.146653105660058,0.011218282018414611,0.004483299307877312,1.1793673741578454,7.9665724002404446
19,19,2026-06-17T09:21:16.140000+00:00,timeseriesScaler_2026-06-17_09.18.28_UTC_000414.pb,20,0.7348626400843282,0.2886277491980481,0.0004776541088489002,0.8583214697248767,0.010940525373891664,0.008751557612225383,1.1501670809250482,1.9390564316148335
20,0,2026-06-17T09:48:21.302500+00:00,timeseriesScaler_2026-06-17_09.43.28_UTC_000419.pb,20,0.5907916656232505,0.11354567319249928,0.0004064354441553795,1.140574984807744,0.017940143618028127,0.012972926356342881,1.9073603489883202,2.8157592539199694
20,1,2026-06-17T09:48:30.518000+00:00,timeseriesScaler_2026-06-17_09.48.28_UTC_000420.pb,20,0.5132241901506175,0.45959573316300556,0.001499058249788312,1.1884188142896877,0.021690648280655058,0.017568464864759978,2.3061065371181506,1.8307743555998206
20,2,2026-06-17T09:48:39.710500+00:00,timeseriesScaler_2026-06-17_09.48.28_UTC_000420.pb,20,0.40074648723586315,0.23291115237029072,0.0018345690819969779,1.0663242162069588,0.02487353640240372,0.018568131743162693,2.6445048647986837,2.539386535502175
20,3,2026-06-17T09:48:48.457500+00:00,timeseriesScaler_2026-06-17_09.48.28_UTC_000420.pb,20,0.5895208520885099,0.5758754436732318,-0.0031836365494096997,1.0673501119386224,0.017224830279039493,0.010394621781850804,1.8313096590418745,4.386925192784231
20,4,2026-06-17T09:48:57.159000+00:00,timeseriesScaler_2026-06-17_09.48.28_UTC_000420.pb,20,0.8704835176746282,0.32892752977946904,9.382358666029639e-05,0.8751134798810665,0.009496368250706362,0.00487107672626776,1.0096349642701334,5.798651539965487
20,5,2026-06-17T09:49:05.668000+00:00,timeseriesScaler_2026-06-17_09.48.28_UTC_000420.pb,20,0.9653109195265714,0.1625034666571055,-0.0006303311874190528,0.9606321832223226,0.009375685372559008,0.000525857670120091,0.9968042009562468,25.02269624120812
20,6,2026-06-17T09:49:14.878500+00:00,timeseriesScaler_2026-06-17_09.48.28_UTC_000420.pb,20,0.9286205914312967,0.5504290703291154,-0.0004566104039279453,0.9602481773719951,0.009726788078043872,0.0022566196054001975,1.0341327415255313,12.690221937111971
20,7,2026-06-17T09:49:23.864500+00:00,timeseriesScaler_2026-06-17_09.48.28_UTC_000420.pb,20,0.9395694797304215,0.24871743006824573,0.0007874643297423085,0.9151212461090538,0.009178384211197883,0.003171118482387288,0.9758275343251399,9.231075292750852
20,8,2026-06-17T09:49:32.734500+00:00,timeseriesScaler_2026-06-17_09.48.28_UTC_000420.pb,20,0.9609791446820706,0.2452824859049687,-9.253222513484145e-05,1.0974917903378774,0.01067028674700008,0.0030857765194490737,1.1344436414160934,10.776232410164855
20,9,2026-06-17T09:49:41.475000+00:00,timeseriesScaler_2026-06-17_09.48.28_UTC_000420.pb,20,0.9667643900480978,0.395456279604961,-9.45490725767963e-05,0.9664622292121048,0.009401803142413893,0.001836668412300737,0.9995809902443298,14.183607933339406
20,10,2026-06-17T09:49:50.205500+00:00,timeseriesScaler_2026-06-17_09.48.28_UTC_000420.pb,20,0.9557427846608708,0.360722343703859,-0.00012129493987171849,0.9989900313613342,0.009813903776416189,0.0026505568363499746,1.0433947091210864,11.370093483426025
20,11,2026-06-17T09:49:59.164500+00:00,timeseriesScaler_2026-06-17_09.48.28_UTC_000420.pb,20,0.9510450870258127,0.2173412523580048,0.00011179700737361906,1.0328743373353328,0.010179608708818157,0.0015488009049439738,1.082275729381817,16.35470981756775
20,12,2026-06-17T09:50:09.029000+00:00,timeseriesScaler_2026-06-17_09.48.28_UTC_000420.pb,20,0.9666463881023246,0.22172158578410556,0.00018362113262224047,0.8675966458540887,0.008483178542775886,0.0005380796157637118,0.9019146518771126,23.954241354206882
20,13,2026-06-17T09:50:17.864500+00:00,timeseriesScaler_2026-06-17_09.48.28_UTC_000420.pb,20,0.9736025510030231,0.18292304142512958,-9.344899199128877e-05,0.9744811486297225,0.00940968533960654,0.0005177771334671799,1.0004190097556704,25.18864468028777
20,14,2026-06-17T09:50:26.961000+00:00,timeseriesScaler_2026-06-17_09.48.28_UTC_000420.pb,20,0.970094662368514,0.2622348332498258,9.887078614138968e-05,0.9596518368484716,0.009306885814271026,0.0004915842535529734,0.989489568905334,25.54412845018355
20,15,2026-06-17T09:50:35.752500+00:00,timeseriesScaler_2026-06-17_09.48.28_UTC_000420.pb,20,0.9701519359535716,0.27772447014199214,-0.00032542508687498215,0.9644518562601773,0.00935052212011708,0.0005901842770849372,0.9941288940589772,23.996964530670915
20,16,2026-06-17T09:50:44.393000+00:00,timeseriesScaler_2026-06-17_09.48.28_UTC_000420.pb,20,0.9678222968978697,0.24788486224028985,-0.00018881180529278617,0.9574404619868047,0.009308095146130709,0.0003720028520964905,0.9896181426607642,27.96629088731885
20,17,2026-06-17T09:50:53.246500+00:00,timeseriesScaler_2026-06-17_09.48.28_UTC_000420.pb,20,0.9723012198568121,0.34852413698947976,-0.00014012426757297557,0.952982824711134,0.009224346837666247,0.0005365011469905971,0.9807141892554282,24.707299387718283
20,18,2026-06-17T09:51:02.020000+00:00,timeseriesScaler_2026-06-17_09.48.28_UTC_000420.pb,20,0.9736040203097007,0.6815324612776087,-8.930638725477666e-05,0.9433587994020833,0.009123387088878483,0.00046109122356771654,0.9699803497844838,25.927384913418866
20,19,2026-06-17T09:51:10.836500+00:00,timeseriesScaler_2026-06-17_09.48.28_UTC_000420.pb,20,0.9608052094511784,0.1886404823787587,-0.00032891127996854345,0.9582979621333912,0.00938384886143182,0.0005158214137887225,0.9976721268389449,25.197632737025582
21,0,2026-06-17T10:18:57.508000+00:00,timeseriesScaler_2026-06-17_10.18.28_UTC_000426.pb,20,0.4022085641523009,0.27042861596301326,-0.0021221334100044046,0.7191716625145228,0.01800121793750157,0.01711129069429512,1.5388404882436801,0.44038241029554837
21,1,2026-06-17T10:19:06.506000+00:00,timeseriesScaler_2026-06-17_10.18.28_UTC_000426.pb,20,0.5703871929129519,0.21826968126761273,0.0007901127029935831,2.13155027254676,0.034089257556522354,0.024798229398152495,2.9141322506217144,2.7639373899507773
21,2,2026-06-17T10:19:15.632500+00:00,timeseriesScaler_2026-06-17_10.18.28_UTC_000426.pb,20,0.4410419316931163,0.12245300105847629,0.0004543629731517693,0.839208840547442,0.018552411848275805,0.0235002238246846,1.5859594948418798,-2.0534324390618237
21,3,2026-06-17T10:19:24.133000+00:00,timeseriesScaler_2026-06-17_10.18.28_UTC_000426.pb,20,0.5801337914926704,0.40361188959508904,-0.001014389733270336,0.7496997261684815,0.012740646591514172,0.015799444461885765,1.0891386843654305,-1.8690069496853778
21,4,2026-06-17T10:19:33.116000+00:00,timeseriesScaler_2026-06-17_10.18.28_UTC_000426.pb,20,0.8614320151274156,0.38253846544265274,-7.119311402812383e-06,1.0029239409574624,0.011310484855923288,0.0032162687069808298,0.9668808020874073,10.922577946928858
21,5,2026-06-17T10:19:42.076500+00:00,timeseriesScaler_2026-06-17_10.18.28_UTC_000426.pb,20,0.4196736674369978,0.24075716003184822,-0.00042628768838976535,0.5642240266653604,0.013304323915544298,0.012012400422756123,1.1373248399652331,0.8872601871827502
21,6,2026-06-17T10:19:50.670500+00:00,timeseriesScaler_2026-06-17_10.18.28_UTC_000426.pb,20,0.5958464267353073,0.2816930552563352,0.0020328602214762246,1.2998461793558254,0.021054047428030097,0.02049348778283777,1.7998126980152622,0.2343943947760052
21,7,2026-06-17T10:19:59.245500+00:00,timeseriesScaler_2026-06-17_10.18.28_UTC_000426.pb,20,0.8008270739129173,0.1818253306265457,0.00023286388333833624,0.9905984316326966,0.0120199973005084,0.007702822954851592,1.0275337245969305,3.8650890835052136
21,8,2026-06-17T10:20:07.922500+00:00,timeseriesScaler_2026-06-17_10.18.28_UTC_000426.pb,20,0.797423394485559,0.1750317753753078,-0.0004963302066161852,0.5799703019040872,0.007215769852754397,0.004498911519353708,0.6168426404156819,4.103504419794154
21,9,2026-06-17T10:20:17.263000+00:00,timeseriesScaler_2026-06-17_10.18.28_UTC_000426.pb,20,0.8470252367198687,0.296874107652454,0.00029330236580248304,0.9850283261058983,0.011301957216787287,0.004649958890181844,0.9661518138368806,7.714090912067594
21,10,2026-06-17T10:20:25.921500+00:00,timeseriesScaler_2026-06-17_10.18.28_UTC_000426.pb,20,0.7528435745500232,0.3836707479308518,-0.0004991130113362967,1.0141225736510489,0.013073903940782772,0.005571043450547949,1.1176273068486304,7.409374880323175
21,11,2026-06-17T10:20:35.912500+00:00,timeseriesScaler_2026-06-17_10.18.28_UTC_000426.pb,20,0.7921953060344975,0.10154899981314401,4.635607553799799e-05,0.8673541475273286,0.010704952552761438,0.01006646036805726,0.9151166587788779,0.534159173577059
21,12,2026-06-17T10:20:44.759000+00:00,timeseriesScaler_2026-06-17_10.18.28_UTC_000426.pb,20,0.9463431741336127,0.5316244757924861,-9.502073445789071e-05,0.9438193626915787,0.009717706414927803,0.002136775095443489,0.8307215731777171,13.156099221000982
21,13,2026-06-17T10:20:53.869000+00:00,timeseriesScaler_2026-06-17_10.18.28_UTC_000426.pb,20,0.9169672912907508,0.11873527964228432,-0.00010588327232831002,0.8675330564274645,0.009253731161582537,0.0018098724933579846,0.7910584843872976,14.173377972782738
21,14,2026-06-17T10:21:02.746000+00:00,timeseriesScaler_2026-06-17_10.18.28_UTC_000426.pb,20,0.8930112916360686,0.13403727558611583,4.305346079860552e-05,0.8742170055405618,0.009570088475278926,0.00523918146552592,0.8181024013465953,5.2330502360933036
21,15,2026-06-17T10:21:11.428500+00:00,timeseriesScaler_2026-06-17_10.18.28_UTC_000426.pb,20,0.8411562287765545,0.5247019508763291,-0.00014683999637446623,0.8859773764738968,0.010293559588903713,0.005236416811257147,0.8799485856206736,5.870627490042758
21,16,2026-06-17T10:21:20.310500+00:00,timeseriesScaler_2026-06-17_10.18.28_UTC_000426.pb,20,0.8210431168311064,0.29755048476086005,-0.00026968397859050366,0.9089077282855129,0.010799245829435129,0.007678408696344902,0.9231773529173757,2.9624440584458878
21,17,2026-06-17T10:21:29.486000+00:00,timeseriesScaler_2026-06-17_10.18.28_UTC_000426.pb,20,0.8544366583158374,0.23049033062754626,-0.000293278667779627,1.0266645019937408,0.011653562402582057,0.005860182532180573,0.9962089076210876,5.97095124996425
21,18,2026-06-17T10:21:38.264500+00:00,timeseriesScaler_2026-06-17_10.18.28_UTC_000426.pb,20,0.786943498177039,0.23581922771088085,0.0002685911986535473,1.0173397863768954,0.012543275701660167,0.008505243374017951,1.0722663639723038,3.374484458008886
21,19,2026-06-17T10:21:46.977000+00:00,timeseriesScaler_2026-06-17_10.18.28_UTC_000426.pb,20,0.851973093088104,0.21308928422902604,-0.00108822605730592,1.0289996853256616,0.01174225811946158,0.005811436890343648,1.0037910923789124,6.109361938648933
22,0,2026-06-17T10:48:41.139000+00:00,timeseriesScaler_2026-06-17_10.48.28_UTC_000432.pb,20,0.7519957606254626,0.4483443995293963,-0.0006856222928441644,1.0104739672777279,0.011634772497265777,0.005397202554514944,0.6423524150692215,6.671783568081361
22,1,2026-06-17T10:48:50.763500+00:00,timeseriesScaler_2026-06-17_10.48.28_UTC_000432.pb,20,0.7411196029579941,0.1639765364709643,0.000859699973270548,0.873956277895076,0.010236551747745735,0.006088188923137587,0.565157053022807,4.513311312286787
22,2,2026-06-17T10:49:00.060500+00:00,timeseriesScaler_2026-06-17_10.48.28_UTC_000432.pb,20,0.3349298456846686,0.33106981740953983,-0.012,0.933632759087624,0.02514894714830775,0.0206404207635113,1.3884660779538291,1.7160252374223668
22,3,2026-06-17T10:49:09.305000+00:00,timeseriesScaler_2026-06-17_10.48.28_UTC_000432.pb,20,0.2568450288678143,0.18026005032631018,0.0029506292094579746,0.8535876218564054,0.029069317295589123,0.025918933731492802,1.604908576736102,0.9963540202230257
22,4,2026-06-17T10:49:18.767500+00:00,timeseriesScaler_2026-06-17_10.48.28_UTC_000432.pb,20,0.20149655258469487,0.4039993256782897,-0.00244820502336595,0.8365276468946327,0.03596035739675528,0.026052240773407374,1.9853609020706262,2.7995783225761732
22,5,2026-06-17T10:49:28.296500+00:00,timeseriesScaler_2026-06-17_10.48.28_UTC_000432.pb,20,0.7629703375554407,0.5851380363616936,-5.851741768804501e-05,1.1695184655297701,0.013132418299132184,0.008900031712761883,0.7250370054188174,3.379063069363876
22,6,2026-06-17T10:49:37.759000+00:00,timeseriesScaler_2026-06-17_10.48.28_UTC_000432.pb,20,0.3203269622158737,0.26480271692107143,0.0015996555594918814,0.7733198303925438,0.020889116468772725,0.026028213755150388,1.153282061641664,-1.9104858670361224
22,7,2026-06-17T10:49:47.504500+00:00,timeseriesScaler_2026-06-17_10.48.28_UTC_000432.pb,20,0.4039904631507451,0.4758457420714914,-0.0010064400376485058,1.075584004858766,0.022866084208378993,0.01753881808172233,1.2624298771531801,2.303829501044575
22,8,2026-06-17T10:49:57.045500+00:00,timeseriesScaler_2026-06-17_10.48.28_UTC_000432.pb,20,0.2591397452467526,0.2557890512016595,0.012,0.6233999100411743,0.02151667779258779,0.02054830808543834,1.1879295403140124,0.3999829574543292
22,9,2026-06-17T10:50:06.684000+00:00,timeseriesScaler_2026-06-17_10.48.28_UTC_000432.pb,20,0.3346262029239876,0.22810355926717638,-0.0015726544409301237,0.6450572251715275,0.017018692832595286,0.02022750904182708,0.9395970952511448,-1.5003240825394135
22,10,2026-06-17T10:50:16.296000+00:00,timeseriesScaler_2026-06-17_10.48.28_UTC_000432.pb,20,0.39018886228942085,0.5661189673341732,0.0027090746744640247,0.9646906666618982,0.021347995579283074,0.02389606414360514,1.178616644241402,-0.9793854233005157
22,11,2026-06-17T10:50:26.212500+00:00,timeseriesScaler_2026-06-17_10.48.28_UTC_000432.pb,20,0.3542604310814547,0.23185108252592213,0.0007567110662860539,0.7001195529758472,0.01729479510689233,0.011534836260041844,0.954840621735439,3.5180797454569164
22,12,2026-06-17T10:50:35.617000+00:00,timeseriesScaler_2026-06-17_10.48.28_UTC_000432.pb,20,0.4829008546639578,0.3007615900101846,-0.0010594706498319472,0.6498358570879383,0.01185950018316784,0.013215217919091856,0.6547595654287176,-0.940158858172871
22,13,2026-06-17T10:50:45.018000+00:00,timeseriesScaler_2026-06-17_10.48.28_UTC_000432.pb,20,0.141644018761187,0.4396216517351144,0.0002021107994335439,0.4608205969264394,0.02855019653538479,0.021181831347471394,1.5762480701290165,2.592911928131818
22,14,2026-06-17T10:50:53.940500+00:00,timeseriesScaler_2026-06-17_10.48.28_UTC_000432.pb,20,0.5465418060805588,0.3875667866649008,0.0005584698193351368,0.7657005801710368,0.012213238698883364,0.01168654330872329,0.6742893662844084,0.3828954461812827
22,15,2026-06-17T10:51:03.354500+00:00,timeseriesScaler_2026-06-17_10.48.28_UTC_000432.pb,20,0.6446414579500089,0.4505730040193269,0.00027650090864799707,1.3741209363069469,0.0180454804784427,0.007860802977601066,0.996285743372827,7.218030775284449
22,16,2026-06-17T10:51:12.561500+00:00,timeseriesScaler_2026-06-17_10.48.28_UTC_000432.pb,20,0.6743242944291917,0.31641745655175996,0.00019145952139989244,0.9068926378912456,0.011675881302172753,0.008131968169480466,0.6446220202650953,3.1418800247234104
22,17,2026-06-17T10:51:21.833500+00:00,timeseriesScaler_2026-06-17_10.48.28_UTC_000432.pb,20,0.43656042437354126,0.18464610460004816,-0.0020827619551971365,0.7700278237336265,0.015578635320986228,0.014370198637514285,0.8600919377039699,0.7013327938722198
22,18,2026-06-17T10:51:31.496000+00:00,timeseriesScaler_2026-06-17_10.48.28_UTC_000432.pb,20,0.4667742464008863,0.43172622339584865,-0.0029638052084950757,0.9623177022174098,0.018180031325734092,0.016997624295167352,1.0037142566271726,0.5841280315120722
22,19,2026-06-17T10:51:40.730500+00:00,timeseriesScaler_2026-06-17_10.48.28_UTC_000432.pb,20,0.717861970205121,0.44435783052406397,-1.0177006657872385e-05,2.5043885174491165,0.02790273763138059,0.019991984872884477,1.5405020518254435,2.895818018996119
23,0,2026-06-17T11:18:46.230000+00:00,timeseriesScaler_2026-06-17_11.18.28_UTC_000438.pb,19,0.9985003541224982,0.10170123888487413,6.901259641036742e-05,0.9479190474313215,0.009096995097811238,0.0005762784565132952,0.9494323167669767,23.96531152755177
23,1,2026-06-17T11:18:56.291500+00:00,timeseriesScaler_2026-06-17_11.18.28_UTC_000438.pb,19,0.9974517276573013,0.36906217055432333,-0.0001468259669809438,0.9925251248285673,0.00951265312472054,0.0004715725595520521,0.9928135826935947,26.09506269518092
23,2,2026-06-17T11:19:06.050000+00:00,timeseriesScaler_2026-06-17_11.18.28_UTC_000438.pb,19,0.9826229436218576,0.23965231781301824,0.00019099141904028346,0.985272118866637,0.009588873231883312,0.0005978884514690865,1.0007684988114662,24.102948245461082
23,3,2026-06-17T11:19:15.574000+00:00,timeseriesScaler_2026-06-17_11.18.28_UTC_000438.pb,19,0.9916336983605065,0.24545133359142562,0.00037276986168131106,0.9428779479623663,0.009113513827190636,0.000517617655770175,0.9511563383077272,24.91353550553172
23,4,2026-06-17T11:19:25.127000+00:00,timeseriesScaler_2026-06-17_11.18.28_UTC_000438.pb,19,0.9985890824507933,0.11167933778881685,-6.098666797450625e-07,1.005042929452781,0.009615359152949997,0.0005303392259388839,1.0035327730723262,25.16823520484934
23,5,2026-06-17T11:19:34.539500+00:00,timeseriesScaler_2026-06-17_11.18.28_UTC_000438.pb,19,0.9975234155002032,0.17366180623057925,9.294558522140654e-05,0.9983266534437767,0.009564650012446286,0.00042002713317687367,0.99824037748103,27.147834738289752
23,6,2026-06-17T11:19:44.359500+00:00,timeseriesScaler_2026-06-17_11.18.28_UTC_000438.pb,19,0.9954794418577781,0.2683210182647388,0.00026452174363494234,0.9884189155597713,0.009494068632547162,0.0004695025649501034,0.9908739622727423,26.11628795384862
23,7,2026-06-17T11:19:54.156000+00:00,timeseriesScaler_2026-06-17_11.18.28_UTC_000438.pb,19,0.9975712820099933,0.34980113591918677,-0.00013451265277529377,1.001513215703901,0.009593118221428608,0.00048555895529199804,1.0012115385422022,25.914356564398027
23,8,2026-06-17T11:20:03.835000+00:00,timeseriesScaler_2026-06-17_11.18.28_UTC_000438.pb,19,0.997758087056744,0.34153936945831004,0.0001427033527945249,1.0314105330844723,0.009862276202950044,0.0005516260266995465,1.0293029339122741,25.046648248866145
23,9,2026-06-17T11:20:13.540500+00:00,timeseriesScaler_2026-06-17_11.18.28_UTC_000438.pb,19,0.9961208009599368,0.2807096835025802,0.0002279172911680192,0.9912519981530731,0.009513749290488144,0.0004378026490436255,0.9929279869768889,26.74146635008944
23,10,2026-06-17T11:20:23.845500+00:00,timeseriesScaler_2026-06-17_11.18.28_UTC_000438.pb,19,0.9946844839137411,0.42996859457205894,4.282599299396055e-05,0.984123792374083,0.009463331832589624,0.000590496599400933,0.9876660336237855,24.09653336053264
23,11,2026-06-17T11:20:33.739000+00:00,timeseriesScaler_2026-06-17_11.18.28_UTC_000438.pb,19,0.983528082504083,0.2807062355266493,-0.0005848772629835139,1.0233741024386822,0.009939342922600977,0.002307736525834373,1.0373462090154366,12.68342901505295
23,12,2026-06-17T11:20:43.512000+00:00,timeseriesScaler_2026-06-17_11.18.28_UTC_000438.pb,19,0.9766282882496314,0.2725037839404972,-0.00044993088000257176,1.0380897268510554,0.010136473822645558,0.0023101344186631325,1.0579203046506773,12.844993048896411
23,13,2026-06-17T11:20:53.504000+00:00,timeseriesScaler_2026-06-17_11.18.28_UTC_000438.pb,19,0.9575609072694985,0.39095294449762524,0.0005465676865176297,0.9272904460228041,0.009272185012165726,0.0016591229324442996,0.9677164825240637,14.94607045047097
23,14,2026-06-17T11:21:03.453500+00:00,timeseriesScaler_2026-06-17_11.18.28_UTC_000438.pb,19,0.9960109363359121,0.2700181669632709,-0.0002258218062354842,1.0169395793868277,0.00974816413849509,0.0020619451922547927,1.017393321940229,13.492914317681304
23,15,2026-06-17T11:21:13.021000+00:00,timeseriesScaler_2026-06-17_11.18.28_UTC_000438.pb,19,0.9958214786388563,0.3371156102477019,-0.0002149274943200217,0.9892503164574215,0.009498376637683721,0.001852958664980361,0.9913235787948432,14.195673104629185
23,16,2026-06-17T11:21:22.710000+00:00,timeseriesScaler_2026-06-17_11.18.28_UTC_000438.pb,19,0.9986048426222388,0.2288013677634831,6.518359782024814e-05,1.001325050397785,0.009581509852949269,0.0016437000742956893,1.0,15.312227514975827
23,17,2026-06-17T11:21:32.681500+00:00,timeseriesScaler_2026-06-17_11.18.28_UTC_000438.pb,19,0.9834926578978487,0.22202704068969573,4.157740088025399e-05,1.0173411581214906,0.009876239326164202,0.002246980100454507,1.0307602327543621,12.859847583375476
23,18,2026-06-17T11:21:43.662500+00:00,timeseriesScaler_2026-06-17_11.18.28_UTC_000438.pb,19,0.9933959245055834,0.12572779913656035,-0.00022943019139187214,1.1137139041953623,0.010649595962474298,0.0004524757097928285,1.1114736743913345,27.43475722612032
24,0,2026-06-17T11:49:49.946500+00:00,timeseriesScaler_2026-06-17_11.48.28_UTC_000444.pb,20,0.8134628320338302,0.09860416715107072,0.000571191909515893,0.6363905524004699,0.007597415237558192,0.004597316145974014,0.7643748168712264,4.363229866776177
24,1,2026-06-17T11:49:58.931000+00:00,timeseriesScaler_2026-06-17_11.48.28_UTC_000444.pb,20,0.9729693116050296,0.30061079410287767,0.00015986194159232494,0.9627917318867224,0.009470862636495912,0.0035065924111936176,0.9528620809872714,8.630084982912692
24,2,2026-06-17T11:50:07.807000+00:00,timeseriesScaler_2026-06-17_11.48.28_UTC_000444.pb,20,0.9582433673993621,0.3388356771768092,-0.0005939894049743473,1.1902873080220997,0.01176071226204761,0.0045000806368502445,1.1832435111796107,8.344266573637164
24,3,2026-06-17T11:50:16.672000+00:00,timeseriesScaler_2026-06-17_11.48.28_UTC_000444.pb,20,0.9910418857581713,0.16129816568208816,0.00019405985505356596,1.0190014261812994,0.009813752409393644,0.00045224495850586667,0.9873601700307707,26.72922725641509
24,4,2026-06-17T11:50:25.257500+00:00,timeseriesScaler_2026-06-17_11.48.28_UTC_000444.pb,20,0.9900025868166208,0.27261587322038605,-0.00035068872615668555,0.9806143347989653,0.009472119285491215,0.0017059663296761574,0.9529885122557518,14.8895340658936
24,5,2026-06-17T11:50:34.354000+00:00,timeseriesScaler_2026-06-17_11.48.28_UTC_000444.pb,20,0.9174942775884359,0.19337490402949017,-0.0006551192426205075,1.0832201635790981,0.011249139479722368,0.007143460084307437,1.1317742496506278,3.944213586735819
24,6,2026-06-17T11:50:43.288500+00:00,timeseriesScaler_2026-06-17_11.48.28_UTC_000444.pb,20,0.846960879804778,0.3169797677152223,-0.0009147668635377526,0.8643687086793997,0.009840971799893758,0.004991935555358308,0.9900987088598735,5.895380344505115
24,7,2026-06-17T11:50:52.195500+00:00,timeseriesScaler_2026-06-17_11.48.28_UTC_000444.pb,20,0.8055584231260384,0.10236067634506818,0.0012979593833732507,1.103443369919507,0.013028189505432707,0.005026990900147084,1.3107642080886703,8.271519360596264
24,8,2026-06-17T11:51:01.136500+00:00,timeseriesScaler_2026-06-17_11.48.28_UTC_000444.pb,20,0.872314824065777,0.16381071464317498,-0.00025449792112080996,0.9501094306742282,0.010429849301102072,0.0032397041374393064,1.0493455866559542,10.155453658031368
24,9,2026-06-17T11:51:10.097500+00:00,timeseriesScaler_2026-06-17_11.48.28_UTC_000444.pb,20,0.9309191464543948,0.3074616029088607,0.00010118513358150721,1.0302076144923564,0.01055464648271911,0.004645701697496734,1.0619014125338126,7.127847430116252
24,10,2026-06-17T11:51:18.519000+00:00,timeseriesScaler_2026-06-17_11.48.28_UTC_000444.pb,20,0.9266331852188578,0.33963760330310616,0.0007197918066730259,0.9741469520172574,0.010037797280061742,0.005413308031762312,1.0099012911401266,5.363513605093746
24,11,2026-06-17T11:51:27.246000+00:00,timeseriesScaler_2026-06-17_11.48.28_UTC_000444.pb,20,0.975837766387333,0.17205147218934883,-0.00025943767593616495,1.0615062743840964,0.010361475589730345,0.0037268996888255713,1.0424665177260102,8.881478090254543
24,12,2026-06-17T11:51:35.760500+00:00,timeseriesScaler_2026-06-17_11.48.28_UTC_000444.pb,20,0.9614110673661166,0.1714882275885581,0.0004774560546147872,1.1384329985470507,0.011233519201483659,0.0006535094019875105,1.1302026957806792,24.705279837240287
24,13,2026-06-17T11:51:44.620000+00:00,timeseriesScaler_2026-06-17_11.48.28_UTC_000444.pb,20,0.9701321462785066,0.47721225504732523,0.0002396537219351456,0.9988518086939984,0.009836321865652992,0.002497971382469351,0.9896308796676271,11.90490545391318
24,14,2026-06-17T11:51:53.786500+00:00,timeseriesScaler_2026-06-17_11.48.28_UTC_000444.pb,20,0.9937230969177214,0.226455278141012,-0.000210102493383321,0.9958758094455097,0.009576310794440698,0.0006768561655680048,0.9634712044717948,23.014036862599
24,15,2026-06-17T11:52:02.574500+00:00,timeseriesScaler_2026-06-17_11.48.28_UTC_000444.pb,20,0.9949162400567007,0.3308817923912944,7.820618026161187e-05,1.0131804641023958,0.009722645198718393,0.002324389160915291,0.9781938871176986,12.429511921676923
24,16,2026-06-17T11:52:11.446000+00:00,timeseriesScaler_2026-06-17_11.48.28_UTC_000444.pb,20,0.9556923351660028,0.24363850470105897,-0.00041314718501101497,1.1570760284218313,0.011474812782661239,0.004060794121054048,1.1544792070885033,9.02269273723471
24,17,2026-06-17T11:52:20.343000+00:00,timeseriesScaler_2026-06-17_11.48.28_UTC_000444.pb,20,0.9307114673549495,0.37321087399085723,0.00010241966869464371,0.9987785541557486,0.010250890323758312,0.003941778003473912,1.0313405505670536,8.301388505807894
24,18,2026-06-17T11:52:29.494500+00:00,timeseriesScaler_2026-06-17_11.48.28_UTC_000444.pb,20,0.9754524500433817,0.18325251976198542,2.855476076247335e-05,0.880131122526478,0.008671749888943505,0.0015590966570105502,0.8724634663307753,14.90467406189456
24,19,2026-06-17T11:52:38.354000+00:00,timeseriesScaler_2026-06-17_11.48.28_UTC_000444.pb,20,0.992352195762026,0.47704824671458884,-5.900663416699989e-05,0.9819861338254902,0.00946235194490034,0.000620521025300642,0.952005821571878,23.664851916947704
25,0,2026-06-17T12:18:51.864500+00:00,timeseriesScaler_2026-06-17_12.18.28_UTC_000450.pb,20,0.799879265117448,0.3825628288030358,-0.0006007033903473809,0.9509846188227393,0.011131337437405596,0.00431822089912831,0.9981967913806538,8.224849865566227
25,1,2026-06-17T12:19:02.373000+00:00,timeseriesScaler_2026-06-17_12.18.28_UTC_000450.pb,20,0.9465825453897476,0.20597087159488217,-0.00027170489618169233,0.99035109807816,0.009752745910308218,0.004070408584975942,0.8745723260626848,7.589778080291779
25,2,2026-06-17T12:19:12.597000+00:00,timeseriesScaler_2026-06-17_12.18.28_UTC_000450.pb,20,0.906844192142241,0.1937399582783017,-0.000567201100189457,0.9689125968551835,0.009988257412896358,0.0017789452628812737,0.8956916953692639,14.98654281934764
25,3,2026-06-17T12:19:22.816500+00:00,timeseriesScaler_2026-06-17_12.18.28_UTC_000450.pb,20,0.9787920981245195,0.31361615949949584,-3.343970165063719e-05,0.9849976484836956,0.0093840257856165,0.0005518738541616752,0.8415075440942629,24.610987465233922
25,4,2026-06-17T12:19:32.841000+00:00,timeseriesScaler_2026-06-17_12.18.28_UTC_000450.pb,20,0.9705632606296523,0.21879140983195774,-0.0003895575794109574,0.9840017886622331,0.009454265860522006,0.0004371822488239663,0.8478062856238661,26.69930582175376
25,5,2026-06-17T12:19:42.940000+00:00,timeseriesScaler_2026-06-17_12.18.28_UTC_000450.pb,20,0.3867988317175282,0.32612135049583324,0.0009105305179807429,0.8956279151263462,0.021582481999573414,0.014233120005594577,1.9353976467922172,3.616025525469308
25,6,2026-06-17T12:19:53.373500+00:00,timeseriesScaler_2026-06-17_12.18.28_UTC_000450.pb,20,0.969463501081984,0.44639558895049536,-0.00041796031561421704,0.9814052628951676,0.00944121464038528,0.0023368356033678303,0.8466359243678767,12.127994207342606
25,7,2026-06-17T12:20:03.828500+00:00,timeseriesScaler_2026-06-17_12.18.28_UTC_000450.pb,20,0.9769178477219728,0.18466365979396263,-0.0002865851835348533,1.0028752836336254,0.009564062983407225,0.00047638708310780356,0.8576522844881677,26.053649001552557
25,8,2026-06-17T12:20:13.915000+00:00,timeseriesScaler_2026-06-17_12.18.28_UTC_000450.pb,20,0.8285343288305194,0.20656172596596045,0.00015165187204914998,0.9883699242632455,0.011115816140241973,0.003195636621339405,0.9968049272750226,10.827679306617192
25,9,2026-06-17T12:20:23.943000+00:00,timeseriesScaler_2026-06-17_12.18.28_UTC_000450.pb,20,0.5576803548807323,0.2815884005401144,-0.0013332688030620516,0.8815574554180046,0.01481787287886077,0.007437577111749818,1.3287849053125675,5.987087664539458
25,10,2026-06-17T12:20:33.836500+00:00,timeseriesScaler_2026-06-17_12.18.28_UTC_000450.pb,20,0.9462645508545288,0.40600021649835744,-0.0001270698712160392,1.2210903126090764,0.0118906069688855,0.003206280177739586,1.0662838846323142,11.38405108259554
25,11,2026-06-17T12:20:43.847500+00:00,timeseriesScaler_2026-06-17_12.18.28_UTC_000450.pb,20,0.3128891667462223,0.2601098061489267,0.005631443623718837,0.8457813682895274,0.02570132547799366,0.0251828639351952,2.3047527550600044,0.17700805076258153
25,12,2026-06-17T12:20:53.650000+00:00,timeseriesScaler_2026-06-17_12.18.28_UTC_000450.pb,20,0.5764297985390023,0.30626247741665297,0.001638354333207738,0.8525737275423089,0.013826660509988098,0.01182137759634261,1.239898460916347,1.3609841980952386
25,13,2026-06-17T12:21:03.800500+00:00,timeseriesScaler_2026-06-17_12.18.28_UTC_000450.pb,20,0.8299730891153325,0.4412720256455346,-0.00021417296033685157,0.9702968560759201,0.010903284962712482,0.00478489741518376,0.9777463064514914,7.153694629755627
25,14,2026-06-17T12:21:14.108500+00:00,timeseriesScaler_2026-06-17_12.18.28_UTC_000450.pb,20,0.7441882426792019,0.3565111286204072,-8.15109815179638e-05,0.8747908645655622,0.011012404125154564,0.008658767804763582,0.9875315095719905,2.088520935251948
25,15,2026-06-17T12:21:24.131500+00:00,timeseriesScaler_2026-06-17_12.18.28_UTC_000450.pb,20,0.9096728500688578,0.23303006821475433,-0.00018962102942002813,1.0962052558384303,0.011171554203849451,0.004416163774130097,1.0018032086193462,8.061368522755439
25,16,2026-06-17T12:21:34.064000+00:00,timeseriesScaler_2026-06-17_12.18.28_UTC_000450.pb,20,0.6604261058580287,0.403157490830018,0.00014219582531977394,1.0950691153605752,0.015353629852281163,0.010296505911056108,1.3768286282555933,3.4704238640984446
25,17,2026-06-17T12:21:43.908000+00:00,timeseriesScaler_2026-06-17_12.18.28_UTC_000450.pb,20,0.642355612985908,0.2579492262294378,-3.745164507510841e-05,0.973108009470438,0.014122240224705812,0.010906416297601801,1.2664044153434368,2.2444304812300127
25,18,2026-06-17T12:21:53.836000+00:00,timeseriesScaler_2026-06-17_12.18.28_UTC_000450.pb,20,0.8243116290916981,0.2448158327069245,-0.0007568770021237538,1.0504148232698145,0.011860796981992909,0.0063937225041008905,1.063610689840169,5.367201777458677
25,19,2026-06-17T12:22:03.624500+00:00,timeseriesScaler_2026-06-17_12.18.28_UTC_000450.pb,20,0.7571684719834071,0.5785593212293284,-0.00042497999918574524,1.3583918171246188,0.016398113498153923,0.014786045602042329,1.4704921462131226,0.8988369347257625
26,0,2026-06-17T12:48:42.907000+00:00,timeseriesScaler_2026-06-17_12.48.28_UTC_000456.pb,19,0.7825554866153396,0.2419023322760072,0.0019755931182751886,0.9284058594498641,0.012217595504982868,0.009713655334725006,0.8578815447844316,1.9920610612142253
26,1,2026-06-17T12:48:52.148500+00:00,timeseriesScaler_2026-06-17_12.48.28_UTC_000456.pb,19,0.7157097371829895,0.1371251172721481,8.58434122920648e-05,0.882642732363631,0.012666537860869983,0.006095319192950722,0.8894048802582999,6.35322944765211
26,2,2026-06-17T12:49:01.328500+00:00,timeseriesScaler_2026-06-17_12.48.28_UTC_000456.pb,19,0.6515704522460986,0.3321141872055271,0.00029813291837930636,0.7606450301043712,0.012062010349364684,0.008047023549405556,0.8469568392159081,3.5156884897033915
26,3,2026-06-17T12:49:10.463000+00:00,timeseriesScaler_2026-06-17_12.48.28_UTC_000456.pb,19,0.7537215265461721,0.27846952323040775,0.0017346536620127938,0.8577862474079004,0.01175444118839964,0.008299496610616337,0.8253602896469581,3.0230047095847508
26,4,2026-06-17T12:49:19.492500+00:00,timeseriesScaler_2026-06-17_12.48.28_UTC_000456.pb,19,0.7743273579522442,0.4184039816028385,0.0007254893034958587,1.0065924362043634,0.013273697785908294,0.00923618081851998,0.9320377611889734,3.1499899770623734
26,5,2026-06-17T12:49:28.574000+00:00,timeseriesScaler_2026-06-17_12.48.28_UTC_000456.pb,19,0.6038130418211769,0.5879086470969681,0.001579700694145171,1.0319095186336298,0.017429050447084395,0.009019766769946405,1.223813696858146,5.721568381758937
26,6,2026-06-17T12:49:37.772000+00:00,timeseriesScaler_2026-06-17_12.48.28_UTC_000456.pb,19,0.6350576916826225,0.37188882469595513,-0.0008369394644761601,0.7796545053052862,0.01272429785923491,0.016014326526609928,0.8934606076396688,-1.9974970510846093
26,7,2026-06-17T12:49:47.446000+00:00,timeseriesScaler_2026-06-17_12.48.28_UTC_000456.pb,19,0.787475997201112,0.36905735742517026,0.00017184238803949923,0.8686040080476763,0.01134131262489582,0.008390870587408002,0.7963516872498101,2.617125979739106
26,8,2026-06-17T12:49:56.791000+00:00,timeseriesScaler_2026-06-17_12.48.28_UTC_000456.pb,19,0.7142526009422312,0.3056246192517492,8.165375079000476e-06,1.006299199512995,0.014365256637627598,0.009521637233615444,1.00868362768162,3.5720351587944354
26,9,2026-06-17T12:50:05.915500+00:00,timeseriesScaler_2026-06-17_12.48.28_UTC_000456.pb,19,0.27342969704016645,0.38358680130161205,-0.0034124901812137374,0.35284333099108994,0.014077179752874388,0.01529307948936397,0.9884557651035883,-0.7195857937365688
26,10,2026-06-17T12:50:15.288000+00:00,timeseriesScaler_2026-06-17_12.48.28_UTC_000456.pb,19,0.8009479707125133,0.24307250119426038,0.00034237526070190886,1.125138603821789,0.014241587989928032,0.006490603608439866,1.0,6.825466611329931
26,11,2026-06-17T12:50:25.232000+00:00,timeseriesScaler_2026-06-17_12.48.28_UTC_000456.pb,19,0.37961016192055874,0.3493899612956318,-0.0024283953031580736,0.9303376370656692,0.025350120465154526,0.022963489752095226,1.7800065893692962,0.8588427834014168
26,12,2026-06-17T12:50:34.769000+00:00,timeseriesScaler_2026-06-17_12.48.28_UTC_000456.pb,19,0.830229816198096,0.2550471242178681,-0.0003268100592885103,1.1570662658547937,0.014108936916635105,0.008873506417575595,0.9906856543394781,4.027980478696421
26,13,2026-06-17T12:50:43.939000+00:00,timeseriesScaler_2026-06-17_12.48.28_UTC_000456.pb,19,0.3558399846941566,0.29914741342209805,-0.0015626186037754639,0.792125777121181,0.022947373864932695,0.021053380119816303,1.611293198564766,0.7482231920743759
26,14,2026-06-17T12:50:53.075500+00:00,timeseriesScaler_2026-06-17_12.48.28_UTC_000456.pb,19,0.6690749828681711,0.2788417412699988,0.0004851301472517004,1.8998589149492704,0.027557916655199036,0.02192180643393932,1.9350311689039599,1.9874008733069048
26,15,2026-06-17T12:51:01.945000+00:00,timeseriesScaler_2026-06-17_12.48.28_UTC_000456.pb,19,0.3498639413792064,0.2612659598828022,-0.002155517278211603,0.7222746890258078,0.021665882748947846,0.0270918456167614,1.5213108793956434,-1.941244071982915
26,16,2026-06-17T12:51:10.708000+00:00,timeseriesScaler_2026-06-17_12.48.28_UTC_000456.pb,19,0.6237977776424077,0.1858856995902118,-0.0007669271539882488,1.292117887371231,0.02083053756716308,0.023046122867110937,1.4626555396697967,-0.877947902796763
26,17,2026-06-17T12:51:20.685000+00:00,timeseriesScaler_2026-06-17_12.48.28_UTC_000456.pb,19,0.49985812526340595,0.2876131042125948,0.0002639436359434426,1.2546433888622996,0.025181112452675097,0.018386566093635738,1.7681393725533796,2.7314857049609325
26,18,2026-06-17T12:51:29.687500+00:00,timeseriesScaler_2026-06-17_12.48.28_UTC_000456.pb,19,0.3940303968481913,0.5211479489645997,0.0015372671500643623,0.6069952745858613,0.01621217767569665,0.017443302040467845,1.1383686768050207,-0.6357469241059509
27,0,2026-06-17T13:18:41.540500+00:00,timeseriesScaler_2026-06-17_13.18.28_UTC_000462.pb,20,0.2808285676235242,0.2955035228349563,0.002372309717605342,0.41920744155867734,0.015392632136193353,0.01244605595727656,0.9828861286885004,1.8456228238786943
27,1,2026-06-17T13:18:50.338000+00:00,timeseriesScaler_2026-06-17_13.18.28_UTC_000462.pb,20,0.50910355258729,0.21195935633586763,0.001013079857620655,1.1242510674441206,0.02174707257384141,0.019903957726792643,1.3886446309693288,0.7692272632159459
27,2,2026-06-17T13:18:59.780500+00:00,timeseriesScaler_2026-06-17_13.18.28_UTC_000462.pb,20,0.4779633756009825,0.09995739731161221,-0.00269907166266967,0.9399097223671458,0.020141784334564223,0.017198205747010024,1.2861400346811898,1.372296025500419
27,3,2026-06-17T13:19:08.838000+00:00,timeseriesScaler_2026-06-17_13.18.28_UTC_000462.pb,20,0.5453626562676995,0.32426569532551364,0.001669961993597201,1.1128067741654684,0.02007116543655529,0.015541356281492117,1.281630712645679,2.2216734795677158
27,4,2026-06-17T13:19:18.193500+00:00,timeseriesScaler_2026-06-17_13.18.28_UTC_000462.pb,20,0.7300742396083668,0.5505255134707748,-0.0022851758472843724,1.6019102324607335,0.021509174846168544,0.015914193879377488,1.3734538322477527,2.616782104856516
27,5,2026-06-17T13:19:27.319000+00:00,timeseriesScaler_2026-06-17_13.18.28_UTC_000462.pb,20,0.217051961597924,0.09458203760019658,0.008441043465311321,0.48271074430057054,0.022763480168178633,0.01747120653364548,1.4535466514118678,2.298315234061167
27,6,2026-06-17T13:19:36.956000+00:00,timeseriesScaler_2026-06-17_13.18.28_UTC_000462.pb,20,0.5107832083331101,0.41777875782123,-0.0010941343687185764,1.1670960560981292,0.022518419770104176,0.014638370932810747,1.4378984852095515,3.7409032551549304
27,7,2026-06-17T13:19:46.176000+00:00,timeseriesScaler_2026-06-17_13.18.28_UTC_000462.pb,20,0.6394448997402591,0.4338117941180332,-0.000579944278151312,1.0224336085278771,0.01592866071129506,0.017633774464012514,1.0171138713114993,-0.8833204039477471
27,8,2026-06-17T13:19:55.777000+00:00,timeseriesScaler_2026-06-17_13.18.28_UTC_000462.pb,20,0.5466841166319448,0.24187305822540456,0.0008836181956223042,0.9997077581433468,0.018131110235047824,0.011482266144389403,1.1577497980899418,3.9679357865067977
27,9,2026-06-17T13:20:04.751000+00:00,timeseriesScaler_2026-06-17_13.18.28_UTC_000462.pb,20,0.8085815027686793,0.4409198526956253,0.0003264213850208323,1.2136996739744788,0.014785082203779583,0.009573410124505594,0.9440914381007212,3.775141580775191
27,10,2026-06-17T13:20:13.877500+00:00,timeseriesScaler_2026-06-17_13.18.28_UTC_000462.pb,20,0.5995611239165783,0.3024388024837953,0.001380222756843512,0.8366850568240107,0.0140404746025396,0.014949338863699433,0.8965450226404352,-0.5448039619445604
27,11,2026-06-17T13:20:23.168000+00:00,timeseriesScaler_2026-06-17_13.18.28_UTC_000462.pb,20,0.7766587019590281,0.46683532857535615,-0.00023230268079811606,1.507987433272055,0.01883525007269839,0.012275373144058426,1.2027121718386378,3.718733761111335
27,12,2026-06-17T13:20:32.190500+00:00,timeseriesScaler_2026-06-17_13.18.28_UTC_000462.pb,20,0.9602579401373531,0.49632933399711604,-2.067963739597653e-05,0.931312096320234,0.009698508990277152,0.0029539047886562916,0.6192917410850015,10.326169597011447
27,13,2026-06-17T13:20:41.002500+00:00,timeseriesScaler_2026-06-17_13.18.28_UTC_000462.pb,20,0.8555343034408885,0.3352814422388842,0.00044598658919918965,1.1942907040265032,0.013768445761581403,0.0073399035800133265,0.8791748047325871,5.4638912641020285
27,14,2026-06-17T13:20:49.934000+00:00,timeseriesScaler_2026-06-17_13.18.28_UTC_000462.pb,20,0.47796202387500625,0.29440707613451933,0.002269052637045732,0.8479675135922875,0.017745334101668918,0.019494906915930036,1.1331163236508532,-0.816739707807721
27,15,2026-06-17T13:20:58.996000+00:00,timeseriesScaler_2026-06-17_13.18.28_UTC_000462.pb,20,0.6305995945476898,0.2987730597203922,0.00021387723749215367,0.7912364656594923,0.012622346832876297,0.011556447635187464,0.8059914317290677,0.7663150731681647
27,16,2026-06-17T13:21:08.143500+00:00,timeseriesScaler_2026-06-17_13.18.28_UTC_000462.pb,20,0.9373374339718427,0.22785554126415541,4.563978331921081e-05,0.9557793213554153,0.01018325090557067,0.003897378787528458,0.650244608685573,8.342276548652794
27,17,2026-06-17T13:21:17.164500+00:00,timeseriesScaler_2026-06-17_13.18.28_UTC_000462.pb,20,0.8488600570174077,0.39068089422382085,-0.000894048921835948,1.0845908585216915,0.012710204757923735,0.005540219569781652,0.8116015401926768,7.2125113992604
27,18,2026-06-17T13:21:26.880500+00:00,timeseriesScaler_2026-06-17_13.18.28_UTC_000462.pb,20,0.9558820597071003,0.299606685308317,7.684640187437115e-05,1.102894276366005,0.011438983315133924,0.0005778326582374546,0.7304285535615234,25.931706853137925
27,19,2026-06-17T13:21:36.066500+00:00,timeseriesScaler_2026-06-17_13.18.28_UTC_000462.pb,20,0.9001195763284046,0.3674884035406135,0.00010191455402493972,0.9154852631199476,0.010176550123868996,0.0022144798029636314,0.6498167347958008,13.246577046917077
28,0,2026-06-17T13:46:19.116500+00:00,timeseriesScaler_2026-06-17_13.43.28_UTC_000467.pb,20,0.8814245591681483,0.1639748899240264,0.00038376241898228013,0.805085998151789,0.008870241505949946,0.0035403792075379675,0.7268868995545186,7.977713256640468
28,1,2026-06-17T13:46:28.245000+00:00,timeseriesScaler_2026-06-17_13.43.28_UTC_000467.pb,20,0.941646548031306,0.43521584093847404,0.00036386846603421013,0.9368222162300825,0.009598776102230117,0.0034410355524254824,0.7865878956945986,8.910534037163325
28,2,2026-06-17T13:46:37.382000+00:00,timeseriesScaler_2026-06-17_13.43.28_UTC_000467.pb,20,0.8248162080394401,0.3924892686815126,0.0011687827449185337,1.0012771425347184,0.011675926267493076,0.004219576275588974,0.9568034690275654,8.84045003863722
28,3,2026-06-17T13:46:46.539000+00:00,timeseriesScaler_2026-06-17_13.43.28_UTC_000467.pb,20,0.7358172264270456,0.5100753623995793,-0.0005917483954708362,0.8715032975600044,0.011459903153707932,0.0064646179090908015,0.9391010906530795,4.97276172906835
28,4,2026-06-17T13:46:55.882500+00:00,timeseriesScaler_2026-06-17_13.43.28_UTC_000467.pb,20,0.6997818011121166,0.20300310620774809,-0.0008728716790281822,1.2078275521195552,0.016470265488065572,0.008077561658729289,1.3496836819413798,6.188406358065352
28,5,2026-06-17T13:47:05.072500+00:00,timeseriesScaler_2026-06-17_13.43.28_UTC_000467.pb,20,0.8207945134620903,0.40208078008517006,0.0012360777705897688,0.7886022565622297,0.009340246378552726,0.006703267564544362,0.7654022414865941,2.88143554867787
28,6,2026-06-17T13:47:14.369000+00:00,timeseriesScaler_2026-06-17_13.43.28_UTC_000467.pb,20,0.9072970503752228,0.3347089419478452,0.0006478410252116416,0.9604619413505263,0.010184769938515654,0.005058668418499029,0.8346081488669542,6.078300194156711
28,7,2026-06-17T13:47:23.788000+00:00,timeseriesScaler_2026-06-17_13.43.28_UTC_000467.pb,20,0.9499426871296528,0.1880521680893105,-4.744468327111131e-05,0.9217341598111909,0.009370428074159798,0.004475467229026415,0.7678755314334809,6.418421000525968
28,8,2026-06-17T13:47:32.781000+00:00,timeseriesScaler_2026-06-17_13.43.28_UTC_000467.pb,20,0.8382209405145926,0.3298684441270162,0.001087282187611572,1.1787828543777794,0.013401064887235952,0.005259217910499484,1.0981728626078326,8.124362885559504
28,9,2026-06-17T13:47:41.993500+00:00,timeseriesScaler_2026-06-17_13.43.28_UTC_000467.pb,20,0.7259793879474857,0.4560749743465977,-0.0012715642207732805,0.9257270441692647,0.01238165605097675,0.015342281640542785,1.0146356863235242,-1.8622243055668992
28,10,2026-06-17T13:47:50.986500+00:00,timeseriesScaler_2026-06-17_13.43.28_UTC_000467.pb,20,0.8543339353763502,0.4593060402801806,-0.0010323138889130694,1.1083369116964514,0.012465579532943945,0.01072522988672049,1.0215129375873184,1.3061172846473965
28,11,2026-06-17T13:48:00.082500+00:00,timeseriesScaler_2026-06-17_13.43.28_UTC_000467.pb,20,0.5896732604716475,0.3988506917241451,-0.0014691186212110107,1.6435609028457112,0.02600217994237962,0.026128064220440377,2.1307924871376853,-0.04194950893894191
28,12,2026-06-17T13:48:09.140000+00:00,timeseriesScaler_2026-06-17_13.43.28_UTC_000467.pb,20,0.557927644892687,0.25052930094231984,-0.0013429261783498654,0.8298706162533662,0.014477204890286024,0.017442452153385645,1.186358970029931,-1.6184563897640445
28,13,2026-06-17T13:48:18.356000+00:00,timeseriesScaler_2026-06-17_13.43.28_UTC_000467.pb,20,0.6752619779673463,0.3929197801615259,0.0017572385359714436,1.0829938422120235,0.015408679075199294,0.010749419635050047,1.262690193011009,3.127607856041801
28,14,2026-06-17T13:48:27.204000+00:00,timeseriesScaler_2026-06-17_13.43.28_UTC_000467.pb,20,0.8885765752764972,0.3096045359633765,-2.4155967480444383e-05,0.9715950580209227,0.010532716488252387,0.005310819967368622,0.863121215684715,5.947576298069226
28,15,2026-06-17T13:48:36.567000+00:00,timeseriesScaler_2026-06-17_13.48.28_UTC_000468.pb,20,0.22036151910342738,0.2303452299979475,-0.006370182908555046,0.3334870420550785,0.015300509998282537,0.029822624526974026,1.2538260955797322,-5.7967990736734665
28,16,2026-06-17T13:48:45.966000+00:00,timeseriesScaler_2026-06-17_13.48.28_UTC_000468.pb,20,0.5579589646214468,0.23581070732689133,0.0009106561877574382,1.1716525898451462,0.019998958330470898,0.015012201214537006,1.6388483679283075,2.4912599741158465
28,17,2026-06-17T13:48:55.028500+00:00,timeseriesScaler_2026-06-17_13.48.28_UTC_000468.pb,20,0.26343855085482615,0.3668850716005816,-0.0002495124624504551,0.6450188513812263,0.023808569472582156,0.02459475894013996,1.9510333777434423,-0.28218536965952684
28,18,2026-06-17T13:49:04.234000+00:00,timeseriesScaler_2026-06-17_13.48.28_UTC_000468.pb,20,0.8580350841296063,0.36765082724644454,0.00022862025590804838,1.0278598551419762,0.01150288370992727,0.003915526147904884,0.9426232048176653,9.360332014327062
28,19,2026-06-17T13:49:13.151000+00:00,timeseriesScaler_2026-06-17_13.48.28_UTC_000468.pb,20,0.8602348110992739,0.23512460234394225,-0.0002178549945187878,1.0802169645246564,0.012024455852776587,0.0061237693921653786,0.9853643136764758,5.860932089006871
29,0,2026-06-17T14:16:53.643500+00:00,timeseriesScaler_2026-06-17_14.13.28_UTC_000473.pb,20,0.7397510512356248,0.41236873334868024,0.0010373693846192258,0.9280266893124278,0.011793080696580303,0.005392610240573505,1.2499924043395991,6.796564763934451
29,1,2026-06-17T14:17:02.740500+00:00,timeseriesScaler_2026-06-17_14.13.28_UTC_000473.pb,20,0.9954823318287299,0.38853401219276323,-0.0001650898184712312,0.9761350060586158,0.009173320879272522,0.0005515393154623504,0.9723143355565713,24.419002189371405
29,2,2026-06-17T14:17:11.591500+00:00,timeseriesScaler_2026-06-17_14.13.28_UTC_000473.pb,20,0.9971747550678051,0.3674140814608644,-0.00011516890029161332,0.9591606429603153,0.009006165034209155,0.0006178255573886658,0.9545968669793603,23.27348062618404
29,3,2026-06-17T14:17:20.336000+00:00,timeseriesScaler_2026-06-17_14.13.28_UTC_000473.pb,20,0.9967791834856445,0.4616310171999053,-0.0001566627299044274,1.00398985447582,0.009409683296677424,0.0006029173885955671,0.9973672656627095,23.866343942413316
29,4,2026-06-17T14:17:28.952000+00:00,timeseriesScaler_2026-06-17_14.13.28_UTC_000473.pb,20,0.9969577239367919,0.3844196093345824,0.00010364192511319592,1.0104131943576495,0.009465200874891505,0.0005181805785163123,1.003251779884261,25.232974073252837
29,5,2026-06-17T14:17:37.611000+00:00,timeseriesScaler_2026-06-17_14.13.28_UTC_000473.pb,20,0.9731125727839851,0.262503011099006,0.0004311264873347117,1.029352055839898,0.009868758089571206,0.00221129741532182,1.0460263072571083,12.992306901126849
29,6,2026-06-17T14:17:46.401500+00:00,timeseriesScaler_2026-06-17_14.13.28_UTC_000473.pb,20,0.9942310495915678,0.4079391458637477,0.0001923077847169704,1.0015488305864069,0.009412041565666612,0.0005744907031101922,0.9976172273478466,24.28801662970161
29,7,2026-06-17T14:17:55.155000+00:00,timeseriesScaler_2026-06-17_14.13.28_UTC_000473.pb,20,0.9902063945030977,0.30760072877488687,-7.7518717644923e-05,1.1079530580491288,0.010399107612680139,0.0005275952261410029,1.1022400221114066,25.89390430345024
29,8,2026-06-17T14:18:03.776000+00:00,timeseriesScaler_2026-06-17_14.13.28_UTC_000473.pb,20,0.9967304823157427,0.16312784256209192,-0.00018623428634390504,1.0139386875118175,0.009498673685522546,0.0005242801853636819,1.0067996873494267,25.161990480143817
29,9,2026-06-17T14:18:12.442500+00:00,timeseriesScaler_2026-06-17_14.13.28_UTC_000473.pb,20,0.9978429177850493,0.10911757413835274,8.270279564472293e-05,0.9890226643826628,0.009266493739384802,0.0006670143584611707,0.9821900729001408,22.85560507633859
29,10,2026-06-17T14:18:20.955000+00:00,timeseriesScaler_2026-06-17_14.13.28_UTC_000473.pb,20,0.996652185061724,0.33759393701757867,-0.00013298243857036397,1.0153672996333492,0.009512126007695644,0.000356587922108265,1.0082255489177256,28.52221931108579
29,11,2026-06-17T14:18:29.604000+00:00,timeseriesScaler_2026-06-17_14.18.28_UTC_000474.pb,20,0.9969491870175635,0.2743003445947278,-1.6230188950790942e-05,1.012783790997552,0.009486318473714745,0.0005139390162802814,1.005490112581721,25.32372223482746
29,12,2026-06-17T14:18:38.152500+00:00,timeseriesScaler_2026-06-17_14.18.28_UTC_000474.pb,20,0.9956961841604541,0.3271708208969805,-0.00021427561802999124,1.0081558589743294,0.009457002207140745,0.0005223912150402698,1.0023827726521537,25.155152510384763
29,13,2026-06-17T14:18:47.055500+00:00,timeseriesScaler_2026-06-17_14.18.28_UTC_000474.pb,20,0.998093650536749,0.3047545169561387,1.5435486553605873e-06,1.0129590791657754,0.009477038637996833,0.0021685669442183053,1.0045065083429852,12.809996355564099
29,14,2026-06-17T14:18:55.604500+00:00,timeseriesScaler_2026-06-17_14.18.28_UTC_000474.pb,20,0.9917641507021119,0.276971633363802,-0.0003498017279311018,0.9977220716975609,0.009401034524953403,0.0005187329959356391,0.9964505502394844,25.164635476666625
29,15,2026-06-17T14:19:04.005000+00:00,timeseriesScaler_2026-06-17_14.18.28_UTC_000474.pb,20,0.9951019264289708,0.1484302001520426,-0.00018569277230622935,0.9774436809589468,0.009188504794947816,0.0004785567802870494,0.9739237351486351,25.666227450429627
29,16,2026-06-17T14:19:12.588000+00:00,timeseriesScaler_2026-06-17_14.18.28_UTC_000474.pb,20,0.9957779774080194,0.3571473058074177,-0.00016348961321003893,0.9670710270940468,0.009089535294545299,0.0005753204171141718,0.9634335903809236,23.97263787385834
29,17,2026-06-17T14:19:21.246500+00:00,timeseriesScaler_2026-06-17_14.18.28_UTC_000474.pb,20,0.9950122571108329,0.22619212164023858,0.00022069751934591215,1.0149896221347567,0.009524403408152114,0.0005738183301996745,1.0095268761714324,24.401267288255298
29,18,2026-06-17T14:19:30.055500+00:00,timeseriesScaler_2026-06-17_14.18.28_UTC_000474.pb,20,0.996415530596822,0.148919191060216,-0.0001171707597566975,0.9928383976099726,0.009313753567765402,0.0006779419834423719,0.9871993175602976,22.758644262654414
29,19,2026-06-17T14:19:39.221000+00:00,timeseriesScaler_2026-06-17_14.18.28_UTC_000474.pb,20,0.9966166498746786,0.2935740154087892,-0.0001474605496143417,0.9777074138318452,0.009176919912560392,0.0005379955120476576,0.9726958104560103,24.638365776184724
30,0,2026-06-17T14:45:57.163000+00:00,timeseriesScaler_2026-06-17_14.43.28_UTC_000479.pb,20,0.33897087236038065,0.1652299106537048,0.00776007724408916,0.4392819063602286,0.01180603660592575,0.01529942822367182,0.7603090453682514,-2.25142150057951
30,1,2026-06-17T14:46:07.126500+00:00,timeseriesScaler_2026-06-17_14.43.28_UTC_000479.pb,20,0.4659182444589875,0.3136436147344347,0.002599154391400281,0.8560698601205885,0.016933827308921352,0.014929390686378257,1.0905388917068544,1.0942608662211124
30,2,2026-06-17T14:46:17.030500+00:00,timeseriesScaler_2026-06-17_14.43.28_UTC_000479.pb,20,0.5156809830145201,0.20125774660109905,0.0013262694379873158,0.8974209959781657,0.015862218329736322,0.011368428745550734,1.0215272473110313,2.893269583793262
30,3,2026-06-17T14:46:26.693500+00:00,timeseriesScaler_2026-06-17_14.43.28_UTC_000479.pb,20,0.45588015212939137,0.34203338639220804,-0.00119893617692251,0.7554549594541339,0.015193670529793321,0.016808351563952616,0.9784727526889685,-0.8772483716837556
30,4,2026-06-17T14:46:36.222000+00:00,timeseriesScaler_2026-06-17_14.43.28_UTC_000479.pb,20,0.625462612158092,0.36043280328648153,0.0019276423995258302,1.8290364542302757,0.02547111033109568,0.018799270270161657,1.640340126557334,2.638137708632651
30,5,2026-06-17T14:46:45.920500+00:00,timeseriesScaler_2026-06-17_14.43.28_UTC_000479.pb,20,0.17461169046834596,0.04387475049099777,0.004422996524127311,0.5634399232407181,0.029631840550680372,0.0217810863289542,1.908291254177882,2.673581834420368
30,6,2026-06-17T14:46:55.526500+00:00,timeseriesScaler_2026-06-17_14.43.28_UTC_000479.pb,20,0.42382730890365067,0.14068309513441907,0.001866993139462951,0.6635871523481108,0.014388902038989926,0.0175740701041183,0.9266456422531035,-1.7368939723099488
30,7,2026-06-17T14:47:05.166500+00:00,timeseriesScaler_2026-06-17_14.43.28_UTC_000479.pb,20,0.5763870037214356,0.15021240723984425,-0.002478595950398684,0.7905915663543025,0.0126777146772827,0.012555981732889746,0.8164451344236753,0.08380596373352532
30,8,2026-06-17T14:47:15.035500+00:00,timeseriesScaler_2026-06-17_14.43.28_UTC_000479.pb,20,0.7043254826372025,0.24015356766998705,-0.0010443573109935518,0.982728141018019,0.012638255868487182,0.011134954645904223,0.8139039861748523,1.099973824251418
30,9,2026-06-17T14:47:25.159000+00:00,timeseriesScaler_2026-06-17_14.43.28_UTC_000479.pb,20,0.5399922150552534,0.09251695045899537,0.0005874136156667989,1.072167970532383,0.01783566087929519,0.010173227336457103,1.1486169956344516,4.87660913308049
30,10,2026-06-17T14:47:35.080500+00:00,timeseriesScaler_2026-06-17_14.43.28_UTC_000479.pb,20,0.693068489151284,0.2574846643716459,0.0005762859630402735,1.3269936670286901,0.016995111398414774,0.0086052170878374,1.094485588564936,5.91124369321705
30,11,2026-06-17T14:47:44.727500+00:00,timeseriesScaler_2026-06-17_14.43.28_UTC_000479.pb,20,0.4072849399797966,0.5651387517038928,-0.0033892485199624664,1.159559094802337,0.025844942205435265,0.022392473141925776,1.6644149083824804,1.2454700670042171
30,12,2026-06-17T14:47:54.417000+00:00,timeseriesScaler_2026-06-17_14.43.28_UTC_000479.pb,20,0.4202342602494019,0.2694231729293607,-0.005297396097444819,0.7980020356079551,0.018092462774479175,0.020742038193806676,1.1651550439476421,-1.187074837860512
30,13,2026-06-17T14:48:04.137500+00:00,timeseriesScaler_2026-06-17_14.43.28_UTC_000479.pb,20,0.8496097106566063,0.2797636658355491,-0.0012756281447399167,1.8540532403952974,0.019049110225543432,0.010481116192281318,1.226763163128601,5.189343185280213
30,14,2026-06-17T14:48:13.790000+00:00,timeseriesScaler_2026-06-17_14.43.28_UTC_000479.pb,20,0.5629585338993556,0.3514847756343257,0.001306821386519265,0.7566123023744861,0.01230157558954512,0.008009969779523507,0.7922217679994256,3.7265972403056824
30,15,2026-06-17T14:48:23.568500+00:00,timeseriesScaler_2026-06-17_14.43.28_UTC_000479.pb,20,0.8383897832075663,0.19594017770519218,0.0007355016340904741,1.8267837152007262,0.01889967503630036,0.01071383520223466,1.2171395332966557,4.930187500933106
30,16,2026-06-17T14:48:33.050000+00:00,timeseriesScaler_2026-06-17_14.48.28_UTC_000480.pb,20,0.6790923631346824,0.20788280581220198,-0.0017423721428522377,1.052445470426923,0.014074939465159999,0.009832563557643654,0.9064264448409782,3.115595466080612
30,17,2026-06-17T14:48:42.718500+00:00,timeseriesScaler_2026-06-17_14.48.28_UTC_000480.pb,20,0.7805369562834135,0.17070562945944476,-0.00013267033779593553,1.2028533668426118,0.013791470870614558,0.011608634586985349,0.8881710604385152,1.4965889130427605
30,18,2026-06-17T14:48:52.427000+00:00,timeseriesScaler_2026-06-17_14.48.28_UTC_000480.pb,20,0.6897622794141134,0.41714210083453196,-0.0011547327452783615,1.153076893608762,0.015165638936956091,0.015548578637845343,0.9766675174265665,-0.21659964708949275
30,19,2026-06-17T14:49:02.380500+00:00,timeseriesScaler_2026-06-17_14.48.28_UTC_000480.pb,20,0.5942970240267095,0.6257107703887218,-0.00015288987572947555,0.8865607270989052,0.013593640241086571,0.010937068157324417,0.8754307630718674,1.8886970696865064
31,0,2026-06-17T15:16:20.681500+00:00,timeseriesScaler_2026-06-17_15.13.28_UTC_000485.pb,20,0.39837550857474296,0.32585453121490626,-0.0004569100156716675,0.7305521443350629,0.017052450070128712,0.013190113937446792,1.5267114311209358,2.2307647908802326
31,1,2026-06-17T15:16:30.049500+00:00,timeseriesScaler_2026-06-17_15.13.28_UTC_000485.pb,20,0.4224946820758756,0.32651467763241826,-0.001332664004539063,0.6916782103560342,0.01526449852188756,0.007871212117551053,1.3666355443267082,5.75281850053646
31,2,2026-06-17T15:16:39.562500+00:00,timeseriesScaler_2026-06-17_15.13.28_UTC_000485.pb,20,0.74313434192122,0.3085958339541248,0.0001524353590974516,0.9583227120765846,0.01186035356030125,0.006094106652900514,1.0618613327223267,5.78375170237753
31,3,2026-06-17T15:16:48.528000+00:00,timeseriesScaler_2026-06-17_15.13.28_UTC_000485.pb,20,0.760878656409546,0.4100474593911413,0.0002179664599062726,0.9479614693580876,0.011467328018579252,0.003665122378618118,1.0266736274481987,9.907475103628478
31,4,2026-06-17T15:16:57.848000+00:00,timeseriesScaler_2026-06-17_15.13.28_UTC_000485.pb,20,0.8020734765486448,0.08365422583064214,-0.00042872371551804384,0.9887810917426457,0.01132463551238923,0.005340388203176416,1.013898320706957,6.529028101918546
31,5,2026-06-17T15:17:07.263000+00:00,timeseriesScaler_2026-06-17_15.13.28_UTC_000485.pb,20,0.8159966150642995,0.4501696939091171,-2.4777659994351776e-05,0.8575545515444454,0.009718988670313821,0.004522329714224618,0.8701442338714309,6.6451770626227535
31,6,2026-06-17T15:17:16.174000+00:00,timeseriesScaler_2026-06-17_15.13.28_UTC_000485.pb,20,0.9697273520614647,0.08533922971851764,0.00021666078198566367,1.0118052824669053,0.009580179172231286,0.0003922040921807189,0.8577165741158397,27.757230215990894
31,7,2026-06-17T15:17:24.742500+00:00,timeseriesScaler_2026-06-17_15.13.28_UTC_000485.pb,20,0.5323502660713303,0.3669792790918544,0.00010997492596850261,1.345203117918868,0.022679782479870254,0.022413142157188978,2.03052834196587,0.10272278536975407
31,8,2026-06-17T15:17:33.912000+00:00,timeseriesScaler_2026-06-17_15.13.28_UTC_000485.pb,20,0.807961615726514,0.2713467393165279,-4.751883839537174e-05,0.8273682263118897,0.009487672531553346,0.005232441806685836,0.8494344243252353,5.169105591340943
31,9,2026-06-17T15:17:42.753500+00:00,timeseriesScaler_2026-06-17_15.13.28_UTC_000485.pb,20,0.9579871108626734,0.15462888571104433,-0.00038512212066242103,0.9287764422898014,0.008939078351965418,0.004002269705779556,0.8003186080302823,6.9797278463706816
31,10,2026-06-17T15:17:51.898500+00:00,timeseriesScaler_2026-06-17_15.13.28_UTC_000485.pb,20,0.8242240497444522,0.371414127613082,0.0009785873409796776,0.8685535000215648,0.009737220987877626,0.004664529115630962,0.8717765792250906,6.392544365039098
31,11,2026-06-17T15:18:00.941000+00:00,timeseriesScaler_2026-06-17_15.13.28_UTC_000485.pb,20,0.8111091802838757,0.258492804571455,-0.00011444490904697332,0.8266166054321649,0.00944328843305617,0.005175493738843612,0.8454607014726855,5.22342934655372
31,12,2026-06-17T15:18:09.916500+00:00,timeseriesScaler_2026-06-17_15.13.28_UTC_000485.pb,20,0.8182141203046248,0.3480124073472629,0.0005068374441758003,0.9979940545220116,0.011172516439167463,0.007276320809499564,1.0002790503367702,3.7247832740329514
31,13,2026-06-17T15:18:18.649000+00:00,timeseriesScaler_2026-06-17_15.13.28_UTC_000485.pb,20,0.8600853844704813,0.31380032997497914,-0.0007455819930201348,1.191607674392679,0.012616661303624294,0.0034531317081658106,1.1295738123031482,11.254626022632275
31,14,2026-06-17T15:18:27.560500+00:00,timeseriesScaler_2026-06-17_15.13.28_UTC_000485.pb,20,0.9261521465776466,0.21986834246910097,-0.00010067981747092823,1.0089328915145297,0.010002004096608381,0.004336530205501557,0.8954826975367995,7.258893046688762
31,15,2026-06-17T15:18:36.446000+00:00,timeseriesScaler_2026-06-17_15.18.28_UTC_000486.pb,20,0.8161481988823758,0.4541443572536651,0.0011369624555482342,0.9874897549135614,0.011166282789719597,0.008712216886206475,0.9997209496632296,2.1555988775863706
31,16,2026-06-17T15:18:45.282500+00:00,timeseriesScaler_2026-06-17_15.18.28_UTC_000486.pb,20,0.780511445765813,0.47915319166618153,-0.00029338497817273026,1.2307525145342324,0.014303087181726439,0.011403420376649964,1.2805600726497985,1.9678930264076555
31,17,2026-06-17T15:18:54.561000+00:00,timeseriesScaler_2026-06-17_15.18.28_UTC_000486.pb,20,0.970587140751601,0.43757550666879375,0.000302872434200456,1.0039773083347383,0.009501461111526575,0.0005884925705041561,0.8506689203992588,24.160988215207205
31,18,2026-06-17T15:19:03.503000+00:00,timeseriesScaler_2026-06-17_15.18.28_UTC_000486.pb,20,0.855092310478636,0.15019731172444606,0.0003584845276003254,1.1131777010296224,0.011887639446039548,0.006381143460647788,1.064304246995267,5.403942317421172
31,19,2026-06-17T15:19:12.369500+00:00,timeseriesScaler_2026-06-17_15.18.28_UTC_000486.pb,20,0.8940100911905937,0.17202642366770143,-0.00022721273538521729,0.8579357178959225,0.008877747156039227,0.0034499573246394586,0.7948276060030218,8.209780978359746
32,0,2026-06-17T15:47:02.306000+00:00,timeseriesScaler_2026-06-17_15.43.28_UTC_000491.pb,20,0.8950976428547424,0.30460421662252224,9.684655656612968e-05,0.9491376861085763,0.009236993347760883,0.0009240120058205605,0.47418635093225997,19.99706033496515
32,1,2026-06-17T15:47:12.137500+00:00,timeseriesScaler_2026-06-17_15.43.28_UTC_000491.pb,20,0.6579766485958483,0.4832009219951181,0.000644790017779676,1.205234286410052,0.015704225338333808,0.010076467708594886,0.806185414132358,3.8541640161787463
32,2,2026-06-17T15:47:21.959000+00:00,timeseriesScaler_2026-06-17_15.43.28_UTC_000491.pb,20,0.2805416596359284,0.43276044879045755,-0.0054756848367936515,0.572049099823408,0.018768158099393327,0.02653955765408939,0.9634741595898618,-3.009440536399199
32,3,2026-06-17T15:47:31.653000+00:00,timeseriesScaler_2026-06-17_15.43.28_UTC_000491.pb,20,0.24708782800781978,0.3448707637019724,-0.0029928885972641886,0.6307176401179666,0.022910081923715037,0.026729017940402253,1.1761021945088868,-1.339127206331979
32,4,2026-06-17T15:47:41.445500+00:00,timeseriesScaler_2026-06-17_15.43.28_UTC_000491.pb,20,0.25801026307663505,0.23390701296739488,0.003532527895294876,0.6782958156576642,0.02326752147355502,0.017878906154473732,1.194451558791863,2.2881835719933816
32,5,2026-06-17T15:47:51.659000+00:00,timeseriesScaler_2026-06-17_15.43.28_UTC_000491.pb,20,0.30833396501816723,0.23563803332378533,-0.0018451836079253095,0.8347425547862085,0.0236408457735615,0.01587391932901513,1.2136163758345562,3.459576817676777
32,6,2026-06-17T15:48:01.230000+00:00,timeseriesScaler_2026-06-17_15.43.28_UTC_000491.pb,20,0.6335617719473472,0.6255389565837459,0.0008839540710993111,1.3002063018356007,0.017477151470703754,0.015412313161938978,0.8971995939124854,1.0920565070422334
32,7,2026-06-17T15:48:10.592500+00:00,timeseriesScaler_2026-06-17_15.43.28_UTC_000491.pb,20,0.33550012480635333,0.28252391161257173,0.002219958910270878,0.6810789114450402,0.01801693923017197,0.018696973569564204,0.9249099081136081,-0.32180600807278825
32,8,2026-06-17T15:48:20.104500+00:00,timeseriesScaler_2026-06-17_15.43.28_UTC_000491.pb,20,0.2303427393988663,0.48906754977876826,-0.0015076199197410687,0.4682199327411103,0.017995596325679646,0.01365349525606338,0.9238142578713174,2.3984479762668953
32,9,2026-06-17T15:48:29.625500+00:00,timeseriesScaler_2026-06-17_15.48.28_UTC_000492.pb,20,0.4503104090592081,0.27003511729067253,0.002038600636876887,1.0632774984644258,0.0206346072736801,0.01724817287168645,1.059289398362348,1.5570622265814074
32,10,2026-06-17T15:48:39.346000+00:00,timeseriesScaler_2026-06-17_15.48.28_UTC_000492.pb,20,0.10876038063954944,0.2801031015598354,0.0004935366461726213,0.311589982413109,0.025668776997567155,0.014344135073889718,1.3177213882394787,5.054616215924157
32,11,2026-06-17T15:48:48.961000+00:00,timeseriesScaler_2026-06-17_15.48.28_UTC_000492.pb,20,0.4103399324434334,0.20984155676517577,-0.0015117818040463965,0.727189931884062,0.016004754946290545,0.016767582467364178,0.8216132739108489,-0.4044284415379048
32,12,2026-06-17T15:48:58.585000+00:00,timeseriesScaler_2026-06-17_15.48.28_UTC_000492.pb,20,0.21713698794855707,0.5219239210430804,-0.0021282932150774986,0.46001964985223887,0.018837571866127226,0.02373625747232304,0.9670375551140115,-2.007746440861404
32,13,2026-06-17T15:49:08.363000+00:00,timeseriesScaler_2026-06-17_15.48.28_UTC_000492.pb,20,0.14130319703016325,0.33587121158995703,-0.0013221183705554194,0.2201418310587678,0.014050617095971885,0.01659880401436443,0.7212964866647222,-1.4476279700576296
32,14,2026-06-17T15:49:17.886000+00:00,timeseriesScaler_2026-06-17_15.48.28_UTC_000492.pb,20,0.2510339448584645,0.37505815002759557,-0.00019091454640366847,0.4090663645556326,0.014549363475234969,0.016574219289245417,0.7468999180757416,-1.1317817387109095
32,15,2026-06-17T15:49:27.580500+00:00,timeseriesScaler_2026-06-17_15.48.28_UTC_000492.pb,20,0.4560806468369284,0.3948837108636709,0.0003496759537096897,1.0651400057196254,0.020121766923784243,0.024274494066670947,1.0329624448859887,-1.6296814579241166
32,16,2026-06-17T15:49:37.205000+00:00,timeseriesScaler_2026-06-17_15.48.28_UTC_000492.pb,20,0.34049267240775216,0.16498435749178486,0.0015643905385339981,0.795372773735016,0.020312691591958074,0.0246781430620477,1.0427636722221811,-1.6909000578184843
32,17,2026-06-17T15:49:46.741500+00:00,timeseriesScaler_2026-06-17_15.48.28_UTC_000492.pb,20,0.6486431903450846,0.12388127091442197,-0.0007216145727903709,1.9985718456823724,0.02534995067077573,0.01585774764742725,1.3013542559064226,4.07471232293736
32,18,2026-06-17T15:49:56.702000+00:00,timeseriesScaler_2026-06-17_15.48.28_UTC_000492.pb,20,0.3658758114213321,0.266186446079457,0.0011786014045943867,1.6759449967126423,0.037679644197646675,0.026721839252144997,1.934306144199954,2.984808920940196
32,19,2026-06-17T15:50:06.344000+00:00,timeseriesScaler_2026-06-17_15.48.28_UTC_000492.pb,20,0.35157053652840686,0.18514319163755572,-0.0011359645714221795,0.9749857728407593,0.023972065071577155,0.029764002301725507,1.2306197084527897,-1.8797176308588082
33,0,2026-06-17T16:16:07.245500+00:00,timeseriesScaler_2026-06-17_16.13.28_UTC_000497.pb,20,0.35512788664322115,0.40303661825928266,-0.0011541587482800796,0.6595759115480427,0.016037850270217997,0.02250079037255511,1.6441741926374018,-2.941032380432148
33,1,2026-06-17T16:16:16.580500+00:00,timeseriesScaler_2026-06-17_16.13.28_UTC_000497.pb,20,0.49781704377517416,0.19651174449519204,0.002773079142615402,0.7217354343170039,0.012464097175390128,0.013931527739712783,1.2777988673679412,-0.9667583548770274
33,2,2026-06-17T16:16:25.708000+00:00,timeseriesScaler_2026-06-17_16.13.28_UTC_000497.pb,20,0.6509526210735277,0.3956229943585457,0.0013004789246571996,0.7312549062577548,0.009679811752177601,0.0077403340414380324,0.9923584772501004,1.9421441597249185
33,3,2026-06-17T16:16:34.763000+00:00,timeseriesScaler_2026-06-17_16.13.28_UTC_000497.pb,20,0.6113195902844623,0.29928411036098795,0.0011322390211130416,1.0919711715481892,0.015105092550361434,0.008274137057568682,1.548549395976258,5.22801360117708
33,4,2026-06-17T16:16:43.826000+00:00,timeseriesScaler_2026-06-17_16.13.28_UTC_000497.pb,20,0.5757319352070719,0.13596929607994207,-0.0024340327470097024,0.919995199240199,0.013780221308546427,0.010369079214191597,1.412725762031701,2.47032000146994
33,5,2026-06-17T16:16:52.765000+00:00,timeseriesScaler_2026-06-17_16.13.28_UTC_000497.pb,20,0.3236469585393734,0.42313760986406623,-0.0050137149438958025,0.8264868815510693,0.022278741422438308,0.021107546947898317,2.283980151581565,0.4690577796402439
33,6,2026-06-17T16:17:01.704500+00:00,timeseriesScaler_2026-06-17_16.13.28_UTC_000497.pb,20,0.9610724629382249,0.37984073245328964,0.0001766583701799567,1.1129259104553562,0.009799283198141462,0.0015902194868061186,1.0046064945904059,15.794744756802883
33,7,2026-06-17T16:17:10.595000+00:00,timeseriesScaler_2026-06-17_16.13.28_UTC_000497.pb,20,0.979109621967564,0.1910925616173034,8.657610158538932e-05,1.0945231597684202,0.009468848672524384,0.0005119924392223149,0.9707308871852872,25.34067256483478
33,8,2026-06-17T16:17:19.621500+00:00,timeseriesScaler_2026-06-17_16.13.28_UTC_000497.pb,20,0.9828703275606583,0.273356752660615,6.721284961371638e-05,1.1193792652731536,0.009635001439134807,0.0006105768363742216,0.9877645972083482,23.96222919074356
33,9,2026-06-17T16:17:28.448500+00:00,timeseriesScaler_2026-06-17_16.13.28_UTC_000497.pb,20,0.8537699200242439,0.453947650517939,-0.000922765697846575,1.2757755755873015,0.012567716601689677,0.005493191170479081,1.2884217615655496,7.188633312202606
33,10,2026-06-17T16:17:37.673500+00:00,timeseriesScaler_2026-06-17_16.13.28_UTC_000497.pb,20,0.9851930682872903,0.35881139877655194,9.757214379873292e-05,1.124679194672407,0.009655170915219433,0.0015518098599748024,0.9898323389255121,15.878429181033528
33,11,2026-06-17T16:17:46.968000+00:00,timeseriesScaler_2026-06-17_16.13.28_UTC_000497.pb,20,0.800359574100759,0.4404632288697428,-0.0005934204527142216,1.123411365541847,0.01187765604467054,0.004180598914885417,1.217677881301575,9.069844824947232
33,12,2026-06-17T16:17:55.881500+00:00,timeseriesScaler_2026-06-17_16.13.28_UTC_000497.pb,20,0.8172952109020585,0.29721498617333336,0.0005354376519072426,0.810539526471624,0.008499225706714093,0.005714567261969268,0.8713267257725651,3.4479202748040865
33,13,2026-06-17T16:18:05.004500+00:00,timeseriesScaler_2026-06-17_16.13.28_UTC_000497.pb,20,0.979539614842808,0.15279382784905582,0.00032939060397372264,1.1245237418687557,0.00970941647861463,0.00046725292551846924,0.995393505409594,26.35282202045678
33,14,2026-06-17T16:18:13.917500+00:00,timeseriesScaler_2026-06-17_16.13.28_UTC_000497.pb,20,0.9747809249929927,0.47101303798233124,9.065090454449422e-05,1.1073351649834096,0.009615733119290515,0.0005573119012396697,0.9857892405558235,24.737681675385037
33,15,2026-06-17T16:18:23.048000+00:00,timeseriesScaler_2026-06-17_16.13.28_UTC_000497.pb,20,0.7960487871459677,0.11780117357331951,-0.0005320268229449125,1.0639631625578294,0.011335493319551783,0.008343269014360123,1.1620962449955197,2.6620835687727267
33,16,2026-06-17T16:18:31.801000+00:00,timeseriesScaler_2026-06-17_16.18.28_UTC_000498.pb,20,0.9743165988266519,0.4444095046182348,0.0002980219687523952,1.088161583262435,0.00946284968144247,0.0005370659184955192,0.970115880426117,24.919886956726913
33,17,2026-06-17T16:18:41.066500+00:00,timeseriesScaler_2026-06-17_16.18.28_UTC_000498.pb,20,0.981559604160793,0.08460407710434288,-8.643201361894704e-05,1.1038707026109666,0.009521332787715817,0.0004150550614914197,0.9761114728789576,27.211840609114567
33,18,2026-06-17T16:18:50.300500+00:00,timeseriesScaler_2026-06-17_16.18.28_UTC_000498.pb,20,0.6074374676847029,0.24691327847878566,0.0007886512266452742,0.783488287200347,0.011093359231966499,0.00915955479341923,1.1372730541527412,1.6637742362791075
33,19,2026-06-17T16:18:59.144500+00:00,timeseriesScaler_2026-06-17_16.18.28_UTC_000498.pb,20,0.9809717507910708,0.39071941472979127,4.350870141991822e-05,1.1224296548535027,0.009678191825665976,0.0004961510961883653,0.9921924050322216,25.803605410676713
34,0,2026-06-17T16:47:04.074500+00:00,timeseriesScaler_2026-06-17_16.43.28_UTC_000503.pb,21,0.8107523938096028,0.19069700590826114,0.0008275603119202098,0.9901515330271927,0.011892575802385027,0.005775145751442585,1.1962797022899565,6.274259579226493
34,1,2026-06-17T16:47:14.151500+00:00,timeseriesScaler_2026-06-17_16.43.28_UTC_000503.pb,21,0.961752393035659,0.3940817081906632,0.00028251563537146985,0.9322718285109289,0.009469486723006692,0.00274135179286387,0.9525400507067028,10.767233362055197
34,2,2026-06-17T16:47:24.095500+00:00,timeseriesScaler_2026-06-17_16.43.28_UTC_000503.pb,21,0.5894463438980655,0.27745768406261884,-0.00132452901889096,1.1542108249569067,0.019023077769350832,0.021397973782840335,1.9135401942103962,-1.0218373540735062
34,3,2026-06-17T16:47:33.992500+00:00,timeseriesScaler_2026-06-17_16.43.28_UTC_000503.pb,21,0.9484881782668592,0.35731636376687165,0.0001872040753639875,0.9750452081018052,0.010021856515879132,0.0020168940004235756,1.008103183736209,13.925302130149566
34,4,2026-06-17T16:47:44.048000+00:00,timeseriesScaler_2026-06-17_16.43.28_UTC_000503.pb,21,0.9723397296653173,0.19382478803617947,-0.0001108123355147421,0.9534231596085357,0.009569698416739448,0.0034795996963571836,0.9626203913441409,8.787379343822002
34,5,2026-06-17T16:47:53.687000+00:00,timeseriesScaler_2026-06-17_16.43.28_UTC_000503.pb,21,0.8668758435923155,0.25229368045595274,8.480566096861301e-05,1.0473242836854593,0.011733367469336871,0.003976976791094876,1.1802648624078569,9.397392314538822
34,6,2026-06-17T16:48:03.564000+00:00,timeseriesScaler_2026-06-17_16.43.28_UTC_000503.pb,21,0.688334886092883,0.48241238609036113,-0.0001624669181189956,1.3005219240629233,0.018101727405997144,0.016359812386604916,1.8208611348802508,0.8788340333119062
34,7,2026-06-17T16:48:13.560000+00:00,timeseriesScaler_2026-06-17_16.43.28_UTC_000503.pb,21,0.8674447907431428,0.3156663233283874,0.0002763986266076376,0.9144384893644533,0.01030556577272226,0.006133816223040436,1.0366416291455827,4.506821591850457
34,8,2026-06-17T16:48:23.549000+00:00,timeseriesScaler_2026-06-17_16.43.28_UTC_000503.pb,21,0.8970856090965939,0.132281436489901,-0.0003516044029004855,0.9429020655273986,0.010260939047131124,0.0062407284112972914,1.0321526061709607,4.319036494943091
34,9,2026-06-17T16:48:33.232500+00:00,timeseriesScaler_2026-06-17_16.48.28_UTC_000504.pb,21,0.938637321188919,0.205997190737324,6.414169033991228e-05,1.0054433691383546,0.010428277125580525,0.0043780201417312715,1.048985220904354,7.5386961701547754
34,10,2026-06-17T16:48:42.922500+00:00,timeseriesScaler_2026-06-17_16.48.28_UTC_000504.pb,21,0.8924276955334155,0.39344213863398986,0.00021691162705229482,0.8804124895803259,0.009659497498129485,0.006598033238669113,0.9716533224884302,3.3108007058825435
34,11,2026-06-17T16:48:52.756000+00:00,timeseriesScaler_2026-06-17_16.48.28_UTC_000504.pb,21,0.9068918662529741,0.4145679504593386,0.00029046334471412945,0.9226298501819282,0.009941300332706375,0.003052210079225526,1.0,10.25657544239111
34,12,2026-06-17T16:49:02.573500+00:00,timeseriesScaler_2026-06-17_16.48.28_UTC_000504.pb,21,0.9141895424433857,0.36110025583165833,0.0003380014615162684,0.836628490673189,0.008980492230081514,0.004335039464443498,0.9033518684206884,6.326141719576341
34,13,2026-06-17T16:49:12.142500+00:00,timeseriesScaler_2026-06-17_16.48.28_UTC_000504.pb,21,0.986198360582135,0.19243566710273616,-0.0002081776972904764,0.9745859619459145,0.009635183942841647,0.0033229886532291503,0.9692076107128943,9.246623034977288
34,14,2026-06-17T16:49:21.709500+00:00,timeseriesScaler_2026-06-17_16.48.28_UTC_000504.pb,21,0.9788706670686463,0.08894086109246299,5.484350559765364e-05,1.0030900445868567,0.009977447257325023,0.0022652745368434164,1.003636035871457,12.877971948722259
34,15,2026-06-17T16:49:31.596500+00:00,timeseriesScaler_2026-06-17_16.48.28_UTC_000504.pb,21,0.9554787689708897,0.3543568497258706,-8.090067733791553e-05,0.9572418328773922,0.00977609889340868,0.002280678633430802,0.983382310787434,12.642029845709937
34,16,2026-06-17T16:49:41.369500+00:00,timeseriesScaler_2026-06-17_16.48.28_UTC_000504.pb,21,0.9413325207834234,0.4210934340591925,5.2554512039820306e-05,1.0180311465832492,0.010522758878676014,0.0036392741869392597,1.0584891841620225,9.222296838536971
34,17,2026-06-17T16:49:53.196500+00:00,timeseriesScaler_2026-06-17_16.48.28_UTC_000504.pb,21,0.9646619621114583,0.1845711433555355,0.0001603006591541179,0.9708434620037222,0.0098135942988643,0.001826147397406777,0.9871539909701824,14.60584542585567
34,18,2026-06-17T16:50:02.604000+00:00,timeseriesScaler_2026-06-17_16.48.28_UTC_000504.pb,21,0.9865948819877185,0.2862106943861712,-1.0133887100847367e-05,0.9891886250549377,0.009769314114477423,0.00043747508034247816,0.9826998267356308,26.978215083891307
34,19,2026-06-17T16:50:12.373000+00:00,timeseriesScaler_2026-06-17_16.48.28_UTC_000504.pb,21,0.984788163342686,0.6015444455143466,-0.0002640226119519867,1.0036485205209618,0.009922999801239805,0.0027901335600514355,0.9981591410726863,11.020359795506243
34,20,2026-06-17T16:50:22.099000+00:00,timeseriesScaler_2026-06-17_16.48.28_UTC_000504.pb,21,0.9844545722841329,0.12861530958907064,-0.00023157117328684415,1.0043623340655137,0.009932976838894426,0.0005475742911696963,0.9991627359064321,25.172727463387904
35,0,2026-06-17T17:16:28.127000+00:00,timeseriesScaler_2026-06-17_17.13.28_UTC_000509.pb,20,0.27082255734498845,0.30920778823211725,-0.012,0.4779503208784879,0.017068628504277504,0.01754372249520085,1.7437266425439166,-0.23846245885596457
35,1,2026-06-17T17:16:38.277000+00:00,timeseriesScaler_2026-06-17_17.13.28_UTC_000509.pb,20,0.843560575333331,0.23964317871506302,0.0009563065482785512,1.103529901373686,0.011568163747792794,0.009720043005171104,1.1818005955945332,1.5119248206803313
35,2,2026-06-17T17:16:48.240500+00:00,timeseriesScaler_2026-06-17_17.13.28_UTC_000509.pb,20,0.3597865191875941,0.3924693232713196,0.0015574888487029294,0.5861099716528657,0.014688555136932695,0.010169906361255893,1.5005789672161485,3.1932424724224804
35,3,2026-06-17T17:16:58.629000+00:00,timeseriesScaler_2026-06-17_17.13.28_UTC_000509.pb,20,0.982549841019821,0.2415434849303733,0.0005467093805313374,1.0196750182824381,0.009184070902367508,0.0005129438573403455,0.9382422914329197,25.05930789019581
35,4,2026-06-17T17:17:08.439000+00:00,timeseriesScaler_2026-06-17_17.13.28_UTC_000509.pb,20,0.98971077315416,0.34867976998198114,4.10357114312327e-05,1.019697367650844,0.009128202652852021,0.00048745194205373213,0.93253480561307,25.44906936353386
35,5,2026-06-17T17:17:17.885000+00:00,timeseriesScaler_2026-06-17_17.13.28_UTC_000509.pb,20,0.9910988071068385,0.16351567774798081,8.415368883312646e-05,1.0656857496899623,0.009504835646137553,0.0005707201401532137,0.9710115341146284,24.430428259453993
35,6,2026-06-17T17:17:27.658500+00:00,timeseriesScaler_2026-06-17_17.13.28_UTC_000509.pb,20,0.9601136180731381,0.2932380484452445,-0.0003328957313802009,1.0612111422969512,0.009771357449433004,0.0008054012198186926,0.9982393321248001,21.67885235242541
35,7,2026-06-17T17:17:39.759000+00:00,timeseriesScaler_2026-06-17_17.13.28_UTC_000509.pb,20,0.9829746839421584,0.45958214580882195,3.491150056849878e-05,0.9920605163485702,0.008953834607348537,0.0006400797205417203,0.914721411497864,22.915500003402904
35,8,2026-06-17T17:17:49.581000+00:00,timeseriesScaler_2026-06-17_17.13.28_UTC_000509.pb,20,0.9892397160832861,0.08589281844679846,-0.00020972500053448951,1.08231275323098,0.009663069406230873,0.0005544053732438286,0.9871766538344394,24.825753363229236
35,9,2026-06-17T17:17:59.028500+00:00,timeseriesScaler_2026-06-17_17.13.28_UTC_000509.pb,20,0.9767557020417814,0.302127972886061,-0.00044572548494848144,1.0530666254011214,0.009535660211628163,0.0005259224840634159,0.9741605636970196,25.168580584837237
35,10,2026-06-17T17:18:08.669000+00:00,timeseriesScaler_2026-06-17_17.13.28_UTC_000509.pb,20,0.9469917245734872,0.30997707417288944,-0.00014674280492055152,1.0554601300263904,0.009855704444918404,0.0025956616625522166,1.0068561992157656,11.588791771674865
35,11,2026-06-17T17:18:18.358000+00:00,timeseriesScaler_2026-06-17_17.13.28_UTC_000509.pb,20,0.9636513248289539,0.2588515499260844,-0.00039997404719239945,1.0519838631294247,0.009655393538603362,0.0015603241115709123,0.9863924891967606,15.831103199352551
35,12,2026-06-17T17:18:28.426500+00:00,timeseriesScaler_2026-06-17_17.18.28_UTC_000510.pb,20,0.9901622950511016,0.5164145524395267,-0.00011864534451891993,1.0625791083094112,0.009487396372850284,0.0006785873082976237,0.969229942497587,22.91082625155354
35,13,2026-06-17T17:18:38.127000+00:00,timeseriesScaler_2026-06-17_17.18.28_UTC_000510.pb,20,0.9752679444562273,0.39171645789329146,-0.00041140333903230073,1.0734666016516858,0.009725179873861218,0.0018513088335280555,0.9935218430311433,14.408375385377653
35,14,2026-06-17T17:18:47.846500+00:00,timeseriesScaler_2026-06-17_17.18.28_UTC_000510.pb,20,0.8660789383991883,0.4897795442479478,-0.00030969517435773037,1.0216188654616858,0.010444737965340328,0.0028525061909731764,1.0670317102507467,11.273419066537485
35,15,2026-06-17T17:18:57.625500+00:00,timeseriesScaler_2026-06-17_17.18.28_UTC_000510.pb,20,0.987094814886331,0.21671409881490464,-0.000300761106124643,1.102461753938811,0.009854362708586018,0.00045859043298143216,1.0067191277814986,26.64407105883193
35,16,2026-06-17T17:19:07.036500+00:00,timeseriesScaler_2026-06-17_17.18.28_UTC_000510.pb,20,0.9813970589649084,0.2584408065817716,-0.00035645501213502236,1.0900472366774083,0.00980582636806736,0.0005197089577716419,1.0017606678751998,25.51447992949228
35,17,2026-06-17T17:19:16.900000+00:00,timeseriesScaler_2026-06-17_17.18.28_UTC_000510.pb,20,0.9689198244260767,0.15471597875406093,-0.0005914252726864915,1.0847870222627343,0.009907887490421347,0.00044706534371529035,1.0121872055534897,26.912201228142223
35,18,2026-06-17T17:19:26.592500+00:00,timeseriesScaler_2026-06-17_17.18.28_UTC_000510.pb,20,0.9821514426685282,0.32480277380590616,-0.0006122652274224415,1.0919395390582955,0.009834992646386207,0.0016132995430723517,1.004740287272018,15.701180574633051
35,19,2026-06-17T17:19:36.476000+00:00,timeseriesScaler_2026-06-17_17.18.28_UTC_000510.pb,20,0.9823360651660709,0.34457530816715737,-0.0004438081004673566,1.1147402285901828,0.010006085659180335,0.0017119129362734595,1.0222191048986047,15.33565085379074
36,0,2026-06-17T17:47:37.450500+00:00,timeseriesScaler_2026-06-17_17.43.28_UTC_000515.pb,21,0.6135823540103816,0.430967883000367,-0.0007984850155479397,1.1885614544059122,0.01948574836318387,0.023021676808051488,1.7692966736644096,-1.4483972584519689
36,1,2026-06-17T17:47:47.303500+00:00,timeseriesScaler_2026-06-17_17.43.28_UTC_000515.pb,21,0.6879427997610271,0.28560866335305296,0.0007274717844807637,1.0291602514047928,0.015054614347517871,0.0164263221757055,1.366951814829434,-0.7574140368557105
36,2,2026-06-17T17:47:57.063000+00:00,timeseriesScaler_2026-06-17_17.43.28_UTC_000515.pb,21,0.9553161233731868,0.12653150986146536,-8.147264917130667e-05,0.9313685092985107,0.009893662640282554,0.0005913751053515548,0.898339857086688,24.469881180728194
36,3,2026-06-17T17:48:06.611500+00:00,timeseriesScaler_2026-06-17_17.43.28_UTC_000515.pb,21,0.949257226521416,0.34596993215606725,-0.00022444745981737522,0.9344466063975029,0.00998806825119747,0.0011604164773616433,0.9069118416085966,18.697352287857715
36,4,2026-06-17T17:48:16.218000+00:00,timeseriesScaler_2026-06-17_17.43.28_UTC_000515.pb,21,0.934160591538698,0.19514325527757156,-1.5622802317156845e-05,0.9182463313535343,0.009980796465984041,0.0015637026769536372,0.9062515669735187,16.100220393055608
36,5,2026-06-17T17:48:25.746500+00:00,timeseriesScaler_2026-06-17_17.43.28_UTC_000515.pb,21,0.5757602840097547,0.20123693510735535,6.112122960499471e-05,0.6081823622529666,0.010877983580959262,0.00477322599329963,0.9877157298372566,7.154728039811696
36,6,2026-06-17T17:48:35.176500+00:00,timeseriesScaler_2026-06-17_17.48.28_UTC_000516.pb,21,0.4513652417393328,0.3173671318545706,-0.00040498355589889553,0.7752048945213091,0.01750008636056368,0.020696038974331636,1.5889995092560076,-1.4569408337396614
36,7,2026-06-17T17:48:44.713500+00:00,timeseriesScaler_2026-06-17_17.48.28_UTC_000516.pb,21,0.6201082911733412,0.5841323144888186,0.00153019966984199,1.6359428241506853,0.02567751459819783,0.014478131016542132,2.3315060997296757,4.976809648758401
36,8,2026-06-17T17:48:54.234000+00:00,timeseriesScaler_2026-06-17_17.48.28_UTC_000516.pb,21,0.39199616756655553,0.49200491129966845,-0.0024001982758056475,0.7435879714399812,0.01953424699877622,0.019093583492980973,1.773700326684631,0.19818460335257598
36,9,2026-06-17T17:49:03.814000+00:00,timeseriesScaler_2026-06-17_17.48.28_UTC_000516.pb,21,0.29114528450601973,0.2585117645554771,0.0006117318301376271,0.7004668746267262,0.024539185077044175,0.018098048969539145,2.228146321199616,2.6445675427125863
36,10,2026-06-17T17:49:13.464000+00:00,timeseriesScaler_2026-06-17_17.48.28_UTC_000516.pb,21,0.9562430563293279,0.12319578686401363,-0.00012008182580728909,0.9362934715201847,0.00993401600906058,0.0004781675216629015,0.9020039237583594,26.35089562262507
36,11,2026-06-17T17:49:22.932000+00:00,timeseriesScaler_2026-06-17_17.48.28_UTC_000516.pb,21,0.7714323795129944,0.26037210347619744,-0.0004501968162210323,0.8053921904251334,0.010652999303277077,0.005748515822261277,0.9672872645450548,5.358323351271509
36,12,2026-06-17T17:49:32.528000+00:00,timeseriesScaler_2026-06-17_17.48.28_UTC_000516.pb,21,0.659030177029866,0.31329935902220396,-0.0014104675540065142,1.4783019620624158,0.02232149493437115,0.021601049230693312,2.0267811121495383,0.2849686095076396
36,13,2026-06-17T17:49:42.270500+00:00,timeseriesScaler_2026-06-17_17.48.28_UTC_000516.pb,21,0.3482592222462194,0.2654602757524592,0.00041253451153860595,0.7644660248003167,0.022326200429720285,0.028287885766431917,2.027208368886821,-2.0557134063612836
36,14,2026-06-17T17:49:51.603000+00:00,timeseriesScaler_2026-06-17_17.48.28_UTC_000516.pb,21,0.40217082560076717,0.5553958916051831,0.0013013724778768883,0.7668424283406136,0.019423115641550772,0.020841257363490195,1.763609652361324,-0.6121004148067284
36,15,2026-06-17T17:50:01.791000+00:00,timeseriesScaler_2026-06-17_17.48.28_UTC_000516.pb,21,0.5098674995346647,0.5256944415326946,0.0010582216485673615,1.0436231421730064,0.020593690387674984,0.018526078523232112,1.8698972819658524,0.919013572832358
36,16,2026-06-17T17:50:11.132000+00:00,timeseriesScaler_2026-06-17_17.48.28_UTC_000516.pb,21,0.866613046676101,0.44786908650692403,0.0007716768158442688,0.9436144234575337,0.011013273609352763,0.006078699061975171,1.0,5.162115709732581
36,17,2026-06-17T17:50:20.451500+00:00,timeseriesScaler_2026-06-17_17.48.28_UTC_000516.pb,21,0.9486417646373903,0.38100566582851203,-0.0004205041127749707,0.9382833962174052,0.010033769500129928,0.0024415328498866833,0.9110614932520142,12.276030961807916
36,18,2026-06-17T17:50:30.175500+00:00,timeseriesScaler_2026-06-17_17.48.28_UTC_000516.pb,21,0.9552997300805798,0.41924800557103076,-7.590698373828142e-07,0.9416765860528017,0.009998384029356117,0.0005021295334752571,0.9078485093537697,25.982280956628912
36,19,2026-06-17T17:50:39.642500+00:00,timeseriesScaler_2026-06-17_17.48.28_UTC_000516.pb,21,0.9359694751293557,0.46140248827801483,-0.00010718673830170788,0.937613122934977,0.010162272896451505,0.0022581579495369545,0.9227295404539332,13.064730746567122
36,20,2026-06-17T17:50:49.073000+00:00,timeseriesScaler_2026-06-17_17.48.28_UTC_000516.pb,21,0.9199940166033063,0.24246735583678344,-0.000539312367801949,0.9232921318743912,0.010202457687230349,0.0031278219827706533,0.9263783003235434,10.269255493815468
37,0,2026-06-17T18:16:22.858000+00:00,timeseriesScaler_2026-06-17_18.13.28_UTC_000521.pb,20,0.7242786592522125,0.3336993400265028,0.002903652734557609,0.40341085952341116,0.00528815008611823,0.0031843848831876426,0.41171082524416297,4.405564380770119
37,1,2026-06-17T18:16:31.380000+00:00,timeseriesScaler_2026-06-17_18.13.28_UTC_000521.pb,20,0.5235626257893198,0.3621229227097453,0.004127301567938943,0.5385896132337176,0.009662248510763687,0.009873159721586875,0.7522578299211614,-0.18755919119170403
37,2,2026-06-17T18:16:39.866000+00:00,timeseriesScaler_2026-06-17_18.13.28_UTC_000521.pb,20,0.9359891410789992,0.4596539644904702,0.0013315366957799665,0.9680147566596212,0.009503606950773123,0.003328026529611751,0.7399067342604706,9.114033737147798
37,3,2026-06-17T18:16:48.407500+00:00,timeseriesScaler_2026-06-17_18.13.28_UTC_000521.pb,20,0.6304447122693916,0.1551426537946628,0.0007328142050268893,1.219510481285595,0.01746795574529421,0.010675929230194208,1.3599739716356467,4.27672793499786
37,4,2026-06-17T18:16:56.991000+00:00,timeseriesScaler_2026-06-17_18.13.28_UTC_000521.pb,20,0.624257511315345,0.22206337342955285,0.00032172252149590606,1.1209653835953395,0.016299931956371742,0.010549251430197701,1.2690370598213532,3.779282961147448
37,5,2026-06-17T18:17:05.379500+00:00,timeseriesScaler_2026-06-17_18.13.28_UTC_000521.pb,20,0.6053356070817748,0.37992054667819347,-0.0005755327164290373,1.4592463726977587,0.021502283795406755,0.011424839067882098,1.6740680317073706,5.492689966070916
37,6,2026-06-17T18:17:13.998000+00:00,timeseriesScaler_2026-06-17_18.13.28_UTC_000521.pb,20,0.4999145301971254,0.1633586349855845,0.0015024217694062315,1.3327323170295615,0.023915686422641316,0.020826942756143895,1.8619643605036176,1.2011465411382984
37,7,2026-06-17T18:17:22.833500+00:00,timeseriesScaler_2026-06-17_18.13.28_UTC_000521.pb,20,0.20333870245683255,0.27089573702889447,-0.0024257280051414943,0.4014375521030512,0.018665528661606222,0.0158113251717805,1.4532114413812918,1.4414404910898426
37,8,2026-06-17T18:17:31.413000+00:00,timeseriesScaler_2026-06-17_18.13.28_UTC_000521.pb,20,0.3673555611670424,0.08032254595282354,0.000502760058723795,0.4566775560588851,0.011748305418857723,0.015673286081885264,0.9146685401224908,-2.5036966497480013
37,9,2026-06-17T18:17:39.801500+00:00,timeseriesScaler_2026-06-17_18.13.28_UTC_000521.pb,20,0.7389491062601492,0.2695814532227194,-0.001496589796511841,1.5465024646109415,0.018775858225636936,0.0090630210458095,1.4618011892356793,6.326536175965492
37,10,2026-06-17T18:17:49.377500+00:00,timeseriesScaler_2026-06-17_18.13.28_UTC_000521.pb,20,0.6316128650730743,0.2268237060768437,0.0012385844267006779,1.1909217481919052,0.017109774597147364,0.012360768235260042,1.3320876496347733,2.823976494964873
37,11,2026-06-17T18:17:58.116000+00:00,timeseriesScaler_2026-06-17_18.13.28_UTC_000521.pb,20,0.28780217743536285,0.21740618490912147,-0.0015270306442200017,0.7816286109731834,0.025098738448914096,0.023034721233400134,1.9540713011371962,0.7453786415336893
37,12,2026-06-17T18:18:07.365500+00:00,timeseriesScaler_2026-06-17_18.13.28_UTC_000521.pb,20,0.8766352458040074,0.2804046985486501,-0.0006110898513396076,0.911198465105837,0.00961485523484841,0.005702198603911134,0.7485680093940693,4.538008205516093
37,13,2026-06-17T18:18:16.287500+00:00,timeseriesScaler_2026-06-17_18.13.28_UTC_000521.pb,20,0.7487617136534598,0.25775812487605454,-0.0007870178050911582,0.8495582572782113,0.010517981044471852,0.01144040459225738,0.8188811938393145,-0.7301799970085898
37,14,2026-06-17T18:18:25.012500+00:00,timeseriesScaler_2026-06-17_18.13.28_UTC_000521.pb,20,0.7082815406167998,0.46802434392890374,-0.002061347399326973,0.9015928805082195,0.011795333462844058,0.007952164253506524,0.9183299253865095,3.424497626073635
37,15,2026-06-17T18:18:33.699000+00:00,timeseriesScaler_2026-06-17_18.18.28_UTC_000522.pb,20,0.7564005632422879,0.34347369325012156,2.5083069705207535e-05,1.3446789003329076,0.015981017965456916,0.00984915261883421,1.2442078964573773,4.204111451189943
37,16,2026-06-17T18:18:42.302500+00:00,timeseriesScaler_2026-06-17_18.18.28_UTC_000522.pb,20,0.6976005126140752,0.35667305391245313,-0.00022935011886606965,0.9933250342182572,0.013025055584863159,0.007112534827952491,1.0140703830952524,5.255103586470369
37,17,2026-06-17T18:18:50.743000+00:00,timeseriesScaler_2026-06-17_18.18.28_UTC_000522.pb,20,0.8296610995875526,0.22194704219703937,-0.00012056871835535468,1.1573634595570486,0.012663606271341958,0.007368820114003757,0.9859296169047478,4.703188890180056
37,18,2026-06-17T18:18:59.622500+00:00,timeseriesScaler_2026-06-17_18.18.28_UTC_000522.pb,20,0.7406789119851179,0.13692438581654948,-0.0005349474458180226,0.9368202619514454,0.01162847601403915,0.0050214421750824105,0.9053391787498097,7.293886709991293
37,19,2026-06-17T18:19:08.672000+00:00,timeseriesScaler_2026-06-17_18.18.28_UTC_000522.pb,20,0.7586464026916766,0.1856575420041035,6.283446216544246e-05,1.0073980610243818,0.012145836351251047,0.006597749222857383,0.9456184537161644,5.300632421734656
38,0,2026-06-17T18:46:12.717000+00:00,timeseriesScaler_2026-06-17_18.43.28_UTC_000527.pb,20,0.9924422243740113,0.3685678486397982,0.0002118940736753831,0.9298389562481771,0.009218399378257462,0.00036942603295315004,0.9458236906568152,27.94256046515573
38,1,2026-06-17T18:46:22.324500+00:00,timeseriesScaler_2026-06-17_18.43.28_UTC_000527.pb,20,0.9959494298695171,0.2630923773552444,0.00018522024287059743,0.9988277128948571,0.009833517073005258,0.00046735580632840674,1.0089358280639762,26.46122467007526
38,2,2026-06-17T18:46:31.035000+00:00,timeseriesScaler_2026-06-17_18.43.28_UTC_000527.pb,20,0.9839222867889835,0.3584075336568361,0.0002108222494697864,0.9958354619396356,0.009925010503855646,0.0005272859946349768,1.0183232120215289,25.49369477940143
38,3,2026-06-17T18:46:39.877500+00:00,timeseriesScaler_2026-06-17_18.43.28_UTC_000527.pb,20,0.994910008577465,0.22750548083131195,-1.718914754925594e-05,0.9883842245074892,0.009745971659967363,0.0004782187373580455,0.9999535175497588,26.183971114488855
38,4,2026-06-17T18:46:48.608500+00:00,timeseriesScaler_2026-06-17_18.43.28_UTC_000527.pb,20,0.9939358707054652,0.4394895519476813,-4.44618232559622e-05,0.9855470266195102,0.009728830199601263,0.00042920272980196035,0.9981947741235463,27.107962961772294
38,5,2026-06-17T18:46:57.318000+00:00,timeseriesScaler_2026-06-17_18.43.28_UTC_000527.pb,20,0.991847972486459,0.2716967885986793,-0.00023339596038241578,0.9892810656589704,0.009784353551620571,0.0005385541703356499,1.0038915658950551,25.186054880890882
38,6,2026-06-17T18:47:06.227500+00:00,timeseriesScaler_2026-06-17_18.43.28_UTC_000527.pb,20,0.9960867404438999,0.09346331900076285,4.044414288650027e-06,0.9790534451288598,0.009647077277267794,0.0004518695706485826,0.9898067831556351,26.587653218730104
38,7,2026-06-17T18:47:15.141500+00:00,timeseriesScaler_2026-06-17_18.43.28_UTC_000527.pb,20,0.9959707756799293,0.18241484183380846,4.9372742933378616e-05,1.0076063984794994,0.009915381320720514,0.00048575414889957927,1.0173352412082484,26.197858041551875
38,8,2026-06-17T18:47:24.117500+00:00,timeseriesScaler_2026-06-17_18.43.28_UTC_000527.pb,20,0.9950886118638582,0.17819271912650356,-0.00014610747864178116,0.9884614902333839,0.009744910341450539,0.0007467728371667569,0.999844624437695,22.31178670044936
38,9,2026-06-17T18:47:34.224000+00:00,timeseriesScaler_2026-06-17_18.43.28_UTC_000527.pb,20,0.9958072727776257,0.44641331918044014,2.2182609908279987e-05,1.0079726855064837,0.00992042882359516,0.0006563144617650369,1.017853123717088,23.58836943102982
38,10,2026-06-17T18:47:43.296000+00:00,timeseriesScaler_2026-06-17_18.43.28_UTC_000527.pb,20,0.6640319840875346,0.26119093813163213,0.0004406098264642358,1.255636584207998,0.018261433399538004,0.015504397157839012,1.8736545929407953,1.4215995814004176
38,11,2026-06-17T18:47:52.097500+00:00,timeseriesScaler_2026-06-17_18.43.28_UTC_000527.pb,20,0.9950724520571114,0.2039277064140688,-9.200842984319706e-05,0.9796854481894943,0.009662810245653415,0.00039533924156688637,0.9914210128730601,27.76267052717129
38,12,2026-06-17T18:48:00.951000+00:00,timeseriesScaler_2026-06-17_18.43.28_UTC_000527.pb,20,0.9929205716487893,0.2021580368830003,-0.00023832410091850217,0.9756572897892958,0.00964579702806953,0.0004977150663266325,0.9896754273776983,25.74714663126737
38,13,2026-06-17T18:48:09.496000+00:00,timeseriesScaler_2026-06-17_18.43.28_UTC_000527.pb,20,0.992471889204885,0.347979381104014,-0.00013428597308394837,0.9977964037202111,0.009858185044355003,0.0003848631613159438,1.0114668045107182,28.169812459783014
38,14,2026-06-17T18:48:18.190500+00:00,timeseriesScaler_2026-06-17_18.43.28_UTC_000527.pb,20,0.9955106343814821,0.6202733719987211,8.711905948503531e-05,0.957349819348,0.009448917557525053,0.0005708221219544015,0.9694752538113263,24.37762528199928
38,15,2026-06-17T18:48:27.016000+00:00,timeseriesScaler_2026-06-17_18.43.28_UTC_000527.pb,20,0.9929697814477372,0.22594768300767398,-9.061344851145878e-05,0.9806684989812574,0.009692426184370303,0.00045667570080785036,0.994459659313736,26.53649196561954
38,16,2026-06-17T18:48:35.858500+00:00,timeseriesScaler_2026-06-17_18.48.28_UTC_000528.pb,20,0.9029721749670854,0.36482106882599624,-0.00029843651830013796,1.0005238156975804,0.010860730391896747,0.003147321020528682,1.1143296879413551,10.758359809957959
38,17,2026-06-17T18:48:44.740500+00:00,timeseriesScaler_2026-06-17_18.48.28_UTC_000528.pb,20,0.9887340177275942,0.4062721043692812,-5.141242353861432e-05,0.9820079038136217,0.00974687773536944,0.0027898002697800336,1.000046482450241,10.86584812767751
38,18,2026-06-17T18:48:53.603500+00:00,timeseriesScaler_2026-06-17_18.48.28_UTC_000528.pb,20,0.9730916045244602,0.30162345852879674,0.00015502376601561423,0.974638598988858,0.009832087355211563,0.0004553048626835233,1.008789136550109,26.68686879700506
38,19,2026-06-17T18:49:02.410000+00:00,timeseriesScaler_2026-06-17_18.48.28_UTC_000528.pb,20,0.9395727098304574,0.14970297845680053,-0.00021865623192318033,0.90372839533354,0.009476506559438946,0.004178291535800045,0.9723059330367547,7.112990568396316
39,0,2026-06-17T19:16:16.012000+00:00,timeseriesScaler_2026-06-17_19.13.28_UTC_000533.pb,23,0.34142152877225046,0.23154028209426752,0.0005054049095346227,0.8884811028450547,0.026152392640184367,0.024681353181415355,2.6719589150882554,0.5028492250319536
39,1,2026-06-17T19:16:25.305000+00:00,timeseriesScaler_2026-06-17_19.13.28_UTC_000533.pb,23,0.41644011518404334,0.22206953249259792,0.0009365446162072729,1.2627015545072113,0.030077364622591758,0.023706228821645848,3.0729686438788337,2.0675461731949225
39,2,2026-06-17T19:16:34.525000+00:00,timeseriesScaler_2026-06-17_19.13.28_UTC_000533.pb,23,0.9626744332422631,0.2755613932949935,-0.00010685602758883972,0.8313408035378876,0.008765707080606373,0.0032604713389216894,0.8955818881783708,8.590131340890196
39,3,2026-06-17T19:16:43.772000+00:00,timeseriesScaler_2026-06-17_19.13.28_UTC_000533.pb,23,0.8252855232452386,0.14143714088742543,0.0006938727689009746,1.0319154489764095,0.012570885110535312,0.007739470799093729,1.2843524110308036,4.213091825066304
39,4,2026-06-17T19:16:53.170500+00:00,timeseriesScaler_2026-06-17_19.13.28_UTC_000533.pb,23,0.9727881397429758,0.29731373559358204,-0.00011554805115737249,0.9371004170502218,0.00973323331412523,0.0026335924315024884,0.9944328950747802,11.354171369476036
39,5,2026-06-17T19:17:02.584500+00:00,timeseriesScaler_2026-06-17_19.13.28_UTC_000533.pb,23,0.9672384194044031,0.34064810806894424,0.0003968013283557482,0.9183320008062135,0.009601068379065493,0.0006818413851357832,0.9809297605297478,22.97272410142444
39,6,2026-06-17T19:17:11.890000+00:00,timeseriesScaler_2026-06-17_19.13.28_UTC_000533.pb,23,0.9738062401776585,0.3273401023640068,-0.00015720186410654528,0.9516902016739978,0.009868130673360042,0.0005802005876225656,1.0082151981545941,24.613134548953155
39,7,2026-06-17T19:17:20.847500+00:00,timeseriesScaler_2026-06-17_19.13.28_UTC_000533.pb,23,0.9713005173027139,0.12197064510869077,-0.00018742241813655424,0.9422465668629224,0.009799283969330117,0.0005878299129454187,1.0011812121198118,24.438853216244574
39,8,2026-06-17T19:17:29.986000+00:00,timeseriesScaler_2026-06-17_19.13.28_UTC_000533.pb,23,0.9742565379279527,0.2590763925800263,0.00025108400605985384,0.9439757373931554,0.009786833070472869,0.000680348563642355,0.9999091185618646,23.158214171638125
39,9,2026-06-17T19:17:39.451000+00:00,timeseriesScaler_2026-06-17_19.13.28_UTC_000533.pb,23,0.9753828288560864,0.3365766723195722,0.00021203755118649983,0.9292203770364937,0.009629125808033785,0.0003869615007685803,0.9837963547453412,27.918382044653498
39,10,2026-06-17T19:17:48.440500+00:00,timeseriesScaler_2026-06-17_19.13.28_UTC_000533.pb,23,0.9738554507519203,0.4533724599319724,-0.00018858091462420622,0.9256957083191611,0.0096089114693776,0.0005352566722755829,0.9817310797577666,25.08224204706767
39,11,2026-06-17T19:17:57.485000+00:00,timeseriesScaler_2026-06-17_19.13.28_UTC_000533.pb,23,0.9770050268853043,0.15570117603170003,-6.445150974882415e-05,0.9221542150333772,0.009542944122108944,0.0006527490591747231,0.9749912741856992,23.298722526511767
39,12,2026-06-17T19:18:06.463500+00:00,timeseriesScaler_2026-06-17_19.13.28_UTC_000533.pb,23,0.9682599873723101,0.18989153141614787,0.0002588045248278868,0.9243224303898594,0.009650601699310387,0.0004899706040716855,0.9859905210667742,25.88768733110529
39,13,2026-06-17T19:18:15.440500+00:00,timeseriesScaler_2026-06-17_19.13.28_UTC_000533.pb,23,0.9770227395506829,0.08420608381063377,0.00015148333471846892,0.9320905791669918,0.00964153955766431,0.0005321844536237691,0.9850646528108876,25.161684076146166
39,14,2026-06-17T19:18:24.396500+00:00,timeseriesScaler_2026-06-17_19.13.28_UTC_000533.pb,23,0.9419305472113877,0.10410586357551774,0.0003248795137657485,0.897243235082154,0.009640440175348817,0.0005596663689609928,0.9849523302245994,24.723353070342796
39,15,2026-06-17T19:18:33.157000+00:00,timeseriesScaler_2026-06-17_19.18.28_UTC_000534.pb,23,0.9773730054714831,0.18877859367322547,-1.275718642315096e-06,0.9358794546843996,0.009675284223874508,0.0005767857595028108,0.988512305305156,24.492984049279304
39,16,2026-06-17T19:18:41.995500+00:00,timeseriesScaler_2026-06-17_19.18.28_UTC_000534.pb,23,0.7649781788985883,0.1804285702199093,-0.00017271381152209164,0.9442171912216099,0.012460348246704205,0.005170879759541598,1.2730589908522765,7.639314825055822
39,17,2026-06-17T19:18:51.081500+00:00,timeseriesScaler_2026-06-17_19.18.28_UTC_000534.pb,23,0.5438503536953969,0.42763372419607476,0.0002541648728095518,0.855314025072297,0.015933760048939007,0.016346364211401412,1.6279333520032193,-0.22205796881461953
39,18,2026-06-17T19:19:00.306500+00:00,timeseriesScaler_2026-06-17_19.18.28_UTC_000534.pb,23,0.6045668219800534,0.4155782672196649,-0.00033009001554613486,1.2862806211936284,0.02112838513808376,0.01729705682131922,2.1586620317246474,1.7378818541123195
39,19,2026-06-17T19:19:09.256500+00:00,timeseriesScaler_2026-06-17_19.18.28_UTC_000534.pb,23,0.6123006538630171,0.32419003717029543,-0.0027612079400952737,1.3773660728264225,0.02263079576526391,0.023208097191377716,2.3121615422531434,-0.21879418506562787
39,20,2026-06-17T19:19:18.064500+00:00,timeseriesScaler_2026-06-17_19.18.28_UTC_000534.pb,23,0.9532689176816274,0.25248999542535105,0.00021822685133307594,0.9266150882008541,0.009825371880896485,0.0020028029673994463,1.0038465830801226,13.814215415995042
39,21,2026-06-17T19:19:27.639000+00:00,timeseriesScaler_2026-06-17_19.18.28_UTC_000534.pb,23,0.9684344163763786,0.2549400115403982,3.306566922481239e-05,0.9588569610201138,0.009994287984896079,0.0017852899354100693,1.0211045409348158,14.960862056165007
39,22,2026-06-17T19:19:36.708500+00:00,timeseriesScaler_2026-06-17_19.18.28_UTC_000534.pb,23,0.9735327082579125,0.2518290436669817,-5.994405660401702e-05,0.9433076617207163,0.00978772259277817,0.0005206258965933711,1.0,25.483117705022316
40,0,2026-06-17T19:46:45.694000+00:00,timeseriesScaler_2026-06-17_19.43.28_UTC_000539.pb,21,0.9812760743915744,0.34680006737389946,0.0021195686992077217,0.6423303578410297,0.006873784918590404,0.0015483996429520625,0.5729186308932739,12.946257527885223
40,1,2026-06-17T19:46:56.332500+00:00,timeseriesScaler_2026-06-17_19.43.28_UTC_000539.pb,21,0.9714116285811433,0.15587316179999913,0.0005573873270551043,0.825341058861656,0.008831073362015685,0.0015613139389316288,0.7360553930339776,15.05046511205415
40,2,2026-06-17T19:47:05.474500+00:00,timeseriesScaler_2026-06-17_19.43.28_UTC_000539.pb,21,0.9761943804827886,0.18838362538703404,0.00045369684951234346,0.8874762193830208,0.009446454378528509,0.00043259003921546134,0.787346385352448,26.783846326152624
40,3,2026-06-17T19:47:14.977000+00:00,timeseriesScaler_2026-06-17_19.43.28_UTC_000539.pb,21,0.8894640276069459,0.4113560704539005,0.0001426940855332861,0.9152606955804931,0.010675570687963046,0.004716974630720308,0.8897912016435918,7.0945512014283105
40,4,2026-06-17T19:47:24.207500+00:00,timeseriesScaler_2026-06-17_19.43.28_UTC_000539.pb,21,0.755672015450551,0.15265045577909275,-0.0002743019202544141,1.3447345796178785,0.018067421554945295,0.01309926219585734,1.505889774501932,2.792986853540544
40,5,2026-06-17T19:47:33.894500+00:00,timeseriesScaler_2026-06-17_19.43.28_UTC_000539.pb,21,0.7136093906609583,0.31849804309758967,-0.0017967657733085377,0.98028703061903,0.014294828912966441,0.013411007032095627,1.191450402749841,0.5543514331124104
40,6,2026-06-17T19:47:43.187000+00:00,timeseriesScaler_2026-06-17_19.43.28_UTC_000539.pb,21,0.642714884116874,0.17286550526033462,-0.0003057635159777689,0.9902993920708526,0.015909761460878424,0.008523524400722694,1.3260523659029817,5.420889188781855
40,7,2026-06-17T19:47:52.638000+00:00,timeseriesScaler_2026-06-17_19.43.28_UTC_000539.pb,21,0.7831100658606269,0.30093327165736505,0.0003182091763976057,1.6360707966160661,0.02093548353369933,0.010925146164623265,1.744938007992743,5.649114799560552
40,8,2026-06-17T19:48:01.870500+00:00,timeseriesScaler_2026-06-17_19.43.28_UTC_000539.pb,21,0.5140408888123555,0.2940625159594334,0.0024448227534513605,0.6455055461064652,0.01319278408501266,0.011067978571646138,1.099596784766145,1.5253629024884627
40,9,2026-06-17T19:48:11.045500+00:00,timeseriesScaler_2026-06-17_19.43.28_UTC_000539.pb,21,0.5708290712182926,0.18380776228149306,0.0007751859763793454,0.7192846153045421,0.01316330375157144,0.01196335035346655,1.0971396476177682,0.8302416310414491
40,10,2026-06-17T19:48:20.408000+00:00,timeseriesScaler_2026-06-17_19.43.28_UTC_000539.pb,21,0.6449758048442377,0.36700113067576595,-0.0001699452583298465,1.0260355558154277,0.01639156520722032,0.010931435706098424,1.3662099131615386,3.518864418363778
40,11,2026-06-17T19:48:29.499000+00:00,timeseriesScaler_2026-06-17_19.48.28_UTC_000540.pb,21,0.9549293864864141,0.11521612974342973,-0.0006321596016861339,1.1072452065465097,0.011997837996423765,0.004501948290148229,1.0,8.514049822770653
40,12,2026-06-17T19:48:38.831500+00:00,timeseriesScaler_2026-06-17_19.48.28_UTC_000540.pb,21,0.9259887274726017,0.5390795510002754,-0.0005636193836273796,0.9161042413472378,0.01026805901314005,0.004417168378320087,0.8558257759606925,7.326888030689187
40,13,2026-06-17T19:48:48.332000+00:00,timeseriesScaler_2026-06-17_19.48.28_UTC_000540.pb,21,0.9047707652963113,0.2865710251490558,0.0007838943118056637,1.12698091332809,0.012777253947714486,0.006318202276076071,1.0649630334667832,6.116880016516536
40,14,2026-06-17T19:48:57.881500+00:00,timeseriesScaler_2026-06-17_19.48.28_UTC_000540.pb,21,0.8681645213624474,0.32340217551677986,-0.0005150099580657699,0.9036068082915633,0.010818634127529087,0.0035838822157943494,0.9017153032699585,9.596374112144396
40,15,2026-06-17T19:49:07.347500+00:00,timeseriesScaler_2026-06-17_19.48.28_UTC_000540.pb,21,0.8939690974542503,0.19799212477161038,-0.0006771495234012249,0.989165237526923,0.011448678847218527,0.004568155862771845,0.9542284910523939,7.980289191245394
40,16,2026-06-17T19:49:16.555500+00:00,timeseriesScaler_2026-06-17_19.48.28_UTC_000540.pb,21,0.9072420577275551,0.10023966373602586,-0.0007553596584321964,0.9712522110174877,0.011112331786213856,0.004615360275805342,0.9261945185062629,7.63199184151055
40,17,2026-06-17T19:49:25.766500+00:00,timeseriesScaler_2026-06-17_19.48.28_UTC_000540.pb,21,0.7558378146589171,0.4672761210600575,0.001213578620226977,1.096892301676419,0.014983094443100762,0.012965403652538914,1.2488161990157578,1.2563094958627814
40,18,2026-06-17T19:49:35.447500+00:00,timeseriesScaler_2026-06-17_19.48.28_UTC_000540.pb,21,0.8839237268935368,0.29459258827405477,-0.0005897273572881863,1.4143951955475365,0.01621441109783568,0.008152988701762643,1.351444410457014,5.971686787438655
40,19,2026-06-17T19:49:45.366000+00:00,timeseriesScaler_2026-06-17_19.48.28_UTC_000540.pb,21,0.9812373501674634,0.25658482367776314,3.94440398826076e-07,1.045771013943053,0.010992070946823794,0.0027643621787910152,0.916170975979192,11.989691607475827
40,20,2026-06-17T19:49:54.872500+00:00,timeseriesScaler_2026-06-17_19.48.28_UTC_000540.pb,21,0.9419122143485374,0.5050525343858927,-0.0008156592172728887,0.8667321345313187,0.009601669932506511,0.0016362051974250585,0.8002833456634864,15.370180093831468
41,0,2026-06-17T20:16:44.576500+00:00,timeseriesScaler_2026-06-17_20.13.28_UTC_000545.pb,20,0.7239516158995384,0.256204060242142,0.00026204256928276165,1.2186870180240097,0.017141198944115633,0.017696980707654613,1.4441710852956553,-0.2771596398276321
41,1,2026-06-17T20:16:53.933000+00:00,timeseriesScaler_2026-06-17_20.13.28_UTC_000545.pb,20,0.6137573644606553,0.25670911823205705,0.001494209987977188,0.8946646465686076,0.01510076216270809,0.010137238258840673,1.2722613016982782,3.4615842698387644
41,2,2026-06-17T20:17:03.484500+00:00,timeseriesScaler_2026-06-17_20.13.28_UTC_000545.pb,20,0.8456393668004077,0.1352297510409916,0.0006852226631691673,0.9628590100820964,0.011762644052936932,0.006380710778559098,0.991019967929836,5.31271791035582
41,3,2026-06-17T20:17:12.659500+00:00,timeseriesScaler_2026-06-17_20.13.28_UTC_000545.pb,20,0.8705599003582306,0.18831521353816294,0.0001005289468736493,1.270885034730889,0.014836763508859697,0.005761435907964784,1.2500190289326554,8.216168785416878
41,4,2026-06-17T20:17:22.145000+00:00,timeseriesScaler_2026-06-17_20.13.28_UTC_000545.pb,20,0.4727208675050388,0.6116145945709325,-0.0013993169431007237,0.6280078406363916,0.013979602056691182,0.013622172801683298,1.1778019227262804,0.2249684762449406
41,5,2026-06-17T20:17:31.103500+00:00,timeseriesScaler_2026-06-17_20.13.28_UTC_000545.pb,20,0.5193205284255128,0.27456736852469754,-0.0030449904938602075,1.0870886053809192,0.02187638380242665,0.01188662921903839,1.8431173362666307,5.298336363470968
41,6,2026-06-17T20:17:40.523500+00:00,timeseriesScaler_2026-06-17_20.13.28_UTC_000545.pb,20,0.8163772978343151,0.6173559641395628,-0.00019004071291018958,1.483693876478025,0.018267395559689523,0.020582731200581985,1.5390547975652669,-1.036527388018693
41,7,2026-06-17T20:17:51.618500+00:00,timeseriesScaler_2026-06-17_20.13.28_UTC_000545.pb,20,0.40047454676277244,0.2274387468727824,0.0016148974752812982,0.6804993360241625,0.017714133368068756,0.018446388784590487,1.4924416486057943,-0.3518289534369783
41,8,2026-06-17T20:18:00.843500+00:00,timeseriesScaler_2026-06-17_20.13.28_UTC_000545.pb,20,0.8610545937749324,0.11801241562646721,-6.476762750588708e-05,0.9258901090298521,0.011120387900002833,0.008395954888148458,0.9369089475487875,2.440996801690721
41,9,2026-06-17T20:18:09.911000+00:00,timeseriesScaler_2026-06-17_20.13.28_UTC_000545.pb,20,0.8656272821697548,0.20075806253797598,0.00022256270198492512,0.9944543049792628,0.011840831406882387,0.005929949620678039,0.997607366872695,6.006623876501109
41,10,2026-06-17T20:18:18.673000+00:00,timeseriesScaler_2026-06-17_20.13.28_UTC_000545.pb,20,0.847814851478687,0.15358687334122717,0.0003860891156283312,0.8461086735997969,0.010361002026092633,0.004011147309141666,0.8729295768374078,8.242662938323077
41,11,2026-06-17T20:18:27.273500+00:00,timeseriesScaler_2026-06-17_20.13.28_UTC_000545.pb,20,0.8404304744556312,0.2627768000630023,0.0004321018813381575,1.0685848196657783,0.013051511662435704,0.007772371699176228,1.0996089493937746,4.502145080728016
41,12,2026-06-17T20:18:36.046000+00:00,timeseriesScaler_2026-06-17_20.18.28_UTC_000546.pb,20,0.8408252958165889,0.3976680165568928,0.0004504032587965801,1.1780872076818023,0.01430205029452447,0.007211151267247797,1.2049686584430506,5.947873903165561
41,13,2026-06-17T20:18:45.195000+00:00,timeseriesScaler_2026-06-17_20.18.28_UTC_000546.pb,20,0.8835041735947924,0.23707213946738162,-0.00029610983361679237,0.8851439737181025,0.010383194069125783,0.0030725095362316495,0.8747992889256112,10.576754637273078
41,14,2026-06-17T20:18:54.106500+00:00,timeseriesScaler_2026-06-17_20.18.28_UTC_000546.pb,20,0.905151985149417,0.2630971901628465,-0.00025514746767987633,1.0477703095292543,0.011897628833244127,0.004481191597253012,1.0023926331273052,8.481338065930128
41,15,2026-06-17T20:19:03.197000+00:00,timeseriesScaler_2026-06-17_20.18.28_UTC_000546.pb,20,0.9581581832778013,0.2967112250820942,0.00011066779720099909,0.9316953029363688,0.010054939973421944,0.0004789504757837142,0.8471434011904015,26.44177746490356
41,16,2026-06-17T20:19:12.236000+00:00,timeseriesScaler_2026-06-17_20.18.28_UTC_000546.pb,20,0.9853111885085729,0.11613593400953849,-1.6190723750893625e-06,0.926868019623771,0.009730586047161085,0.0006433627547268741,0.8198161084359553,23.59366164283498
41,17,2026-06-17T20:19:21.077500+00:00,timeseriesScaler_2026-06-17_20.18.28_UTC_000546.pb,20,0.9797154159284069,0.258552771694491,-0.0003304344350000322,0.9368361196051703,0.009885858800161062,0.0006418523649978783,0.8328980650101656,23.751585147448054
41,18,2026-06-17T20:19:30.039000+00:00,timeseriesScaler_2026-06-17_20.18.28_UTC_000546.pb,20,0.9855059532197592,0.1656956432901747,-6.15819468075687e-05,0.9387696146991539,0.009847809169638523,0.0006794656634706495,0.8296923279794023,23.22344219090084
41,19,2026-06-17T20:19:39.242500+00:00,timeseriesScaler_2026-06-17_20.18.28_UTC_000546.pb,20,0.9824369054875186,0.24014646430129405,-8.318826394279423e-05,0.9297379235404702,0.00978751070744329,0.0005079955668038617,0.8246120943344831,25.696246557967363
42,0,2026-06-17T20:46:32.279000+00:00,timeseriesScaler_2026-06-17_20.43.28_UTC_000551.pb,21,0.730119653766387,0.2086970574308811,0.004238951630962244,0.32812572428427883,0.004184665049981012,0.003617653462695018,0.426780410679308,1.2646747727502718
42,1,2026-06-17T20:46:41.349500+00:00,timeseriesScaler_2026-06-17_20.43.28_UTC_000551.pb,21,0.9149413651306777,0.2887860979214021,0.001725499739375943,0.7156484878876932,0.007162010758782253,0.004230965063725416,0.7304302390788915,4.571910596406803
42,2,2026-06-17T20:46:50.392000+00:00,timeseriesScaler_2026-06-17_20.43.28_UTC_000551.pb,21,0.9880585772069745,0.44483270208884085,0.001084705321389932,0.926736251154894,0.008539809578348522,0.0005261396352783532,0.8709474702132272,24.206943348847062
42,3,2026-06-17T20:46:59.168000+00:00,timeseriesScaler_2026-06-17_20.43.28_UTC_000551.pb,21,0.986328651512875,0.0022841988039925955,0.00027861279335384255,0.9734716372902333,0.008975386094443578,0.0016603587917016177,0.9153705057969601,14.657023871733907
42,4,2026-06-17T20:47:08.233500+00:00,timeseriesScaler_2026-06-17_20.43.28_UTC_000551.pb,21,0.9811477534963619,0.22712962538521872,-0.0004256908921210677,1.031358135599558,0.009532363127920631,0.0004194151652737144,0.972174786246445,27.13112896805747
42,5,2026-06-17T20:47:17.157000+00:00,timeseriesScaler_2026-06-17_20.43.28_UTC_000551.pb,21,0.9899666505050179,0.14983615106289927,2.780707900884422e-06,1.0380875418027304,0.009506785153374737,0.0005820012663148464,0.9695661716140527,24.262194993725842
42,6,2026-06-17T20:47:26.040000+00:00,timeseriesScaler_2026-06-17_20.43.28_UTC_000551.pb,21,0.9891248830338099,0.14736763038303663,-0.0002498983046992454,1.0520939356033887,0.009636478930202672,0.00046971586748391033,0.9827932191019819,26.24166289656052
42,7,2026-06-17T20:47:35.072000+00:00,timeseriesScaler_2026-06-17_20.43.28_UTC_000551.pb,21,0.9893292677134113,0.48386950886141245,-0.00021789652749058564,1.0724701935361176,0.009811441505503,0.00047075708343644783,1.0006370844647596,26.378719109298117
42,8,2026-06-17T20:47:43.895500+00:00,timeseriesScaler_2026-06-17_20.43.28_UTC_000551.pb,21,0.990605795748182,0.2742001929665739,9.204402159488433e-05,1.0971448127027426,0.01001288200516946,0.0004946050647717587,1.021181347422075,26.126010782009548
42,9,2026-06-17T20:47:52.722000+00:00,timeseriesScaler_2026-06-17_20.43.28_UTC_000551.pb,21,0.9889539060924042,0.2456754960376764,-0.00027477420419242917,1.074216419354473,0.009830435347844932,0.0005349524239108924,1.0025742048168664,25.285151832351023
42,10,2026-06-17T20:48:01.581000+00:00,timeseriesScaler_2026-06-17_20.43.28_UTC_000551.pb,21,0.9727502709241357,0.13824294399894338,9.365631570341146e-05,1.014200343248134,0.009462164108614042,0.0004974003079038118,0.9650154160385268,25.585688525253126
42,11,2026-06-17T20:48:10.363000+00:00,timeseriesScaler_2026-06-17_20.43.28_UTC_000551.pb,21,0.987279350002533,0.30691129175076703,-0.00025918912654910643,1.093206332892446,0.01001199759695573,0.0005892071850576462,1.0210911494979507,24.60505405026155
42,12,2026-06-17T20:48:19.252000+00:00,timeseriesScaler_2026-06-17_20.43.28_UTC_000551.pb,21,0.9889437147368925,0.2231299260309505,9.525283553404686e-05,1.0622085771469734,0.00972623726296411,0.00044599618470297524,0.991947380226058,26.77227432115423
42,13,2026-06-17T20:48:28.168000+00:00,timeseriesScaler_2026-06-17_20.48.28_UTC_000552.pb,21,0.9901413732546684,0.15603176232298005,-0.00018435696620034455,1.0726730066260828,0.00980519476824221,0.0005520828936544298,1.0,24.98903868261654
42,14,2026-06-17T20:48:37.312000+00:00,timeseriesScaler_2026-06-17_20.48.28_UTC_000552.pb,21,0.9841045191828851,0.10638490075472669,-0.0003050002971271361,1.0748370214013279,0.009884072049081382,0.0004115659249734658,1.008044437943716,27.60992983440445
42,15,2026-06-17T20:48:46.318500+00:00,timeseriesScaler_2026-06-17_20.48.28_UTC_000552.pb,21,0.9828912985766763,0.2679264997108329,-0.0004013300276230959,1.0813423955436618,0.009953030276314888,0.0004876667954324975,1.0150772637940348,26.19664278162721
42,16,2026-06-17T20:48:55.349500+00:00,timeseriesScaler_2026-06-17_20.48.28_UTC_000552.pb,21,0.9549508343314177,0.44193529055979675,0.0003352150286116676,1.1455261676526882,0.010818353063255777,0.006388298355946386,1.1033287271656305,4.575519195493565
42,17,2026-06-17T20:49:04.401500+00:00,timeseriesScaler_2026-06-17_20.48.28_UTC_000552.pb,21,0.7779080292070547,0.4415456341371351,-0.0007176175429627853,1.350872648955965,0.015510720589115819,0.012347545482664016,1.5818880660436332,1.9810267987165453
42,18,2026-06-17T20:49:14.539000+00:00,timeseriesScaler_2026-06-17_20.48.28_UTC_000552.pb,21,0.43925295048625285,0.23108875054019468,-0.0005726244163680695,1.0373025164206686,0.021332348758274628,0.01609403116034832,2.175617033877534,2.4474767482776025
42,19,2026-06-17T20:49:23.975500+00:00,timeseriesScaler_2026-06-17_20.48.28_UTC_000552.pb,21,0.6196103230756812,0.17950455733529563,0.000522466215226296,0.8522397840615573,0.01256835015567412,0.009984006546603873,1.2818052524954857,1.999468291703326
42,20,2026-06-17T20:49:33.074500+00:00,timeseriesScaler_2026-06-17_20.48.28_UTC_000552.pb,21,0.9689122049490785,0.3398854556456087,-0.0004434277492975647,0.9793688210487935,0.009188573253796448,0.003010281215483951,0.9371127724619075,9.692820268694572
43,0,2026-06-17T21:16:43.803500+00:00,timeseriesScaler_2026-06-17_21.13.28_UTC_000557.pb,20,0.9894062592762902,0.20918348323287134,0.00011973263156532431,0.9648001358285816,0.009026600359377029,0.0005539329756517076,0.9089851555072658,24.241339911919834
43,1,2026-06-17T21:16:53.172000+00:00,timeseriesScaler_2026-06-17_21.13.28_UTC_000557.pb,20,0.9448107236369464,0.16694164903061928,-0.0002590942783889887,0.9942372313403628,0.00972536232020412,0.0009737245020148225,0.9793509880839958,19.98939383286769
43,2,2026-06-17T21:17:02.391000+00:00,timeseriesScaler_2026-06-17_21.13.28_UTC_000557.pb,20,0.7401516787091169,0.1955246232799452,1.9188438258761865e-05,1.0759690139101883,0.013364334129259744,0.011500446910607356,1.3457980693824159,1.3046521531158506
43,3,2026-06-17T21:17:11.244500+00:00,timeseriesScaler_2026-06-17_21.13.28_UTC_000557.pb,20,0.990554499968188,0.25221074416197997,-0.00011724408960154225,1.040183497451479,0.009684052228720017,0.0020964798707563603,0.9751910321275222,13.29132852280916
43,4,2026-06-17T21:17:20.309500+00:00,timeseriesScaler_2026-06-17_21.13.28_UTC_000557.pb,20,0.9753138415930194,0.2893541337859003,-3.8210245122378716e-05,1.047284587780185,0.00989910366669987,0.0024639786613340083,0.9968468667730774,12.07917859882706
43,5,2026-06-17T21:17:29.021000+00:00,timeseriesScaler_2026-06-17_21.13.28_UTC_000557.pb,20,0.8461787096502941,0.106320812538354,0.0004187702854410605,0.9002724888280981,0.00987931575247497,0.004958471575550446,0.9948542095629685,5.987580762842083
43,6,2026-06-17T21:17:37.872500+00:00,timeseriesScaler_2026-06-17_21.13.28_UTC_000557.pb,20,0.4773138292989367,0.3414021211378029,0.0004079762405808238,0.5476082052154964,0.010831045494032358,0.013542681508114059,1.0906940798006863,-1.9406856996740796
43,7,2026-06-17T21:17:46.711000+00:00,timeseriesScaler_2026-06-17_21.13.28_UTC_000557.pb,20,0.8713576471813957,0.2368896519299672,0.0002130103427866561,1.1222879695929526,0.011822569052430973,0.00630349115481834,1.1905412160465945,5.462614230636506
43,8,2026-06-17T21:17:55.564000+00:00,timeseriesScaler_2026-06-17_21.13.28_UTC_000557.pb,20,0.9493070166094191,0.528310899536344,-4.807255392006738e-05,1.0870652997062378,0.01053401127034869,0.004690449933271338,1.060782519605646,7.02758548179851
43,9,2026-06-17T21:18:04.683500+00:00,timeseriesScaler_2026-06-17_21.13.28_UTC_000557.pb,20,0.8747687882877193,0.22232763672275171,0.0001748186909454668,0.8845446142508772,0.009394666891330937,0.005752453812904502,0.9460497202896855,4.260564909671496
43,10,2026-06-17T21:18:13.532000+00:00,timeseriesScaler_2026-06-17_21.13.28_UTC_000557.pb,20,0.817338365706125,0.6093354951416785,0.0002697579465410753,1.0309784236725028,0.011630012259451742,0.008451057649522219,1.1711506083491594,2.7733821648041057
43,11,2026-06-17T21:18:22.443500+00:00,timeseriesScaler_2026-06-17_21.13.28_UTC_000557.pb,20,0.9556624481427773,0.23841048474698356,-7.388162373030023e-05,1.0639991986943473,0.010253873542128556,0.004329436032667768,1.0325724486695704,7.489132595652946
43,12,2026-06-17T21:18:31.303000+00:00,timeseriesScaler_2026-06-17_21.18.28_UTC_000558.pb,20,0.9524942312122269,0.28598532483855177,0.00020259626516064605,0.9045014937954119,0.008816085798037237,0.0016132136035408799,0.8877861876059991,14.751678650119683
43,13,2026-06-17T21:18:40.270500+00:00,timeseriesScaler_2026-06-17_21.18.28_UTC_000558.pb,20,0.9914217441242527,0.22018003434086691,7.575933815128396e-05,1.0393304639652061,0.00966814407992599,0.0017459071611278742,0.9735890700898044,14.866439351312923
43,14,2026-06-17T21:18:49.093000+00:00,timeseriesScaler_2026-06-17_21.18.28_UTC_000558.pb,20,0.9436834695211677,0.27740268898793313,-1.1655209179686644e-06,1.026908318374477,0.010040285256727587,0.002448442878623747,1.0110639545422055,12.257121505917464
43,15,2026-06-17T21:18:58.014500+00:00,timeseriesScaler_2026-06-17_21.18.28_UTC_000558.pb,20,0.7140234016238415,0.3710933662935755,-0.0009032257141793153,0.9090077943294376,0.011896546673167929,0.007891349911429216,1.1979908157200512,3.565392237274935
43,16,2026-06-17T21:19:06.791500+00:00,timeseriesScaler_2026-06-17_21.18.28_UTC_000558.pb,20,0.9536976602304871,0.32506422443049526,-0.00018115722915216682,1.0540188773286305,0.010183870382002136,0.004180500628153916,1.0255230800412793,7.733691401072866
43,17,2026-06-17T21:19:15.704500+00:00,timeseriesScaler_2026-06-17_21.18.28_UTC_000558.pb,20,0.9743720904381855,0.4133666583143863,-7.713662941088173e-05,1.0376855676803622,0.009821941400936235,0.0016841074469760879,0.9890765710524312,15.316550849384562
43,18,2026-06-17T21:19:24.533500+00:00,timeseriesScaler_2026-06-17_21.18.28_UTC_000558.pb,20,0.9924378004434111,0.485781640337506,-4.2600721624261166e-05,1.0110044967649914,0.00940835197868006,0.00047043891252501524,0.9474278184392563,26.02020638356048
43,19,2026-06-17T21:19:33.532000+00:00,timeseriesScaler_2026-06-17_21.18.28_UTC_000558.pb,20,0.955142207901957,0.3089167422220256,5.312840595721841e-05,1.031388049444844,0.009961727513408168,0.0035301532624162357,1.0031531332269226,9.010821947181215
44,0,2026-06-17T21:45:39.468500+00:00,timeseriesScaler_2026-06-17_21.43.28_UTC_000563.pb,20,0.9578810233909675,0.36443555758297763,9.918993519041206e-05,0.8655290329447877,0.009080113612750552,0.0005466094345689806,0.627926363770816,24.40828318290476
44,1,2026-06-17T21:45:48.792500+00:00,timeseriesScaler_2026-06-17_21.43.28_UTC_000563.pb,20,0.9333955267574957,0.42636322167887886,-0.00013178996391969845,0.9088430746573462,0.009762576365803242,0.0016776940010391388,0.6751214070499698,15.297033849238893
44,2,2026-06-17T21:45:59.277500+00:00,timeseriesScaler_2026-06-17_21.43.28_UTC_000563.pb,20,0.9291930205800042,0.3862464808547092,9.3822798064697e-05,0.8649929002979596,0.009354331121803972,0.0022584195314029024,0.6468896070390955,12.344162356456724
44,3,2026-06-17T21:46:10.006000+00:00,timeseriesScaler_2026-06-17_21.43.28_UTC_000563.pb,20,0.9300413949854796,0.29032638125834176,-6.977029832234746e-05,0.8825180042787397,0.009526671056741024,0.0010042722640429447,0.6588076064488783,19.541794026772784
44,4,2026-06-17T21:46:19.269000+00:00,timeseriesScaler_2026-06-17_21.43.28_UTC_000563.pb,20,0.9623209465401606,0.25825193669373,-9.774423411342745e-05,0.9025420326762273,0.009407306501278941,0.0008361228626242484,0.6505530675222755,21.02390390620938
44,5,2026-06-17T21:46:28.302000+00:00,timeseriesScaler_2026-06-17_21.43.28_UTC_000563.pb,20,0.9160550157993623,0.33009519161837914,-0.0004147372201585746,0.8859091070551292,0.009707045813648185,0.002362257243355465,0.67128124610265,12.275197800060164
44,6,2026-06-17T21:46:37.324000+00:00,timeseriesScaler_2026-06-17_21.43.28_UTC_000563.pb,20,0.9225088187909878,0.1511457873787279,0.0002533476415531839,0.9088162560931633,0.009877154578731088,0.0005866389071328284,0.6830449511463907,24.525219753155902
44,7,2026-06-17T21:46:46.314500+00:00,timeseriesScaler_2026-06-17_21.43.28_UTC_000563.pb,20,0.6368013182686845,0.32977337081444336,0.0010816331033915276,0.9523001985339302,0.01491729570230203,0.00964370966349506,1.0315909742018183,3.7889194368077077
44,8,2026-06-17T21:46:54.990000+00:00,timeseriesScaler_2026-06-17_21.43.28_UTC_000563.pb,20,0.44620128437221435,0.4429495037514117,-0.0011861271278056338,0.7855373827224166,0.017754349416054832,0.011419874386537195,1.2277846451485903,3.8328687181350327
44,9,2026-06-17T21:47:03.849000+00:00,timeseriesScaler_2026-06-17_21.43.28_UTC_000563.pb,20,0.5976864481265566,0.5331878625273845,-0.0005718227859620142,1.116780802988079,0.01852982864646138,0.01524156457465911,1.281412151818242,1.6968370560801447
44,10,2026-06-17T21:47:12.671000+00:00,timeseriesScaler_2026-06-17_21.43.28_UTC_000563.pb,20,0.40842673450426575,0.5195816737386603,-0.001864638073249976,0.6469108780522419,0.016206483694503872,0.019544459872883196,1.1207435071639122,-1.626697524928313
44,11,2026-06-17T21:47:21.501500+00:00,timeseriesScaler_2026-06-17_21.43.28_UTC_000563.pb,20,0.7103212104229406,0.43655241379196164,-0.00027895592160348304,1.5970445168744436,0.021732385434317478,0.011391171969599807,1.5028818298786755,5.610779810208053
44,12,2026-06-17T21:47:30.209500+00:00,timeseriesScaler_2026-06-17_21.43.28_UTC_000563.pb,20,0.5065890838424134,0.4444632497077324,0.00023027247405260843,0.9349560926198741,0.01841047497048687,0.012444990930553401,1.273158365251947,3.4014081706563633
44,13,2026-06-17T21:47:38.916500+00:00,timeseriesScaler_2026-06-17_21.43.28_UTC_000563.pb,20,0.4475792146676708,0.42875534624965733,-0.0003613056287815958,0.42870704656032743,0.009835951048410395,0.013255756066311308,0.6801955613620534,-2.591762897645383
44,14,2026-06-17T21:47:47.629500+00:00,timeseriesScaler_2026-06-17_21.43.28_UTC_000563.pb,20,0.7119456316104843,0.42164416280473627,0.0014298672869288525,1.1159214803454234,0.015554027663057454,0.012817262523516526,1.0756235493286732,1.6809517476062807
44,15,2026-06-17T21:47:56.612500+00:00,timeseriesScaler_2026-06-17_21.43.28_UTC_000563.pb,20,0.7038793511637961,0.19779748745042852,-0.0001700348654669091,1.2595397370385089,0.01759578578464702,0.014195969972659867,1.216819332516776,1.864871881496589
44,16,2026-06-17T21:48:05.616500+00:00,timeseriesScaler_2026-06-17_21.43.28_UTC_000563.pb,20,0.7796466261680105,0.53647667591522,0.0017356042755140182,1.1655249176314053,0.014749359565634501,0.010500508246034065,1.0199775151482575,2.9512568566674595
44,17,2026-06-17T21:48:14.535000+00:00,timeseriesScaler_2026-06-17_21.43.28_UTC_000563.pb,20,0.6420207217637653,0.4191730335056761,-0.0007802545551609968,0.9071370866019961,0.01417159084078819,0.014851539842247082,0.9800224848517426,-0.40705759337497516
44,18,2026-06-17T21:48:23.545000+00:00,timeseriesScaler_2026-06-17_21.43.28_UTC_000563.pb,20,0.8188694163754904,0.30012079789921636,0.00026427960397758634,1.322237073312422,0.015851211601923775,0.00905076537993616,1.0961750135572017,4.867543131102331
44,19,2026-06-17T21:48:32.319500+00:00,timeseriesScaler_2026-06-17_21.48.28_UTC_000564.pb,20,0.7913083151068833,0.6572500140461117,-0.0004746120517945857,0.9905884296055874,0.012490906492076733,0.008909784145492749,0.8637964047891582,2.934535491137704
45,0,2026-06-17T22:16:23.969500+00:00,timeseriesScaler_2026-06-17_22.13.28_UTC_000569.pb,20,0.6410158411512635,0.22096540874078796,0.00034468581353565135,0.6761727346610744,0.010549295213630547,0.010547935650838459,0.9490025351675315,0.0011194845864185418
45,1,2026-06-17T22:16:33.256500+00:00,timeseriesScaler_2026-06-17_22.13.28_UTC_000569.pb,20,0.6340927789628981,0.23833845925323585,0.0008361540742108424,0.9034236115384249,0.014050143495656262,0.009305788853704559,1.2639348436867397,3.578551309956591
45,2,2026-06-17T22:16:42.261000+00:00,timeseriesScaler_2026-06-17_22.13.28_UTC_000569.pb,20,0.7983788633123671,0.13329364857933862,-0.0003852255068777577,1.139810831822966,0.013947889686607193,0.010224962313587972,1.2547362079434987,2.696935758104813
45,3,2026-06-17T22:16:51.217000+00:00,timeseriesScaler_2026-06-17_22.13.28_UTC_000569.pb,20,0.5671710462216828,0.2502782529910136,-5.990598593384117e-05,0.8476064813698515,0.0147895066590793,0.011449275320420968,1.3304471084673621,2.2235137659563584
45,4,2026-06-17T22:17:00.294500+00:00,timeseriesScaler_2026-06-17_22.13.28_UTC_000569.pb,20,0.6338378417532304,0.392887527247696,-0.0006089787454888128,0.8069979504132859,0.012632749353060644,0.011761005895707442,1.1364276872923618,0.6210682337533704
45,5,2026-06-17T22:17:09.328500+00:00,timeseriesScaler_2026-06-17_22.13.28_UTC_000569.pb,20,0.5824949252510329,0.7395994078790842,-0.0025769774992418213,1.6930232563847134,0.028134362081117678,0.020974916191906744,2.530935043490291,2.550736763615161
45,6,2026-06-17T22:17:18.357500+00:00,timeseriesScaler_2026-06-17_22.13.28_UTC_000569.pb,20,0.8371123868673648,0.3959269247581296,0.0007830465413340149,1.1710168241308105,0.013694652160724696,0.00834758116859239,1.231955249671374,4.299807102996274
45,7,2026-06-17T22:17:27.432500+00:00,timeseriesScaler_2026-06-17_22.13.28_UTC_000569.pb,20,0.7489636692384823,0.5706859936157321,0.0004059711453657311,1.2750477668584481,0.016506425514161267,0.00939042719463107,1.4848991655151598,4.899353731559862
45,8,2026-06-17T22:17:36.528000+00:00,timeseriesScaler_2026-06-17_22.13.28_UTC_000569.pb,20,0.85782903347732,0.3078874154879532,0.0005904703927553838,0.8502179608668535,0.009807081833264071,0.0041525255849108895,0.8822338681296658,7.464549645088283
45,9,2026-06-17T22:17:45.688500+00:00,timeseriesScaler_2026-06-17_22.13.28_UTC_000569.pb,20,0.6663196778994276,0.17212612595726215,0.0010115672895923957,0.7275498390409213,0.010902651550894756,0.006485770922801626,0.9807900672339359,4.511410537987933
45,10,2026-06-17T22:17:54.585000+00:00,timeseriesScaler_2026-06-17_22.13.28_UTC_000569.pb,20,0.9179497049277704,0.37452861672194404,-8.707148139880882e-05,0.9206473460080485,0.009909429262858878,0.007139426454823507,0.8914409258701539,2.847706353780916
45,11,2026-06-17T22:18:04.237500+00:00,timeseriesScaler_2026-06-17_22.13.28_UTC_000569.pb,20,0.8452798898437194,0.2812825953397827,0.0002635618524136214,0.9404380731637931,0.01097893279448276,0.007157597547793431,0.98765224068579,3.7158570218105025
45,12,2026-06-17T22:18:13.328000+00:00,timeseriesScaler_2026-06-17_22.13.28_UTC_000569.pb,20,0.8238897179254886,0.3482656177933996,-0.0002580078434910074,1.1310527748045411,0.013413978357933933,0.007979782952476252,1.2067061552997056,4.511330449490222
45,13,2026-06-17T22:18:22.334500+00:00,timeseriesScaler_2026-06-17_22.13.28_UTC_000569.pb,20,0.9701319039932935,0.6733935364642791,-2.2014002268243183e-05,1.1376039153185944,0.011462961766522698,0.0032848265292659664,1.031194933563218,10.855688086637269
45,14,2026-06-17T22:18:31.433000+00:00,timeseriesScaler_2026-06-17_22.18.28_UTC_000570.pb,20,0.8504945519017898,0.5279306789252262,0.00033978913654963733,0.9713477107473596,0.011253452942544241,0.006518346104147779,1.0123477593142098,4.742967655727991
45,15,2026-06-17T22:18:40.255500+00:00,timeseriesScaler_2026-06-17_22.18.28_UTC_000570.pb,20,0.9061927654248233,0.4222270156515411,0.00031994414075188336,0.9881505643292497,0.010737890080077073,0.006856153714079801,0.9659683137103562,3.896768161659349
45,16,2026-06-17T22:18:49.694000+00:00,timeseriesScaler_2026-06-17_22.18.28_UTC_000570.pb,20,0.9640464490354324,0.4372866643954855,0.00034420879989421297,0.9437854069287673,0.009663046234487573,0.000832190833982476,0.8692765903565823,21.29782258951911
45,17,2026-06-17T22:18:58.662000+00:00,timeseriesScaler_2026-06-17_22.18.28_UTC_000570.pb,20,0.9632661693209424,0.6517550170497616,-0.0001637480856268714,0.909781856764286,0.00933813417649309,0.0034654733859420185,0.8400478731295907,8.609950839169194
45,18,2026-06-17T22:19:07.825500+00:00,timeseriesScaler_2026-06-17_22.18.28_UTC_000570.pb,20,0.9692046140957922,0.22103700476376556,0.00035342815310761267,0.9529609513550861,0.009700492592668105,0.0018522754905664423,0.872645221921675,14.38176416446133
45,19,2026-06-17T22:19:17.114000+00:00,timeseriesScaler_2026-06-17_22.18.28_UTC_000570.pb,20,0.7656903309414124,0.17341403172133127,6.535028867275946e-05,0.7622091755323106,0.009910678078796701,0.004248528064022259,0.8915532679240022,7.357297562646933
46,0,2026-06-17T22:46:18.553000+00:00,timeseriesScaler_2026-06-17_22.43.28_UTC_000575.pb,22,0.9719084440457256,0.2810674366593252,0.003394770494684135,0.4686851973009378,0.00426115947744239,0.0010061217087229213,0.4438099173794722,12.537545372435448
46,1,2026-06-17T22:46:27.653500+00:00,timeseriesScaler_2026-06-17_22.43.28_UTC_000575.pb,22,0.9868640359448102,0.23574956781243536,0.0008248425347605841,0.9255988774505297,0.008131682976924081,0.0006989677049447917,0.8469341664515369,21.314466574512338
46,2,2026-06-17T22:46:36.968500+00:00,timeseriesScaler_2026-06-17_22.43.28_UTC_000575.pb,22,0.9779127244863398,0.21110774872633448,0.0004301658619256624,0.9899917136150044,0.00875631135660542,0.0008978244785103322,0.9119907011920855,19.782595077160813
46,3,2026-06-17T22:46:46.127500+00:00,timeseriesScaler_2026-06-17_22.43.28_UTC_000575.pb,22,0.9867248419945948,0.22333749040495507,0.0005984258355390054,1.0557670106429078,0.009215691927505616,0.0007695466572856781,0.9598362827283392,21.56585984366724
46,4,2026-06-17T22:46:54.974000+00:00,timeseriesScaler_2026-06-17_22.43.28_UTC_000575.pb,22,0.9693259049292131,0.3386064520681983,0.00029072714692760025,1.0532310221787724,0.009370765437425115,0.0009642311688964371,0.9759875584525762,19.75187802109335
46,5,2026-06-17T22:47:03.955500+00:00,timeseriesScaler_2026-06-17_22.43.28_UTC_000575.pb,22,0.9841383081062958,0.2966374221071157,0.000310242373971611,1.0582699942359073,0.009272238846019184,0.0010604779748569686,0.9657257790887603,18.833659143028743
46,6,2026-06-17T22:47:12.978500+00:00,timeseriesScaler_2026-06-17_22.43.28_UTC_000575.pb,22,0.9873245255375339,0.3423236661161058,-0.00024461859132801346,1.05748880736181,0.009235888041512283,0.0009827348470892654,0.9619397561458761,19.460846072133265
46,7,2026-06-17T22:47:22.133500+00:00,timeseriesScaler_2026-06-17_22.43.28_UTC_000575.pb,22,0.9901749362516703,0.2356226347322995,0.00010710902352574397,1.1524580989097708,0.009993307595685407,0.0007687204197590135,1.040826808258963,22.278816755041476
46,8,2026-06-17T22:47:31.281000+00:00,timeseriesScaler_2026-06-17_22.43.28_UTC_000575.pb,22,0.9873000322944697,0.257139108678353,0.00024262985777195393,1.1370244145047312,0.009895107675508944,0.0008930508395431955,1.0305990524824187,20.890886826897447
46,9,2026-06-17T22:47:40.556000+00:00,timeseriesScaler_2026-06-17_22.43.28_UTC_000575.pb,22,0.9192300621254321,0.257971738879491,0.00020524279542189828,1.1382234098171928,0.010635766278593249,0.0023994210390715105,1.1077404115846456,12.933246450512641
46,10,2026-06-17T22:47:49.426000+00:00,timeseriesScaler_2026-06-17_22.43.28_UTC_000575.pb,22,0.6964518640196579,0.4327586796347196,-0.00035511598300085197,1.302341889487546,0.015915807056264074,0.011703360847094743,1.657669245204559,2.6703613982050878
46,11,2026-06-17T22:47:58.352500+00:00,timeseriesScaler_2026-06-17_22.43.28_UTC_000575.pb,22,0.8374938435139323,0.2594201533258173,0.0005483516203171905,0.9632451725311466,0.009941776857272312,0.006172780387605727,1.0354597590136372,4.139663701672645
46,12,2026-06-17T22:48:07.499000+00:00,timeseriesScaler_2026-06-17_22.43.28_UTC_000575.pb,22,0.5940522076400649,0.5174326180719281,-0.000374718641177282,0.7825371084967493,0.01148634941512915,0.010184267127564494,1.1963306728852974,1.0450448261013687
46,13,2026-06-17T22:48:16.202000+00:00,timeseriesScaler_2026-06-17_22.43.28_UTC_000575.pb,22,0.5651379841459581,0.1929270058780132,-0.0033777036465623455,0.8190842507886903,0.013353811248810075,0.013926732729943636,1.3908312745414237,-0.36488015426810627
46,14,2026-06-17T22:48:25.384000+00:00,timeseriesScaler_2026-06-17_22.43.28_UTC_000575.pb,22,0.5374468102087552,0.6847291674467962,-0.00014751835149368617,0.9583853154931206,0.01540631895366961,0.012877649265499795,1.6046048447954029,1.5572458442160417
46,15,2026-06-17T22:48:34.169500+00:00,timeseriesScaler_2026-06-17_22.48.28_UTC_000576.pb,22,0.8178049822384468,0.16069250545325603,-0.0011493179331862004,0.9068443623672697,0.009651643655555783,0.007622456007178088,1.005241694431802,2.0501270519358874
46,16,2026-06-17T22:48:42.973000+00:00,timeseriesScaler_2026-06-17_22.48.28_UTC_000576.pb,22,0.7364975087420866,0.24738391231675386,0.0001433749680960461,1.192129430225923,0.013855155056243806,0.0046688653365946665,1.4430474271951192,9.448000852333521
46,17,2026-06-17T22:48:51.752000+00:00,timeseriesScaler_2026-06-17_22.48.28_UTC_000576.pb,22,0.8398766632506505,0.5407485253406501,-0.00046853193849360515,1.0146734171231095,0.010433181914178196,0.012407396487439265,1.0866407671077432,-1.505277615808348
46,18,2026-06-17T22:49:00.792000+00:00,timeseriesScaler_2026-06-17_22.48.28_UTC_000576.pb,22,0.9874431103559684,0.44514699088297544,-0.00014941896985951297,1.0728679511917396,0.009362494026783961,0.0006124514522113817,0.9751260713168107,23.686397697501434
46,19,2026-06-17T22:49:09.679500+00:00,timeseriesScaler_2026-06-17_22.48.28_UTC_000576.pb,22,0.9896624851340697,0.09592910197286524,0.00010536055149333746,1.098179160839632,0.00955098932120556,0.0006183811859656977,0.9947583055681982,23.775841832734063
46,20,2026-06-17T22:49:18.500500+00:00,timeseriesScaler_2026-06-17_22.48.28_UTC_000576.pb,22,0.9891535987803554,0.20835343965700479,0.00023928141768717664,1.0974665339886245,0.00955001910262689,0.00044936278407019915,0.9946572549904108,26.548142774035828
46,21,2026-06-17T22:49:28.200000+00:00,timeseriesScaler_2026-06-17_22.48.28_UTC_000576.pb,22,0.9875605942983233,0.5047275253171605,6.462125169398642e-05,1.0898958126555476,0.009502631234489883,0.0005450104722128172,0.9897216955601645,24.828780577447148
47,0,2026-06-17T23:16:40.227000+00:00,timeseriesScaler_2026-06-17_23.13.28_UTC_000581.pb,20,0.6463992196796843,0.21082346211911485,0.0005662739154345413,1.2744398009701976,0.019998562871827476,0.01403563588107842,2.006303756355771,3.075333893573129
47,1,2026-06-17T23:16:49.240000+00:00,timeseriesScaler_2026-06-17_23.13.28_UTC_000581.pb,20,0.46261622518644874,0.186214108430321,0.000663038217501646,0.714999216045742,0.01614142508390262,0.014515959994452472,1.619346449358627,0.9219222433377519
47,2,2026-06-17T23:16:58.057500+00:00,timeseriesScaler_2026-06-17_23.13.28_UTC_000581.pb,20,0.7022520589737742,0.10100016973567363,0.00014429861653262544,1.4076261704741717,0.020276835071975453,0.010672592776632905,2.0342206903887043,5.574604598020691
47,3,2026-06-17T23:17:06.868000+00:00,timeseriesScaler_2026-06-17_23.13.28_UTC_000581.pb,20,0.9618748271495335,0.11698944456059324,0.00032920550349182804,0.8919213902361725,0.009644182806787322,0.003381620908790498,0.9675275326657017,9.102810275852043
47,4,2026-06-17T23:17:15.541000+00:00,timeseriesScaler_2026-06-17_23.13.28_UTC_000581.pb,20,0.9891427304705273,0.19908140413835138,5.2220161744708825e-05,0.9185533830709982,0.009646137874762754,0.0005021623054669911,0.9677236697705617,25.670187111735785
47,5,2026-06-17T23:17:24.722500+00:00,timeseriesScaler_2026-06-17_23.13.28_UTC_000581.pb,20,0.9843283281830216,0.15733503703519547,0.0003053105051197783,0.9065043032542854,0.009571889914261656,0.0005905926664619569,0.9602749364285795,24.19419290513149
47,6,2026-06-17T23:17:33.324000+00:00,timeseriesScaler_2026-06-17_23.13.28_UTC_000581.pb,20,0.845965272620917,0.3676611623079848,-0.000593290420339672,1.1346793038095493,0.013832199041925545,0.008062672477585239,1.387679358478821,4.688244229651849
47,7,2026-06-17T23:17:42.092500+00:00,timeseriesScaler_2026-06-17_23.13.28_UTC_000581.pb,20,0.8215808070234907,0.4868095828595616,0.0003269005425340382,0.9522228919216561,0.01202058104175754,0.015388970355373911,1.2059334989331314,-2.145682045458953
47,8,2026-06-17T23:17:51.319000+00:00,timeseriesScaler_2026-06-17_23.13.28_UTC_000581.pb,20,0.7194699127315045,0.505862436708061,-0.0014761129010300693,0.911844162325702,0.013220718162803664,0.008049190534731392,1.326334131195004,4.310056785645501
47,9,2026-06-17T23:18:00.373000+00:00,timeseriesScaler_2026-06-17_23.13.28_UTC_000581.pb,20,0.5751140577343344,0.257863126714136,-0.0018250650945531312,1.2416132160132596,0.022197185618542354,0.017705093995552035,2.2268748595802608,1.9639935397563388
47,10,2026-06-17T23:18:09.502500+00:00,timeseriesScaler_2026-06-17_23.13.28_UTC_000581.pb,20,0.9553911282500972,0.3112396871194434,0.0002113014503820253,0.9482126239113297,0.010293128240972253,0.0038680473247407893,1.03263129390193,8.501112093859332
47,11,2026-06-17T23:18:18.712000+00:00,timeseriesScaler_2026-06-17_23.13.28_UTC_000581.pb,20,0.9891346173435429,0.41816617905638875,4.344583897241223e-05,0.9030371154238082,0.009490664623050822,0.0005544270701769812,0.952126220547752,24.66904399989549
47,12,2026-06-17T23:18:27.746500+00:00,timeseriesScaler_2026-06-17_23.13.28_UTC_000581.pb,20,0.9872924635020885,0.16647067272366592,0.0002586980651758052,0.9258461946396158,0.009737324445851467,0.0007198228970867633,0.9768717251221896,22.62427967409113
47,13,2026-06-17T23:18:36.734500+00:00,timeseriesScaler_2026-06-17_23.18.28_UTC_000582.pb,20,0.9893214002949966,0.22119526690377844,9.416751848818755e-05,0.9283135065970081,0.00974206655526502,0.0005528150011964582,0.9773474649036148,24.92142545369973
47,14,2026-06-17T23:18:45.550500+00:00,timeseriesScaler_2026-06-17_23.18.28_UTC_000582.pb,20,0.9795763065697743,0.44111282329922125,0.00031855325938326065,0.9371803179080144,0.009928489407472717,0.0004931818383669373,0.9960498522227432,26.077522033316786
47,15,2026-06-17T23:18:54.557000+00:00,timeseriesScaler_2026-06-17_23.18.28_UTC_000582.pb,20,0.9841706696877839,0.21055171736809725,0.00029407493529297546,0.9496446235231827,0.01000723847867016,0.00048026931131268377,1.0039501477772568,26.376588256676364
47,16,2026-06-17T23:19:03.425000+00:00,timeseriesScaler_2026-06-17_23.18.28_UTC_000582.pb,20,0.9863147184788981,0.12345135037742641,-7.521586462179791e-06,0.9309590319451383,0.009798229788702345,0.00041746078940458085,0.9829818950842517,27.410638606597907
47,17,2026-06-17T23:19:12.249500+00:00,timeseriesScaler_2026-06-17_23.18.28_UTC_000582.pb,20,0.983361665308248,0.15255654156650852,0.0003855766335484135,0.9397142584768299,0.00991563982778162,0.0006139745721008068,0.9947607515925094,24.163407162301304
47,18,2026-06-17T23:19:21.208500+00:00,timeseriesScaler_2026-06-17_23.18.28_UTC_000582.pb,20,0.9879859730325085,0.13858441977528127,0.00021729286957308789,0.9547507216306576,0.010019800652015055,0.0005318435805691099,1.0052104151140342,25.501503190855974
47,19,2026-06-17T23:19:29.816500+00:00,timeseriesScaler_2026-06-17_23.18.28_UTC_000582.pb,20,0.9891626128937909,0.5523705179281787,8.745459972036471e-05,0.9264221012516477,0.00972473832727226,0.0006582634101750224,0.9756090555421181,23.389564176913893
48,0,2026-06-17T23:44:31.824000+00:00,timeseriesScaler_2026-06-17_23.43.28_UTC_000587.pb,20,0.8363968039363847,0.21478464978938377,-0.00017014140697872926,1.167099231542059,0.01386472665334407,0.011758246952046395,1.4324685310564205,1.4313746914362235
48,1,2026-06-17T23:44:41.511500+00:00,timeseriesScaler_2026-06-17_23.43.28_UTC_000587.pb,20,0.7227155393767183,0.37659833752525,0.00022917414892426643,1.1115819485388672,0.015320326355036098,0.007760543497246638,1.5828574149213634,5.907517586693741
48,2,2026-06-17T23:44:50.986500+00:00,timeseriesScaler_2026-06-17_23.43.28_UTC_000587.pb,20,0.8743658633220729,0.38287004513303774,-0.00016320990265727777,1.50362050920906,0.016805776958459622,0.01580147342596261,1.7363304185402084,0.5352202059363144
48,3,2026-06-17T23:45:00.091000+00:00,timeseriesScaler_2026-06-17_23.43.28_UTC_000587.pb,20,0.9953145820841389,0.18901979576314543,-5.833781164100839e-06,0.9628357205743096,0.009718000388680051,0.0004634587346424729,1.0040392493580577,26.431316810619773
48,4,2026-06-17T23:45:09.700500+00:00,timeseriesScaler_2026-06-17_23.43.28_UTC_000587.pb,20,0.9951345543329932,0.25949474658955285,-0.00016017342549421676,0.9731908565276013,0.009819185398732892,0.0005812483183617143,1.0144934289707774,24.554275014347166
48,5,2026-06-17T23:45:19.113000+00:00,timeseriesScaler_2026-06-17_23.43.28_UTC_000587.pb,20,0.9953767662514066,0.2312330286556146,0.00011283048804799976,0.9497785460605287,0.009591949745787202,0.0004516348239895117,0.991016015378909,26.5423894651568
48,6,2026-06-17T23:45:28.457500+00:00,timeseriesScaler_2026-06-17_23.43.28_UTC_000587.pb,20,0.9965266661305627,0.42260430002528326,6.018486106038772e-05,0.9586792488279395,0.009666417891727027,0.0005143180902612172,0.9987098760868797,25.480675323257046
48,7,2026-06-17T23:45:37.728000+00:00,timeseriesScaler_2026-06-17_23.43.28_UTC_000587.pb,20,0.9928074520664867,0.3346536829788479,-0.00023172818920325338,0.9575302902886694,0.009691391864999814,0.0004748041484165688,1.0012901239131202,26.19743299112562
48,8,2026-06-17T23:45:47.011500+00:00,timeseriesScaler_2026-06-17_23.43.28_UTC_000587.pb,20,0.9954779780437898,0.39496860995210703,5.452593216099618e-06,0.9496333235899744,0.009589515126602222,0.0004078512704151123,0.9907644766753495,27.425896582449422
48,9,2026-06-17T23:45:56.837500+00:00,timeseriesScaler_2026-06-17_23.43.28_UTC_000587.pb,20,0.9959298595828162,0.22187304988035197,5.149839399332298e-06,0.9732032744227967,0.009811489789546556,0.0005099485090178798,1.0136983380712337,25.684172597945402
48,10,2026-06-17T23:46:05.986500+00:00,timeseriesScaler_2026-06-17_23.43.28_UTC_000587.pb,20,0.9938189191351248,0.19461247113913946,0.00021597566423743218,0.9609720495257624,0.009714734784615426,0.0004954933350080739,1.0037018553960686,25.84786263300868
48,11,2026-06-17T23:46:15.516500+00:00,timeseriesScaler_2026-06-17_23.43.28_UTC_000587.pb,20,0.996290945539595,0.3072195943782339,4.75751051995317e-06,0.9388433262620512,0.009478000204968307,0.000501478183398975,0.9792430366947583,25.52929339579524
48,12,2026-06-17T23:46:24.779500+00:00,timeseriesScaler_2026-06-17_23.43.28_UTC_000587.pb,20,0.9949510118391562,0.08733971244937451,0.00014758982527232457,0.9502049508303806,0.009600242094122616,0.0005003126289379532,0.9918727598597802,25.660814389520873
48,13,2026-06-17T23:46:34.158000+00:00,timeseriesScaler_2026-06-17_23.43.28_UTC_000587.pb,20,0.9920247941067385,0.10782152916158705,0.0002439201130558615,0.9469182810463342,0.009596616814703186,0.0006390025965973111,0.9914982051487886,23.53231062382453
48,14,2026-06-17T23:46:43.542000+00:00,timeseriesScaler_2026-06-17_23.43.28_UTC_000587.pb,20,0.9937081284598143,0.18019678538211303,0.00012126810288187727,0.948316708592193,0.009593907473888125,0.0005058565723309442,0.9912182829004446,25.55936257547424
48,15,2026-06-17T23:46:53.104500+00:00,timeseriesScaler_2026-06-17_23.43.28_UTC_000587.pb,20,0.9951582573982516,0.3354672031713752,0.00017321135264561336,0.9540427596607576,0.009635002745874699,0.00048361456975981555,0.9954641425821983,25.987049329433635
48,16,2026-06-17T23:47:02.763000+00:00,timeseriesScaler_2026-06-17_23.43.28_UTC_000587.pb,20,0.9934095441609155,0.11162493757990706,-0.00017485189290825443,0.9765018658349292,0.00986802657380094,0.00037783349279590467,1.019539575790262,28.338597146096085
48,17,2026-06-17T23:47:12.295000+00:00,timeseriesScaler_2026-06-17_23.43.28_UTC_000587.pb,20,0.9922134906708504,0.22135983216634217,-0.00018961122833947733,0.9334198363624602,0.009464417710065558,0.0006376507154377482,0.977839727635165,23.430220964808544
48,18,2026-06-17T23:47:21.818500+00:00,timeseriesScaler_2026-06-17_23.43.28_UTC_000587.pb,20,0.9946336621042111,0.3920246760778527,2.849492764192901e-05,0.9308464322535054,0.009416630807767494,0.0005168030700669073,0.9729025056148425,25.21140917417859
48,19,2026-06-17T23:47:31.292000+00:00,timeseriesScaler_2026-06-17_23.43.28_UTC_000587.pb,20,0.5992094550142844,0.6875618895179456,-0.00015178208930112278,0.7897226322593197,0.013331867173697972,0.009106019712583588,1.3774148357941318,3.311247839534328
