# utc,total_areal_strain,sun_areal_strain,moon_areal_strain,sun_zenith_deg,moon_zenith_deg
2026-06-16T23:48:00+00:00,3.4588405765541805e-08,2.1709645585570403e-09,3.2417441206984766e-08,49.768336865061656,26.147607541950165
2026-06-16T23:49:00+00:00,3.4320152313772206e-08,2.080888875882642e-09,3.223926343788957e-08,49.9705297539736,26.334706687540777
2026-06-16T23:50:00+00:00,3.405090784752492e-08,1.9909313480331344e-09,3.2059976499491785e-08,50.1727074233654,26.522042852296487
2026-06-16T23:51:00+00:00,3.3780687249915515e-08,1.901096958709567e-09,3.187959029120595e-08,50.374868681917754,26.70961024943568
2026-06-16T23:52:00+00:00,3.350950544533714e-08,1.8113906763887764e-09,3.169811476894837e-08,50.57701234856105,26.897403239760774
2026-06-16T23:53:00+00:00,3.323737740151647e-08,1.721817454982615e-09,3.151555994653386e-08,50.779137249974596,27.085416324904006
2026-06-16T23:54:00+00:00,3.296431812652716e-08,1.6323822328247812e-09,3.133193589370238e-08,50.981242221857,27.273644144239874
2026-06-16T23:55:00+00:00,3.269034248424783e-08,1.543089872674302e-09,3.1147252611573526e-08,51.18332624380888,27.46208159669022
2026-06-16T23:56:00+00:00,3.2415465929417094e-08,1.4539454009528166e-09,3.096152052846428e-08,51.385387896697125,27.6507233305825
2026-06-16T23:57:00+00:00,3.213970340214711e-08,1.3649536474763268e-09,3.0774749754670786e-08,51.58742617700684,27.8395644993204
2026-06-16T23:58:00+00:00,3.1863070064419166e-08,1.2761194857242566e-09,3.058695057869491e-08,51.78943995229553,28.02860024993658
2026-06-16T23:59:00+00:00,3.158558111352712e-08,1.187447771911477e-09,3.0398133341615645e-08,51.99142809800795,28.217825847144717
2026-06-17T00:00:00+00:00,3.130725178162382e-08,1.0989433448256382e-09,3.0208308436798176e-08,52.193389496876456,28.407236669337195
2026-06-17T00:01:00+00:00,3.102809733520144e-08,1.0106110256572446e-09,3.00174863095442e-08,52.395323038341544,28.59682820477637
2026-06-17T00:02:00+00:00,3.074813307201998e-08,9.224556170091796e-10,2.98256774550108e-08,52.59722761985665,28.78659604961639
2026-06-17T00:03:00+00:00,3.046737432325027e-08,8.344819035591973e-10,2.963289241969107e-08,52.79910214442099,28.976535902499247
2026-06-17T00:04:00+00:00,3.018583645035749e-08,7.466946510717689e-10,2.943914179928571e-08,53.00094552189233,29.166643562849252
2026-06-17T00:05:00+00:00,2.9903534844573195e-08,6.590986062345498e-10,2.9244436238338644e-08,53.20275666842315,29.3569149275159
2026-06-17T00:06:00+00:00,2.962048473643733e-08,5.716984379585841e-10,2.904878629847875e-08,53.404534641183005,29.54734611515316
2026-06-17T00:07:00+00:00,2.9336701952315054e-08,4.844989707072318e-10,2.8852202981607822e-08,53.60627809846935,29.737932953991407
2026-06-17T00:08:00+00:00,2.9052201777769692e-08,3.9750483349126635e-10,2.8654696944278424e-08,53.807986109127654,29.928671743073444
2026-06-17T00:09:00+00:00,2.8766999713091775e-08,3.107206934726148e-10,2.8456279019619162e-08,54.009657612609125,30.119558740424484
2026-06-17T00:10:00+00:00,2.848111128332591e-08,2.24151197132004e-10,2.8256960086193904e-08,54.211291553744225,30.31059028770022
2026-06-17T00:11:00+00:00,2.8194552037748637e-08,1.3780097011100178e-10,2.8056751067637637e-08,54.41288688220037,30.50176280738948
2026-06-17T00:12:00+00:00,2.790733754668793e-08,5.1674616258552054e-11,2.785566293042938e-08,54.614442553805105,30.693072801872276
2026-06-17T00:13:00+00:00,2.761948340372933e-08,-3.422328171897721e-11,2.7653706685448306e-08,54.81595752813196,30.884516848939363
2026-06-17T00:14:00+00:00,2.733100522257632e-08,-1.1988816321498343e-10,2.7450893385791305e-08,55.017430769844715,31.07609160095812
2026-06-17T00:15:00+00:00,2.7041918636528546e-08,-2.0531548986710895e-10,2.7247234126395654e-08,55.21886124815253,31.26779378238587
2026-06-17T00:16:00+00:00,2.67522392980311e-08,-2.9050074570833806e-10,2.7042740043739437e-08,55.42024793628203,31.459620187281747
2026-06-17T00:17:00+00:00,2.6461982680554547e-08,-3.7543949498417197e-10,2.6837422175538717e-08,55.62158994782977,31.65156780756668
2026-06-17T00:18:00+00:00,2.6171164859915156e-08,-4.6012715383121203e-10,2.6631292013746368e-08,55.822885994313296,31.843633313819524
2026-06-17T00:19:00+00:00,2.5879801343132203e-08,-5.445593329746998e-10,2.6424360676106904e-08,56.02413519663403,32.035813827202965
2026-06-17T00:20:00+00:00,2.558790784610988e-08,-6.287316098629289e-10,2.6216639455972814e-08,56.225336544448425,32.2281064025038
2026-06-17T00:21:00+00:00,2.5295500098789092e-08,-7.126395858533602e-10,2.6008139684642452e-08,56.426489030685715,32.42050815458905
2026-06-17T00:22:00+00:00,2.5002593841833963e-08,-7.962788871358985e-10,2.5798872728969863e-08,56.6275916529097,32.61301625821959
2026-06-17T00:23:00+00:00,2.4709204828965832e-08,-8.796451640857432e-10,2.5588849993051574e-08,56.82864341092176,32.80562794414496
2026-06-17T00:24:00+00:00,2.4415348823713322e-08,-9.627340921837182e-10,2.5378082915897044e-08,57.029643308127284,32.99834049896358
2026-06-17T00:25:00+00:00,2.4121041598887867e-08,-1.0455413721525413e-09,2.516658297104041e-08,57.23059035103131,33.19115126323729
2026-06-17T00:26:00+00:00,2.3826298936193988e-08,-1.1280627300880125e-09,2.4954361666282005e-08,57.431483548721836,33.384057629535896
2026-06-17T00:27:00+00:00,2.3531136622895573e-08,-1.2102939183628988e-09,2.4741430541258468e-08,57.63232191424301,33.577057042508414
2026-06-17T00:28:00+00:00,2.3235570454187933e-08,-1.2922307149876963e-09,2.4527801169175623e-08,57.83310446221749,33.770146995205856
2026-06-17T00:29:00+00:00,2.2939616031274785e-08,-1.3738689791554992e-09,2.431348501043028e-08,58.03383034480772,33.963325158814776
2026-06-17T00:30:00+00:00,2.2643289555091656e-08,-1.4552044325832346e-09,2.4098493987674897e-08,58.23449831283146,34.15658886265168
2026-06-17T00:31:00+00:00,2.2346606635011232e-08,-1.5362329881195212e-09,2.3882839623130754e-08,58.435107522897916,34.34993586978989
2026-06-17T00:32:00+00:00,2.2049583079112326e-08,-1.61695053143557e-09,2.3666533610547896e-08,58.63565700031912,34.543363859225515
2026-06-17T00:33:00+00:00,2.175223469829139e-08,-1.6973529752413575e-09,2.344958767353275e-08,58.83614577137591,34.736870551864946
2026-06-17T00:34:00+00:00,2.1454577302914483e-08,-1.7774362601638636e-09,2.3232013563078347e-08,59.03657286470047,34.93045371088922
2026-06-17T00:35:00+00:00,2.115662670237161e-08,-1.857196354861796e-09,2.3013823057233407e-08,59.236937310777535,35.12411114022773
2026-06-17T00:36:00+00:00,2.085839870462996e-08,-1.936629256147354e-09,2.2795027960777314e-08,59.4372381414621,35.317840683065604
2026-06-17T00:37:00+00:00,2.0559909112872157e-08,-2.0157309898448657e-09,2.2575640102717023e-08,59.637474391364634,35.51164022231536
2026-06-17T00:38:00+00:00,2.026117372797088e-08,-2.0944976101621866e-09,2.2355671338133067e-08,59.837645095491936,35.705507677258815
2026-06-17T00:39:00+00:00,1.996220834513007e-08,-2.1729252005459384e-09,2.213513354567601e-08,60.03774929063538,35.89944100408155
2026-06-17T00:40:00+00:00,1.9663028552759826e-08,-2.2510099260400415e-09,2.1914038478799868e-08,60.237786149013225,36.09343832460789
2026-06-17T00:41:00+00:00,1.9363650534622832e-08,-2.32874782417394e-09,2.1692398358796772e-08,60.437754441261816,36.28749740461283
2026-06-17T00:42:00+00:00,1.9064089862829235e-08,-2.4061351199770738e-09,2.1470224982806305e-08,60.637653342680636,36.481616434878084
2026-06-17T00:43:00+00:00,1.8764362302581336e-08,-2.48316801567553e-09,2.1247530318256862e-08,60.837481894272614,36.675793507759025
2026-06-17T00:44:00+00:00,1.846448360826699e-08,-2.5598427440012297e-09,2.102432635226822e-08,61.037239138302205,36.87002674791987
2026-06-17T00:45:00+00:00,1.8164469523093168e-08,-2.6361555682924896e-09,2.0800625091385655e-08,61.2369241178191,37.06431431104204
2026-06-17T00:46:00+00:00,1.7864335778010943e-08,-2.712102782740922e-09,2.0576438560751864e-08,61.43653587656513,37.25865438305294
2026-06-17T00:47:00+00:00,1.7564098091290074e-08,-2.787680712489336e-09,2.035177880377941e-08,61.63607345849464,37.45304517894166
2026-06-17T00:48:00+00:00,1.7263772165218424e-08,-2.862885714435803e-09,2.012665787965423e-08,61.83553590916924,37.6474849434748
2026-06-17T00:49:00+00:00,1.6963373688475974e-08,-2.9377141766277147e-09,1.990108786510369e-08,62.03492227343608,37.84197194824151
2026-06-17T00:50:00+00:00,1.6662918332910473e-08,-3.0121625190569183e-09,1.9675080851967392e-08,62.23423159681091,38.03650449235225
2026-06-17T00:51:00+00:00,1.6362421551540206e-08,-3.0862272432894724e-09,1.944864879482968e-08,62.43346305859164,38.231081031884315
2026-06-17T00:52:00+00:00,1.6061899384137726e-08,-3.1599047341516273e-09,1.9221804118289354e-08,62.632615437048585,38.425699656904044
2026-06-17T00:53:00+00:00,1.576136724494562e-08,-3.2331915585031927e-09,1.899455880344881e-08,62.831687912411866,38.6203588751079
2026-06-17T00:54:00+00:00,1.5460840731076103e-08,-3.3060842657176467e-09,1.876692499679375e-08,63.03067953011092,38.815057087073846
2026-06-17T00:55:00+00:00,1.5160335417743632e-08,-3.3785794382454686e-09,1.85389148559891e-08,63.2295893357854,39.0097927175725
2026-06-17T00:56:00+00:00,1.485986685778198e-08,-3.4506736916978036e-09,1.8310540549479782e-08,63.428416374830206,39.20456421462322
2026-06-17T00:57:00+00:00,1.4559450581298506e-08,-3.5223636749320415e-09,1.8081814256230543e-08,63.62715969194257,39.39937004844753
2026-06-17T00:58:00+00:00,1.425910209232703e-08,-3.5936460707961754e-09,1.7852748163123203e-08,63.82581833250652,39.59420871243923
2026-06-17T00:59:00+00:00,1.3958836871291647e-08,-3.6645175955411327e-09,1.7623354466832778e-08,64.02439134029078,39.78907872032959
2026-06-17T01:00:00+00:00,1.3658670371727636e-08,-3.734974999566459e-09,1.7393645371294096e-08,64.22287775884925,39.983978607128066
2026-06-17T01:01:00+00:00,1.3358618019812297e-08,-3.805015067489569e-09,1.7163633087301866e-08,64.42127663105735,40.178906928259195
2026-06-17T01:02:00+00:00,1.3058695012955232e-08,-3.874634664765986e-09,1.6933329677721215e-08,64.61958713161759,40.37386238933433
2026-06-17T01:03:00+00:00,1.2758917120883022e-08,-3.94383055194942e-09,1.6702747672832442e-08,64.81780803658546,40.56884332423077
2026-06-17T01:04:00+00:00,1.2459299481303047e-08,-4.012599664225451e-09,1.6471899145528497e-08,65.01593851896216,40.763848476782684
2026-06-17T01:05:00+00:00,1.2159857401302077e-08,-4.080938925101821e-09,1.62407963264039e-08,65.21397761810314,40.958876478812655
2026-06-17T01:06:00+00:00,1.1860606155715598e-08,-4.148845293299971e-09,1.600945144901557e-08,65.41192437228624,41.15392598006106
2026-06-17T01:07:00+00:00,1.156156098675583e-08,-4.216315762816925e-09,1.5777876749572755e-08,65.60977781825413,41.34899564732886
2026-06-17T01:08:00+00:00,1.126273710069187e-08,-4.2833473636164294e-09,1.55460844643083e-08,65.80753699261426,41.54408416558884
2026-06-17T01:09:00+00:00,1.0964149670396441e-08,-4.349937161061297e-09,1.531408683145774e-08,66.00520092955398,41.739190235220455
2026-06-17T01:10:00+00:00,1.066581383203609e-08,-4.416082256595917e-09,1.5081896088632008e-08,66.20276866222802,41.93431257314356
2026-06-17T01:11:00+00:00,1.0367744684706619e-08,-4.481779787801081e-09,1.48495244725077e-08,66.40023922231778,42.12944991200673
2026-06-17T01:12:00+00:00,1.006995728998295e-08,-4.547026928450902e-09,1.4616984218433852e-08,66.59761163959185,42.32460099945997
2026-06-17T01:13:00+00:00,9.772466668770201e-09,-4.6118208891688385e-09,1.438428755793904e-08,66.79488494329168,42.51976459919839
2026-06-17T01:14:00+00:00,9.475287604536198e-09,-4.6761589598611975e-09,1.4151446564397396e-08,66.99205829204189,42.71493961925505
2026-06-17T01:15:00+00:00,9.178435437030582e-09,-4.740038338103721e-09,1.3918473775134304e-08,67.18913044643539,42.91012458958182
2026-06-17T01:16:00+00:00,8.881924866140274e-09,-4.803456388047299e-09,1.3685381254187573e-08,67.38610056190588,43.10531844664811
2026-06-17T01:17:00+00:00,8.585770748946098e-09,-4.866410467584152e-09,1.345218121653025e-08,67.58296765934944,43.30052000912111
2026-06-17T01:18:00+00:00,8.289987897070832e-09,-4.928897972269129e-09,1.321888586933996e-08,67.77973075876186,43.49572810995655
2026-06-17T01:19:00+00:00,7.994591079171837e-09,-4.990916334774103e-09,1.298550741394594e-08,67.97638887697008,43.69094159377812
2026-06-17T01:20:00+00:00,7.699595017678628e-09,-5.052463025513228e-09,1.2752058043191857e-08,68.17294102903213,43.88615931810777
2026-06-17T01:21:00+00:00,7.405014388518898e-09,-5.11353555267307e-09,1.2518549941191968e-08,68.36938622778922,44.08138015259683
2026-06-17T01:22:00+00:00,7.110863820695406e-09,-5.174131462250075e-09,1.228499528294548e-08,68.56572348343528,44.276602978387736
2026-06-17T01:23:00+00:00,6.817157893139967e-09,-5.2342483386452434e-09,1.2051406231785211e-08,68.76195180490575,44.47182668929369
2026-06-17T01:24:00+00:00,6.523911137115314e-09,-5.2938838041308055e-09,1.181779494124612e-08,68.95807019761916,44.66705018929084
2026-06-17T01:25:00+00:00,6.2311378369683714e-09,-5.353035558941753e-09,1.1584173395910123e-08,69.15407779626082,44.86227252457565
2026-06-17T01:26:00+00:00,5.938852814720635e-09,-5.411701222962453e-09,1.135055403768309e-08,69.34997333867844,45.0574923593044
2026-06-17T01:27:00+00:00,5.6470702517645236e-09,-5.469878573747269e-09,1.1116948825511792e-08,69.54575595407232,45.25270876039503
2026-06-17T01:28:00+00:00,5.355804471310096e-09,-5.527565388094378e-09,1.0883369859404475e-08,69.74142463855875,45.44792067516179
2026-06-17T01:29:00+00:00,5.065069744435465e-09,-5.5847594813526585e-09,1.0649829225788123e-08,69.93697838439418,45.64312705963203
2026-06-17T01:30:00+00:00,4.7748802869012365e-09,-5.641458707977611e-09,1.0416338994878846e-08,70.13241618135682,45.838326879845766
2026-06-17T01:31:00+00:00,4.48525025884613e-09,-5.697660961545232e-09,1.0182911220391361e-08,70.3277370163188,46.03351911120453
2026-06-17T01:32:00+00:00,4.196193764395889e-09,-5.753364174768267e-09,9.949557939164156e-09,70.5229398728198,46.22870273789877
2026-06-17T01:33:00+00:00,3.907724848655695e-09,-5.808566320022954e-09,9.716291168678648e-09,70.71802373244475,46.42387675410271
2026-06-17T01:34:00+00:00,3.6198575000976553e-09,-5.863265408839991e-09,9.483122908937648e-09,70.91298757257996,46.6190401615292
2026-06-17T01:35:00+00:00,3.3326056474985318e-09,-5.917459492431043e-09,9.250065139929574e-09,71.10783036780583,46.81419197068434
2026-06-17T01:36:00+00:00,3.0459829675818074e-09,-5.971146697518845e-09,9.017129665100652e-09,71.3025512199908,47.00933133116914
2026-06-17T01:37:00+00:00,2.7600036531816575e-09,-6.0243250826784675e-09,8.784328735860126e-09,71.4971488356527,47.20445700759035
2026-06-17T01:38:00+00:00,2.474681256896908e-09,-6.076992854841312e-09,8.551674111738219e-09,71.6916223107895,47.399568166048525
2026-06-17T01:39:00+00:00,2.1900294628050623e-09,-6.129148224451102e-09,8.319177687256165e-09,71.88597060625631,47.594663848205805
2026-06-17T01:40:00+00:00,1.9060618909429246e-09,-6.180789442128133e-09,8.086851333071057e-09,72.08019267977197,47.78974310349966
2026-06-17T01:41:00+00:00,1.6227920970999804e-09,-6.231914798658004e-09,7.854706895757984e-09,72.27428748548195,47.98480498849318
2026-06-17T01:42:00+00:00,1.3402335724607606e-09,-6.282522624987359e-09,7.622756197448121e-09,72.4682539735384,48.179848566352604
2026-06-17T01:43:00+00:00,1.058399740634289e-09,-6.332611292683992e-09,7.39101103331828e-09,72.66209109147778,48.37487290813758
2026-06-17T01:44:00+00:00,7.773039600162058e-10,-6.382179213454279e-09,7.1594831734704855e-09,72.85579778199396,48.56987709040473
2026-06-17T01:45:00+00:00,4.96959520885379e-10,-6.431224839597429e-09,6.928184360482807e-09,73.04937298431035,48.764860196456496
2026-06-17T01:46:00+00:00,2.1737964506720256e-10,-6.479746663987428e-09,6.697126309054632e-09,73.24281563375915,48.95982131583579
2026-06-17T01:47:00+00:00,-6.142270101465765e-11,-6.527743252066694e-09,6.466320551052036e-09,73.4361247909461,49.15475967446415
2026-06-17T01:48:00+00:00,-3.394340620171364e-10,-6.57521311387894e-09,6.235779051861804e-09,73.6292991246877,49.34967411314841
2026-06-17T01:49:00+00:00,-6.166416129662648e-10,-6.622154896716979e-09,6.005513283750716e-09,73.82233768757722,49.54456386941931
2026-06-17T01:50:00+00:00,-8.930324138757891e-10,-6.668567256445822e-09,5.775534842570033e-09,74.01523939874241,49.7394280560135
2026-06-17T01:51:00+00:00,-1.1685935972004082e-09,-6.714448889835766e-09,5.545855292635357e-09,74.20800317310132,49.93426579104274
2026-06-17T01:52:00+00:00,-1.4433123681530737e-09,-6.759798534536137e-09,5.316486166383063e-09,74.40062792094446,50.12907619750758
2026-06-17T01:53:00+00:00,-1.7171760075071015e-09,-6.804614969463687e-09,5.087438961956586e-09,74.59311254929774,50.3238584045748
2026-06-17T01:54:00+00:00,-1.9901718692669983e-09,-6.848897014347285e-09,4.858725145080287e-09,74.7854559597109,50.51861154521765
2026-06-17T01:55:00+00:00,-2.2622873835211147e-09,-6.892643530115271e-09,4.630356146594155e-09,74.97765704963501,50.71333475754693
2026-06-17T01:56:00+00:00,-2.5335100567327153e-09,-6.9358534188524376e-09,4.402343362119722e-09,75.16971471199105,50.90802718433784
2026-06-17T01:57:00+00:00,-2.8038274718974513e-09,-6.978525623763303e-09,4.174698151865851e-09,75.36162783475467,51.10268797243861
2026-06-17T01:58:00+00:00,-3.0732272914267446e-09,-7.0206591295279765e-09,3.947431838101233e-09,75.55339530232806,51.29731627418142
2026-06-17T01:59:00+00:00,-3.341697434469718e-09,-7.062252989568445e-09,3.720555555098727e-09,75.74501612176894,51.49191137544802
2026-06-17T02:00:00+00:00,-3.6092253602840496e-09,-7.103306215195494e-09,3.494080854911444e-09,75.9364889102802,51.686472175137794
2026-06-17T02:01:00+00:00,-3.875799148569167e-09,-7.143817942908127e-09,3.268018794338961e-09,76.12781266576381,51.8809979675436
2026-06-17T02:02:00+00:00,-4.1414067789832525e-09,-7.1837873224153936e-09,3.0423805434321414e-09,76.31898625232016,52.07548791990178
2026-06-17T02:03:00+00:00,-4.4060363142202065e-09,-7.223213545027913e-09,2.8171772308077066e-09,76.51000853015373,52.269941204245484
2026-06-17T02:04:00+00:00,-4.66967589772471e-09,-7.262095843231305e-09,2.5924199455065957e-09,76.70087835337996,52.46435699507597
2026-06-17T02:05:00+00:00,-4.932313756359212e-09,-7.300433490999077e-09,2.368119734639865e-09,76.89159457137887,52.658734470668996
2026-06-17T02:06:00+00:00,-5.193938200654298e-09,-7.338225803731367e-09,2.1442876030770688e-09,77.08215602838128,52.85307281262693
2026-06-17T02:07:00+00:00,-5.454537624981213e-09,-7.375472138196453e-09,1.9209345132152394e-09,77.27256156305658,53.047371205361586
2026-06-17T02:08:00+00:00,-5.714100510296522e-09,-7.412171892811955e-09,1.6980713825154336e-09,77.46281000986038,53.241628837525425
2026-06-17T02:09:00+00:00,-5.972615421744768e-09,-7.448324507232652e-09,1.4757090854878846e-09,77.65290019684845,53.43584489957606
2026-06-17T02:10:00+00:00,-6.230071183684198e-09,-7.483929486322325e-09,1.2538583026381266e-09,77.84283107434925,53.6300187154066
2026-06-17T02:11:00+00:00,-6.486456189956752e-09,-7.51898630494188e-09,1.0325301149851272e-09,78.03260120518652,53.82414922102609
2026-06-17T02:12:00+00:00,-6.741759440006814e-09,-7.553494551138352e-09,8.117351111315392e-10,78.22220952846243,54.018235745384196
2026-06-17T02:13:00+00:00,-6.995969850115104e-09,-7.587453830517928e-09,5.914839804028239e-10,78.41165485133345,54.2122774908223
2026-06-17T02:14:00+00:00,-7.249076424167445e-09,-7.6208637899083e-09,3.7178736574085316e-10,78.60093597425112,54.40627366099349
2026-06-17T02:15:00+00:00,-7.501068256239327e-09,-7.653724117602011e-09,1.5265586136268448e-10,78.79005169231836,54.60022346223424
2026-06-17T02:16:00+00:00,-7.751934530796238e-09,-7.686034543271273e-09,-6.589998752496357e-11,78.97900079486479,54.7941261031356
2026-06-17T02:17:00+00:00,-8.001664522769347e-09,-7.717794837888145e-09,-2.838696848812017e-10,79.16778206503798,54.98798079399864
2026-06-17T02:18:00+00:00,-8.25024760015334e-09,-7.749004813935998e-09,-5.012427862173418e-10,79.35639428115297,55.18178674827961
2026-06-17T02:19:00+00:00,-8.497673221720103e-09,-7.779664325024672e-09,-7.180088966954312e-10,79.54483621451068,55.375543180225975
2026-06-17T02:20:00+00:00,-8.743930939606916e-09,-7.809773266097886e-09,-9.341576735090314e-10,79.73310663074955,55.569249306324664
2026-06-17T02:21:00+00:00,-8.989010563310752e-09,-7.83933159297527e-09,-1.149678970335483e-09,79.92120441550539,55.762904474608135
2026-06-17T02:22:00+00:00,-9.232901503278472e-09,-7.868339243346389e-09,-1.364562259932082e-09,80.10912806958211,55.95650764482274
2026-06-17T02:23:00+00:00,-9.47559375943097e-09,-7.89679625587116e-09,-1.578797503559809e-09,80.29687646708965,56.15005816898033
2026-06-17T02:24:00+00:00,-9.717077260809384e-09,-7.924702690159238e-09,-1.792374570650146e-09,80.48444834863733,56.343555269593864
2026-06-17T02:25:00+00:00,-9.957342032691064e-09,-7.952058646944584e-09,-2.0052833857464817e-09,80.67184244885517,56.536998170890435
2026-06-17T02:26:00+00:00,-1.0196378196745167e-08,-7.978864267981562e-09,-2.2175139287636053e-09,80.8590574959863,56.73038609839894
2026-06-17T02:27:00+00:00,-1.0434175971115772e-08,-8.00511973594402e-09,-2.4290562351717514e-09,81.0460922114815,56.92371827846821
2026-06-17T02:28:00+00:00,-1.0670725672855863e-08,-8.030825274562327e-09,-2.639900398293537e-09,81.23294531132139,57.11699393972203
2026-06-17T02:29:00+00:00,-1.0906017715657102e-08,-8.055981148271235e-09,-2.8500365673858678e-09,81.41961550386866,57.310212310666934
2026-06-17T02:30:00+00:00,-1.1140042612276683e-08,-8.080587662344694e-09,-3.059454949931989e-09,81.60610149120487,57.50337262115027
2026-06-17T02:31:00+00:00,-1.1372790974587134e-08,-8.104645162779655e-09,-3.268145811807479e-09,81.79240196871062,57.69647410188243
2026-06-17T02:32:00+00:00,-1.1604253668495624e-08,-8.128154051765586e-09,-3.476099616730039e-09,81.97851574940336,57.88951611346365
2026-06-17T02:33:00+00:00,-1.1834421196165712e-08,-8.151114725096994e-09,-3.68330647106872e-09,82.16444126617385,58.0824976299592
2026-06-17T02:34:00+00:00,-1.2063284625212382e-08,-8.173527666421831e-09,-3.8897569587905525e-09,82.35017731846105,58.2754180133424
2026-06-17T02:35:00+00:00,-1.229083496923621e-08,-8.195393383915363e-09,-4.095441585320844e-09,82.5357225742459,58.468276497039305
2026-06-17T02:36:00+00:00,-1.2517063343573032e-08,-8.216712426102187e-09,-4.300350917470848e-09,82.72107569449862,58.6610723149993
2026-06-17T02:37:00+00:00,-1.2741960965278305e-08,-8.237485381734694e-09,-4.50447558354361e-09,82.90623533277662,58.853804701177815
2026-06-17T02:38:00+00:00,-1.2965519155390804e-08,-8.25771287986046e-09,-4.707806275530344e-09,83.09120013654679,59.04647289099749
2026-06-17T02:39:00+00:00,-1.318772933678709e-08,-8.27739558949896e-09,-4.91033374728813e-09,83.27596874504428,59.239076119021
2026-06-17T02:40:00+00:00,-1.3408583036434147e-08,-8.296534219705067e-09,-5.112048816729079e-09,83.46053979059695,59.43161362041378
2026-06-17T02:41:00+00:00,-1.3628071885341459e-08,-8.315129519433563e-09,-5.312942365907895e-09,83.64491189821514,59.62408463043044
2026-06-17T02:42:00+00:00,-1.3846187618647788e-08,-8.333182277407493e-09,-5.513005341240292e-09,83.82908368519281,59.81648838402142
2026-06-17T02:43:00+00:00,-1.4062922077717165e-08,-8.350693322148813e-09,-5.7122287555683535e-09,84.0130537624084,60.00882411722397
2026-06-17T02:44:00+00:00,-1.427826735204891e-08,-8.367663532870741e-09,-5.910603819178172e-09,84.19682085537109,60.20109119382245
2026-06-17T02:45:00+00:00,-1.449221520461888e-08,-8.384093794348915e-09,-6.108121410269966e-09,84.380383312749,60.3932885910158
2026-06-17T02:46:00+00:00,-1.4704757938380364e-08,-8.399985065053802e-09,-6.304772873326562e-09,84.56373984533943,60.585415672614594
2026-06-17T02:47:00+00:00,-1.4915887817685376e-08,-8.415338331128138e-09,-6.500549486557238e-09,84.74688903261745,60.777471672809774
2026-06-17T02:48:00+00:00,-1.5125597215235532e-08,-8.430154617943622e-09,-6.695442597291911e-09,84.92982944732664,60.96945582658916
2026-06-17T02:49:00+00:00,-1.533387860997259e-08,-8.444434989809887e-09,-6.889443620162702e-09,85.11255965337456,61.16136736738095
2026-06-17T02:50:00+00:00,-1.5540724589147127e-08,-8.458180549967455e-09,-7.082544039179673e-09,85.29507820714038,61.35320552851786
2026-06-17T02:51:00+00:00,-1.5746127848270272e-08,-8.471392440432222e-09,-7.274735407838049e-09,85.47738365706235,61.54496954277977
2026-06-17T02:52:00+00:00,-1.5950081191146848e-08,-8.484071841844063e-09,-7.466009349302787e-09,85.65947454324144,61.73665864200815
2026-06-17T02:53:00+00:00,-1.615257753174108e-08,-8.496219973429117e-09,-7.656357558311959e-09,85.84134939874028,61.92827205845249
2026-06-17T02:54:00+00:00,-1.6353609892227697e-08,-8.50783809272297e-09,-7.84577179950473e-09,86.02300674747698,62.119809022537254
2026-06-17T02:55:00+00:00,-1.6553171538223642e-08,-8.51892750278859e-09,-8.034244035435052e-09,86.20444522712039,62.31126889262059
2026-06-17T02:56:00+00:00,-1.6751255444479028e-08,-8.52948952266152e-09,-8.22176592181751e-09,86.3856631021629,62.502650641102065
2026-06-17T02:57:00+00:00,-1.694785509771095e-08,-8.539525531804856e-09,-8.408329565906091e-09,86.56665899352842,62.6939536242654
2026-06-17T02:58:00+00:00,-1.714296396220791e-08,-8.549036939938877e-09,-8.593927022269033e-09,86.7474313930455,62.885177070128364
2026-06-17T02:59:00+00:00,-1.7336575612171846e-08,-8.55802519439303e-09,-8.778550417778812e-09,86.92797878309516,63.07632020456369
2026-06-17T03:00:00+00:00,-1.752868373359438e-08,-8.566491780030541e-09,-8.962191953563838e-09,87.10829963790407,63.26738225276269
2026-06-17T03:01:00+00:00,-1.7719282124112606e-08,-8.574438219074661e-09,-9.144843905037944e-09,87.28839242314261,63.458362438738774
2026-06-17T03:02:00+00:00,-1.7908364692989025e-08,-8.581866070938452e-09,-9.326498622050571e-09,87.46825559553434,63.649259984948785
2026-06-17T03:03:00+00:00,-1.8095925462831797e-08,-8.588776932118824e-09,-9.507148530712974e-09,87.64788760412563,63.84007411368516
2026-06-17T03:04:00+00:00,-1.8281958567733452e-08,-8.595172435950999e-09,-9.686786131782455e-09,87.82728688821781,64.03080404485684
2026-06-17T03:05:00+00:00,-1.846645825493714e-08,-8.60105425249948e-09,-9.865404002437657e-09,88.00645187865119,64.22144899733698
2026-06-17T03:06:00+00:00,-1.8649419006952054e-08,-8.606424091804844e-09,-1.004299491514721e-08,88.1853811173055,64.4120083163418
2026-06-17T03:07:00+00:00,-1.8830835051709537e-08,-8.611283689644375e-09,-1.021955136206516e-08,88.36407277692898,64.60248096189935
2026-06-17T03:08:00+00:00,-1.9010701100398883e-08,-8.615634828997159e-09,-1.0395066271401725e-08,88.54252538231962,64.79286627702609
2026-06-17T03:09:00+00:00,-1.9189011853744285e-08,-8.619479325067827e-09,-1.0569532528676459e-08,88.72073732816533,64.98316347419767
2026-06-17T03:10:00+00:00,-1.9365762126889655e-08,-8.622819028917151e-09,-1.0742943097972503e-08,88.89870700038509,65.17337176462519
2026-06-17T03:11:00+00:00,-1.954094684924885e-08,-8.625655827270537e-09,-1.0915291021978315e-08,89.07643277572683,65.36349035781127
2026-06-17T03:12:00+00:00,-1.971456106442952e-08,-8.627991642329856e-09,-1.1086569422099662e-08,89.25391302138021,65.5535184611756
2026-06-17T03:13:00+00:00,-1.9886599931713623e-08,-8.629828431602905e-09,-1.125677150011072e-08,89.43114609624284,65.74345528139969
2026-06-17T03:14:00+00:00,-2.005705872428846e-08,-8.63116818768747e-09,-1.1425890536600988e-08,89.6081303488675,65.93330002222093
2026-06-17T03:15:00+00:00,-2.0225932830758774e-08,-8.63201293809742e-09,-1.1593919892661355e-08,89.78486411872903,66.12305188582329
2026-06-17T03:16:00+00:00,-2.0393217755034187e-08,-8.632364745063014e-09,-1.176085300997117e-08,89.96134573583785,66.31271007246457
2026-06-17T03:17:00+00:00,-2.055890922669695e-08,-8.632225705076707e-09,-1.1926683521620241e-08,90.13757363843314,66.50227390707735
2026-06-17T03:18:00+00:00,-2.0723002759113095e-08,-8.631597949393519e-09,-1.2091404809719578e-08,90.31354590170957,66.6917423323141
2026-06-17T03:19:00+00:00,-2.0885494314315127e-08,-8.63048364326838e-09,-1.2255010671046743e-08,90.48926094484496,66.88111466899205
2026-06-17T03:20:00+00:00,-2.1046379858961597e-08,-8.628884985796317e-09,-1.2417494873165282e-08,90.66471705937366,67.07039010901232
2026-06-17T03:21:00+00:00,-2.1205655475740135e-08,-8.626804209775679e-09,-1.257885126596446e-08,90.83991252706402,67.25956784202509
2026-06-17T03:22:00+00:00,-2.136331736323779e-08,-8.624243581503082e-09,-1.2739073781734707e-08,91.01484561953797,67.44864705506092
2026-06-17T03:23:00+00:00,-2.1519361837259363e-08,-8.621205400540864e-09,-1.2898156436718502e-08,91.18951459950695,67.63762693391496
2026-06-17T03:24:00+00:00,-2.167378532915605e-08,-8.617691999530518e-09,-1.305609332962553e-08,91.3639177187624,67.82650666095574
2026-06-17T03:25:00+00:00,-2.1826584387094332e-08,-8.613705743956822e-09,-1.3212878643137514e-08,91.53805321942599,68.01528541646562
2026-06-17T03:26:00+00:00,-2.1977755675888668e-08,-8.609249031932233e-09,-1.3368506643956434e-08,91.71191933355713,68.2039623782718
2026-06-17T03:27:00+00:00,-2.212729597707247e-08,-8.604324293974422e-09,-1.3522971683098049e-08,91.88551428309958,68.39253672167433
2026-06-17T03:28:00+00:00,-2.2275202188734585e-08,-8.598933992791689e-09,-1.3676268195942895e-08,92.05883627950574,68.58100761907919
2026-06-17T03:29:00+00:00,-2.2421471424212586e-08,-8.593080618935149e-09,-1.3828390805277437e-08,92.23188364091065,68.76937436761507
2026-06-17T03:30:00+00:00,-2.2566100619234938e-08,-8.586766706640485e-09,-1.3979333912594451e-08,92.40465432616398,68.95763588175626
2026-06-17T03:31:00+00:00,-2.2709087121625087e-08,-8.579994810003434e-09,-1.412909231162165e-08,92.57714663231174,69.14579145260117
2026-06-17T03:32:00+00:00,-2.285042829765609e-08,-8.572767518147172e-09,-1.4277660779508916e-08,92.7493587298662,69.33384024217133
2026-06-17T03:33:00+00:00,-2.299012163040161e-08,-8.565087451229973e-09,-1.4425034179171636e-08,92.92128877856922,69.52178140928426
2026-06-17T03:34:00+00:00,-2.3128164720883457e-08,-8.556957260148618e-09,-1.4571207460734833e-08,93.09293492860928,69.70961411099918
2026-06-17T03:35:00+00:00,-2.3264555286456012e-08,-8.548379626382929e-09,-1.471617566007308e-08,93.2642953186488,69.89733750037318
2026-06-17T03:36:00+00:00,-2.3399291161941457e-08,-8.539357261695757e-09,-1.4859933900245703e-08,93.43536807705573,70.08495072790728
2026-06-17T03:37:00+00:00,-2.3532370299311143e-08,-8.529892907901553e-09,-1.5002477391409588e-08,93.60615132152039,70.27245294106878
2026-06-17T03:38:00+00:00,-2.3663790767468233e-08,-8.519989336637147e-09,-1.5143801430831085e-08,93.77664315869029,70.45984328392801
2026-06-17T03:39:00+00:00,-2.379355075323448e-08,-8.509649349037198e-09,-1.528390140419728e-08,93.94684168538392,70.64712089853253
2026-06-17T03:40:00+00:00,-2.3921648645183733e-08,-8.498875768222994e-09,-1.542277287696074e-08,94.1167451004724,70.83428504820844
2026-06-17T03:41:00+00:00,-2.404808269209726e-08,-8.487671468165025e-09,-1.5560411223932238e-08,94.28635125055041,71.02133461692998
2026-06-17T03:42:00+00:00,-2.417285151811213e-08,-8.476039330093534e-09,-1.5696812188018598e-08,94.4556583131835,71.20826886201225
2026-06-17T03:43:00+00:00,-2.4295953777707314e-08,-8.46398227087305e-09,-1.5831971506834264e-08,94.62466434059726,71.3950869115682
2026-06-17T03:44:00+00:00,-2.4417388243094165e-08,-8.45150323557127e-09,-1.5965885007522895e-08,94.79336737492274,71.58178789149238
2026-06-17T03:45:00+00:00,-2.453715380267634e-08,-8.438605197330678e-09,-1.6098548605345664e-08,94.96176544626117,71.76837092318877
2026-06-17T03:46:00+00:00,-2.465524946197286e-08,-8.425291157015238e-09,-1.6229958304957623e-08,95.12985657388636,71.95483512500756
2026-06-17T03:47:00+00:00,-2.477167434328549e-08,-8.411564142965231e-09,-1.636011020032026e-08,95.29763876588464,72.14117961181638
2026-06-17T03:48:00+00:00,-2.488642768542592e-08,-8.39742721075473e-09,-1.6489000474671185e-08,95.46511001879867,72.32740349463924
2026-06-17T03:49:00+00:00,-2.4999508844461588e-08,-8.382883442815271e-09,-1.6616625401646317e-08,95.63226831881921,72.51350588197818
2026-06-17T03:50:00+00:00,-2.5110917292312618e-08,-8.367935948320616e-09,-1.6742981343992005e-08,95.79911163987009,72.6994858776584
2026-06-17T03:51:00+00:00,-2.522065269054557e-08,-8.352587852381252e-09,-1.6868064838164317e-08,95.96563805637692,72.88534270678629
2026-06-17T03:52:00+00:00,-2.5328714596838085e-08,-8.336842337232044e-09,-1.699187225960604e-08,96.13184529643425,73.07107521693924
2026-06-17T03:53:00+00:00,-2.5435102906123013e-08,-8.320702580226914e-09,-1.7114400325896094e-08,96.29773141148152,73.25668262549341
2026-06-17T03:54:00+00:00,-2.553981755583963e-08,-8.304171794340638e-09,-1.723564576149899e-08,96.46329433059267,73.44216402243713
2026-06-17T03:55:00+00:00,-2.5642858598684854e-08,-8.287253217908136e-09,-1.735560538077672e-08,96.6285319703601,73.62751849283087
2026-06-17T03:56:00+00:00,-2.574422620332279e-08,-8.269950114220981e-09,-1.7474276089101805e-08,96.79344223608554,73.81274511823544
2026-06-17T03:57:00+00:00,-2.5843920653972838e-08,-8.252265771270492e-09,-1.7591654882702344e-08,96.95802302143434,73.99784297624244
2026-06-17T03:58:00+00:00,-2.5941942350085357e-08,-8.234203501494705e-09,-1.7707738848590655e-08,97.12227220808084,74.18281114011522
2026-06-17T03:59:00+00:00,-2.60382918069108e-08,-8.215766641353074e-09,-1.782252516555773e-08,97.2861876668952,74.36764868014592
2026-06-17T04:00:00+00:00,-2.6132969654202604e-08,-8.196958551236504e-09,-1.79360111029661e-08,97.44976725607201,74.5523546615149
2026-06-17T04:01:00+00:00,-2.6225976636749062e-08,-8.177782615041344e-09,-1.8048194021707717e-08,97.61300882230859,74.73692814560425
2026-06-17T04:02:00+00:00,-2.6317313674700703e-08,-8.158242226682503e-09,-1.81590714480182e-08,97.77591030958928,74.92136831327694
2026-06-17T04:03:00+00:00,-2.64069816192989e-08,-8.138340842492415e-09,-1.826864077680649e-08,97.93846932212318,75.10567396981267
2026-06-17T04:04:00+00:00,-2.6494981620878754e-08,-8.118081902151134e-09,-1.8376899718727616e-08,98.10068378094441,75.28984428842077
2026-06-17T04:05:00+00:00,-2.6581314881440454e-08,-8.097468880779638e-09,-1.8483846000660817e-08,98.26255148488637,75.47387831317896
2026-06-17T04:06:00+00:00,-2.6665982716957303e-08,-8.076505275510353e-09,-1.858947744144695e-08,98.42407022110413,75.65777508417777
2026-06-17T04:07:00+00:00,-2.67489865569469e-08,-8.055194605220553e-09,-1.8693791951726347e-08,98.58523776474223,75.84153363709788
2026-06-17T04:08:00+00:00,-2.6830327944092475e-08,-8.033540410267884e-09,-1.8796787533824593e-08,98.74605187860821,76.02515300285252
2026-06-17T04:09:00+00:00,-2.6910008534581214e-08,-8.011546252023407e-09,-1.8898462282557803e-08,98.90651031433207,76.20863220889194
2026-06-17T04:10:00+00:00,-2.698803009691548e-08,-7.989215712805532e-09,-1.899881438410995e-08,99.06661081054334,76.3919702770776
2026-06-17T04:11:00+00:00,-2.706439451226644e-08,-7.966552395409726e-09,-1.9097842116856714e-08,99.22635109404602,76.5751662250296
2026-06-17T04:12:00+00:00,-2.71391037740611e-08,-7.943559922839074e-09,-1.9195543851222023e-08,99.38572887948403,76.75821906576897
2026-06-17T04:13:00+00:00,-2.7212159987516664e-08,-7.920241938035586e-09,-1.929191804948108e-08,99.54474186902337,76.94112780725516
2026-06-17T04:14:00+00:00,-2.7283565417269012e-08,-7.896602087432238e-09,-1.938696332983677e-08,99.70338785977793,77.12389157630085
2026-06-17T04:15:00+00:00,-2.7353322295776385e-08,-7.872644084526105e-09,-1.948067821125028e-08,99.86166431670634,77.30650912625356
2026-06-17T04:16:00+00:00,-2.742143311090543e-08,-7.848371614270142e-09,-1.9573061496635285e-08,100.01956901209265,77.48897957375326
2026-06-17T04:17:00+00:00,-2.7487900412793614e-08,-7.823788395995013e-09,-1.96641120167986e-08,100.17709959944507,77.67130190793762
2026-06-17T04:18:00+00:00,-2.7552726861860157e-08,-7.798898167393222e-09,-1.9753828694466942e-08,100.33425371968524,77.85347511269447
2026-06-17T04:19:00+00:00,-2.761591522896532e-08,-7.773704684012408e-09,-1.9842210544952915e-08,100.4910290023048,78.03549816799665
2026-06-17T04:20:00+00:00,-2.767746839432999e-08,-7.748211719211575e-09,-1.992925667511841e-08,100.64742306359658,78.2173700477936
2026-06-17T04:21:00+00:00,-2.7737389347665177e-08,-7.722423063654872e-09,-2.0014966284010303e-08,100.80343350780396,78.399089721304
2026-06-17T04:22:00+00:00,-2.7795681187709503e-08,-7.696342525033139e-09,-2.009933866267636e-08,100.95905792681867,78.58065615266075
2026-06-17T04:23:00+00:00,-2.785234712174431e-08,-7.669973927787771e-09,-2.018237319395654e-08,101.11429389988409,78.76206830049438
2026-06-17T04:24:00+00:00,-2.7907390465686695e-08,-7.643321112588773e-09,-2.0264069353097924e-08,101.26913899473367,78.94332511932414
2026-06-17T04:25:00+00:00,-2.7960814678293765e-08,-7.616387918147444e-09,-2.0344426760146323e-08,101.4235908692915,79.12442567874392
2026-06-17T04:26:00+00:00,-2.8012623219029455e-08,-7.589178253123493e-09,-2.0423444965905964e-08,101.57764685880008,79.30536867914638
2026-06-17T04:27:00+00:00,-2.8062819762498642e-08,-7.561695987476513e-09,-2.050112377502213e-08,101.73130459695484,79.48615317996578
2026-06-17T04:28:00+00:00,-2.8111408053584592e-08,-7.53394502424429e-09,-2.05774630293403e-08,101.88456160106985,79.66677811344702
2026-06-17T04:29:00+00:00,-2.8158391943760115e-08,-7.505929281038063e-09,-2.0652462662722052e-08,102.0374153769136,79.84724240742206
2026-06-17T04:30:00+00:00,-2.8203775390115675e-08,-7.477652690019451e-09,-2.072612270009622e-08,102.18986341700018,80.02754498321826
2026-06-17T04:31:00+00:00,-2.8247562455312196e-08,-7.449119197359857e-09,-2.079844325795234e-08,102.34190320173774,80.20768475698185
2026-06-17T04:32:00+00:00,-2.8289757307073047e-08,-7.420332762958691e-09,-2.0869424544114354e-08,102.49353219913942,80.38766063932438
2026-06-17T04:33:00+00:00,-2.8330364217637515e-08,-7.39129736016131e-09,-2.0939066857476206e-08,102.64474786455283,80.56747153486677
2026-06-17T04:34:00+00:00,-2.8369387563654536e-08,-7.3620169752061814e-09,-2.1007370588448353e-08,102.79554764179193,80.74711634361829
2026-06-17T04:35:00+00:00,-2.8406831825236374e-08,-7.332495607211246e-09,-2.1074336218025128e-08,102.94592896146125,80.92659395883173
2026-06-17T04:36:00+00:00,-2.844270160937061e-08,-7.302737247587557e-09,-2.113996436178305e-08,103.09588934250607,81.10590338856711
2026-06-17T04:37:00+00:00,-2.847700155418386e-08,-7.272745959733193e-09,-2.1204255594450665e-08,103.24542598999369,81.2850432743811
2026-06-17T04:38:00+00:00,-2.8509736472737473e-08,-7.242525759015217e-09,-2.1267210713722262e-08,103.39453639821002,81.46401261241932
2026-06-17T04:39:00+00:00,-2.8540911255549104e-08,-7.212080691868636e-09,-2.132883056368047e-08,103.54321794926534,81.64281027369474
2026-06-17T04:40:00+00:00,-2.8570530894267654e-08,-7.1814148159157555e-09,-2.13891160783519e-08,103.69146801215358,81.82143512221138
2026-06-17T04:41:00+00:00,-2.859860048146106e-08,-7.150532199400858e-09,-2.1448068282060198e-08,103.83928394387992,81.99988601633504
2026-06-17T04:42:00+00:00,-2.8625125210042608e-08,-7.119436920902744e-09,-2.1505688289139862e-08,103.98666308921177,82.1781618083912
2026-06-17T04:43:00+00:00,-2.8650110372708245e-08,-7.088133069049231e-09,-2.1561977303659016e-08,104.13360278043591,82.35626134426433
2026-06-17T04:44:00+00:00,-2.8673561361636933e-08,-7.056624741940872e-09,-2.1616936619696058e-08,104.28010033847572,82.53418346476116
2026-06-17T04:45:00+00:00,-2.8695483667640887e-08,-7.024916047155488e-09,-2.16705676204854e-08,104.42615307128429,82.71192700344592
2026-06-17T04:46:00+00:00,-2.871588287985605e-08,-6.993011101169212e-09,-2.1722871778686835e-08,104.57175827497902,82.88949078800431
2026-06-17T04:47:00+00:00,-2.873476469730287e-08,-6.960914007483549e-09,-2.1773850689819323e-08,104.71691333078235,83.06687375872133
2026-06-17T04:48:00+00:00,-2.8752134878690696e-08,-6.928628942561249e-09,-2.1823505936129446e-08,104.86161531575111,83.24407449245359
2026-06-17T04:49:00+00:00,-2.8767999317956928e-08,-6.896160026094081e-09,-2.187183929186285e-08,105.00586158791995,83.42109191758652
2026-06-17T04:50:00+00:00,-2.8782363991843297e-08,-6.863511406984715e-09,-2.191885258485858e-08,105.14964939507573,83.59792483604807
2026-06-17T04:51:00+00:00,-2.8795234972658875e-08,-6.830687241298263e-09,-2.1964547731360616e-08,105.29297597337708,83.77457204366536
2026-06-17T04:52:00+00:00,-2.880661842765562e-08,-6.797691691975563e-09,-2.200892673568006e-08,105.43583854712803,83.95103232971589
2026-06-17T04:53:00+00:00,-2.8816520618444025e-08,-6.764528928545483e-09,-2.205199168989854e-08,105.57823432857096,84.12730447658011
2026-06-17T04:54:00+00:00,-2.8824947900492252e-08,-6.731203126528987e-09,-2.2093744773963263e-08,105.7201605190007,84.30338726103906
2026-06-17T04:55:00+00:00,-2.8831906722403288e-08,-6.697718467459494e-09,-2.2134188254943793e-08,105.86161430723617,84.47927945218245
2026-06-17T04:56:00+00:00,-2.8837403625422538e-08,-6.6640791382879685e-09,-2.2173324487134564e-08,106.00259287073744,84.6549798127561
2026-06-17T04:57:00+00:00,-2.8841445242795337e-08,-6.630289331093886e-09,-2.221115591170145e-08,106.14309337540807,84.83048709871458
2026-06-17T04:58:00+00:00,-2.8844038299163863e-08,-6.596353242797469e-09,-2.2247685056366394e-08,106.28311297540613,85.00580005887693
2026-06-17T04:59:00+00:00,-2.884518961026792e-08,-6.562275051659171e-09,-2.228291455860875e-08,106.42264890765674,85.18091755357051
2026-06-17T05:00:00+00:00,-2.884490608016572e-08,-6.528059008810729e-09,-2.2316847071354997e-08,106.56169811641323,85.3558380830071
2026-06-17T05:01:00+00:00,-2.8843194705253927e-08,-6.4937093005361835e-09,-2.234948540471774e-08,106.70025781579474,85.53056049311124
2026-06-17T05:02:00+00:00,-2.8840062569583377e-08,-6.459230139299993e-09,-2.2380832430283383e-08,106.83832511500113,85.70508350530804
2026-06-17T05:03:00+00:00,-2.883551684548875e-08,-6.424625740654616e-09,-2.2410891104834128e-08,106.97589711187655,85.87940583366597
2026-06-17T05:04:00+00:00,-2.882956479290526e-08,-6.389900322632888e-09,-2.2439664470272368e-08,107.11297089401397,86.0535261861298
2026-06-17T05:05:00+00:00,-2.8822213758763088e-08,-6.355058105782766e-09,-2.246715565298032e-08,107.24954353731054,86.22744326250056
2026-06-17T05:06:00+00:00,-2.8813471176306685e-08,-6.320103312557375e-09,-2.249336786374931e-08,107.38561210709088,86.40115575571843
2026-06-17T05:07:00+00:00,-2.8803344564437296e-08,-6.28504016702987e-09,-2.2518304397407422e-08,107.52117365794008,86.57466235146912
2026-06-17T05:08:00+00:00,-2.8791841527072802e-08,-6.249872894606792e-09,-2.2541968632466013e-08,107.6562252335565,86.74796172784139
2026-06-17T05:09:00+00:00,-2.877896975238156e-08,-6.214605721413594e-09,-2.256436403096797e-08,107.79076386786443,86.92105255655272
2026-06-17T05:10:00+00:00,-2.8764737002228926e-08,-6.1792428505938345e-09,-2.2585494151635092e-08,107.92478667330344,87.0939336167919
2026-06-17T05:11:00+00:00,-2.8749151150510284e-08,-6.143788556613091e-09,-2.2605362593897193e-08,108.05829048280866,87.2666033329476
2026-06-17T05:12:00+00:00,-2.8732220125197723e-08,-6.108247042689117e-09,-2.2623973082508605e-08,108.19127238890755,87.43906046975857
2026-06-17T05:13:00+00:00,-2.871395194495345e-08,-6.072622535300087e-09,-2.2641329409653363e-08,108.32372938375535,87.61130366810558
2026-06-17T05:14:00+00:00,-2.869435470920532e-08,-6.036919259886763e-09,-2.2657435449318555e-08,108.45565845028781,87.78333156226996
2026-06-17T05:15:00+00:00,-2.8673436597638593e-08,-6.0011414408990395e-09,-2.2672295156739553e-08,108.58705656087042,87.9551427779371
2026-06-17T05:16:00+00:00,-2.8651205869349925e-08,-5.965293301182151e-09,-2.2685912568167775e-08,108.71792067840963,88.12673593341549
2026-06-17T05:17:00+00:00,-2.8627670862166025e-08,-5.929379061692006e-09,-2.269829180047402e-08,108.84824775624249,88.2981096392957
2026-06-17T05:18:00+00:00,-2.8602839991964562e-08,-5.8934029412116085e-09,-2.2709437050752956e-08,108.97803473803607,88.46926249806432
2026-06-17T05:19:00+00:00,-2.8576721751764765e-08,-5.857369155735274e-09,-2.2719352596029486e-08,109.10727855888842,88.64019310536129
2026-06-17T05:20:00+00:00,-2.854932471126739e-08,-5.821281918520774e-09,-2.2728042792746616e-08,109.23597614402631,88.81090004799621
2026-06-17T05:21:00+00:00,-2.8520657496283993e-08,-5.78514541522362e-09,-2.2735512081060374e-08,109.36412449567528,88.98138201940742
2026-06-17T05:22:00+00:00,-2.8490728865790382e-08,-5.7489639005812085e-09,-2.2741764965209174e-08,109.49172034959564,89.15163736217313
2026-06-17T05:23:00+00:00,-2.845954759588625e-08,-5.712741552730954e-09,-2.27468060431553e-08,109.61876069061881,89.32166475360266
2026-06-17T05:24:00+00:00,-2.8427122554857194e-08,-5.67648256949507e-09,-2.2750639985362123e-08,109.74524240964111,89.49146274949648
2026-06-17T05:25:00+00:00,-2.839346268396334e-08,-5.640191144221098e-09,-2.2753271539742247e-08,109.87116238849111,89.661029896574
2026-06-17T05:26:00+00:00,-2.8358576996448103e-08,-5.603871465164636e-09,-2.275470553128347e-08,109.99651750105085,89.8303647337153
2026-06-17T05:27:00+00:00,-2.8322474576830733e-08,-5.567527715212663e-09,-2.275494686161807e-08,110.12130461318642,89.99946579162338
2026-06-17T05:28:00+00:00,-2.828516458019899e-08,-5.531164071604889e-09,-2.2754000508594097e-08,110.24552058269948,90.16833159239769
2026-06-17T05:29:00+00:00,-2.8246656231156285e-08,-5.494784705317027e-09,-2.2751871525839257e-08,110.36916226043759,90.33696065082079
2026-06-17T05:30:00+00:00,-2.8206958823453984e-08,-5.458393781124791e-09,-2.274856504232919e-08,110.49222648908722,90.5053514723473
2026-06-17T05:31:00+00:00,-2.8166081718932543e-08,-5.421995456988194e-09,-2.274408626194435e-08,110.6147101042963,90.67350255439123
2026-06-17T05:32:00+00:00,-2.8124034318210216e-08,-5.385593859366464e-09,-2.2738440458843752e-08,110.736610016184,90.84141249841652
2026-06-17T05:33:00+00:00,-2.808082617354044e-08,-5.349193180585973e-09,-2.273163299295447e-08,110.85792288273596,91.0090795593764
2026-06-17T05:34:00+00:00,-2.8036466818504368e-08,-5.3127975317639276e-09,-2.272366928674044e-08,110.9786456013716,91.17650232252399
2026-06-17T05:35:00+00:00,-2.799096587969404e-08,-5.27641104051411e-09,-2.2714554839179928e-08,111.09877498043646,91.34367925091618
2026-06-17T05:36:00+00:00,-2.7944333047782044e-08,-5.240037825928014e-09,-2.270429522185403e-08,111.21830782225479,91.51060879928157
2026-06-17T05:37:00+00:00,-2.7896578076788387e-08,-5.203681998302476e-09,-2.269289607848591e-08,111.337240923125,91.677289413688
2026-06-17T05:38:00+00:00,-2.784771078335554e-08,-5.1673476588680115e-09,-2.2680363124487524e-08,111.45557107332624,91.84371953115999
2026-06-17T05:39:00+00:00,-2.7797741045563112e-08,-5.1310388991823086e-09,-2.2666702146380804e-08,111.57329505822152,92.00989758094696
2026-06-17T05:40:00+00:00,-2.7746678802649764e-08,-5.094759801198751e-09,-2.2651919001451014e-08,111.69040965717056,92.1758219825069
2026-06-17T05:41:00+00:00,-2.769453405382163e-08,-5.058514436658852e-09,-2.2636019617162775e-08,111.80691164465354,92.34149114677635
2026-06-17T05:42:00+00:00,-2.7641316857512625e-08,-5.022306866826861e-09,-2.2619009990685766e-08,111.92279779028642,92.5069034757878
2026-06-17T05:43:00+00:00,-2.7587037330648796e-08,-4.986141142222254e-09,-2.260089618842654e-08,112.03806485885664,92.67205736234429
2026-06-17T05:44:00+00:00,-2.7531705609946926e-08,-4.950021277811358e-09,-2.2581684332135567e-08,112.15270968810502,92.83695130167754
2026-06-17T05:45:00+00:00,-2.7475332000805577e-08,-4.9139513499366954e-09,-2.256138065086888e-08,112.26672888058914,93.00158344741013
2026-06-17T05:46:00+00:00,-2.741792675341583e-08,-4.877935350382043e-09,-2.2539991403033787e-08,112.38011926608802,93.1659522762167
2026-06-17T05:47:00+00:00,-2.7359500209731453e-08,-4.84197728303131e-09,-2.2517522926700138e-08,112.49287759371124,93.33005614502127
2026-06-17T05:48:00+00:00,-2.7300062765976883e-08,-4.806081139368372e-09,-2.2493981626608508e-08,112.60500060905251,93.49389340125052
2026-06-17T05:49:00+00:00,-2.7239624871339408e-08,-4.7702508978811186e-09,-2.246937397345829e-08,112.71648505530224,93.65746238408353
2026-06-17T05:50:00+00:00,-2.7178197027779888e-08,-4.73449052413787e-09,-2.244370650364202e-08,112.82732767226922,93.8207614225053
2026-06-17T05:51:00+00:00,-2.7115789788720848e-08,-4.6988039701931265e-09,-2.2416985818527724e-08,112.93752519750629,93.98378883655764
2026-06-17T05:52:00+00:00,-2.7052413758294975e-08,-4.6631951743308554e-09,-2.2389218583964124e-08,113.04707436638918,94.14654293693118
2026-06-17T05:53:00+00:00,-2.6988079590592047e-08,-4.6276680608062406e-09,-2.2360411529785808e-08,113.15597191221302,94.3090220246472
2026-06-17T05:54:00+00:00,-2.6922797988304094e-08,-4.592226539261183e-09,-2.233057144904291e-08,113.26421456729656,94.47122439224621
2026-06-17T05:55:00+00:00,-2.6856579657852273e-08,-4.556874481124263e-09,-2.229970517672801e-08,113.37179913399535,94.63314843040082
2026-06-17T05:56:00+00:00,-2.6789435486279493e-08,-4.521615813791861e-09,-2.2267819672487634e-08,113.4787221976906,94.7947921949246
2026-06-17T05:57:00+00:00,-2.6721376274046534e-08,-4.4864543781359675e-09,-2.2234921895910568e-08,113.58498055976209,94.95615405795749
2026-06-17T05:58:00+00:00,-2.6652412911276504e-08,-4.451394023139122e-09,-2.2201018888137382e-08,113.69057094869757,95.11723227307887
2026-06-17T05:59:00+00:00,-2.6582556332251682e-08,-4.41643858158326e-09,-2.2166117750668427e-08,113.79549009356114,95.2780250852151
2026-06-17T06:00:00+00:00,-2.651181751530722e-08,-4.381591870126761e-09,-2.2130225645180462e-08,113.89973472314408,95.43853072869639
2026-06-17T06:01:00+00:00,-2.644020748141489e-08,-4.3468576887295576e-09,-2.2093349792685335e-08,114.00330156708895,95.5987474284901
2026-06-17T06:02:00+00:00,-2.636773729342042e-08,-4.312239820409168e-09,-2.205549747301125e-08,114.10618735602509,95.75867339983702
2026-06-17T06:03:00+00:00,-2.6294418055138475e-08,-4.277742030930217e-09,-2.201667602420826e-08,114.2083888219138,95.91830684824784
2026-06-17T06:04:00+00:00,-2.62202609105996e-08,-4.243368068559231e-09,-2.1976892842040367e-08,114.30990269820988,96.077645969112
2026-06-17T06:05:00+00:00,-2.61452770425827e-08,-4.209121663503725e-09,-2.1936155379078973e-08,114.41072572096398,96.23668894891732
2026-06-17T06:06:00+00:00,-2.606947762144915e-08,-4.1750065051583584e-09,-2.189447111629079e-08,114.51085469495786,96.39543406971598
2026-06-17T06:07:00+00:00,-2.5992874007537306e-08,-4.141026332964269e-09,-2.185184767457304e-08,114.61028622671297,96.55387928473806
2026-06-17T06:08:00+00:00,-2.5915477445413272e-08,-4.107184798907596e-09,-2.1808292646505672e-08,114.70901712753141,96.71202285671598
2026-06-17T06:09:00+00:00,-2.583729926587907e-08,-4.0734855588782325e-09,-2.176381370700084e-08,114.80704414464448,96.86986293157243
2026-06-17T06:10:00+00:00,-2.5758350833914896e-08,-4.039932249200603e-09,-2.1718418584714292e-08,114.90436402968896,97.02739764613412
2026-06-17T06:11:00+00:00,-2.567864354863941e-08,-4.006528486712162e-09,-2.1672115061927245e-08,115.00097353799335,97.18462512631557
2026-06-17T06:12:00+00:00,-2.5598188841814237e-08,-3.97327786821686e-09,-2.1624910973597376e-08,115.09686942969215,97.34154348825089
2026-06-17T06:13:00+00:00,-2.5516998177062734e-08,-3.940183970253142e-09,-2.1576814206809588e-08,115.19204846993358,97.49815083799261
2026-06-17T06:14:00+00:00,-2.543508304910877e-08,-3.907250348864622e-09,-2.1527832700244145e-08,115.28650742909177,97.65444527116607
2026-06-17T06:15:00+00:00,-2.535245498222486e-08,-3.8744805390636985e-09,-2.1477974443161157e-08,115.38024308386827,97.8104248741704
2026-06-17T06:16:00+00:00,-2.526912553024543e-08,-3.841878054910201e-09,-2.1427247475335226e-08,115.47325221663905,97.96608772230434
2026-06-17T06:17:00+00:00,-2.518510621844675e-08,-3.809446367290583e-09,-2.1375659851156167e-08,115.56553167819472,98.12143198503348
2026-06-17T06:18:00+00:00,-2.510040876860586e-08,-3.777188990570369e-09,-2.132321977803549e-08,115.65707814094412,98.27645550917615
2026-06-17T06:19:00+00:00,-2.5015044760163323e-08,-3.74510935188032e-09,-2.1269935408283e-08,115.7478884704419,98.43115644364224
2026-06-17T06:20:00+00:00,-2.4929025853571816e-08,-3.7132108777050184e-09,-2.1215814975866797e-08,115.83795947846755,98.5855328236457
2026-06-17T06:21:00+00:00,-2.484236373421008e-08,-3.6814969721553726e-09,-2.1160866762054705e-08,115.92728798455865,98.73958267321123
2026-06-17T06:22:00+00:00,-2.4755070110811816e-08,-3.6499710164530813e-09,-2.1105099094358734e-08,116.01587081710896,98.89330400632142
2026-06-17T06:23:00+00:00,-2.4667156714681603e-08,-3.61863636871396e-09,-2.1048520345967644e-08,116.10370481362872,99.04669482662858
2026-06-17T06:24:00+00:00,-2.4578635298939812e-08,-3.587496363731127e-09,-2.0991138935208687e-08,116.1907868210166,99.19975312709343
2026-06-17T06:25:00+00:00,-2.4489517636907827e-08,-3.5565543124729032e-09,-2.0932963324434925e-08,116.2771136966381,99.35247689116785
2026-06-17T06:26:00+00:00,-2.439981552217814e-08,-3.5258135021602137e-09,-2.087400202001793e-08,116.36268230779238,99.50486409100019
2026-06-17T06:27:00+00:00,-2.430954076699715e-08,-3.49527719576539e-09,-2.081426357123176e-08,116.44748953280676,99.65691268862044
2026-06-17T06:28:00+00:00,-2.4218705201508257e-08,-3.464948631805955e-09,-2.0753756569702307e-08,116.5315322613142,99.8086206355833
2026-06-17T06:29:00+00:00,-2.4127320611512552e-08,-3.434831004010938e-09,-2.069248960750161e-08,116.6148074501338,99.95998597407963
2026-06-17T06:30:00+00:00,-2.4035398982332214e-08,-3.4049275414783524e-09,-2.0630471440853866e-08,116.69731190148636,100.11100643228276
2026-06-17T06:31:00+00:00,-2.394295213120087e-08,-3.375241387572494e-09,-2.056771074362838e-08,116.77904259757298,100.2616800316435
2026-06-17T06:32:00+00:00,-2.3849991950409655e-08,-3.345775680369844e-09,-2.0504216270039817e-08,116.8599964777675,100.41200468174935
2026-06-17T06:33:00+00:00,-2.3756530345428256e-08,-3.316533532191584e-09,-2.0439996813236672e-08,116.94017049502268,100.56197828166964
2026-06-17T06:34:00+00:00,-2.3662579234146876e-08,-3.287518029405524e-09,-2.0375061204741355e-08,117.01956161618081,100.71159871964328
2026-06-17T06:35:00+00:00,-2.3568150545209473e-08,-3.2587322319581687e-09,-2.0309418313251307e-08,117.0981668230303,100.86086387424325
2026-06-17T06:36:00+00:00,-2.347325621815208e-08,-3.2301791734492343e-09,-2.0243077044702848e-08,117.17598311188678,101.00977161260484
2026-06-17T06:37:00+00:00,-2.3377908201739772e-08,-3.201861860669472e-09,-2.01760463410703e-08,117.2530074946512,101.15831979159395
2026-06-17T06:38:00+00:00,-2.328211845320476e-08,-3.1737832734094504e-09,-2.0108335179795304e-08,117.32923699913394,101.30650625749927
2026-06-17T06:39:00+00:00,-2.3185898937473147e-08,-3.1459463642679775e-09,-2.0039952573205166e-08,117.40466866938988,101.45432884577363
2026-06-17T06:40:00+00:00,-2.30892615605692e-08,-3.118354039786207e-09,-1.997090752078299e-08,117.47929961652615,101.60178548087652
2026-06-17T06:41:00+00:00,-2.2992218429246203e-08,-3.091009234366864e-09,-1.9901209194879343e-08,117.55312681869229,101.7488737793202
2026-06-17T06:42:00+00:00,-2.2894781460490352e-08,-3.063914798811883e-09,-1.9830866661678465e-08,117.62614742239701,101.89559164408098
2026-06-17T06:43:00+00:00,-2.2796962639689178e-08,-3.0370735743183114e-09,-1.975988906537087e-08,117.6983585421241,102.0419368685693
2026-06-17T06:44:00+00:00,-2.2698773955226733e-08,-3.0104883737105767e-09,-1.9688285581516152e-08,117.76975731099716,102.18790723531507
2026-06-17T06:45:00+00:00,-2.2600227396785937e-08,-2.984161981015386e-09,-1.9616065415770552e-08,117.84034088178804,102.33350051711581
2026-06-17T06:46:00+00:00,-2.2501334955527338e-08,-2.9580971515318867e-09,-1.9543237803995452e-08,117.91010642660271,102.4787144753511
2026-06-17T06:47:00+00:00,-2.2402108622391173e-08,-2.9322966114083092e-09,-1.9469812010982865e-08,117.97905113789962,102.62354686113497
2026-06-17T06:48:00+00:00,-2.2302560387361008e-08,-2.9067630574714784e-09,-1.939579732988953e-08,118.04717222883592,102.76799541500188
2026-06-17T06:49:00+00:00,-2.2202702238699683e-08,-2.8814991570534367e-09,-1.9321203081646247e-08,118.11446693362939,102.91205786666852
2026-06-17T06:50:00+00:00,-2.2102546161258315e-08,-2.8565075475873323e-09,-1.9246038613670984e-08,118.18093250854137,103.05573193613303
2026-06-17T06:51:00+00:00,-2.200210406921115e-08,-2.831790820192747e-09,-1.9170313249018405e-08,118.24656627534449,103.19901542801287
2026-06-17T06:52:00+00:00,-2.1901388073992795e-08,-2.807351585390799e-09,-1.9094036488601996e-08,118.31136544681223,103.34190584854893
2026-06-17T06:53:00+00:00,-2.1800410079395318e-08,-2.7831923734901846e-09,-1.9017217705905132e-08,118.37532739116104,103.48440098187623
2026-06-17T06:54:00+00:00,-2.169918205006793e-08,-2.759315700910643e-09,-1.8939866349157284e-08,118.43844945580187,103.62649850515872
2026-06-17T06:55:00+00:00,-2.159771594254038e-08,-2.735724053133444e-09,-1.8861991889406936e-08,118.50072901258568,103.76819608593617
2026-06-17T06:56:00+00:00,-2.1496023705457498e-08,-2.712419884765713e-09,-1.8783603820691785e-08,118.56216345758186,103.90949138047506
2026-06-17T06:57:00+00:00,-2.139411727786808e-08,-2.689405619163886e-09,-1.8704711658704193e-08,118.62275021202792,104.05038203490587
2026-06-17T06:58:00+00:00,-2.129200858849005e-08,-2.6666836482809086e-09,-1.8625324940209143e-08,118.68248672269307,104.19086568496256
2026-06-17T06:59:00+00:00,-2.1189709554960515e-08,-2.6442563325129777e-09,-1.8545453222447535e-08,118.74137046224942,104.33093995576807
2026-06-17T07:00:00+00:00,-2.1087232082150923e-08,-2.622126000342405e-09,-1.8465106081808518e-08,118.79939893018344,104.47060246289377
2026-06-17T07:01:00+00:00,-2.0984588062389254e-08,-2.600294948398676e-09,-1.838429311399058e-08,118.85656965261487,104.60985081080985
2026-06-17T07:02:00+00:00,-2.088178930478006e-08,-2.5787654267680257e-09,-1.8303023878012035e-08,118.91288022068396,104.7486826869348
2026-06-17T07:03:00+00:00,-2.0778847810307013e-08,-2.557539696400212e-09,-1.8221308113906804e-08,118.96832814044238,104.88709548931297
2026-06-17T07:04:00+00:00,-2.06757753575011e-08,-2.53661994233843e-09,-1.8139155415162665e-08,119.02291105979305,105.02508688494213
2026-06-17T07:05:00+00:00,-2.0572583776371478e-08,-2.5160083313399595e-09,-1.8056575445031515e-08,119.07662661773635,105.16265443821706
2026-06-17T07:06:00+00:00,-2.0469284879779543e-08,-2.495706997394691e-09,-1.7973577882384853e-08,119.12947248227587,105.29979570261385
2026-06-17T07:07:00+00:00,-2.036589046172721e-08,-2.475718041395878e-09,-1.789017242033133e-08,119.18144635128685,105.43650822181324
2026-06-17T07:08:00+00:00,-2.026241229665522e-08,-2.4560435310081664e-09,-1.7806368765647053e-08,119.23254595287382,105.57278952944442
2026-06-17T07:09:00+00:00,-2.015886213871367e-08,-2.4366855005366363e-09,-1.772217663817703e-08,119.28276904573008,105.70863714889813
2026-06-17T07:10:00+00:00,-2.0055251720070944e-08,-2.4176459506175286e-09,-1.7637605769453413e-08,119.33211341996315,105.84404859440109
2026-06-17T07:11:00+00:00,-1.9951592751168122e-08,-2.398926848271821e-09,-1.75526659028963e-08,119.38057689698255,105.97902136953522
2026-06-17T07:12:00+00:00,-1.9847896919047407e-08,-2.380530126601825e-09,-1.7467366792445582e-08,119.42815733031698,106.11355296829413
2026-06-17T07:13:00+00:00,-1.9744175886629204e-08,-2.362457684670174e-09,-1.7381718201959034e-08,119.47485260596142,106.2476408749043
2026-06-17T07:14:00+00:00,-1.964044122244783e-08,-2.34471137558751e-09,-1.7295729846860322e-08,119.52066067314935,106.38128265308461
2026-06-17T07:15:00+00:00,-1.9536704677212364e-08,-2.327293053613537e-09,-1.7209411623598825e-08,119.56557942284374,106.51447558897884
2026-06-17T07:16:00+00:00,-1.9432977766720495e-08,-2.3102045028017798e-09,-1.7122773263918715e-08,119.609606871965,106.64721722736284
2026-06-17T07:17:00+00:00,-1.9329272048414356e-08,-2.293447484543683e-09,-1.7035824563870675e-08,119.65274104068425,106.77950501398313
2026-06-17T07:18:00+00:00,-1.922559905113092e-08,-2.2770237254487335e-09,-1.6948575325682185e-08,119.69497998377096,106.9113363851264
2026-06-17T07:19:00+00:00,-1.9121970274394293e-08,-2.2609349172337293e-09,-1.686103535716056e-08,119.73632179092931,107.04270876746376
2026-06-17T07:20:00+00:00,-1.9018397186763472e-08,-2.2451827164671596e-09,-1.6773214470296313e-08,119.77676458750868,107.17361957909146
2026-06-17T07:21:00+00:00,-1.8914891226112136e-08,-2.229768744614293e-09,-1.6685122481497844e-08,119.81630653444296,107.30406622812728
2026-06-17T07:22:00+00:00,-1.881146379796711e-08,-2.214694587784859e-09,-1.6596769210182248e-08,119.85494582895615,107.4340461137816
2026-06-17T07:23:00+00:00,-1.870812627481324e-08,-2.1999617966354847e-09,-1.6508164478177754e-08,119.89268070487108,107.56355662621061
2026-06-17T07:24:00+00:00,-1.860488999543246e-08,-2.1855718862701288e-09,-1.6419318109162332e-08,119.92950943292529,107.69259514632189
2026-06-17T07:25:00+00:00,-1.8501766194121245e-08,-2.171526326707287e-09,-1.6330239867413954e-08,119.96543034520414,107.82115913292093
2026-06-17T07:26:00+00:00,-1.83987662775403e-08,-2.1578265803658213e-09,-1.6240939697174482e-08,120.0004417393536,107.94924577678061
2026-06-17T07:27:00+00:00,-1.8295901408121794e-08,-2.1444740453260223e-09,-1.6151427362795776e-08,120.03454202374947,108.07685251902016
2026-06-17T07:28:00+00:00,-1.819318278011683e-08,-2.131470093149102e-09,-1.6061712686967728e-08,120.06772962082314,108.2039767057515
2026-06-17T07:29:00+00:00,-1.8090621549725218e-08,-2.118816059255787e-09,-1.5971805490469432e-08,120.10000299174162,108.33061567433029
2026-06-17T07:30:00+00:00,-1.798822883346689e-08,-2.106513242723943e-09,-1.5881715590742947e-08,120.13136063698927,108.45676675441216
2026-06-17T07:31:00+00:00,-1.7886015708481515e-08,-2.094562906324569e-09,-1.5791452802156944e-08,120.16180109634155,108.58242726662999
2026-06-17T07:32:00+00:00,-1.7783993210920677e-08,-2.0829662763250994e-09,-1.5701026934595575e-08,120.19132294943249,108.70759452363663
2026-06-17T07:33:00+00:00,-1.7682172335282323e-08,-2.071724542413644e-09,-1.561044779286868e-08,120.21992481601309,108.83226582999488
2026-06-17T07:34:00+00:00,-1.758056403376614e-08,-2.0608388576222168e-09,-1.5519725176143924e-08,120.24760535621238,108.95643848204513
2026-06-17T07:35:00+00:00,-1.747917921465156e-08,-2.0503103381534735e-09,-1.5428868876498086e-08,120.27436327104303,109.0801097689878
2026-06-17T07:36:00+00:00,-1.737802867488867e-08,-2.040140056712044e-09,-1.5337888618176625e-08,120.30019731940095,109.20327705397764
2026-06-17T07:37:00+00:00,-1.727712336964461e-08,-2.0303290693748596e-09,-1.5246794300269747e-08,120.32510624988433,109.32593744517715
2026-06-17T07:38:00+00:00,-1.71764740046863e-08,-2.0208783746069193e-09,-1.515559563007938e-08,120.34908890496098,109.44808829120161
2026-06-17T07:39:00+00:00,-1.7076091307216944e-08,-2.011788940716793e-09,-1.506430236650015e-08,120.37214415128128,109.56972685032184
2026-06-17T07:40:00+00:00,-1.697598595640574e-08,-2.0030616987714945e-09,-1.4972924257634246e-08,120.39427089774018,109.69085037425612
2026-06-17T07:41:00+00:00,-1.6876168583700078e-08,-1.994697542622455e-09,-1.4881471041077621e-08,120.41546809547118,109.8114561069365
2026-06-17T07:42:00+00:00,-1.6776649771257786e-08,-1.9866973287643916e-09,-1.4789952442493395e-08,120.43573473826228,109.93154128556601
2026-06-17T07:43:00+00:00,-1.6677440051317245e-08,-1.9790618762837956e-09,-1.4698378175033448e-08,120.4550698627434,110.05110314054821
2026-06-17T07:44:00+00:00,-1.6578549905599513e-08,-1.9717919668054832e-09,-1.460675793879403e-08,120.47347254857691,110.17013889537922
2026-06-17T07:45:00+00:00,-1.6479989763746602e-08,-1.9648883443755673e-09,-1.4515101419371034e-08,120.49094191880721,110.28864576772085
2026-06-17T07:46:00+00:00,-1.6381770003657306e-08,-1.9583517154829976e-09,-1.4423418288174309e-08,120.50747713985795,110.40662096818565
2026-06-17T07:47:00+00:00,-1.6283900884423807e-08,-1.9521827449338122e-09,-1.4331718139489993e-08,120.52307743201345,110.52406177999212
2026-06-17T07:48:00+00:00,-1.6186392808034193e-08,-1.946382072111422e-09,-1.424001073592277e-08,120.53774202835041,110.64096524421387
2026-06-17T07:49:00+00:00,-1.6089255924976212e-08,-1.9409502861142217e-09,-1.414830563886199e-08,120.55147023765501,110.7573286322651
2026-06-17T07:50:00+00:00,-1.5992500395490144e-08,-1.935887942461781e-09,-1.4056612453028364e-08,120.56426140221626,110.87314913156754
2026-06-17T07:51:00+00:00,-1.5896136324139775e-08,-1.931195558850355e-09,-1.3964940765289418e-08,120.5761149086019,110.9884239233437
2026-06-17T07:52:00+00:00,-1.5800173758325928e-08,-1.9268736150701036e-09,-1.3873300143255825e-08,120.58703018790591,111.10315018365063
2026-06-17T07:53:00+00:00,-1.5704622687694452e-08,-1.922922552976535e-09,-1.3781700134717918e-08,120.59700671585665,111.21732508335343
2026-06-17T07:54:00+00:00,-1.5609493043562907e-08,-1.9193427764609463e-09,-1.369015026710196e-08,120.60604401292467,111.33094578808243
2026-06-17T07:55:00+00:00,-1.5514794697434912e-08,-1.916134651391985e-09,-1.3598660046042928e-08,120.61414164450098,111.44400945929699
2026-06-17T07:56:00+00:00,-1.5420537461349813e-08,-1.9132985056259775e-09,-1.3507238955723837e-08,120.6212992208989,111.55651325315334
2026-06-17T07:57:00+00:00,-1.5326731086404397e-08,-1.9108346289528645e-09,-1.3415896457451534e-08,120.62751639751585,111.6684543215783
2026-06-17T07:58:00+00:00,-1.5233385262200285e-08,-1.9087432730800182e-09,-1.3324641989120266e-08,120.63279287489642,111.77982981224007
2026-06-17T07:59:00+00:00,-1.514050955415228e-08,-1.9070246505871697e-09,-1.323348490356511e-08,120.63712840138838,111.89063694266775
2026-06-17T08:00:00+00:00,-1.5048113650882146e-08,-1.905678939256837e-09,-1.3142434711625306e-08,120.6405227622354,112.00087270443093
2026-06-17T08:01:00+00:00,-1.4956206990844598e-08,-1.904706275164594e-09,-1.3051500715680004e-08,120.64297579702165,112.11053430793422
2026-06-17T08:02:00+00:00,-1.486479901035457e-08,-1.9041067575141936e-09,-1.2960692252840377e-08,120.64448738748497,112.21961888585837
2026-06-17T08:03:00+00:00,-1.4773899080599546e-08,-1.903880447355842e-09,-1.2870018633243704e-08,120.64505746075828,112.32812356767468
2026-06-17T08:04:00+00:00,-1.4683516507118201e-08,-1.904027367580582e-09,-1.277948913953762e-08,120.64468598938866,112.43604547963596
2026-06-17T08:05:00+00:00,-1.4593660528402362e-08,-1.9045475029202007e-09,-1.268911302548216e-08,120.64337299133943,112.54338174583152
2026-06-17T08:06:00+00:00,-1.4504340316231446e-08,-1.9054407999468952e-09,-1.2598899516284551e-08,120.64111852998997,112.65012948717629
2026-06-17T08:07:00+00:00,-1.4415564974283774e-08,-1.906707167078063e-09,-1.250885780720571e-08,120.63792271411957,112.7562858224747
2026-06-17T08:08:00+00:00,-1.4327343537637224e-08,-1.9083464745837462e-09,-1.2418997063053476e-08,120.63378569788149,112.86184786842675
2026-06-17T08:09:00+00:00,-1.4239684972242607e-08,-1.9103585545931147e-09,-1.2329326417649494e-08,120.62870768077671,112.96681273968036
2026-06-17T08:10:00+00:00,-1.41525981153851e-08,-1.9127432028476664e-09,-1.2239854912537433e-08,120.62268890321569,113.0711776196434
2026-06-17T08:11:00+00:00,-1.4066091909212068e-08,-1.915500172049293e-09,-1.2150591737162776e-08,120.61572966329197,113.17493948000848
2026-06-17T08:12:00+00:00,-1.3980175049017419e-08,-1.91862918148909e-09,-1.206154586752833e-08,120.60783029246093,113.27809550169167
2026-06-17T08:13:00+00:00,-1.3894856216724447e-08,-1.9221299109201574e-09,-1.197272630580429e-08,120.59899117098253,113.38064279455303
2026-06-17T08:14:00+00:00,-1.3810144021805903e-08,-1.926002002050242e-09,-1.188414201975566e-08,120.58921272412962,113.4825784676395
2026-06-17T08:15:00+00:00,-1.3726046999987174e-08,-1.9302450586002056e-09,-1.1795801941386968e-08,120.5784954220132,113.58389963022795
2026-06-17T08:16:00+00:00,-1.3642573613580831e-08,-1.9348586462929864e-09,-1.1707714967287845e-08,120.56683977958029,113.68460339091042
2026-06-17T08:17:00+00:00,-1.3559732250199324e-08,-1.9398422929169518e-09,-1.1619889957282372e-08,120.55424635642139,113.78468685864715
2026-06-17T08:18:00+00:00,-1.3477531222290748e-08,-1.9451954883572187e-09,-1.1532335733933531e-08,120.54071575665631,113.88414714283695
2026-06-17T08:19:00+00:00,-1.339597876665971e-08,-1.950917684626047e-09,-1.1445061082033664e-08,120.52624862881966,113.98298135341669
2026-06-17T08:20:00+00:00,-1.3315083043248197e-08,-1.9570082959505968e-09,-1.13580747472976e-08,120.51084566559895,114.08118660186801
2026-06-17T08:21:00+00:00,-1.3234852081863097e-08,-1.9634667032104243e-09,-1.1271385378652673e-08,120.49450759256463,114.17876006560681
2026-06-17T08:22:00+00:00,-1.3155293995717984e-08,-1.970292236459863e-09,-1.1185001759258122e-08,120.47723521234245,114.27569872771151
2026-06-17T08:23:00+00:00,-1.3076416658163697e-08,-1.977484200957056e-09,-1.1098932457206642e-08,120.45902933872054,114.37199976962357
2026-06-17T08:24:00+00:00,-1.2998227917913152e-08,-1.985041860128938e-09,-1.1013186057784214e-08,120.43989083969113,114.467660309093
2026-06-17T08:25:00+00:00,-1.2920735543831062e-08,-1.992964439895426e-09,-1.0927771103935636e-08,120.41982062646159,114.56267746685056
2026-06-17T08:26:00+00:00,-1.2843947225244127e-08,-2.0012511286479304e-09,-1.0842696096596195e-08,120.39881965345626,114.6570483658166
2026-06-17T08:27:00+00:00,-1.2767870570766444e-08,-2.009901077370454e-09,-1.075796949339599e-08,120.3768889179551,114.75077013213883
2026-06-17T08:28:00+00:00,-1.269251310789254e-08,-2.0189133996948083e-09,-1.0673599708197732e-08,120.35402945989745,114.8438398953013
2026-06-17T08:29:00+00:00,-1.261788228256804e-08,-2.0282871719548063e-09,-1.0589595110613236e-08,120.33024236168694,114.93625478827111
2026-06-17T08:30:00+00:00,-1.2543985458076617e-08,-2.038021433331284e-09,-1.0505964024745333e-08,120.30552874776436,115.02801194850285
2026-06-17T08:31:00+00:00,-1.2470829915329237e-08,-2.04811518582544e-09,-1.0422714729503794e-08,120.279889784615,115.11910851721771
2026-06-17T08:32:00+00:00,-1.2398422803466776e-08,-2.0585674015380198e-09,-1.0339855401928756e-08,120.25332666220339,115.2095417008281
2026-06-17T08:33:00+00:00,-1.2326771333176529e-08,-2.069376994458963e-09,-1.0257394338717564e-08,120.22584066561296,115.2993085289684
2026-06-17T08:34:00+00:00,-1.225588248496441e-08,-2.0805428625890532e-09,-1.0175339622375359e-08,120.19743306793663,115.38840621850905
2026-06-17T08:35:00+00:00,-1.218576320281943e-08,-2.0920638603165005e-09,-1.009369934250293e-08,120.16810520040417,115.47683193154725
2026-06-17T08:36:00+00:00,-1.2116420345704171e-08,-2.1039388052742786e-09,-1.0012481540429894e-08,120.13785843489494,115.56458283558396
2026-06-17T08:37:00+00:00,-1.2047860686503415e-08,-2.116166478518633e-09,-9.931694207984782e-09,120.1066941834183,115.65165610454181
2026-06-17T08:38:00+00:00,-1.1980090911659506e-08,-2.1287456246070507e-09,-9.851345287052455e-09,120.07461389784983,115.7380489189313
2026-06-17T08:39:00+00:00,-1.1913117620796867e-08,-2.141674951675785e-09,-9.771442669121082e-09,120.04161906966792,115.82375846603914
2026-06-17T08:40:00+00:00,-1.1846947325740319e-08,-2.15495313164185e-09,-9.691994194098467e-09,120.0077112293732,115.90878194090601
2026-06-17T08:41:00+00:00,-1.1781586450783628e-08,-2.1685788001657016e-09,-9.613007650617928e-09,119.97289194651829,115.9931165457134
2026-06-17T08:42:00+00:00,-1.171704133171243e-08,-2.1825505568578673e-09,-9.534490774854564e-09,119.93716282911556,116.0767594907772
2026-06-17T08:43:00+00:00,-1.1653318215457894e-08,-2.196866965368515e-09,-9.456451250089378e-09,119.9005255233438,116.15970799474574
2026-06-17T08:44:00+00:00,-1.1590423217865176e-08,-2.211526563421893e-09,-9.378896654443283e-09,119.86298168777658,116.24195933971292
2026-06-17T08:45:00+00:00,-1.1528362490912e-08,-2.226527823492754e-09,-9.301834667419246e-09,119.82453309404738,116.32351065204345
2026-06-17T08:46:00+00:00,-1.1467141969912122e-08,-2.24186921174981e-09,-9.225272758162312e-09,119.78518147583333,116.40435923274251
2026-06-17T08:47:00+00:00,-1.140676754186064e-08,-2.257549149195927e-09,-9.149218392664714e-09,119.74492862829608,116.48450233735026
2026-06-17T08:48:00+00:00,-1.1347245002673338e-08,-2.2735660214850825e-09,-9.073678981188253e-09,119.70377638289017,116.56393723153403
2026-06-17T08:49:00+00:00,-1.1288580056757004e-08,-2.289918179053554e-09,-8.99866187770345e-09,119.66172660696873,116.6426611914622
2026-06-17T08:50:00+00:00,-1.1230778316700618e-08,-2.3066039372217494e-09,-8.924174379478869e-09,119.61878120346663,116.7206715040259
2026-06-17T08:51:00+00:00,-1.1173845302428635e-08,-2.3236215764560293e-09,-8.850223725972604e-09,119.57494211017308,116.79796546780075
2026-06-17T08:52:00+00:00,-1.1117786441453998e-08,-2.340969342322105e-09,-8.776817099131893e-09,119.53021129980024,116.87454039253532
2026-06-17T08:53:00+00:00,-1.1062607068041811e-08,-2.358645445750366e-09,-8.703961622291448e-09,119.484590779251,116.95039360011955
2026-06-17T08:54:00+00:00,-1.1008312422931288e-08,-2.3766480631505507e-09,-8.631664359780735e-09,119.43808258927645,117.02552242481366
2026-06-17T08:55:00+00:00,-1.0954907617537523e-08,-2.394975348924023e-09,-8.5599322686135e-09,119.39068877206067,117.09992426314184
2026-06-17T08:56:00+00:00,-1.0902397775835192e-08,-2.413625386373125e-09,-8.488772389462067e-09,119.34241149815743,117.17359637574104
2026-06-17T08:57:00+00:00,-1.0850787819710554e-08,-2.4325962613923724e-09,-8.418191558318182e-09,119.29325287589201,117.24653618626978
2026-06-17T08:58:00+00:00,-1.0800082612049957e-08,-2.4518860138163497e-09,-8.348196598233608e-09,119.24321507710634,117.31874108229037
2026-06-17T08:59:00+00:00,-1.0750286920375188e-08,-2.4714926497265805e-09,-8.278794270648606e-09,119.19230030531766,117.39020846565495
2026-06-17T09:00:00+00:00,-1.0701405416592384e-08,-2.4914141415763747e-09,-8.209991275016008e-09,119.14051079536745,117.46093575275636
2026-06-17T09:01:00+00:00,-1.0653442676288292e-08,-2.5116484285035607e-09,-8.141794247784732e-09,119.08784881258565,117.53092037544742
2026-06-17T09:02:00+00:00,-1.060640317894869e-08,-2.532193416275667e-09,-8.074209762673024e-09,119.03431665291352,117.60015978063609
2026-06-17T09:03:00+00:00,-1.0560291307267472e-08,-2.5530469776074985e-09,-8.007244329659974e-09,118.97991664206268,117.66865143120847
2026-06-17T09:04:00+00:00,-1.0515111346926184e-08,-2.5742069522975473e-09,-7.940904394628636e-09,118.92465113514866,117.7363928062839
2026-06-17T09:05:00+00:00,-1.0470867486365488e-08,-2.5956711473622794e-09,-7.87519633900321e-09,118.86852251633485,117.80338140148514
2026-06-17T09:06:00+00:00,-1.0427563787436113e-08,-2.6174373520717917e-09,-7.810126435364321e-09,118.81153315944154,117.86961477398948
2026-06-17T09:07:00+00:00,-1.0385204301124035e-08,-2.6395032793043527e-09,-7.745701021819682e-09,118.7536855815443,117.93509036502103
2026-06-17T09:08:00+00:00,-1.0343792892699185e-08,-2.6618666534662948e-09,-7.681926239232889e-09,118.69498221279112,117.9998057672342
2026-06-17T09:09:00+00:00,-1.0303333358309647e-08,-2.6845251524563155e-09,-7.618808205853332e-09,118.63542554831795,118.06375854681588
2026-06-17T09:10:00+00:00,-1.0263829395429141e-08,-2.707476422304879e-09,-7.556352973124262e-09,118.57501810996246,118.12694628843103
2026-06-17T09:11:00+00:00,-1.022528460230446e-08,-2.7307180775374883e-09,-7.494566524766971e-09,118.51376244533398,118.18936659608413
2026-06-17T09:12:00+00:00,-1.0187702478140597e-08,-2.754247701112421e-09,-7.433454777028176e-09,118.45166112800894,118.25101709280874
2026-06-17T09:13:00+00:00,-1.0151086422558594e-08,-2.778062844786562e-09,-7.373023577772031e-09,118.38871675660518,118.3118954215322
2026-06-17T09:14:00+00:00,-1.011543973543071e-08,-2.802161029272318e-09,-7.313278706158392e-09,118.32493195441128,118.3719992453507
2026-06-17T09:15:00+00:00,-1.0080765616713875e-08,-2.8265397443938967e-09,-7.254225872319977e-09,118.26030936902444,118.431326247812
2026-06-17T09:16:00+00:00,-1.0047067165969722e-08,-2.851196449472418e-09,-7.195870716497305e-09,118.19485167138726,118.48987413374654
2026-06-17T09:17:00+00:00,-1.0014347360920756e-08,-2.876128590071243e-09,-7.1382187708495135e-09,118.1285615112936,118.54764066747305
2026-06-17T09:18:00+00:00,-9.982609144095622e-09,-2.90133353132551e-09,-7.081275612770112e-09,118.06144169479363,118.6046235192046
2026-06-17T09:19:00+00:00,-9.951855291040041e-09,-2.9268086584239202e-09,-7.025046632616122e-09,117.99349491711224,118.66082049775305
2026-06-17T09:20:00+00:00,-9.922088498603922e-09,-2.9525513100824885e-09,-6.969537188521434e-09,117.9247239395452,118.71622939534045
2026-06-17T09:21:00+00:00,-9.893311362269197e-09,-2.9785587955788873e-09,-6.914752566690309e-09,117.85513154429026,118.77084802739334
2026-06-17T09:22:00+00:00,-9.865526376302816e-09,-3.004828394684238e-09,-6.860697981618577e-09,117.78472053472973,118.8246742323114
2026-06-17T09:23:00+00:00,-9.838735933363486e-09,-3.0313573580752475e-09,-6.80737857528824e-09,117.71349373443684,118.87770587226511
2026-06-17T09:24:00+00:00,-9.812942324399566e-09,-3.05814290751086e-09,-6.754799416888707e-09,117.64145398681804,118.92994083347186
2026-06-17T09:25:00+00:00,-9.788147738537574e-09,-3.085182236006481e-09,-6.7029655025310936e-09,117.56860415476977,118.98137702648232
2026-06-17T09:26:00+00:00,-9.764354262759016e-09,-3.1124725082647363e-09,-6.65188175449428e-09,117.49494711965154,119.03201238693569
2026-06-17T09:27:00+00:00,-9.741563882036243e-09,-3.1400108606045965e-09,-6.6015530214316474e-09,117.42048578161753,119.08184487536383
2026-06-17T09:28:00+00:00,-9.719778479014262e-09,-3.167794401394178e-09,-6.551984077620084e-09,117.34522305859932,119.13087247794924
2026-06-17T09:29:00+00:00,-9.69899982034237e-09,-3.1958202301105753e-09,-6.503179590231793e-09,117.26916183468899,119.17909323886258
2026-06-17T09:30:00+00:00,-9.679229611658056e-09,-3.224085362188109e-09,-6.455144249469946e-09,117.19230516436124,119.22650513173902
2026-06-17T09:31:00+00:00,-9.660469413730911e-09,-3.252586842232206e-09,-6.407882571498705e-09,117.11465596539405,119.27310625441102
2026-06-17T09:32:00+00:00,-9.642720698991888e-09,-3.281321668933093e-09,-6.361399030058794e-09,117.0362172227377,119.3188946988602
2026-06-17T09:33:00+00:00,-9.625984837025471e-09,-3.3102868142315353e-09,-6.315698022793935e-09,116.95699193673825,119.36386858453362
2026-06-17T09:34:00+00:00,-9.610263094529879e-09,-3.339479223513488e-09,-6.27078387101639e-09,116.8769831228092,119.40802605860634
2026-06-17T09:35:00+00:00,-9.595556635258747e-09,-3.3688958158045435e-09,-6.226660819454203e-09,116.79619381111362,119.45136529626359
2026-06-17T09:36:00+00:00,-9.58186651985995e-09,-3.398533484239095e-09,-6.183333035620854e-09,116.71462704549961,119.49388450135787
2026-06-17T09:37:00+00:00,-9.569193705967976e-09,-3.428389095985311e-09,-6.1408046099826646e-09,116.63228588393874,119.53558190628206
2026-06-17T09:38:00+00:00,-9.557539048049021e-09,-3.458459492719693e-09,-6.099079555329328e-09,116.54917339746413,119.57645577262915
2026-06-17T09:39:00+00:00,-9.546903297390419e-09,-3.4887414908285458e-09,-6.058161806561873e-09,116.46529266986633,119.61650439144306
2026-06-17T09:40:00+00:00,-9.537287095964022e-09,-3.5192319021264475e-09,-6.018055193837575e-09,116.38064674037776,119.65572610951473
2026-06-17T09:41:00+00:00,-9.528691001454248e-09,-3.5499274524206903e-09,-5.978763549033558e-09,116.29523883014822,119.69411922533793
2026-06-17T09:42:00+00:00,-9.521115448647347e-09,-3.580824904113726e-09,-5.940290544533622e-09,116.20907200217121,119.73168214681094
2026-06-17T09:43:00+00:00,-9.514560775822032e-09,-3.6119209750482254e-09,-5.902639800773806e-09,116.12214938674444,119.76841328609183
2026-06-17T09:44:00+00:00,-9.509027217981558e-09,-3.6432123590955376e-09,-5.8658148588860216e-09,116.03447412467663,119.80431108641302
2026-06-17T09:45:00+00:00,-9.504514906857598e-09,-3.6746957263650925e-09,-5.8298191804925055e-09,115.94604936701778,119.83937402233336
2026-06-17T09:46:00+00:00,-9.501023870912197e-09,-3.706367723711535e-09,-5.7946561472006615e-09,115.85687827396124,119.87360060028439
2026-06-17T09:47:00+00:00,-9.498554035379593e-09,-3.738224974657068e-09,-5.760329060722525e-09,115.7669640153978,119.90698935850591
2026-06-17T09:48:00+00:00,-9.4971052222779e-09,-3.770264079899722e-09,-5.726841142378178e-09,115.67630976983354,119.9395388675854
2026-06-17T09:49:00+00:00,-9.496677150450848e-09,-3.8024816175328785e-09,-5.69419553291797e-09,115.58491872412675,119.97124773068556
2026-06-17T09:50:00+00:00,-9.497269435605224e-09,-3.8348741432647965e-09,-5.6623952923404274e-09,115.49279407323698,120.00211458377672
2026-06-17T09:51:00+00:00,-9.498881591814065e-09,-3.867438212833183e-09,-5.631443378980882e-09,115.39993895661352,120.0321381159723
2026-06-17T09:52:00+00:00,-9.501513026528514e-09,-3.900170294465293e-09,-5.6013427320632204e-09,115.30635670836352,120.06131698952105
2026-06-17T09:53:00+00:00,-9.505163047155878e-09,-3.933066900426594e-09,-5.572096146729284e-09,115.2120504825576,120.08964996108558
2026-06-17T09:54:00+00:00,-9.509830857499518e-09,-3.96612450001275e-09,-5.5437063574867685e-09,115.1170235015735,120.11713580084141
2026-06-17T09:55:00+00:00,-9.515515558551816e-09,-3.999339541556475e-09,-5.5161760169953424e-09,115.0212789938488,120.14377331311616
2026-06-17T09:56:00+00:00,-9.52221614865361e-09,-4.032708452963853e-09,-5.489507695689758e-09,114.9248201927734,120.16956133681175
2026-06-17T09:57:00+00:00,-9.529931523504674e-09,-4.0662276416357155e-09,-5.46370388186896e-09,114.8276503373641,120.19449874537248
2026-06-17T09:58:00+00:00,-9.538660476338568e-09,-4.09989349500911e-09,-5.43876698132946e-09,114.7297726711616,120.21858444719616
2026-06-17T09:59:00+00:00,-9.548401698005518e-09,-4.133702380789291e-09,-5.414699317216227e-09,114.6311904420278,120.24181738583191
2026-06-17T10:00:00+00:00,-9.559153777083966e-09,-4.1676506471842615e-09,-5.391503129899706e-09,114.53190690194863,120.26419654015322
2026-06-17T10:01:00+00:00,-9.57091520010238e-09,-4.2017346234559784e-09,-5.369180576646401e-09,114.43192530591831,120.2857209247296
2026-06-17T10:02:00+00:00,-9.583684360449954e-09,-4.2359506428301695e-09,-5.347733717619785e-09,114.33124884493103,120.30638960336572
2026-06-17T10:03:00+00:00,-9.597459523667125e-09,-4.270294951181569e-09,-5.327164572485557e-09,114.22988091539395,120.32620163460945
2026-06-17T10:04:00+00:00,-9.612238878972854e-09,-4.304763844947572e-09,-5.307475034025282e-09,114.12782471386977,120.34515615505354
2026-06-17T10:05:00+00:00,-9.628020505805842e-09,-4.339353579673971e-09,-5.288666926131871e-09,114.02508350649974,120.36325232348598
2026-06-17T10:06:00+00:00,-9.644802382371644e-09,-4.374060393480786e-09,-5.270741988890858e-09,113.92166056060263,120.38048933531984
2026-06-17T10:07:00+00:00,-9.662582385598601e-09,-4.40888050698441e-09,-5.253701878614191e-09,113.8175591454721,120.39686642260578
2026-06-17T10:08:00+00:00,-9.681358291468477e-09,-4.443810123862839e-09,-5.237548167605638e-09,113.7127825312736,120.41238285430396
2026-06-17T10:09:00+00:00,-9.701127775170973e-09,-4.478845431103034e-09,-5.222282344067938e-09,113.60733398889349,120.42703793641631
2026-06-17T10:10:00+00:00,-9.721888411276719e-09,-4.5139825992483635e-09,-5.207905812028354e-09,113.501216789801,120.4408310121007
2026-06-17T10:11:00+00:00,-9.743637674096614e-09,-4.549217782972702e-09,-5.194419891123912e-09,113.39443420493136,120.45376146191722
2026-06-17T10:12:00+00:00,-9.766372937655095e-09,-4.584547121003562e-09,-5.181825816651534e-09,113.28698950554451,120.46582870381842
2026-06-17T10:13:00+00:00,-9.790091476078254e-09,-4.6199667367008485e-09,-5.1701247393774055e-09,113.17888596211363,120.47703219336947
2026-06-17T10:14:00+00:00,-9.814790480689224e-09,-4.655472762145189e-09,-5.159317718544033e-09,113.07012677106135,120.48737143047103
2026-06-17T10:15:00+00:00,-9.840466993261491e-09,-4.691061243095668e-09,-5.149405750165823e-09,112.96071534681484,120.49684593232692
2026-06-17T10:16:00+00:00,-9.867118005874929e-09,-4.726728282435519e-09,-5.14038972343941e-09,112.85065488309499,120.50545527517865
2026-06-17T10:17:00+00:00,-9.894740395249355e-09,-4.762469944912997e-09,-5.132270450336357e-09,112.73994864512638,120.51319906601653
2026-06-17T10:18:00+00:00,-9.923330939468685e-09,-4.798282281511076e-09,-5.12504865795761e-09,112.62859989581253,120.5200769499251
2026-06-17T10:19:00+00:00,-9.952886318171641e-09,-4.8341613297037e-09,-5.118724988467941e-09,112.5166118956528,120.52608861017012
2026-06-17T10:20:00+00:00,-9.983403112784434e-09,-4.870103113715044e-09,-5.11329999906939e-09,112.40398790266316,120.53123376824723
2026-06-17T10:21:00+00:00,-1.0014877807046722e-08,-4.906103645113236e-09,-5.108774161933485e-09,112.29073117125598,120.53551218396736
2026-06-17T10:22:00+00:00,-1.0047306786950537e-08,-4.942158922737203e-09,-5.105147864213334e-09,112.17684495321883,120.53892365546372
2026-06-17T10:23:00+00:00,-1.0080686341258093e-08,-4.978264933291378e-09,-5.102421407966714e-09,112.06233249660956,120.54146801928113
2026-06-17T10:24:00+00:00,-1.0115012661766833e-08,-5.014417651609271e-09,-5.100595010157562e-09,111.94719704569589,120.54314515038877
2026-06-17T10:25:00+00:00,-1.015028186751008e-08,-5.050613065202906e-09,-5.099668802307173e-09,111.83144176307646,120.54395496247223
2026-06-17T10:26:00+00:00,-1.0186489910145522e-08,-5.086847077745577e-09,-5.0996428323999446e-09,111.71507003947478,120.54389740632845
2026-06-17T10:27:00+00:00,-1.0223632715742456e-08,-5.1231156546380375e-09,-5.100517061104419e-09,111.59808502903022,120.54297247318074
2026-06-17T10:28:00+00:00,-1.0261706091443075e-08,-5.159414726547635e-09,-5.1022913648954385e-09,111.48048995827483,120.54118019189738
2026-06-17T10:29:00+00:00,-1.0300705749062997e-08,-5.1957402139344924e-09,-5.104965535128506e-09,111.36228804868675,120.53852062983022
2026-06-17T10:30:00+00:00,-1.0340627305382709e-08,-5.232088027320246e-09,-5.108539278062461e-09,111.24348251667081,120.53499389279348
2026-06-17T10:31:00+00:00,-1.038146628279746e-08,-5.268454067893813e-09,-5.113012214903645e-09,111.12407657244353,120.53060012501851
2026-06-17T10:32:00+00:00,-1.042321810922236e-08,-5.3048342274433615e-09,-5.118383881778998e-09,111.00407342112928,120.52533950917577
2026-06-17T10:33:00+00:00,-1.0465878118775498e-08,-5.341224388966185e-09,-5.124653729809313e-09,110.88347626164858,120.51921226629742
2026-06-17T10:34:00+00:00,-1.0509441552098952e-08,-5.377620426938419e-09,-5.131821125160534e-09,110.76228828672473,120.51221865571975
2026-06-17T10:35:00+00:00,-1.0553903556625013e-08,-5.4140182075879376e-09,-5.139885349037075e-09,110.64051268289285,120.50435897507784
2026-06-17T10:36:00+00:00,-1.0599259218065118e-08,-5.45041361391144e-09,-5.1488456041536774e-09,110.51815254713028,120.49563355399448
2026-06-17T10:37:00+00:00,-1.064550343800375e-08,-5.48680244798411e-09,-5.158700990019641e-09,110.39521121661882,120.48604277812737
2026-06-17T10:38:00+00:00,-1.0692631117181417e-08,-5.523180578014436e-09,-5.16945053916698e-09,110.2716917753164,120.47558705387577
2026-06-17T10:39:00+00:00,-1.0740637034724096e-08,-5.55954384099083e-09,-5.181093193733265e-09,110.14759738180358,120.46426683116819
2026-06-17T10:40:00+00:00,-1.0789515878604946e-08,-5.595888067363145e-09,-5.1936278112418e-09,110.02293118747204,120.45208259781131
2026-06-17T10:41:00+00:00,-1.083926224645566e-08,-5.63220908165835e-09,-5.207053164797312e-09,109.89769633540372,120.43903487927759
2026-06-17T10:42:00+00:00,-1.0889870645441379e-08,-5.6685027024197825e-09,-5.2213679430215965e-09,109.77189596157719,120.42512423874268
2026-06-17T10:43:00+00:00,-1.0941335493057215e-08,-5.7047647428217266e-09,-5.236570750235487e-09,109.64553319376587,120.41035127688205
2026-06-17T10:44:00+00:00,-1.0993651117505768e-08,-5.74099101094826e-09,-5.252660106557508e-09,109.51861115159164,120.3947166317473
2026-06-17T10:45:00+00:00,-1.104681175803704e-08,-5.777177310073203e-09,-5.269634447963837e-09,109.3911329465886,120.37822097867758
2026-06-17T10:46:00+00:00,-1.1100811565860718e-08,-5.813319439274742e-09,-5.287492126585978e-09,109.26310168109156,120.36086502998019
2026-06-17T10:47:00+00:00,-1.1155644640994661e-08,-5.849413217565961e-09,-5.306231423428699e-09,109.134520363087,120.34264952253181
2026-06-17T10:48:00+00:00,-1.1211304885547833e-08,-5.885454387729802e-09,-5.32585049781803e-09,109.00539225036914,120.32357526688585
2026-06-17T10:49:00+00:00,-1.126778622471531e-08,-5.921438761825048e-09,-5.346347462890262e-09,108.87572033328077,120.30364307385805
2026-06-17T10:50:00+00:00,-1.132508246065361e-08,-5.957362124619319e-09,-5.36772033603429e-09,108.7455076793288,120.28285380265952
2026-06-17T10:51:00+00:00,-1.138318730988832e-08,-5.993220258424176e-09,-5.389967051464145e-09,108.61475734603358,120.26120834863754
2026-06-17T10:52:00+00:00,-1.144209440316019e-08,-6.029008943043721e-09,-5.413085460116469e-09,108.48347238223916,120.23870764333499
2026-06-17T10:53:00+00:00,-1.1501797286378929e-08,-6.064723956392956e-09,-5.4370733299859725e-09,108.35165582700242,120.21535265412376
2026-06-17T10:54:00+00:00,-1.1562289421051347e-08,-6.100361074778973e-09,-5.461928346272376e-09,108.21931070970727,120.19114438402006
2026-06-17T10:55:00+00:00,-1.1623564184644918e-08,-6.135916073185881e-09,-5.487648111459037e-09,108.086440050179,120.16608387156431
2026-06-17T10:56:00+00:00,-1.1685614871633423e-08,-6.1713847258908165e-09,-5.514230145742607e-09,107.95304685756334,120.14017219036025
2026-06-17T10:57:00+00:00,-1.1748434693287793e-08,-6.206762806415487e-09,-5.541671886872306e-09,107.81913413169518,120.11341044918603
2026-06-17T10:58:00+00:00,-1.1812016778733384e-08,-6.242046088143169e-09,-5.569970690590215e-09,107.68470486198609,120.08579979152171
2026-06-17T10:59:00+00:00,-1.1876354218732948e-08,-6.277230368162603e-09,-5.599123850570346e-09,107.54976193689633,120.05734137603412
2026-06-17T11:00:00+00:00,-1.1941439893056716e-08,-6.312311373245158e-09,-5.629128519811557e-09,107.41430850637714,120.02803645327472
2026-06-17T11:01:00+00:00,-1.2007266730418317e-08,-6.347284902023051e-09,-5.659981828395266e-09,107.27834743781554,119.99788625068425
2026-06-17T11:02:00+00:00,-1.2073827536222761e-08,-6.382146730505247e-09,-5.691680805717513e-09,107.1418816790542,119.96689204845053
2026-06-17T11:03:00+00:00,-1.2141115036503849e-08,-6.416892636316089e-09,-5.72422240018776e-09,107.00491416697078,119.93505516023752
2026-06-17T11:04:00+00:00,-1.2209121878404264e-08,-6.451518398981916e-09,-5.757603479422347e-09,106.86744782762925,119.90237693295079
2026-06-17T11:05:00+00:00,-1.2277840630612493e-08,-6.4860198002190406e-09,-5.791820830393452e-09,106.72948557643977,119.86885874654565
2026-06-17T11:06:00+00:00,-1.2347263784528e-08,-6.520392624540163e-09,-5.8268711599878354e-09,106.59103031704564,119.83450201343643
2026-06-17T11:07:00+00:00,-1.2417383754000234e-08,-6.554632659220806e-09,-5.862751094779427e-09,106.45208494277445,119.7993081786721
2026-06-17T11:08:00+00:00,-1.2488192876505936e-08,-6.588735694908432e-09,-5.899457181597506e-09,106.31265233552361,119.76327871933721
2026-06-17T11:09:00+00:00,-1.2559683413607574e-08,-6.622697525907445e-09,-5.936985887700129e-09,106.1727353659426,119.72641514433757
2026-06-17T11:10:00+00:00,-1.2631847600072917e-08,-6.656513973094967e-09,-5.975333626977948e-09,106.03233679930428,119.68871896859066
2026-06-17T11:11:00+00:00,-1.270467745100323e-08,-6.690180793914229e-09,-6.014496657089e-09,105.89145967129805,119.65019181411957
2026-06-17T11:12:00+00:00,-1.2778165051994515e-08,-6.723693818409501e-09,-6.054471233585013e-09,105.75010672464037,119.61083525850677
2026-06-17T11:13:00+00:00,-1.2852302367203531e-08,-6.757048859023122e-09,-6.0952535081804075e-09,105.60828078422625,119.57065093483794
2026-06-17T11:14:00+00:00,-1.2927081288040393e-08,-6.79024173360637e-09,-6.136839554434021e-09,105.46598466334511,119.52964050642848
2026-06-17T11:15:00+00:00,-1.3002493633619086e-08,-6.823268265708843e-09,-6.179225367910241e-09,105.32322116388032,119.48780566662754
2026-06-17T11:16:00+00:00,-1.3078531152035115e-08,-6.856124285172953e-09,-6.222406866862164e-09,105.17999307518741,119.44514813811136
2026-06-17T11:17:00+00:00,-1.3155185520111514e-08,-6.888805628114894e-09,-6.2663798919966214e-09,105.0363031756284,119.40166967308097
2026-06-17T11:18:00+00:00,-1.3232448344685262e-08,-6.921308137518125e-09,-6.311140207167138e-09,104.8921542314618,119.35737205254925
2026-06-17T11:19:00+00:00,-1.3310311163079006e-08,-6.953627663520641e-09,-6.3566834995583644e-09,104.74754899705397,119.31225708612855
2026-06-17T11:20:00+00:00,-1.3388765443804785e-08,-6.985760063763599e-09,-6.403005380041188e-09,104.60249021482723,119.26632661165408
2026-06-17T11:21:00+00:00,-1.3467802640261701e-08,-7.017701225031657e-09,-6.4501014152300436e-09,104.45698051776708,119.2195824633267
2026-06-17T11:22:00+00:00,-1.3547413979680702e-08,-7.049446978290717e-09,-6.497967001389986e-09,104.31102281889211,119.1720265968744
2026-06-17T11:23:00+00:00,-1.3627590780842494e-08,-7.080993227194615e-09,-6.54659755364788e-09,104.16461972738865,119.12366090173676
2026-06-17T11:24:00+00:00,-1.370832424380502e-08,-7.112335862861992e-09,-6.595988380943028e-09,104.0177739374904,119.07448732513328
2026-06-17T11:25:00+00:00,-1.378960550323713e-08,-7.14347078564634e-09,-6.646134717590791e-09,103.8704881312851,119.02450784073707
2026-06-17T11:26:00+00:00,-1.3871425628990517e-08,-7.1743939054219366e-09,-6.6970317235685814e-09,103.72276497896415,118.97372444838162
2026-06-17T11:27:00+00:00,-1.3953775627407303e-08,-7.205101142158604e-09,-6.7486744852487006e-09,103.57460713768744,118.92213917332302
2026-06-17T11:28:00+00:00,-1.4036646441095522e-08,-7.235588425920292e-09,-6.801058015175229e-09,103.42601725320283,118.86975406645948
2026-06-17T11:29:00+00:00,-1.4120028950275263e-08,-7.265851697437293e-09,-6.854177252837972e-09,103.27699795872755,118.81657120355989
2026-06-17T11:30:00+00:00,-1.4203913973373806e-08,-7.295886908391211e-09,-6.908027064982595e-09,103.12755187519626,118.76259268495839
2026-06-17T11:31:00+00:00,-1.4288292267536474e-08,-7.32569002170174e-09,-6.962602245834736e-09,102.97768161151616,118.70782063533711
2026-06-17T11:32:00+00:00,-1.4373154587126337e-08,-7.3552570318344375e-09,-7.0178975552918995e-09,102.82738966251459,118.6522571653411
2026-06-17T11:33:00+00:00,-1.4458491455488798e-08,-7.3845838856587646e-09,-7.073907569830034e-09,102.6766788140034,118.59590452145392
2026-06-17T11:34:00+00:00,-1.4544293507847607e-08,-7.413666601974703e-09,-7.130626905872904e-09,102.52555153695606,118.53876486157138
2026-06-17T11:35:00+00:00,-1.4630551264519967e-08,-7.442501192326291e-09,-7.188050072193675e-09,102.37401039062065,118.48084040329051
2026-06-17T11:36:00+00:00,-1.4717255188276315e-08,-7.471083681192321e-09,-7.246171507083993e-09,102.22205792215303,118.42213338661304
2026-06-17T11:37:00+00:00,-1.4804395685764498e-08,-7.499410106536265e-09,-7.304985579228233e-09,102.069696665471,118.36264607309738
2026-06-17T11:38:00+00:00,-1.4891963107274618e-08,-7.527476519821036e-09,-7.364486587453583e-09,101.91692914295326,118.3023807461494
2026-06-17T11:39:00+00:00,-1.4979947748135963e-08,-7.55527898655787e-09,-7.4246687615780915e-09,101.76375786429992,118.24133971020896
2026-06-17T11:40:00+00:00,-1.506833984934919e-08,-7.582813586587213e-09,-7.48552626276198e-09,101.61018532680875,118.17952529044335
2026-06-17T11:41:00+00:00,-1.515712959816408e-08,-7.610076414359594e-09,-7.547053183804485e-09,101.45621401566919,118.11693983250012
2026-06-17T11:42:00+00:00,-1.5246307129594246e-08,-7.637063579470735e-09,-7.609243550123508e-09,101.3018464028117,118.05358570157244
2026-06-17T11:43:00+00:00,-1.5335862526092953e-08,-7.663771206688147e-09,-7.672091319404807e-09,101.14708494862778,117.98946528281789
2026-06-17T11:44:00+00:00,-1.5425785879494945e-08,-7.690195454106685e-09,-7.73559042538826e-09,100.99193199666315,117.92458093665972
2026-06-17T11:45:00+00:00,-1.5516067050159527e-08,-7.716332442738973e-09,-7.799734607420555e-09,100.83639019033438,117.85893517309349
2026-06-17T11:46:00+00:00,-1.5606696029438204e-08,-7.742178363114995e-09,-7.864517666323209e-09,100.68046184897759,117.79253039032426
2026-06-17T11:47:00+00:00,-1.5697662700166842e-08,-7.767729404729678e-09,-7.929933295437162e-09,100.5241493826021,117.72536904742412
2026-06-17T11:48:00+00:00,-1.578895689660771e-08,-7.792981773894754e-09,-7.995975122712953e-09,100.36745518972893,117.65745362145127
2026-06-17T11:49:00+00:00,-1.5880568405949463e-08,-7.817931694254737e-09,-8.062636711694725e-09,100.21038165624974,117.58878660654197
2026-06-17T11:50:00+00:00,-1.5972486968973506e-08,-7.842575407061814e-09,-8.12991156191169e-09,100.05293115572765,117.51937051361446
2026-06-17T11:51:00+00:00,-1.6064702280628523e-08,-7.866909171452943e-09,-8.197793109175579e-09,99.89510604970386,117.4492078701745
2026-06-17T11:52:00+00:00,-1.6157203991610204e-08,-7.890929264949704e-09,-8.266274726660499e-09,99.73690868654516,117.37830121932168
2026-06-17T11:53:00+00:00,-1.6249981708068332e-08,-7.914631983505862e-09,-8.335349724562472e-09,99.57834140322326,117.30665312022525
2026-06-17T11:54:00+00:00,-1.6343024993195458e-08,-7.938013642007478e-09,-8.405011351187981e-09,99.41940652415587,117.23426614713335
2026-06-17T11:55:00+00:00,-1.643632343046079e-08,-7.961070589894365e-09,-8.475252840566422e-09,99.26010625458336,117.16114283990035
2026-06-17T11:56:00+00:00,-1.6529866373860315e-08,-7.983799149804759e-09,-8.546067224055555e-09,99.10044310842578,117.08728590034798
2026-06-17T11:57:00+00:00,-1.662364332486982e-08,-8.006195710831126e-09,-8.617447614038695e-09,98.94041926616798,117.01269789708685
2026-06-17T11:58:00+00:00,-1.6717643682111232e-08,-8.02825666651036e-09,-8.689387015600868e-09,98.78003700372913,116.93738146163493
2026-06-17T11:59:00+00:00,-1.6811856805354627e-08,-8.049978430875953e-09,-8.761878374478673e-09,98.61929858459459,116.86133923871067
2026-06-17T12:00:00+00:00,-1.690627201621281e-08,-8.071357438725033e-09,-8.834914577487777e-09,98.45820626013723,116.78457388596145
2026-06-17T12:01:00+00:00,-1.7000878598779242e-08,-8.092390145886308e-09,-8.908488452892934e-09,98.29676226995502,116.70708807375847
2026-06-17T12:02:00+00:00,-1.7095665801261797e-08,-8.113073029682977e-09,-8.982592771578821e-09,98.13496884069357,116.62888448415777
2026-06-17T12:03:00+00:00,-1.7190622835655482e-08,-8.133402589002786e-09,-9.057220246652694e-09,97.97282818787825,116.54996581151347
2026-06-17T12:04:00+00:00,-1.7285738879379517e-08,-8.153375344757639e-09,-9.13236353462188e-09,97.81034251475151,116.47033476144551
2026-06-17T12:05:00+00:00,-1.73810030759285e-08,-8.172987840146269e-09,-9.208015235782232e-09,97.64751401260307,116.38999405064114
2026-06-17T12:06:00+00:00,-1.7476404599599973e-08,-8.192236653704237e-09,-9.284167945895735e-09,97.4843447515728,116.30894635202178
2026-06-17T12:07:00+00:00,-1.7571932401057268e-08,-8.21111834835603e-09,-9.360814052701239e-09,97.32083711738017,116.22719451165852
2026-06-17T12:08:00+00:00,-1.7667575590964667e-08,-8.229629548948597e-09,-9.437946042016073e-09,97.15699315666255,116.14474122323747
2026-06-17T12:09:00+00:00,-1.7763323185769835e-08,-8.247766890811313e-09,-9.51555629495852e-09,96.99281501325262,116.06158924399685
2026-06-17T12:10:00+00:00,-1.7859164172354053e-08,-8.265527033043845e-09,-9.593637139310208e-09,96.82830481921211,115.97774134037407
2026-06-17T12:11:00+00:00,-1.795508750865651e-08,-8.282906658776128e-09,-9.672180849880383e-09,96.6634646951746,115.89320028787725
2026-06-17T12:12:00+00:00,-1.8051082125344383e-08,-8.299902475586257e-09,-9.751179649758123e-09,96.49829674916437,115.80796887001226
2026-06-17T12:13:00+00:00,-1.8147136925532438e-08,-8.316511215594873e-09,-9.830625709937565e-09,96.33280307847447,115.72204987896319
2026-06-17T12:14:00+00:00,-1.8243240786458372e-08,-8.332729635881456e-09,-9.910511150576918e-09,96.1669857684837,115.63544611452652
2026-06-17T12:15:00+00:00,-1.8339382560115593e-08,-8.348554518736628e-09,-9.990828041378967e-09,96.00084689300054,115.54816038399332
2026-06-17T12:16:00+00:00,-1.8435551073983983e-08,-8.363982671915705e-09,-1.0071568402068276e-08,95.83438851462451,115.46019550193931
2026-06-17T12:17:00+00:00,-1.8531735197158583e-08,-8.379010938977032e-09,-1.015272425818155e-08,95.66761257160309,115.37155422953238
2026-06-17T12:18:00+00:00,-1.862792358212277e-08,-8.393636159345954e-09,-1.0234287422776815e-08,95.50052132729299,115.28223951342672
2026-06-17T12:19:00+00:00,-1.8724105053349245e-08,-8.407855229175979e-09,-1.0316249824173265e-08,95.33311669795272,115.19225412813375
2026-06-17T12:20:00+00:00,-1.882026835004174e-08,-8.42166506101437e-09,-1.039860328902737e-08,95.16540070022374,115.10160091313904
2026-06-17T12:21:00+00:00,-1.8916402191312302e-08,-8.435062594262076e-09,-1.0481339597050228e-08,94.99737533976943,115.01028271356077
2026-06-17T12:22:00+00:00,-1.9012495277875522e-08,-8.44804479554441e-09,-1.0564450482331112e-08,94.82904261006607,114.91830237905174
2026-06-17T12:23:00+00:00,-1.910853629174406e-08,-8.460608658830741e-09,-1.0647927632913324e-08,94.66040449432538,114.82566276463072
2026-06-17T12:24:00+00:00,-1.9204513897924294e-08,-8.472751205801814e-09,-1.0731762692122481e-08,94.49146296429934,114.73236672959459
2026-06-17T12:25:00+00:00,-1.93004167451061e-08,-8.484469486089867e-09,-1.0815947259016234e-08,94.32221998063889,114.63841713740298
2026-06-17T12:26:00+00:00,-1.939623346641231e-08,-8.49576057752141e-09,-1.0900472888890897e-08,94.15267749325584,114.54381685551158
2026-06-17T12:27:00+00:00,-1.9491952680998252e-08,-8.506621586461134e-09,-1.0985331094537119e-08,93.98283744011748,114.44856875437185
2026-06-17T12:28:00+00:00,-1.958756299385637e-08,-8.517049647944934e-09,-1.1070513345911436e-08,93.81270174918859,114.35267570821141
2026-06-17T12:29:00+00:00,-1.9683053061450783e-08,-8.527041932575884e-09,-1.1156011128874903e-08,93.64227222283189,114.25614052905019
2026-06-17T12:30:00+00:00,-1.9778411336412514e-08,-8.536595620246338e-09,-1.1241815716166176e-08,93.47155099552886,114.158966225918
2026-06-17T12:31:00+00:00,-1.987362645241671e-08,-8.545707940581258e-09,-1.1327918511835452e-08,93.30053984851804,114.06115561640317
2026-06-17T12:32:00+00:00,-1.9968686969655297e-08,-8.554376146158193e-09,-1.1414310823497106e-08,93.12924066553464,113.96271158405058
2026-06-17T12:33:00+00:00,-2.006358143866982e-08,-8.56259751950099e-09,-1.1500983919168828e-08,92.95765532058088,113.86363701474116
2026-06-17T12:34:00+00:00,-2.0158298402054627e-08,-8.570369373394457e-09,-1.1587929028660175e-08,92.78578567670979,113.76393479558568
2026-06-17T12:35:00+00:00,-2.0252826395118288e-08,-8.577689051110981e-09,-1.1675137344007303e-08,92.61363358639186,113.66360781490299
2026-06-17T12:36:00+00:00,-2.0347153946646466e-08,-8.584553926639326e-09,-1.1762600020007142e-08,92.44120089189951,113.56265896209914
2026-06-17T12:37:00+00:00,-2.0441269580540868e-08,-8.590961404974426e-09,-1.1850308175566437e-08,92.26848942407322,113.46109112661176
2026-06-17T12:38:00+00:00,-2.0535161815649427e-08,-8.596908922277742e-09,-1.1938252893371683e-08,92.09550100429976,113.35890719879771
2026-06-17T12:39:00+00:00,-2.0628819167366372e-08,-8.602393946163687e-09,-1.2026425221202687e-08,91.9222374432923,113.25611006893229
2026-06-17T12:40:00+00:00,-2.0722230210953366e-08,-8.607413979128753e-09,-1.2114816231824612e-08,91.74870042500139,113.1527025575531
2026-06-17T12:41:00+00:00,-2.081538333185038e-08,-8.611966545619792e-09,-1.220341678623059e-08,91.57489197265774,113.04868769321557
2026-06-17T12:42:00+00:00,-2.0908267103221672e-08,-8.616049212495e-09,-1.2292217890726672e-08,91.40081374931746,112.94406829529825
2026-06-17T12:43:00+00:00,-2.1000870034965764e-08,-8.619659575419378e-09,-1.2381210459546383e-08,91.22646752515135,112.8388472520256
2026-06-17T12:44:00+00:00,-2.1093180638132782e-08,-8.622795262644757e-09,-1.2470385375488028e-08,91.0518550599386,112.73302745021061
2026-06-17T12:45:00+00:00,-2.1185187425633924e-08,-8.625453935221405e-09,-1.2559733490412519e-08,90.87697810344365,112.62661177523879
2026-06-17T12:46:00+00:00,-2.127687891301427e-08,-8.627633287212494e-09,-1.2649245625801775e-08,90.70183839579693,112.51960311099378
2026-06-17T12:47:00+00:00,-2.1368243620034127e-08,-8.629331045924878e-09,-1.2738912574109251e-08,90.52643766625566,112.41200433883974
2026-06-17T12:48:00+00:00,-2.1459270070531928e-08,-8.630544972097886e-09,-1.2828725098434043e-08,90.35077763521585,112.30381833861448
2026-06-17T12:49:00+00:00,-2.15499467940463e-08,-8.631272860131118e-09,-1.291867393391518e-08,90.17486001296268,112.19504798757644
2026-06-17T12:50:00+00:00,-2.1640262326588374e-08,-8.63151253828795e-09,-1.3008749788300426e-08,89.99868650006351,112.08569616034296
2026-06-17T12:51:00+00:00,-2.1730205271504446e-08,-8.631261868569152e-09,-1.3098943402935294e-08,89.82225866935784,111.97576565504511
2026-06-17T12:52:00+00:00,-2.1819764060132967e-08,-8.630518747914086e-09,-1.3189245312218877e-08,89.64557843810503,111.86525948745138
2026-06-17T12:53:00+00:00,-2.1908927313525405e-08,-8.62928110739761e-09,-1.3279646206127794e-08,89.4686473601673,111.75418044977191
2026-06-17T12:54:00+00:00,-2.199768360259669e-08,-8.627546912768903e-09,-1.337013668982779e-08,89.29146709781877,111.64253140401664
2026-06-17T12:55:00+00:00,-2.2086021509239474e-08,-8.625314164643426e-09,-1.3460707344596045e-08,89.11403930390571,111.53031520855178
2026-06-17T12:56:00+00:00,-2.2173929627100447e-08,-8.622580898701197e-09,-1.3551348728399252e-08,88.9363656222459,111.41753471807372
2026-06-17T12:57:00+00:00,-2.226139656317129e-08,-8.619345185855734e-09,-1.3642051377315557e-08,88.75844768636074,111.30419278253724
2026-06-17T12:58:00+00:00,-2.2348410937688042e-08,-8.615605132471915e-09,-1.3732805805216127e-08,88.58028712151719,111.19029224825306
2026-06-17T12:59:00+00:00,-2.2434961385682135e-08,-8.61135888053163e-09,-1.3823602505150506e-08,88.40188554347337,111.07583595687377
2026-06-17T13:00:00+00:00,-2.2521036557753112e-08,-8.606604607820518e-09,-1.3914431949932597e-08,88.22324455886552,110.96082674538069
2026-06-17T13:01:00+00:00,-2.2606625120786546e-08,-8.6013405281177e-09,-1.4005284592668849e-08,88.04436576559856,110.84526744615138
2026-06-17T13:02:00+00:00,-2.2691715816472357e-08,-8.595564887287731e-09,-1.4096150929184626e-08,87.86525063139311,110.72916080777249
2026-06-17T13:03:00+00:00,-2.277629723321752e-08,-8.589275979348303e-09,-1.4187021253869216e-08,87.68590097643819,110.61250980811167
2026-06-17T13:04:00+00:00,-2.2860358150150085e-08,-8.582472123367176e-09,-1.427788602678291e-08,87.50631825146088,110.4953171860201
2026-06-17T13:05:00+00:00,-2.2943887309245122e-08,-8.57515167878783e-09,-1.4368735630457291e-08,87.32650401840384,110.37758575248866
2026-06-17T13:06:00+00:00,-2.3026873473330208e-08,-8.567313041909068e-09,-1.4459560431421138e-08,87.14645983078618,110.2593183129896
2026-06-17T13:07:00+00:00,-2.3109305427588373e-08,-8.558954645989083e-09,-1.4550350781599292e-08,86.96618723243124,110.14051766644964
2026-06-17T13:08:00+00:00,-2.3191171979504004e-08,-8.550074961493389e-09,-1.4641097018010612e-08,86.78568775953578,110.02118660644379
2026-06-17T13:09:00+00:00,-2.3272461960403867e-08,-8.54067249619481e-09,-1.4731789464209056e-08,86.60496293938674,109.90132792012889
2026-06-17T13:10:00+00:00,-2.3353164226226757e-08,-8.530745795342802e-09,-1.4822418430883956e-08,86.42401429076615,109.78094438827472
2026-06-17T13:11:00+00:00,-2.3433267658200522e-08,-8.520293441835259e-09,-1.4912974216365263e-08,86.24284332434503,109.66003878542688
2026-06-17T13:12:00+00:00,-2.3512761164413248e-08,-8.509314056288945e-09,-1.5003447108124304e-08,86.06145154139723,109.53861387875449
2026-06-17T13:13:00+00:00,-2.3591633679724752e-08,-8.497806297302392e-09,-1.5093827382422356e-08,85.87984043588084,109.41667242936583
2026-06-17T13:14:00+00:00,-2.3669874219589747e-08,-8.485768853273187e-09,-1.5184105366316556e-08,85.69801137115644,109.29421710887516
2026-06-17T13:15:00+00:00,-2.3747471671280422e-08,-8.473200475200255e-09,-1.5274271196080165e-08,85.51596606824545,109.17125082839178
2026-06-17T13:16:00+00:00,-2.3824415109472674e-08,-8.460099928416096e-09,-1.5364315181056584e-08,85.3337058746536,109.0477762458772
2026-06-17T13:17:00+00:00,-2.390069358742388e-08,-8.446466024554846e-09,-1.545422756286904e-08,85.15123225064956,108.92379609318927
2026-06-17T13:18:00+00:00,-2.397629618964925e-08,-8.432297613936173e-09,-1.5543998575713077e-08,84.96854664950152,108.7993130954237
2026-06-17T13:19:00+00:00,-2.4051212033362755e-08,-8.417593585598374e-09,-1.563361844776438e-08,84.78565051619003,108.67432996989052
2026-06-17T13:20:00+00:00,-2.4125430269237172e-08,-8.402352867448213e-09,-1.5723077401788956e-08,84.6025452878049,108.54884942618851
2026-06-17T13:21:00+00:00,-2.4198940082114803e-08,-8.386574426413752e-09,-1.581236565570105e-08,84.41923239394468,108.4228741663605
2026-06-17T13:22:00+00:00,-2.427173069250622e-08,-8.370257268446854e-09,-1.5901473424059362e-08,84.23571325542079,108.29640688373489
2026-06-17T13:23:00+00:00,-2.4343791356520673e-08,-8.353400438816637e-09,-1.5990390917704038e-08,84.05198928636433,108.16945026438113
2026-06-17T13:24:00+00:00,-2.44151113673624e-08,-8.336003022106928e-09,-1.6079108345255473e-08,83.86806189291785,108.04200698595824
2026-06-17T13:25:00+00:00,-2.4485680103099288e-08,-8.318064130146458e-09,-1.6167615972952828e-08,83.68393235010794,107.91407963193518
2026-06-17T13:26:00+00:00,-2.4555486838634635e-08,-8.299582950632097e-09,-1.6255903888002537e-08,83.49960229626964,107.78567103516244
2026-06-17T13:27:00+00:00,-2.4624521031019604e-08,-8.280558674920712e-09,-1.634396235609889e-08,83.31507299090082,107.65678376211405
2026-06-17T13:28:00+00:00,-2.4692772129703814e-08,-8.260990546092002e-09,-1.6431781583611813e-08,83.13034581054086,107.52742045708332
2026-06-17T13:29:00+00:00,-2.476022962551023e-08,-8.24087784706302e-09,-1.6519351778447204e-08,82.94542212404862,107.39758375547854
2026-06-17T13:30:00+00:00,-2.48268830513838e-08,-8.220219900719676e-09,-1.6606663150664126e-08,82.76030329301659,107.26727628393469
2026-06-17T13:31:00+00:00,-2.4892721983054273e-08,-8.199016070049621e-09,-1.6693705913004653e-08,82.57499067217262,107.13650066056067
2026-06-17T13:32:00+00:00,-2.4957736040449164e-08,-8.177265758074109e-09,-1.6780470282375052e-08,82.38948560806311,107.00525949377091
2026-06-17T13:33:00+00:00,-2.502191488772232e-08,-8.154968408171774e-09,-1.6866946479550546e-08,82.20378944118076,106.87355538377656
2026-06-17T13:34:00+00:00,-2.5085248234664098e-08,-8.132123504007203e-09,-1.6953124730656893e-08,82.01790350465461,106.74139092142411
2026-06-17T13:35:00+00:00,-2.5147725837351436e-08,-8.108730569650772e-09,-1.7038995267700666e-08,81.83182912465277,106.60876868845311
2026-06-17T13:36:00+00:00,-2.5209337539908673e-08,-8.084789153462946e-09,-1.7124548386445724e-08,81.64556749582088,106.4756911682543
2026-06-17T13:37:00+00:00,-2.5270073111177194e-08,-8.060298892577869e-09,-1.7209774218599326e-08,81.45912017970595,106.34216110197644
2026-06-17T13:38:00+00:00,-2.532992249265026e-08,-8.035259416914142e-09,-1.729466307573612e-08,81.27248835746578,106.2081809546635
2026-06-17T13:39:00+00:00,-2.5388875633979547e-08,-8.009670412918443e-09,-1.7379205221061103e-08,81.0856733280432,106.07375327074763
2026-06-17T13:40:00+00:00,-2.5446922535261316e-08,-7.983531607804441e-09,-1.7463390927456877e-08,80.89867638372935,105.93888058518444
2026-06-17T13:41:00+00:00,-2.550405324777274e-08,-7.956842769665432e-09,-1.7547210478107306e-08,80.7114988105702,105.80356542360698
2026-06-17T13:42:00+00:00,-2.556025787519782e-08,-7.929603707335572e-09,-1.7630654167862253e-08,80.52414188704182,105.66781030127787
2026-06-17T13:43:00+00:00,-2.5615526573775903e-08,-7.90181427074442e-09,-1.771371230303148e-08,80.33660688620004,105.53161772458039
2026-06-17T13:44:00+00:00,-2.566984955356524e-08,-7.873474350772104e-09,-1.7796375202793137e-08,80.14889507434339,105.39499018991164
2026-06-17T13:45:00+00:00,-2.5723217079121905e-08,-7.844583879350526e-09,-1.7878633199771384e-08,79.96100771143222,105.2579301839111
2026-06-17T13:46:00+00:00,-2.5775619470226717e-08,-7.81514282956555e-09,-1.7960476640661168e-08,79.77294605149666,105.12044018362879
2026-06-17T13:47:00+00:00,-2.582704713721348e-08,-7.785151195183908e-09,-1.8041895942029575e-08,79.58471121500784,104.98252256284499
2026-06-17T13:48:00+00:00,-2.587749044385053e-08,-7.754609071841432e-09,-1.81228813720091e-08,79.39630469607336,104.84417996384079
2026-06-17T13:49:00+00:00,-2.5926939915513468e-08,-7.723516536191145e-09,-1.8203423379322318e-08,79.20772760373222,104.70541474131633
2026-06-17T13:50:00+00:00,-2.5975386101202084e-08,-7.691873726070109e-09,-1.8283512375131976e-08,79.01898116715421,104.56622933235795
2026-06-17T13:51:00+00:00,-2.602281960907246e-08,-7.659680820665964e-09,-1.83631387884065e-08,78.83006660989363,104.4266261642803
2026-06-17T13:52:00+00:00,-2.606923110758412e-08,-7.626938040304105e-09,-1.844229306728002e-08,78.6409851485385,104.28660765351532
2026-06-17T13:53:00+00:00,-2.6114611325717617e-08,-7.59364564683237e-09,-1.852096567888525e-08,78.45173799487972,104.14617620717488
2026-06-17T13:54:00+00:00,-2.6158951054087028e-08,-7.559803943406218e-09,-1.8599147110680813e-08,78.2623263545742,104.00533422199918
2026-06-17T13:55:00+00:00,-2.6202241145635843e-08,-7.5254132745668e-09,-1.8676827871069043e-08,78.07275142755378,103.86408408454818
2026-06-17T13:56:00+00:00,-2.6244472516300206e-08,-7.490474026321911e-09,-1.875399848997829e-08,77.88301440843635,103.72242817146582
2026-06-17T13:57:00+00:00,-2.6285636146104655e-08,-7.454986625899419e-09,-1.883064952020524e-08,77.69311648518257,103.58036884835141
2026-06-17T13:58:00+00:00,-2.632572307941767e-08,-7.418951542146799e-09,-1.8906771537270873e-08,77.50305884127357,103.43790847135395
2026-06-17T13:59:00+00:00,-2.63647244517891e-08,-7.382369260563063e-09,-1.8982355191226037e-08,77.31284252674672,103.29504929018327
2026-06-17T14:00:00+00:00,-2.640263138673833e-08,-7.345240381861548e-09,-1.905739100487678e-08,77.12246896894963,103.15179383179402
2026-06-17T14:01:00+00:00,-2.6439435153368728e-08,-7.307565474849779e-09,-1.913186967851895e-08,76.93193920761077,103.00814432580839
2026-06-17T14:02:00+00:00,-2.6475127062009364e-08,-7.26934517390632e-09,-1.920578188810304e-08,76.74125440360883,102.86410308638266
2026-06-17T14:03:00+00:00,-2.6509698491028573e-08,-7.230580155047009e-09,-1.9279118335981562e-08,76.55041571365679,102.71967241816677
2026-06-17T14:04:00+00:00,-2.6543140887850062e-08,-7.191271135635451e-09,-1.935186975221461e-08,76.35942428894039,102.57485461518819
2026-06-17T14:05:00+00:00,-2.65754457696229e-08,-7.1514188744423865e-09,-1.9424026895180518e-08,76.16828127554379,102.42965196106846
2026-06-17T14:06:00+00:00,-2.6606604723888625e-08,-7.111024171629513e-09,-1.9495580552259112e-08,75.97698781450714,102.28406672909384
2026-06-17T14:07:00+00:00,-2.6636609409254265e-08,-7.07008786880684e-09,-1.9566521540447422e-08,75.78554504224107,102.13810118243971
2026-06-17T14:08:00+00:00,-2.6665451556342326e-08,-7.028610848706933e-09,-1.9636840707635393e-08,75.5939540891708,101.99175757302861
2026-06-17T14:09:00+00:00,-2.6693122968095947e-08,-6.986594035616564e-09,-1.9706528932479382e-08,75.4022160819326,101.845038143261
2026-06-17T14:10:00+00:00,-2.6719615538127e-08,-6.9440383663278974e-09,-1.97755771717991e-08,75.21033201328991,101.69794502604456
2026-06-17T14:11:00+00:00,-2.6744921181019908e-08,-6.900944904691499e-09,-1.984397627632841e-08,75.01830325733991,101.55048063996712
2026-06-17T14:12:00+00:00,-2.6769031939589263e-08,-6.857314670443082e-09,-1.9911717269146177e-08,74.82613079790018,101.40264709771068
2026-06-17T14:13:00+00:00,-2.67919399139216e-08,-6.813148752624974e-09,-1.9978791161296625e-08,74.63381574172557,101.25444659915394
2026-06-17T14:14:00+00:00,-2.681363727985406e-08,-6.7684482816791575e-09,-2.00451889981749e-08,74.44135919210412,101.10588133468625
2026-06-17T14:15:00+00:00,-2.6834116289879786e-08,-6.723214429078619e-09,-2.0110901860801162e-08,74.2487622474837,100.95695348399397
2026-06-17T14:16:00+00:00,-2.6853369273739228e-08,-6.677448407360278e-09,-2.017592086637895e-08,74.05602600188817,100.80766521638424
2026-06-17T14:17:00+00:00,-2.687138863906488e-08,-6.631151470163932e-09,-2.0240237168900945e-08,73.86315154534846,100.65801869102835
2026-06-17T14:18:00+00:00,-2.6888166872150458e-08,-6.58432491183237e-09,-2.030384196031809e-08,73.67013996252426,100.50801605587625
2026-06-17T14:19:00+00:00,-2.6903696538375375e-08,-6.536970067871476e-09,-2.0366726470503898e-08,73.47699233491804,100.35765944937367
2026-06-17T14:20:00+00:00,-2.691797028300422e-08,-6.4890883145491634e-09,-2.0428881968455056e-08,73.28370973951027,100.20695099931046
2026-06-17T14:21:00+00:00,-2.6930980840070242e-08,-6.440681036280894e-09,-2.0490299803789347e-08,73.0902931194319,100.05589272172476
2026-06-17T14:22:00+00:00,-2.69427209989446e-08,-6.39174975585117e-09,-2.0550971243093424e-08,72.89674380327958,99.90448692658286
2026-06-17T14:23:00+00:00,-2.6953183657392794e-08,-6.3422959392145565e-09,-2.0610887718178234e-08,72.70306272553752,99.7527356088979
2026-06-17T14:24:00+00:00,-2.696236178628107e-08,-6.2923211254604745e-09,-2.06700406608206e-08,72.50925094750956,99.60064085544434
2026-06-17T14:25:00+00:00,-2.6970248439473194e-08,-6.241826894092588e-09,-2.0728421545380606e-08,72.31530952629527,99.44820474236306
2026-06-17T14:26:00+00:00,-2.697683675436704e-08,-6.1908148650403285e-09,-2.0786021889326714e-08,72.12123951520998,99.29542933555844
2026-06-17T14:27:00+00:00,-2.6982119952500554e-08,-6.139286698673159e-09,-2.0842833253827392e-08,71.92704196420648,99.14231669096148
2026-06-17T14:28:00+00:00,-2.6986091340196907e-08,-6.0872440953338835e-09,-2.0898847244863026e-08,71.73271791850131,98.98886885337375
2026-06-17T14:29:00+00:00,-2.698874430907399e-08,-6.034688795825905e-09,-2.0954055513248085e-08,71.5382684208043,98.83508785823538
2026-06-17T14:30:00+00:00,-2.6990072336658587e-08,-5.981622580940689e-09,-2.1008449755717898e-08,71.34369450993957,98.68097573052754
2026-06-17T14:31:00+00:00,-2.699006898696392e-08,-5.9280472714583054e-09,-2.1062021715505615e-08,71.1489972212664,98.52653448503943
2026-06-17T14:32:00+00:00,-2.6988727909698126e-08,-5.873964691718712e-09,-2.111476321797941e-08,70.9541774564349,98.37176602282811
2026-06-17T14:33:00+00:00,-2.6986042845347528e-08,-5.819376814522471e-09,-2.116666603082506e-08,70.7592365046399,98.21667254533315
2026-06-17T14:34:00+00:00,-2.698200762029431e-08,-5.764285544033141e-09,-2.1217722076261168e-08,70.56417526101892,98.06125593359181
2026-06-17T14:35:00+00:00,-2.6976616150096294e-08,-5.708692859996869e-09,-2.1267923290099425e-08,70.36899474775116,97.90551816191956
2026-06-17T14:36:00+00:00,-2.6969862439563653e-08,-5.652600781635724e-09,-2.1317261657927927e-08,70.17369598388034,97.74946119459149
2026-06-17T14:37:00+00:00,-2.696174058332886e-08,-5.596011367644665e-09,-2.136572921568419e-08,69.97827998575494,97.59308698612134
2026-06-17T14:38:00+00:00,-2.695224476630438e-08,-5.538926715652959e-09,-2.1413318050651425e-08,69.78274776563414,97.43639748014566
2026-06-17T14:39:00+00:00,-2.6941369264282877e-08,-5.481348962737698e-09,-2.146002030154518e-08,69.58710033393474,97.27939461123786
2026-06-17T14:40:00+00:00,-2.6929108444411447e-08,-5.42328028488497e-09,-2.1505828159526472e-08,69.39133869785188,97.12208030373979
2026-06-17T14:41:00+00:00,-2.6915456765728322e-08,-5.3647228969699495e-09,-2.1550733868758376e-08,69.1954638617865,96.96445647204273
2026-06-17T14:42:00+00:00,-2.690040877966179e-08,-5.305679052739218e-09,-2.1594729726922572e-08,68.99947682777406,96.80652502101276
2026-06-17T14:43:00+00:00,-2.6883959130455132e-08,-5.246151044242978e-09,-2.163780808621215e-08,68.80337859410166,96.64828784472711
2026-06-17T14:44:00+00:00,-2.6866102543337754e-08,-5.18614116195858e-09,-2.1679961381379172e-08,68.60717002595264,96.48974672197778
2026-06-17T14:45:00+00:00,-2.684683387377602e-08,-5.1256518555037824e-09,-2.1721182018272236e-08,68.41085238037999,96.33090374047502
2026-06-17T14:46:00+00:00,-2.682614803610994e-08,-5.064685492159269e-09,-2.1761462543950666e-08,68.21442651730688,96.17176065938156
2026-06-17T14:47:00+00:00,-2.680404005102702e-08,-5.003244517485357e-09,-2.180079553354166e-08,68.01789342618007,96.01231933466417
2026-06-17T14:48:00+00:00,-2.678050503436617e-08,-4.94133141463721e-09,-2.183917361972896e-08,67.8212540930342,95.85258161169119
2026-06-17T14:49:00+00:00,-2.6755538197813626e-08,-4.878948704907206e-09,-2.187658949290642e-08,67.6245095027689,95.69254932708922
2026-06-17T14:50:00+00:00,-2.6729134849184418e-08,-4.816098947116273e-09,-2.1913035902068146e-08,67.42766063775096,95.53222430761453
2026-06-17T14:51:00+00:00,-2.6701290392916282e-08,-4.752784737573312e-09,-2.194850565534297e-08,67.23070847824778,95.37160837044621
2026-06-17T14:52:00+00:00,-2.6672000330553822e-08,-4.689008710041288e-09,-2.1982991620512537e-08,67.03365400287576,95.21070332356857
2026-06-17T14:53:00+00:00,-2.664126026098753e-08,-4.624773535100862e-09,-2.2016486725886668e-08,66.83649818720025,95.04951096448957
2026-06-17T14:54:00+00:00,-2.66090658811556e-08,-4.5600819206999066e-09,-2.2048983960455697e-08,66.63924200600651,94.8880330822594
2026-06-17T14:55:00+00:00,-2.6575412963223068e-08,-4.494936567681219e-09,-2.208047639554185e-08,66.44188629953989,94.72627134762088
2026-06-17T14:56:00+00:00,-2.6540297446273734e-08,-4.429340344774991e-09,-2.2110957101498745e-08,66.24443230337378,94.56422774748587
2026-06-17T14:57:00+00:00,-2.6503715301398677e-08,-4.363296026441246e-09,-2.214041927495743e-08,66.04688085480431,94.40190393438279
2026-06-17T14:58:00+00:00,-2.6465662621094755e-08,-4.296806466641064e-09,-2.2168856154453694e-08,65.84923292075491,94.23930165902293
2026-06-17T14:59:00+00:00,-2.6426135597974233e-08,-4.2298745558638836e-09,-2.219626104211035e-08,65.65148946774605,94.07642266381404
2026-06-17T15:00:00+00:00,-2.638513052488733e-08,-4.162503220460542e-09,-2.2222627304426785e-08,65.4536514605091,93.91326868165872
2026-06-17T15:01:00+00:00,-2.6342643795369468e-08,-4.094695422582861e-09,-2.224794837278661e-08,65.25571986242706,93.74984143625731
2026-06-17T15:02:00+00:00,-2.6298671904068623e-08,-4.026454160125271e-09,-2.227221774394335e-08,65.0576956359765,93.58614264255822
2026-06-17T15:03:00+00:00,-2.6253211446801874e-08,-3.957782466031655e-09,-2.229542898077022e-08,64.85957974133983,93.42217400546005
2026-06-17T15:04:00+00:00,-2.620625912137304e-08,-3.8886834088666235e-09,-2.2317575712506422e-08,64.66137313869281,93.25793722180939
2026-06-17T15:05:00+00:00,-2.6157811727614253e-08,-3.819160092113862e-09,-2.2338651635500395e-08,64.46307678680492,93.09343397910452
2026-06-17T15:06:00+00:00,-2.6107866133793005e-08,-3.7492156070667564e-09,-2.2358650526726247e-08,64.26469151043463,92.92866584536736
2026-06-17T15:07:00+00:00,-2.6056419412020053e-08,-3.6788532206569463e-09,-2.2377566191363104e-08,64.06621853296946,92.763634711597
2026-06-17T15:08:00+00:00,-2.6003468637238697e-08,-3.6080760933030033e-09,-2.2395392543935692e-08,63.86765867682261,92.59834212760104
2026-06-17T15:09:00+00:00,-2.594901102107457e-08,-3.5368874668308426e-09,-2.2412123554243732e-08,63.669012897818675,92.43278974571236
2026-06-17T15:10:00+00:00,-2.589304387876903e-08,-3.465290616979979e-09,-2.2427753261789053e-08,63.47028215079011,92.2669792092262
2026-06-17T15:11:00+00:00,-2.5835564629579248e-08,-3.3932888533238764e-09,-2.2442275776255372e-08,63.271467390026544,92.10091215271163
2026-06-17T15:12:00+00:00,-2.5776570797179902e-08,-3.3208855191973023e-09,-2.2455685277982603e-08,63.072569569740054,91.93459020241433
2026-06-17T15:13:00+00:00,-2.5716060009521047e-08,-3.248083990940727e-09,-2.246797601858032e-08,62.87358964266486,91.76801497493987
2026-06-17T15:14:00+00:00,-2.5654029999740373e-08,-3.1748876784912453e-09,-2.247914232124913e-08,62.67452856236253,91.60118807934445
2026-06-17T15:15:00+00:00,-2.559047860601682e-08,-3.101300024628257e-09,-2.2489178581388566e-08,62.47538728183745,91.43411111582132
2026-06-17T15:16:00+00:00,-2.5525403771935626e-08,-3.0273245048847915e-09,-2.2498079267050833e-08,62.27616675399197,91.26678567610303
2026-06-17T15:17:00+00:00,-2.5458803501699438e-08,-2.9529645774679305e-09,-2.25058389242315e-08,62.07686779841058,91.09921323132558
2026-06-17T15:18:00+00:00,-2.5390676039544896e-08,-2.8782238821970446e-09,-2.251245215734785e-08,61.87749163461373,90.93139558050352
2026-06-17T15:19:00+00:00,-2.5321019602757187e-08,-2.803105941911398e-09,-2.251791366084579e-08,61.678039082487544,90.76333417825825
2026-06-17T15:20:00+00:00,-2.5249832559036352e-08,-2.7276143608915144e-09,-2.252221819814484e-08,61.47851109543526,90.59503058290514
2026-06-17T15:21:00+00:00,-2.5177113382697288e-08,-2.6517527750256882e-09,-2.25253606076716e-08,61.278908627218414,90.42648634448358
2026-06-17T15:22:00+00:00,-2.5102860655018507e-08,-2.5755248517138116e-09,-2.2527335803304697e-08,61.0792326324192,90.25770300522497
2026-06-17T15:23:00+00:00,-2.5027073063907994e-08,-2.4989342890631965e-09,-2.2528138774844802e-08,60.879484065058485,90.08868209822056
2026-06-17T15:24:00+00:00,-2.494974940492594e-08,-2.4219848164966137e-09,-2.252776458842933e-08,60.67966388091878,89.91942514948424
2026-06-17T15:25:00+00:00,-2.4870888580937192e-08,-2.3446801939423867e-09,-2.25262083869948e-08,60.47977303615896,89.7499336766217
2026-06-17T15:26:00+00:00,-2.4790489602428003e-08,-2.2670242117272042e-09,-2.2523465390700798e-08,60.2798124877797,89.58020918929914
2026-06-17T15:27:00+00:00,-2.4708551587845887e-08,-2.1890206904766404e-09,-2.2519530897369248e-08,60.07978319410704,89.41025318956774
2026-06-17T15:28:00+00:00,-2.4625073763156864e-08,-2.1106734802805043e-09,-2.251440028287636e-08,59.87968611339996,89.24006717061152
2026-06-17T15:29:00+00:00,-2.454005540539388e-08,-2.031986408430251e-09,-2.2508068996963626e-08,59.67952207193709,89.06965250438257
2026-06-17T15:30:00+00:00,-2.4453496071289747e-08,-1.9529634898795438e-09,-2.2500532581410205e-08,59.479292299592565,88.89901089767352
2026-06-17T15:31:00+00:00,-2.4365395255503465e-08,-1.873608610525993e-09,-2.2491786644977475e-08,59.27899762494483,88.7281437067738
2026-06-17T15:32:00+00:00,-2.4275752617947016e-08,-1.7939257379432428e-09,-2.248182688000377e-08,59.07863901262997,88.5570523948448
2026-06-17T15:33:00+00:00,-2.4184567926749447e-08,-1.7139188678697216e-09,-2.2470649058879722e-08,58.878217427750194,88.3857384163704
2026-06-17T15:34:00+00:00,-2.4091841059384183e-08,-1.6335920248325083e-09,-2.2458249034551677e-08,58.67773383821999,88.21420321930616
2026-06-17T15:35:00+00:00,-2.399757200212427e-08,-1.5529492612908978e-09,-2.2444622740833375e-08,58.477189213395796,88.04244824373302
2026-06-17T15:36:00+00:00,-2.3901760850316584e-08,-1.471994657513292e-09,-2.2429766192803292e-08,58.27658452455907,87.87047492227362
2026-06-17T15:37:00+00:00,-2.380440780866308e-08,-1.3907323214556784e-09,-2.24136754872074e-08,58.075920745402186,87.69828468042071
2026-06-17T15:38:00+00:00,-2.3705513190590987e-08,-1.3091663878855998e-09,-2.239634680270539e-08,57.87519885066054,87.52587893533021
2026-06-17T15:39:00+00:00,-2.3605077419427346e-08,-1.22730101901272e-09,-2.2377776400414628e-08,57.67441981847041,87.35325909783633
2026-06-17T15:40:00+00:00,-2.350310095885206e-08,-1.1451403484107637e-09,-2.2357960610441297e-08,57.473584494296404,87.18042645521466
2026-06-17T15:41:00+00:00,-2.3399584587716518e-08,-1.0626887014729564e-09,-2.2336895886243565e-08,57.272694130182636,87.00738263525236
2026-06-17T15:42:00+00:00,-2.3294528990004224e-08,-9.79950264702705e-10,-2.2314578725301514e-08,57.071749577181265,86.83412891133109
2026-06-17T15:43:00+00:00,-2.3187935026596608e-08,-8.969293050036812e-10,-2.2291005721592922e-08,56.87075182266198,86.66066666451961
2026-06-17T15:44:00+00:00,-2.3079803668634913e-08,-8.136301153189706e-10,-2.226617355331594e-08,56.669701858023714,86.48699726986172
2026-06-17T15:45:00+00:00,-2.297013599676975e-08,-7.300570137281646e-10,-2.224007898304158e-08,56.4686006773323,86.31312209501348
2026-06-17T15:46:00+00:00,-2.285893320139413e-08,-6.462143433083923e-10,-2.2212718858085733e-08,56.26744927782232,86.13904250072422
2026-06-17T15:47:00+00:00,-2.2746196582878354e-08,-5.621064720028788e-10,-2.2184090110875475e-08,56.0662486604173,85.96475984117089
2026-06-17T15:48:00+00:00,-2.263192755073631e-08,-4.77737791697621e-10,-2.2154189759038686e-08,55.86499982836397,85.79027546267588
2026-06-17T15:49:00+00:00,-2.2516127624895154e-08,-3.9311271886341974e-10,-2.2123014906031737e-08,55.66370378961715,85.61559070574698
2026-06-17T15:50:00+00:00,-2.2398798434865553e-08,-3.0823569363552175e-10,-2.209056274123003e-08,55.46236155549292,85.44070690385541
2026-06-17T15:51:00+00:00,-2.22799416397196e-08,-2.231111225032306e-10,-2.205683051721637e-08,55.260974006122474,85.26562526629696
2026-06-17T15:52:00+00:00,-2.215955924814299e-08,-1.377436066635956e-10,-2.2021815641479393e-08,55.059542431187936,85.09034734838067
2026-06-17T15:53:00+00:00,-2.2037653139274918e-08,-5.213759858371394e-11,-2.19855155406912e-08,54.858067718301655,84.91487434560351
2026-06-17T15:54:00+00:00,-2.191422538183562e-08,3.3702369186624174e-11,-2.194792775102224e-08,54.65655089555548,84.73920756534956
2026-06-17T15:55:00+00:00,-2.178927815398689e-08,1.1977174195364346e-10,-2.1909049895940534e-08,54.45499299515532,84.5633483081707
2026-06-17T15:56:00+00:00,-2.1662813743512905e-08,2.060659430319692e-10,-2.186887968654487e-08,54.25339505395003,84.38729786821244
2026-06-17T15:57:00+00:00,-2.1534834547994683e-08,2.9258037389594927e-10,-2.182741492189063e-08,54.05175811396432,84.21105753355253
2026-06-17T15:58:00+00:00,-2.1405343073798406e-08,3.793104151333241e-10,-2.178465348893173e-08,53.85008322107008,84.03462858496455
2026-06-17T15:59:00+00:00,-2.1274341937440392e-08,4.662514257946222e-10,-2.1740593363235013e-08,53.64837142740272,83.85801229798024
2026-06-17T16:00:00+00:00,-2.114183386454888e-08,5.533987443552494e-10,-2.1695232608904128e-08,53.44662379002519,83.68120994159389
2026-06-17T16:01:00+00:00,-2.1007821690008693e-08,6.407476888682373e-10,-2.1648569378876933e-08,53.24484137148659,83.50422277860164
2026-06-17T16:02:00+00:00,-2.087230826676528e-08,7.282936158938387e-10,-2.1600601882659118e-08,53.04302510502552,83.32705194722078
2026-06-17T16:03:00+00:00,-2.0735296829178732e-08,8.160316865160638e-10,-2.1551328515694795e-08,52.84117633460149,83.14969893505369
2026-06-17T16:04:00+00:00,-2.059679044922075e-08,9.039572179272106e-10,-2.150074766714796e-08,52.63929600533787,82.97216486840041
2026-06-17T16:05:00+00:00,-2.045679239780535e-08,9.92065449707647e-10,-2.1448857847512996e-08,52.43738520351622,82.79445098597684
2026-06-17T16:06:00+00:00,-2.0315306054567194e-08,1.0803516026318312e-09,-2.1395657657199025e-08,52.23544502181562,82.6165585206585
2026-06-17T16:07:00+00:00,-2.01723349079895e-08,1.1688108788263854e-09,-2.1341145786815885e-08,52.03347655989342,82.43848869982249
2026-06-17T16:08:00+00:00,-2.002788255418249e-08,1.2574384627602754e-09,-2.1285321016942768e-08,51.8314809230744,82.26024274403828
2026-06-17T16:09:00+00:00,-1.9881952698339368e-08,1.3462295205882302e-09,-2.1228182218927598e-08,51.62945922480655,82.08182186915062
2026-06-17T16:10:00+00:00,-1.973454915352773e-08,1.4351792011370453e-09,-2.1169728354664775e-08,51.42741258537244,81.90322728503143
2026-06-17T16:11:00+00:00,-1.9585675840775382e-08,1.5242826360760845e-09,-2.1109958476851466e-08,51.22534213247178,81.72446019592141
2026-06-17T16:12:00+00:00,-1.9435336789190533e-08,1.6135349400872611e-09,-2.1048871729277792e-08,51.023249001809,81.54552180086439
2026-06-17T16:13:00+00:00,-1.9283536134624323e-08,1.7029312118620698e-09,-2.0986467346486394e-08,50.82113433581643,81.3664132923013
2026-06-17T16:14:00+00:00,-1.9130278017957124e-08,1.7924665935294445e-09,-2.092274461148657e-08,50.61899915057838,81.18713573803615
2026-06-17T16:15:00+00:00,-1.897556699581269e-08,1.882136031404355e-09,-2.085770302721705e-08,50.4168448767557,81.00769056082947
2026-06-17T16:16:00+00:00,-1.8819407424013657e-08,1.971934636405998e-09,-2.079134206041965e-08,50.214672546917676,80.82807881750362
2026-06-17T16:17:00+00:00,-1.8661803867760405e-08,2.0618574441631743e-09,-2.072366131192358e-08,50.012483338324685,80.6483016800608
2026-06-17T16:18:00+00:00,-1.8502760997962965e-08,2.1518994760166883e-09,-2.0654660473979652e-08,49.81027843613513,80.46836031425684
2026-06-17T16:19:00+00:00,-1.8342283592786983e-08,2.242055738359836e-09,-2.058433933114682e-08,49.60805903590997,80.28825588170457
2026-06-17T16:20:00+00:00,-1.8180376536233572e-08,2.332321223655219e-09,-2.051269775988879e-08,49.40582634235571,80.10798953855239
2026-06-17T16:21:00+00:00,-1.8017044818177426e-08,2.422690910608816e-09,-2.0439735728786246e-08,49.20358156997121,79.92756243582987
2026-06-17T16:22:00+00:00,-1.7852293534460784e-08,2.513159764351361e-09,-2.0365453298812147e-08,49.001325943683696,79.746975719946
2026-06-17T16:23:00+00:00,-1.7686127885360703e-08,2.603722737459489e-09,-2.028985062282019e-08,48.79906069761631,79.56623053127069
2026-06-17T16:24:00+00:00,-1.7518553177210935e-08,2.6943747692964622e-09,-2.0212927946507395e-08,48.59678707762064,79.38532800633838
2026-06-17T16:25:00+00:00,-1.734957470707755e-08,2.785110847904559e-09,-2.013468555498211e-08,48.39450620441644,79.20426915496213
2026-06-17T16:26:00+00:00,-1.7179198217018104e-08,2.8759257667532338e-09,-2.0055123983771338e-08,48.192219616833825,79.02305534649989
2026-06-17T16:27:00+00:00,-1.7007429214213358e-08,2.9668144899976007e-09,-1.997424370421096e-08,47.98992845862261,78.8416875817083
2026-06-17T16:28:00+00:00,-1.6834273421691503e-08,3.0577719101802533e-09,-1.9892045331871755e-08,47.78763401982246,78.66016697696779
2026-06-17T16:29:00+00:00,-1.6659736667114643e-08,3.1487929083900337e-09,-1.9808529575504675e-08,47.58533760368666,78.47849464504148
2026-06-17T16:30:00+00:00,-1.6483824881205883e-08,3.239872355290347e-09,-1.9723697236496232e-08,47.38304052550142,78.29667169380299
2026-06-17T16:31:00+00:00,-1.630654409772955e-08,3.3310051113082176e-09,-1.9637549209037768e-08,47.18074411328317,78.11469922658472
2026-06-17T16:32:00+00:00,-1.6127900453518862e-08,3.4221860268237295e-09,-1.9550086480342588e-08,46.97844970848285,77.93257834262118
2026-06-17T16:33:00+00:00,-1.5947900186756646e-08,3.5134099432031634e-09,-1.946131012995981e-08,46.77615866482853,77.7503101356174
2026-06-17T16:34:00+00:00,-1.576654963871443e-08,3.6046716921408745e-09,-1.9371221330855304e-08,46.57387235092979,77.56789569603224
2026-06-17T16:35:00+00:00,-1.5583855252018364e-08,3.6959660967004386e-09,-1.92798213487188e-08,46.371592149121945,77.38533610964969
2026-06-17T16:36:00+00:00,-1.5399823446796385e-08,3.787288032746976e-09,-1.918711147954336e-08,46.169319320581614,77.20263233545364
2026-06-17T16:37:00+00:00,-1.521446111516826e-08,3.878632184169922e-09,-1.9093093299338175e-08,45.96705554862061,77.0197856961513
2026-06-17T16:38:00+00:00,-1.5027774879049815e-08,3.969993411358365e-09,-1.899776829040818e-08,45.76480212372917,76.83679714177775
2026-06-17T16:39:00+00:00,-1.4839771584608638e-08,4.061366505604064e-09,-1.89011380902127e-08,45.56256048879128,76.6536677418149
2026-06-17T16:40:00+00:00,-1.4650458177520053e-08,4.1527462513778085e-09,-1.8803204428897864e-08,45.36033210233073,76.47039856137623
2026-06-17T16:41:00+00:00,-1.445984170290301e-08,4.244127426518683e-09,-1.8703969129421694e-08,45.15811843930885,76.28699066156103
2026-06-17T16:42:00+00:00,-1.4267929304963459e-08,4.335504802601627e-09,-1.8603434107565085e-08,44.95592099153911,76.10344509960125
2026-06-17T16:43:00+00:00,-1.4074728226930074e-08,4.426873145130962e-09,-1.8501601372061036e-08,44.7537412684983,75.919762929216
2026-06-17T16:44:00+00:00,-1.3880245809177443e-08,4.5182272145896586e-09,-1.83984730237671e-08,44.55158079625625,75.7359451992625
2026-06-17T16:45:00+00:00,-1.3684489490989873e-08,4.609561765780178e-09,-1.8294051256770052e-08,44.34944112019797,75.55199295588564
2026-06-17T16:46:00+00:00,-1.3487466808708475e-08,4.700871548874116e-09,-1.818833835758259e-08,44.1473238039771,75.36790724123038
2026-06-17T16:47:00+00:00,-1.328918526262534e-08,4.792151370640758e-09,-1.80813366332661e-08,43.94523029522856,75.18368897057809
2026-06-17T16:48:00+00:00,-1.3089652847750417e-08,4.88339585066727e-09,-1.797304869841769e-08,43.74316246662663,74.99933942522048
2026-06-17T16:49:00+00:00,-1.2888877257800557e-08,4.974599787980752e-09,-1.786347704578131e-08,43.54112180550955,74.81485951340844
2026-06-17T16:50:00+00:00,-1.268686641430797e-08,5.065757917225617e-09,-1.7752624331533585e-08,43.339109954995756,74.6302502631103
2026-06-17T16:51:00+00:00,-1.248362833395698e-08,5.1568649700858365e-09,-1.764049330404282e-08,43.1371285793537,74.4455126988788
2026-06-17T16:52:00+00:00,-1.2279171128129961e-08,5.247915675656317e-09,-1.752708680378628e-08,42.93517936453726,74.2606478419388
2026-06-17T16:53:00+00:00,-1.2073503002794773e-08,5.338904760638715e-09,-1.741240776343349e-08,42.733264019125464,74.07565671054579
2026-06-17T16:54:00+00:00,-1.1866632256499194e-08,5.429826950391357e-09,-1.7296459206890552e-08,42.53138427338164,73.89054031868987
2026-06-17T16:55:00+00:00,-1.1658567282201361e-08,5.52067696828458e-09,-1.7179244250485943e-08,42.329541882088684,73.70529967826107
2026-06-17T16:56:00+00:00,-1.1449316565227058e-08,5.61144953674485e-09,-1.706076610197191e-08,42.127738623652625,73.51993579769317
2026-06-17T16:57:00+00:00,-1.1238888683119667e-08,5.702139377457956e-09,-1.694102806057762e-08,41.92597630108848,73.3344496823231
2026-06-17T16:58:00+00:00,-1.1027292305588808e-08,5.792741211573303e-09,-1.6820033517162115e-08,41.724256743021584,73.148842334903
2026-06-17T16:59:00+00:00,-1.081453604928473e-08,5.883249821405632e-09,-1.6697785870690362e-08,41.52258166761908,72.9631146295621
2026-06-17T17:00:00+00:00,-1.0600629051178021e-08,5.9736598070875715e-09,-1.6574288858265593e-08,41.3209532264249,72.77726781233818
2026-06-17T17:01:00+00:00,-1.038558011034638e-08,6.0639659517767075e-09,-1.6449546062123086e-08,41.11937319211106,72.59130275244658
2026-06-17T17:02:00+00:00,-1.0169398257809978e-08,6.154162979020501e-09,-1.6323561236830482e-08,40.91784350053765,72.40522044090014
2026-06-17T17:03:00+00:00,-9.9520926140852e-09,6.244245613683765e-09,-1.6196338227768966e-08,40.71636611659624,72.21902186636495
2026-06-17T17:04:00+00:00,-9.733672386988314e-09,6.334208582993804e-09,-1.6067880969982116e-08,40.51494303344176,72.03270801379784
2026-06-17T17:05:00+00:00,-9.514146873537525e-09,6.424046615900526e-09,-1.593819348943805e-08,40.31357627551363,71.84627986662636
2026-06-17T17:06:00+00:00,-9.293525457788942e-09,6.5137544441212935e-09,-1.5807279901910237e-08,40.11226789780993,71.65973840544761
2026-06-17T17:07:00+00:00,-9.071817610641028e-09,6.603326802346294e-09,-1.5675144412987324e-08,39.91101998705984,71.4730846083921
2026-06-17T17:08:00+00:00,-8.849032889712187e-09,6.69275842843888e-09,-1.5541791318151068e-08,39.70983466293204,71.28631945158037
2026-06-17T17:09:00+00:00,-8.625180937007602e-09,6.7820440644747996e-09,-1.5407225001482403e-08,39.50871407737778,71.09944390766393
2026-06-17T17:10:00+00:00,-8.400271329779064e-09,6.871178515835495e-09,-1.527144984561456e-08,39.307660282945456,70.91245882274238
2026-06-17T17:11:00+00:00,-8.174314182184704e-09,6.960156413253793e-09,-1.5134470595438495e-08,39.10667577143408,70.725365416538
2026-06-17T17:12:00+00:00,-7.9473192401951e-09,7.048972571659776e-09,-1.4996291811854876e-08,38.905762666236114,70.53816453051373
2026-06-17T17:13:00+00:00,-7.719296483969742e-09,7.137621751187996e-09,-1.4856918235157738e-08,38.70492326300673,70.35085712972814
2026-06-17T17:14:00+00:00,-7.490255975091172e-09,7.226098718032964e-09,-1.4716354693124137e-08,38.50415989428986,70.16344417617366
2026-06-17T17:15:00+00:00,-7.2602078585231154e-09,7.314398243830037e-09,-1.4574606102353152e-08,38.30347493275867,69.97592663097419
2026-06-17T17:16:00+00:00,-7.029162360267881e-09,7.402515106681393e-09,-1.4431677466949274e-08,38.102870790757436,69.78830545301696
2026-06-17T17:17:00+00:00,-6.797129787125511e-09,7.490444091361816e-09,-1.4287573878487329e-08,37.90234992172968,69.60058159932163
2026-06-17T17:18:00+00:00,-6.564120526570968e-09,7.578179989526187e-09,-1.4142300516097156e-08,37.70191482167552,69.41275602556382
2026-06-17T17:19:00+00:00,-6.330145044283831e-09,7.665717600726885e-09,-1.3995862645010716e-08,37.501568028788256,69.2248296846121
2026-06-17T17:20:00+00:00,-6.095213886201021e-09,7.753051731803702e-09,-1.3848265618004724e-08,37.30131212684153,69.03680352882522
2026-06-17T17:21:00+00:00,-5.859337517544994e-09,7.840177256257526e-09,-1.369951477380252e-08,37.10114961069185,68.84867838240342
2026-06-17T17:22:00+00:00,-5.6225269560115945e-09,7.927088880896749e-09,-1.3549615836908343e-08,36.901083424705504,68.66045544659576
2026-06-17T17:23:00+00:00,-5.3847928224614245e-09,8.013781496591152e-09,-1.3398574319052576e-08,36.701116159045036,68.4721355431491
2026-06-17T17:24:00+00:00,-5.14614597051624e-09,8.100249945445819e-09,-1.324639591596206e-08,36.50125058642646,68.28371961748573
2026-06-17T17:25:00+00:00,-4.906597330716884e-09,8.186489078687893e-09,-1.3093086409404778e-08,36.301489531440815,68.09520861479567
2026-06-17T17:26:00+00:00,-4.666157908089861e-09,8.272493757679696e-09,-1.2938651665769558e-08,36.10183587043096,67.90660347872651
2026-06-17T17:27:00+00:00,-4.424838781865955e-09,8.35825885412311e-09,-1.2783097635989066e-08,35.90229253327204,67.71790515175888
2026-06-17T17:28:00+00:00,-4.182651105282866e-09,8.443779250259812e-09,-1.2626430355542677e-08,35.70286250520719,67.52911457567639
2026-06-17T17:29:00+00:00,-3.939606102973949e-09,8.529049839872824e-09,-1.2468655942846775e-08,35.503548826855415,67.34023269009778
2026-06-17T17:30:00+00:00,-3.695715073127707e-09,8.614065527694622e-09,-1.2309780600822327e-08,35.30435459797955,67.15126043485365
2026-06-17T17:31:00+00:00,-3.4509893848763017e-09,8.698821230402256e-09,-1.2149810615278557e-08,35.10528297759911,66.9621987485212
2026-06-17T17:32:00+00:00,-3.2054403131344165e-09,8.783311933388082e-09,-1.1988752246522498e-08,34.90633705262946,66.77304844202422
2026-06-17T17:33:00+00:00,-2.959079697500608e-09,8.867532464510704e-09,-1.1826612162011313e-08,34.70752037348862,66.58381070644006
2026-06-17T17:34:00+00:00,-2.7119189517409215e-09,8.951477835028581e-09,-1.1663396786769502e-08,34.50883615390703,66.39448635063604
2026-06-17T17:35:00+00:00,-2.4639697239451582e-09,9.035143012208925e-09,-1.1499112736154083e-08,34.31028780865437,66.20507631080713
2026-06-17T17:36:00+00:00,-2.2152437295455397e-09,9.118522977055819e-09,-1.1333766706601359e-08,34.11187882046431,66.01558152229057
2026-06-17T17:37:00+00:00,-1.9657527509962962e-09,9.201612724511277e-09,-1.1167365475507572e-08,33.91361274230526,65.82600291994937
2026-06-17T17:38:00+00:00,-1.715508637587621e-09,9.284407263658827e-09,-1.0999915901246448e-08,33.71549319970784,65.6363414387106
2026-06-17T17:39:00+00:00,-1.46452330272442e-09,9.366901618690507e-09,-1.0831424921414928e-08,33.51752389132223,65.44659801209937
2026-06-17T17:40:00+00:00,-1.2128087260813613e-09,9.449090828337565e-09,-1.0661899554418926e-08,33.3197085932138,65.2567735745687
2026-06-17T17:41:00+00:00,-9.603769508700612e-10,9.530969946839276e-09,-1.0491346897709338e-08,33.1220511595415,65.06686906003432
2026-06-17T17:42:00+00:00,-7.072400836348118e-10,9.612534044142479e-09,-1.0319774127777292e-08,32.92455552514041,64.87688540241695
2026-06-17T17:43:00+00:00,-4.534102939231822e-10,9.693778206097331e-09,-1.0147188500020514e-08,32.72722570818709,64.68682353603089
2026-06-17T17:44:00+00:00,-1.9889964068952169e-10,9.77469758956629e-09,-9.973597230255813e-09,32.53006567893217,64.49668426668023
2026-06-17T17:45:00+00:00,5.627924246925719e-11,9.855287205031607e-09,-9.799007962562351e-09,32.333079893069986,64.30646878397667
2026-06-17T17:46:00+00:00,3.121141739971563e-10,9.935542243127078e-09,-9.623428069129921e-09,32.13627249951594,64.11617789499915
2026-06-17T17:47:00+00:00,5.685927425004228e-10,1.0015457857563718e-08,-9.446865115063297e-09,31.93964787231798,63.925812534654916
2026-06-17T17:48:00+00:00,8.257024774543789e-10,1.009502921969491e-08,-9.26932674224053e-09,31.743210481437877,63.7353736386871
2026-06-17T17:49:00+00:00,1.083430852036062e-09,1.0174251519454234e-08,-9.09082066741817e-09,31.546964894042322,63.54486214221005
2026-06-17T17:50:00+00:00,1.3417652808730166e-09,1.025311996481032e-08,-8.911354683937302e-09,31.35091577954116,63.35427898211868
2026-06-17T17:51:00+00:00,1.6006931228762086e-09,1.0331629782697971e-08,-8.730936659821763e-09,31.15506791107045,63.16362509562602
2026-06-17T17:52:00+00:00,1.8602016815265112e-09,1.040977621921141e-08,-8.5495745376849e-09,30.959426168886374,62.97290142075373
2026-06-17T17:53:00+00:00,2.1202782052445355e-09,1.0487554539800119e-08,-8.367276334555583e-09,30.763995543854257,62.78210889673172
2026-06-17T17:54:00+00:00,2.3809098901197546e-09,1.0564960030181368e-08,-8.184050140061614e-09,30.568781139232083,62.59124846268966
2026-06-17T17:55:00+00:00,2.6420840530896876e-09,1.0641988047334613e-08,-7.999903994244925e-09,30.37378804550139,62.40032093188138
2026-06-17T17:56:00+00:00,2.903787433887953e-09,1.0718633814056519e-08,-7.814846380168565e-09,30.179021865235317,62.20932750241855
2026-06-17T17:57:00+00:00,3.1660072461292264e-09,1.0794892729071192e-08,-7.628885482941964e-09,29.9844879324678,62.01826898962793
2026-06-17T17:58:00+00:00,3.4287304774911873e-09,1.0870760160351857e-08,-7.4420296828606706e-09,29.790191839906623,61.827146338545575
2026-06-17T17:59:00+00:00,3.6919440675037154e-09,1.0946231497798117e-08,-7.254287430294401e-09,29.596139310435294,61.6359604945408
2026-06-17T18:00:00+00:00,3.955634905410684e-09,1.1021302152713054e-08,-7.065667247302371e-09,29.40233620320484,61.4447124055875
2026-06-17T18:01:00+00:00,4.219789832945937e-09,1.1095967558698601e-08,-6.876177725752664e-09,29.208788516218082,61.25340302096346
2026-06-17T18:02:00+00:00,4.48439564473535e-09,1.1170223171841091e-08,-6.685827527105741e-09,29.01550239085682,61.06203329166033
2026-06-17T18:03:00+00:00,4.749439088617298e-09,1.1244064470895007e-08,-6.4946253822777084e-09,28.822484116554588,60.87060417087301
2026-06-17T18:04:00+00:00,5.0149068685254094e-09,1.1317486958156722e-08,-6.302580089631312e-09,28.62974013379991,60.679116612621605
2026-06-17T18:05:00+00:00,5.280785642344257e-09,1.1390486158961849e-08,-6.109700516617591e-09,28.4372770408791,60.48757157403497
2026-06-17T18:06:00+00:00,5.547062203406587e-09,1.146305767107244e-08,-5.915995467665854e-09,28.245101468416692,60.295969885548615
2026-06-17T18:07:00+00:00,5.813722766383923e-09,1.1535196970487263e-08,-5.72147420410334e-09,28.05322059990275,60.10431276531782
2026-06-17T18:08:00+00:00,6.080754039060847e-09,1.1606899703615754e-08,-5.526145664554907e-09,27.861641403891404,59.91260104873866
2026-06-17T18:09:00+00:00,6.3481425111842776e-09,1.1678161493176953e-08,-5.330018981992674e-09,27.67037115346414,59.72083570105763
2026-06-17T18:10:00+00:00,6.615874630741856e-09,1.1748977986521336e-08,-5.13310335577948e-09,27.479417304788978,59.52901769119787
2026-06-17T18:11:00+00:00,6.883936806860108e-09,1.181934485647356e-08,-4.935408049613454e-09,27.288787501266228,59.337147990406116
2026-06-17T18:12:00+00:00,7.152315410234311e-09,1.1889257801509263e-08,-4.736942391274952e-09,27.09848957962725,59.14522757267788
2026-06-17T18:13:00+00:00,7.4209967733992435e-09,1.1958712545935188e-08,-4.537715772535943e-09,26.90853157621591,58.95325741533969
2026-06-17T18:14:00+00:00,7.689967193745629e-09,1.2027704840708002e-08,-4.337737646962375e-09,26.7189217317083,58.761238497605866
2026-06-17T18:15:00+00:00,7.959212931285665e-09,1.2096230462963516e-08,-4.13701753167785e-09,26.529668499554848,58.5691718029601
2026-06-17T18:16:00+00:00,8.228720211600593e-09,1.2164285216838425e-08,-3.93556500523783e-09,26.34078055108827,58.3770583177923
2026-06-17T18:17:00+00:00,8.498475407249683e-09,1.2231864978794795e-08,-3.7333895715451105e-09,26.152266656338988,58.18489890295985
2026-06-17T18:18:00+00:00,8.768464314308769e-09,1.2298965516842478e-08,-3.5305012025337077e-09,25.96413619674184,57.99269480984655
2026-06-17T18:19:00+00:00,9.038673240776764e-09,1.2365582763246278e-08,-3.326909522469514e-09,25.776398412417127,57.800446905785044
2026-06-17T18:20:00+00:00,9.309088280978273e-09,1.2431712632474536e-08,-3.1226243514962654e-09,25.589062917602938,57.60815619179624
2026-06-17T18:21:00+00:00,9.579695499265537e-09,1.2497351067471098e-08,-2.91765556820556e-09,25.40213958035204,57.4158236724673
2026-06-17T18:22:00+00:00,9.850480930469603e-09,1.2562494039821726e-08,-2.712013109352123e-09,25.215638530763922,57.22345035639696
2026-06-17T18:23:00+00:00,1.0121430580249718e-08,1.2627137549919295e-08,-2.5057069696695752e-09,25.02957016947398,57.03103725673539
2026-06-17T18:24:00+00:00,1.0392530428162074e-08,1.2691277627732262e-08,-2.29874719957019e-09,24.84394517465299,56.83858538975731
2026-06-17T18:25:00+00:00,1.0663766425338136e-08,1.275491033236779e-08,-2.091143907029655e-09,24.6587745127332,56.64609577734486
2026-06-17T18:26:00+00:00,1.0935124497552346e-08,1.281803175283332e-08,-1.8829072552809766e-09,24.47406944594827,56.4535694455652
2026-06-17T18:27:00+00:00,1.1206590545601368e-08,1.2880638008197324e-08,-1.6740474625959565e-09,24.28984154186813,56.26100742520397
2026-06-17T18:28:00+00:00,1.1478150445682186e-08,1.2942725247753276e-08,-1.4645748020710912e-09,24.10610268320933,56.06841075230219
2026-06-17T18:29:00+00:00,1.1749790234655318e-08,1.3004289692861458e-08,-1.2544994582061387e-09,23.922864953530514,55.87578033755206
2026-06-17T18:30:00+00:00,1.2021495379039316e-08,1.3065327471746783e-08,-1.0438320927074677e-09,23.740141140493463,55.68311748551822
2026-06-17T18:31:00+00:00,1.229325187103635e-08,1.3125834867937945e-08,-8.325829969015924e-10,23.557944007583927,55.49042311818993
2026-06-17T18:32:00+00:00,1.2565045500400807e-08,1.3185808154932447e-08,-6.20762654531642e-10,23.376286796948886,55.2976982921429
2026-06-17T18:33:00+00:00,1.2836862036872355e-08,1.3245243637814407e-08,-4.083816009420504e-10,23.195183117642202,55.104944070003455
2026-06-17T18:34:00+00:00,1.3108687233270575e-08,1.3304137653958272e-08,-1.9545042068769464e-10,23.0146469555541,54.91216151904276
2026-06-17T18:35:00+00:00,1.3380506823242105e-08,1.3362486572628385e-08,1.802025061371992e-11,22.83469268701644,54.71935171362813
2026-06-17T18:36:00+00:00,1.3652306524363753e-08,1.3420286795684332e-08,2.3201972867942324e-10,22.655335089352782,54.52651573382253
2026-06-17T18:37:00+00:00,1.3924072038444206e-08,1.347753475772483e-08,4.4653728071937667e-10,22.476589353450915,54.333654666024024
2026-06-17T18:38:00+00:00,1.4195789052004657e-08,1.353422692623997e-08,6.615621257646854e-10,22.298471096638714,54.14076960345209
2026-06-17T18:39:00+00:00,1.4467443239297953e-08,1.359035980228495e-08,8.770834370130038e-10,22.12099637423556,53.94786164483303
2026-06-17T18:40:00+00:00,1.4739020442164824e-08,1.3645929957173754e-08,1.0930904849910728e-09,21.944181576394428,53.754931767469834
2026-06-17T18:41:00+00:00,1.5010505944727642e-08,1.3700933884467881e-08,1.3095720602597632e-09,21.768043914140787,53.56198134337577
2026-06-17T18:42:00+00:00,1.528188556641231e-08,1.3755368223708948e-08,1.526517342703361e-09,21.592600722110785,53.369011363671255
2026-06-17T18:43:00+00:00,1.5553144933887692e-08,1.3809229611122226e-08,1.7439153227654651e-09,21.417869947779494,53.17602295659344
2026-06-17T18:44:00+00:00,1.582426966630254e-08,1.3862514717712836e-08,1.9617549485897055e-09,21.24387004584122,52.98301725676692
2026-06-17T18:45:00+00:00,1.6095245372976335e-08,1.391522024890364e-08,2.180025124072696e-09,21.070619994941175,52.789995407752095
2026-06-17T18:46:00+00:00,1.6366057656508533e-08,1.39673429451715e-08,2.398714711337035e-09,20.898139311460547,52.59695856067676
2026-06-17T18:47:00+00:00,1.6636692113164253e-08,1.401887958218142e-08,2.617812530982837e-09,20.726448065205062,52.403907874846794
2026-06-17T18:48:00+00:00,1.6907134333367796e-08,1.4069826970924685e-08,2.8373073624431117e-09,20.555566895359025,52.210844518268225
2026-06-17T18:49:00+00:00,1.7177369904631377e-08,1.4120181958323728e-08,3.057187946307651e-09,20.38551702511908,52.017769666445496
2026-06-17T18:50:00+00:00,1.7447384409434657e-08,1.4169941426890141e-08,3.277442982544515e-09,20.216320279737044,51.82468450479383
2026-06-17T18:51:00+00:00,1.7717163609056782e-08,1.4219102328095215e-08,3.498061280961567e-09,20.047998989021014,51.631590097894865
2026-06-17T18:52:00+00:00,1.798669272058563e-08,1.426766155102844e-08,3.7190311695571905e-09,19.880576455118803,51.43848790798651
2026-06-17T18:53:00+00:00,1.8255957502713605e-08,1.431561612033168e-08,3.940341382381928e-09,19.714076292265823,51.24537901874192
2026-06-17T18:54:00+00:00,1.8524943535030168e-08,1.4362963064499182e-08,4.161980470530984e-09,19.548522894495015,51.052264651872804
2026-06-17T18:55:00+00:00,1.8793636396796382e-08,1.4409699448723992e-08,4.383936948072388e-09,19.383941341259685,50.85914604017675
2026-06-17T18:56:00+00:00,1.9062021670051603e-08,1.4455822375466111e-08,4.606199294585491e-09,19.220357413183685,50.666024426208274
2026-06-17T18:57:00+00:00,1.933008493993222e-08,1.4501328984572197e-08,4.8287559553600226e-09,19.05779760936266,50.47290106299699
2026-06-17T18:58:00+00:00,1.9597811795171298e-08,1.4546216453395583e-08,5.051595341775715e-09,18.89628916462127,50.27977721461417
2026-06-17T18:59:00+00:00,1.986518783108541e-08,1.4590481997333373e-08,5.274705833752038e-09,18.73586006515349,50.08665415495362
2026-06-17T19:00:00+00:00,2.0132198647483908e-08,1.463412286952566e-08,5.498075777958249e-09,18.576539067001317,49.8935331701933
2026-06-17T19:01:00+00:00,2.0398829851581367e-08,1.4677136361386344e-08,5.721693490195022e-09,18.41835571129473,49.70041555764866
2026-06-17T19:02:00+00:00,2.0665067236899086e-08,1.4719519830924157e-08,5.945547405974928e-09,18.26134023577678,49.50730249686367
2026-06-17T19:03:00+00:00,2.0930896069783862e-08,1.4761270589594252e-08,6.16962548018961e-09,18.10552401119306,49.31419556829158
2026-06-17T19:04:00+00:00,2.119630216371131e-08,1.480238607332673e-08,6.39391609038458e-09,17.95093892357933,49.12109597501372
2026-06-17T19:05:00+00:00,2.146127116261732e-08,1.4842863728138056e-08,6.61840743447926e-09,17.79761781258656,48.92800506338585
2026-06-17T19:06:00+00:00,2.1725788722645313e-08,1.4882701039257605e-08,6.843087683387707e-09,17.645594378546857,48.734924192264586
2026-06-17T19:07:00+00:00,2.1989840512540684e-08,1.4921895531230923e-08,7.067944981309763e-09,17.494903195836255,48.54185473371836
2026-06-17T19:08:00+00:00,2.2253412214157924e-08,1.4960444768027192e-08,7.292967446130732e-09,17.34557972526011,48.34879807365239
2026-06-17T19:09:00+00:00,2.251648952533744e-08,1.4998346353498508e-08,7.518143171838931e-09,17.19766032395766,48.155755610710855
2026-06-17T19:10:00+00:00,2.2779058157855135e-08,1.5035597931122018e-08,7.74346022673312e-09,17.051182256819217,47.96272875879868
2026-06-17T19:11:00+00:00,2.3041103840375147e-08,1.5072197184458564e-08,7.96890665591658e-09,16.906183703701586,47.76971894593533
2026-06-17T19:12:00+00:00,2.330261231895087e-08,1.510814183724497e-08,8.194470481705901e-09,16.762703766456845,47.57672761490721
2026-06-17T19:13:00+00:00,2.3563569357349314e-08,1.5143429653493307e-08,8.420139703856007e-09,16.620782474158545,47.38375622408266
2026-06-17T19:14:00+00:00,2.3823960914513514e-08,1.517805846091411e-08,8.645902453599405e-09,16.480460691487853,47.190806116811984
2026-06-17T19:15:00+00:00,2.4083772444340397e-08,1.521202605823405e-08,8.871746386106347e-09,16.341780496464985,46.997879041623854
2026-06-17T19:16:00+00:00,2.434298994642321e-08,1.5245330354946564e-08,9.097659591476645e-09,16.204784613182586,46.80497637468483
2026-06-17T19:17:00+00:00,2.4601599267520923e-08,1.527796927806876e-08,9.323629989452163e-09,16.06951678536115,46.612099638219114
2026-06-17T19:18:00+00:00,2.485958627687015e-08,1.5309940795672638e-08,9.54964548119751e-09,15.936021674902179,46.4192503718109
2026-06-17T19:19:00+00:00,2.511693686908605e-08,1.5341242917268852e-08,9.775693951817195e-09,15.804344850724217,46.22643013132203
2026-06-17T19:20:00+00:00,2.537363696216127e-08,1.5371873693593143e-08,1.0001763268568129e-08,15.674532776720325,46.03364049149155
2026-06-17T19:21:00+00:00,2.5629672500290756e-08,1.5401831216984473e-08,1.0227841283306282e-08,15.546632793610293,45.84088304493259
2026-06-17T19:22:00+00:00,2.5885029454372818e-08,1.5431113621462777e-08,1.0453915832910044e-08,15.420693098141484,45.64815940286782
2026-06-17T19:23:00+00:00,2.6139693822899727e-08,1.545971908286364e-08,1.0679974740036086e-08,15.296762717878766,45.45547119559037
2026-06-17T19:24:00+00:00,2.6393651632463593e-08,1.5487645818916773e-08,1.090600581354682e-08,15.174891481795568,45.26282007321699
2026-06-17T19:25:00+00:00,2.6646889110114764e-08,1.5514892107623926e-08,1.1131997002490838e-08,15.055129905433471,45.07020757557748
2026-06-17T19:26:00+00:00,2.689939200260984e-08,1.554145621444526e-08,1.135793578816458e-08,14.93752947278096,44.87763565149522
2026-06-17T19:27:00+00:00,2.7151146598185516e-08,1.556733650225604e-08,1.1583810095929486e-08,14.822142108918502,44.68510588280506
2026-06-17T19:28:00+00:00,2.740213904729683e-08,1.5592531357873603e-08,1.1809607689423229e-08,14.709020452919765,44.492620001827426
2026-06-17T19:29:00+00:00,2.765235553299372e-08,1.561703921062618e-08,1.2035316322367543e-08,14.598217721315573,44.300179763154595
2026-06-17T19:30:00+00:00,2.7901782273855205e-08,1.5640858532647797e-08,1.2260923741207409e-08,14.48978764562435,44.10778694259047
2026-06-17T19:31:00+00:00,2.815040552194526e-08,1.5663987838714567e-08,1.2486417683230696e-08,14.383784405828925,43.915443339951096
2026-06-17T19:32:00+00:00,2.839821156574308e-08,1.568642568653448e-08,1.2711785879208601e-08,14.280262555518814,43.723150778029115
2026-06-17T19:33:00+00:00,2.864518673045306e-08,1.5708170676805443e-08,1.2937016053647618e-08,14.17927694166071,43.53091110360274
2026-06-17T19:34:00+00:00,2.889131737850542e-08,1.5729221453276982e-08,1.3162095925228436e-08,14.080882617857464,43.33872618830276
2026-06-17T19:35:00+00:00,2.913658991233658e-08,1.5749576703004043e-08,1.3387013209332533e-08,13.98513475016063,43.146597927710374
2026-06-17T19:36:00+00:00,2.938099093608555e-08,1.5769235169153617e-08,1.3611755766931938e-08,13.892088456719542,42.95452811534664
2026-06-17T19:37:00+00:00,2.9624506603314255e-08,1.5788195598992228e-08,1.3836311004322024e-08,13.80179894837266,42.76251895701808
2026-06-17T19:38:00+00:00,2.986712360086142e-08,1.5806456823030018e-08,1.4060666777831396e-08,13.714321041640424,42.57057229894008
2026-06-17T19:39:00+00:00,3.010882849306602e-08,1.582401770187556e-08,1.4284810791190455e-08,13.629709291399857,42.378690144003976
2026-06-17T19:40:00+00:00,3.034960788879783e-08,1.5840877139864175e-08,1.450873074893366e-08,13.548017802162827,42.18687452203703
2026-06-17T19:41:00+00:00,3.0589448439408645e-08,1.5857034084939506e-08,1.4732414354469146e-08,13.469300098702066,41.995127492796094
2026-06-17T19:42:00+00:00,3.082833684157606e-08,1.5872487528861866e-08,1.4955849312714194e-08,13.393608989973924,41.803451145077204
2026-06-17T19:43:00+00:00,3.106625983767597e-08,1.588723650724767e-08,1.517902333042829e-08,13.32099642922282,41.61184759780811
2026-06-17T19:44:00+00:00,3.13032042162729e-08,1.590128009961254e-08,1.540192411666036e-08,13.251513370025771,41.42031900106384
2026-06-17T19:45:00+00:00,3.1539156814731695e-08,1.5914617429541258e-08,1.5624539385190434e-08,13.185209618328058,41.22886753538377
2026-06-17T19:46:00+00:00,3.1774104517392345e-08,1.5927247664594048e-08,1.5846856852798297e-08,13.122133683150688,41.037495414691975
2026-06-17T19:47:00+00:00,3.200803441477635e-08,1.593917002422915e-08,1.6068864390547198e-08,13.06233258521899,40.84620475734077
2026-06-17T19:48:00+00:00,3.224093317726588e-08,1.5950383748328387e-08,1.6290549428937496e-08,13.005851862556769,40.65499810025067
2026-06-17T19:49:00+00:00,3.247278799663752e-08,1.596088814520137e-08,1.651189985143615e-08,12.952735177260578,40.46387763050819
2026-06-17T19:50:00+00:00,3.270358596062946e-08,1.5970682559258092e-08,1.6732903401371367e-08,12.903024326183381,40.27284569779055
2026-06-17T19:51:00+00:00,3.293331420825983e-08,1.5979766379171198e-08,1.6953547829088632e-08,12.856759050943905,40.08190468916651
2026-06-17T19:52:00+00:00,3.316195993256488e-08,1.5988139037999147e-08,1.7173820894565734e-08,12.813976891451226,39.89105702839718
2026-06-17T19:53:00+00:00,3.3389510380883425e-08,1.5995800013206943e-08,1.7393710367676482e-08,12.774713044374865,39.70030517728129
2026-06-17T19:54:00+00:00,3.3615952855335815e-08,1.6002748826691415e-08,1.76132040286444e-08,12.739000227180297,39.50965163686502
2026-06-17T19:55:00+00:00,3.384127471539514e-08,1.6008985044866058e-08,1.7832289670529085e-08,12.706868548593247,39.31909894690778
2026-06-17T19:56:00+00:00,3.406546337614602e-08,1.601450827861435e-08,1.805095509753167e-08,12.678345387610301,39.128649689000454
2026-06-17T19:57:00+00:00,3.4288506310780556e-08,1.6019318183371054e-08,1.8269188127409498e-08,12.653455280815809,38.93830648613953
2026-06-17T19:58:00+00:00,3.451039105105852e-08,1.6023414459133217e-08,1.8486976591925302e-08,12.632219820065528,38.74807200403389
2026-06-17T19:59:00+00:00,3.473110533528107e-08,1.6026796852504813e-08,1.8704308482776257e-08,12.614657550583239,38.557948825071556
2026-06-17T20:00:00+00:00,3.495063651966034e-08,1.6029465148145143e-08,1.8921171371515195e-08,12.600783935969512,38.36793995772355
2026-06-17T20:01:00+00:00,3.516897246450293e-08,1.6031419182355243e-08,1.9137553282147686e-08,12.590611220874294,38.17804807497059
2026-06-17T20:02:00+00:00,3.538610094399845e-08,1.6032658833564788e-08,1.9353442110433664e-08,12.58414842692935,37.98827602391202
2026-06-17T20:03:00+00:00,3.5602009794963135e-08,1.6033184024841446e-08,1.956882577012169e-08,12.581401300135067,37.79862669976794
2026-06-17T20:04:00+00:00,3.581668691730084e-08,1.6032994723897276e-08,1.9783692193403557e-08,12.582372285496184,37.609103047347595
2026-06-17T20:05:00+00:00,3.603012027637472e-08,1.6032090943088402e-08,1.999802933328632e-08,12.587060516217289,37.419708060852535
2026-06-17T20:06:00+00:00,3.624229790135819e-08,1.6030472739416098e-08,2.021182516194209e-08,12.595461817525866,37.23044478725774
2026-06-17T20:07:00+00:00,3.6453207887675175e-08,1.6028140214522533e-08,2.042506767315264e-08,12.60756872511849,37.041316326115506
2026-06-17T20:08:00+00:00,3.666283839744163e-08,1.6025093514683238e-08,2.0637744882758392e-08,12.623370518031356,36.85232583115052
2026-06-17T20:09:00+00:00,3.6871177659734534e-08,1.602133283080403e-08,2.08498448289305e-08,12.642853265555745,36.66347651204287
2026-06-17T20:10:00+00:00,3.707821411147227e-08,1.6016858395138297e-08,2.1061355716333973e-08,12.665999904697577,36.47477150775194
2026-06-17T20:11:00+00:00,3.72839358412364e-08,1.6011670493792424e-08,2.1272265347443973e-08,12.692790248974916,36.28621439622661
2026-06-17T20:12:00+00:00,3.748833142477529e-08,1.6005769448676e-08,2.1482561976099292e-08,12.72320116753438,36.097808435036235
2026-06-17T20:13:00+00:00,3.7691389369029185e-08,1.5999155629008082e-08,2.1692233740021102e-08,12.757206622733104,35.90955706956847
2026-06-17T20:14:00+00:00,3.789309825184485e-08,1.599182944854379e-08,2.190126880330106e-08,12.794777792114186,35.72146380824764
2026-06-17T20:15:00+00:00,3.809344672427584e-08,1.5983791365488207e-08,2.210965535878763e-08,12.835883185935314,35.53353222264186
2026-06-17T20:16:00+00:00,3.8292423509034206e-08,1.5975041882545825e-08,2.2317381626488384e-08,12.880488772399511,35.34576595119214
2026-06-17T20:17:00+00:00,3.8490017402717836e-08,1.596558154683074e-08,2.25244358558871e-08,12.92855811088053,35.158168699461704
2026-06-17T20:18:00+00:00,3.868621727622682e-08,1.5955410949839984e-08,2.2730806326386836e-08,12.980052490959753,34.97074424211494
2026-06-17T20:19:00+00:00,3.8881012075086056e-08,1.594453072743228e-08,2.293648134765377e-08,13.034931076418045,34.78349642503016
2026-06-17T20:20:00+00:00,3.90743908217759e-08,1.593294155969977e-08,2.314144926207613e-08,13.093151053597149,34.59642916553781
2026-06-17T20:21:00+00:00,3.926634274230028e-08,1.5920644162556452e-08,2.334569857974383e-08,13.154667823794075,34.40954633125859
2026-06-17T20:22:00+00:00,3.945685675458653e-08,1.590763932106769e-08,2.3549217433518842e-08,13.219434988710232,34.222852241598524
2026-06-17T20:23:00+00:00,3.964592224111844e-08,1.589392783993438e-08,2.3751994401184067e-08,13.287404750751888,34.036350918122764
2026-06-17T20:24:00+00:00,3.9833528533504985e-08,1.5879510575974063e-08,2.3954017957530923e-08,13.358527902458354,33.850046588229056
2026-06-17T20:25:00+00:00,4.0019665043754955e-08,1.5864388429941067e-08,2.4155276613813892e-08,13.43275401822178,33.66394356041356
2026-06-17T20:26:00+00:00,4.020432126283711e-08,1.5848562346622364e-08,2.435575891621475e-08,13.510031602291969,33.47804622845941
2026-06-17T20:27:00+00:00,4.038748676282094e-08,1.583203331466423e-08,2.4555453448156708e-08,13.590308235076618,33.292359072133564
2026-06-17T20:28:00+00:00,4.056915119726658e-08,1.5814802366526955e-08,2.475434883073962e-08,13.673530715069482,33.1068866596694
2026-06-17T20:29:00+00:00,4.0749304301454567e-08,1.5796870578444005e-08,2.4952433723010555e-08,13.759645196398699,32.92163365045822
2026-06-17T20:30:00+00:00,4.092793589455161e-08,1.5778239070210502e-08,2.514969682434111e-08,13.84859732229175,32.736604795839355
2026-06-17T20:31:00+00:00,4.1105035878124097e-08,1.575890900530254e-08,2.5346126872821558e-08,13.940332351591923,32.55180494366301
2026-06-17T20:32:00+00:00,4.1280594355505446e-08,1.5738881576997823e-08,2.5541712778507627e-08,14.034795345394764,32.36723891551717
2026-06-17T20:33:00+00:00,4.145460116212436e-08,1.5718158062508675e-08,2.573644309961569e-08,14.131931027408061,32.18291200458501
2026-06-17T20:34:00+00:00,4.162704657226913e-08,1.569673974235251e-08,2.5930306829916618e-08,14.231684273364838,31.998829235889236
2026-06-17T20:35:00+00:00,4.1797920829110063e-08,1.5674627953349737e-08,2.612329287576033e-08,14.333999963257162,31.814995862740915
2026-06-17T20:36:00+00:00,4.196721426162129e-08,1.5651824075571883e-08,2.6315390186049413e-08,14.43882313922447,31.63141724768641
2026-06-17T20:37:00+00:00,4.2134917286483354e-08,1.5628329532083484e-08,2.6506587754399873e-08,14.546099096332318,31.448098863927513
2026-06-17T20:38:00+00:00,4.230102040844339e-08,1.5604145788878294e-08,2.6696874619565095e-08,14.655773465913903,31.26504629846395
2026-06-17T20:39:00+00:00,4.246551422058953e-08,1.557927435482184e-08,2.6886239865767695e-08,14.767792292427831,31.082265255399324
2026-06-17T20:40:00+00:00,4.2628389406335977e-08,1.5553716781355843e-08,2.7074672624980124e-08,14.882102105033258,30.89976155744957
2026-06-17T20:41:00+00:00,4.278963673799206e-08,1.5527474662663772e-08,2.726216207532829e-08,14.99864998088129,30.717541151254167
2026-06-17T20:42:00+00:00,4.294924707874336e-08,1.5500549635373393e-08,2.7448697443369966e-08,15.117383604463093,30.535610109045507
2026-06-17T20:43:00+00:00,4.3107211382897744e-08,1.54729433784842e-08,2.7634268004413552e-08,15.238251320115824,30.353974632279648
2026-06-17T20:44:00+00:00,4.326352080050352e-08,1.5444657594103728e-08,2.7818863206399786e-08,15.361202262051822,30.17264093376241
2026-06-17T20:45:00+00:00,4.341816626091236e-08,1.5415694083440904e-08,2.800247217747145e-08,15.48618606584831,29.991615725937628
2026-06-17T20:46:00+00:00,4.3571139100499084e-08,1.5386054633184253e-08,2.8185084467314828e-08,15.61315339850274,29.810905496854854
2026-06-17T20:47:00+00:00,4.3722430644056865e-08,1.535574109058146e-08,2.8366689553475407e-08,15.74205566275082,29.63051699898865
2026-06-17T20:48:00+00:00,4.387203231050142e-08,1.532475534461761e-08,2.8547276965883812e-08,15.872845105885641,29.450457131523304
2026-06-17T20:49:00+00:00,4.401993561304941e-08,1.529309932593823e-08,2.8726836287111185e-08,16.005474842509642,29.270732944585344
2026-06-17T20:50:00+00:00,4.4166132161016234e-08,1.5260775006474685e-08,2.890535715454155e-08,16.139898874497984,29.091351641665867
2026-06-17T20:51:00+00:00,4.4310613658578914e-08,1.522778439965516e-08,2.9082829258923753e-08,16.276072104747595,28.912320585748148
2026-06-17T20:52:00+00:00,4.4453371906565894e-08,1.5194129560025923e-08,2.9259242346539977e-08,16.413950349900656,28.733647301931665
2026-06-17T20:53:00+00:00,4.4594398802608276e-08,1.5159812583160672e-08,2.9434586219447598e-08,16.553490348616602,28.555339482069453
2026-06-17T20:54:00+00:00,4.4733686341465664e-08,1.5124835605577294e-08,2.960885073588837e-08,16.694649766836292,28.37740498935761
2026-06-17T20:55:00+00:00,4.487122670827382e-08,1.508920078020553e-08,2.97820259280683e-08,16.83738729787699,28.199851742447947
2026-06-17T20:56:00+00:00,4.500701190970592e-08,1.5052910372645975e-08,2.9954101537059944e-08,16.98166227722423,28.022688198002026
2026-06-17T20:57:00+00:00,4.514103432891509e-08,1.501596661737489e-08,3.01250677115402e-08,17.127435255932877,27.845922639622334
2026-06-17T20:58:00+00:00,4.52732863557153e-08,1.4978371812788728e-08,3.0294914542926566e-08,17.2746676144807,27.66956365940876
2026-06-17T20:59:00+00:00,4.540376047961743e-08,1.494012829743707e-08,3.046363218218035e-08,17.423321651755078,27.49362004400014
2026-06-17T21:00:00+00:00,4.553244929142261e-08,1.490123844956765e-08,3.063121084185496e-08,17.573360578569346,27.31810077811715
2026-06-17T21:01:00+00:00,4.5659345482058944e-08,1.4861704687381731e-08,3.079764079467721e-08,17.72474850690806,27.143015051815233
2026-06-17T21:02:00+00:00,4.5784441844170876e-08,1.482152946857849e-08,3.0962912375592384e-08,17.877450440596505,26.96837226426473
2026-06-17T21:03:00+00:00,4.590773127230313e-08,1.4780715290248128e-08,3.1127015982054995e-08,18.031432263424605,26.794182029463563
2026-06-17T21:04:00+00:00,4.602920676318721e-08,1.473926468876921e-08,3.1289942074418e-08,18.1866607262278,26.620454181979575
2026-06-17T21:05:00+00:00,4.614886141708311e-08,1.46971802393183e-08,3.14516811777648e-08,18.343103434511743,26.447198781265953
2026-06-17T21:06:00+00:00,4.626668851523766e-08,1.4654464527291859e-08,3.16122239879458e-08,18.500728938516882,26.274426003654582
2026-06-17T21:07:00+00:00,4.638268120644645e-08,1.4611120262810758e-08,3.1771560943635685e-08,18.65950629583075,26.10214660997401
2026-06-17T21:08:00+00:00,4.6496832981400664e-08,1.4567150108739847e-08,3.192968287266081e-08,18.81940568983442,25.930371256623932
2026-06-17T21:09:00+00:00,4.660913735552213e-08,1.452255679473177e-08,3.2086580560790365e-08,18.980397991438156,25.759110965851228
2026-06-17T21:10:00+00:00,4.67195879499767e-08,1.4477343088266832e-08,3.224224486170987e-08,19.14245484928507,25.588377014537542
2026-06-17T21:11:00+00:00,4.6828178490712614e-08,1.443151179495121e-08,3.239666669576141e-08,19.305548671383775,25.418180942574057
2026-06-17T21:12:00+00:00,4.693490280983664e-08,1.4385065757985127e-08,3.254983705185152e-08,19.469652609529366,25.248534557917594
2026-06-17T21:13:00+00:00,4.703975484570588e-08,1.4338007858039632e-08,3.270174698766625e-08,19.634740542101813,25.079449943593488
2026-06-17T21:14:00+00:00,4.714272864318068e-08,1.4290341013141341e-08,3.2852387630039335e-08,19.800787056766985,24.91093946466642
2026-06-17T21:15:00+00:00,4.72438183548142e-08,1.4242068178105406e-08,3.300175017670879e-08,19.967767434720855,24.743015773767887
2026-06-17T21:16:00+00:00,4.734301824004616e-08,1.4193192344855116e-08,3.3149825895191055e-08,20.13565763186937,24.57569181995337
2026-06-17T21:17:00+00:00,4.744032273094796e-08,1.4143716508477613e-08,3.3296606222470355e-08,20.304434376633136,24.408980742928577
2026-06-17T21:18:00+00:00,4.7535726172700815e-08,1.4093643800204554e-08,3.344208237249626e-08,20.474074699560585,24.242896327245358
2026-06-17T21:19:00+00:00,4.762922321526108e-08,1.4042977288221254e-08,3.3586245927039824e-08,20.644556595464962,24.077452339134663
2026-06-17T21:20:00+00:00,4.7720808552242386e-08,1.3991720109374774e-08,3.3729088442867615e-08,20.81585855611254,23.912662980110824
2026-06-17T21:21:00+00:00,4.781047698593134e-08,1.3939875436536986e-08,3.3870601549394346e-08,20.98795966496127,23.74854278445611
2026-06-17T21:22:00+00:00,4.7898223428447295e-08,1.3887446478002942e-08,3.401077695044435e-08,21.16083958240674,23.58510662540443
2026-06-17T21:23:00+00:00,4.798404290185688e-08,1.3834436477353198e-08,3.4149606424503676e-08,21.33447852970434,23.42236972311406
2026-06-17T21:24:00+00:00,4.8067930538383023e-08,1.3780848713320302e-08,3.428708182506272e-08,21.508857273148227,23.260347652618467
2026-06-17T21:25:00+00:00,4.8149881581326814e-08,1.3726686499155638e-08,3.442319508217118e-08,21.683957110145514,23.099056350394708
2026-06-17T21:26:00+00:00,4.82298913844049e-08,1.3671953182989413e-08,3.4557938201415486e-08,21.859759852344904,22.938512124016228
2026-06-17T21:27:00+00:00,4.8307955412713614e-08,1.3616652147191043e-08,3.4691303265522565e-08,22.036247812315004,22.778731658752335
2026-06-17T21:28:00+00:00,4.8384069242907824e-08,1.3560786808228377e-08,3.482328243467945e-08,22.21340378889776,22.61973202569877
2026-06-17T21:29:00+00:00,4.8458228612333296e-08,1.3504360578501442e-08,3.495386803383186e-08,22.391211172331648,22.461530584240727
2026-06-17T21:30:00+00:00,4.8530429222353765e-08,1.3447377017402068e-08,3.50830522049517e-08,22.569653454528783,22.30414541245136
2026-06-17T21:31:00+00:00,4.8600667036075056e-08,1.3389839604663745e-08,3.521082743141131e-08,22.748714929146033,22.147594680298734
2026-06-17T21:32:00+00:00,4.8668938079037846e-08,1.3331751890668913e-08,3.533718618836893e-08,22.92838020336933,21.99189708106698
2026-06-17T21:33:00+00:00,4.8735238489630766e-08,1.3273117458646795e-08,3.5462121030983975e-08,23.10863430390009,21.83707173315738
2026-06-17T21:34:00+00:00,4.879956451926427e-08,1.321393992453013e-08,3.5585624594734136e-08,23.289462664228175,21.68313818801412
2026-06-17T21:35:00+00:00,4.88619125331184e-08,1.3154222936252586e-08,3.5707689596865804e-08,23.470851113927093,21.530116436521364
2026-06-17T21:36:00+00:00,4.892227900962426e-08,1.3093970174147444e-08,3.582830883547681e-08,23.65278586489919,21.37802691820819
2026-06-17T21:37:00+00:00,4.898066054116073e-08,1.3033185350246705e-08,3.5947475190914027e-08,23.835253501293668,21.226890527407782
2026-06-17T21:38:00+00:00,4.903705383418723e-08,1.2971872208123436e-08,3.60651816260638e-08,24.01824096806831,21.07672862060394
2026-06-17T21:39:00+00:00,4.909145570931829e-08,1.2910034522737793e-08,3.61814211865805e-08,24.20173555985496,20.92756302362935
2026-06-17T21:40:00+00:00,4.9143863136509775e-08,1.2847676057718163e-08,3.629618707879161e-08,24.385725035368917,20.779415938062623
2026-06-17T21:41:00+00:00,4.9194273095253634e-08,1.2784800733390984e-08,3.640947236186265e-08,24.570197111325328,20.63231034610188
2026-06-17T21:42:00+00:00,4.924268278614995e-08,1.2721412375147464e-08,3.652127041100249e-08,24.755140194189416,20.486269419235654
2026-06-17T21:43:00+00:00,4.928908948903049e-08,1.2657514880199143e-08,3.663157460883136e-08,24.940542877033895,20.34131692227046
2026-06-17T21:44:00+00:00,4.933349059889866e-08,1.2593112175775655e-08,3.6740378423123005e-08,25.126394053086482,20.197477119069696
2026-06-17T21:45:00+00:00,4.937588362640764e-08,1.2528208218365795e-08,3.684767540804184e-08,25.312682908058274,20.054774776241302
2026-06-17T21:46:00+00:00,4.941626619749111e-08,1.2462806994152434e-08,3.695345920333867e-08,25.499398909293294,19.913235168997733
2026-06-17T21:47:00+00:00,4.9454636053876826e-08,1.2396912518246918e-08,3.70577235356299e-08,25.68653179864321,19.772884083692592
2026-06-17T21:48:00+00:00,4.94909910531798e-08,1.2330528834524183e-08,3.716046221865562e-08,25.874071583857493,19.63374782106786
2026-06-17T21:49:00+00:00,4.952532916889531e-08,1.2263660015456435e-08,3.7261669153438884e-08,26.0620085302352,19.495853198931986
2026-06-17T21:50:00+00:00,4.9557648490873354e-08,1.2196310161323506e-08,3.736133832954984e-08,26.250333154264847,19.359227552599737
2026-06-17T21:51:00+00:00,4.958794724459846e-08,1.2128483355022562e-08,3.7459463889575895e-08,26.439036340675475,19.223898647001352
2026-06-17T21:52:00+00:00,4.961622371173789e-08,1.2060183843532955e-08,3.755603986820494e-08,26.628108830120635,19.089895037552317
2026-06-17T21:53:00+00:00,4.9642476352012594e-08,1.1991415764834256e-08,3.765106058717834e-08,26.81754197103363,18.95724552489841
2026-06-17T21:54:00+00:00,4.966670372065524e-08,1.1922183329357358e-08,3.7744520391297885e-08,27.007327206504623,18.82597951690583
2026-06-17T21:55:00+00:00,4.968890448969631e-08,1.185249077384095e-08,3.783641371585537e-08,27.19745619548736,18.69612693325322
2026-06-17T21:56:00+00:00,4.9709077447743634e-08,1.1782342361800966e-08,3.792673508594267e-08,27.38792080426136,18.567718202537943
2026-06-17T21:57:00+00:00,4.9727221500228496e-08,1.1711742382714054e-08,3.8015479117514437e-08,27.578713101617264,18.44078425565285
2026-06-17T21:58:00+00:00,4.974333566945182e-08,1.164069515183778e-08,3.8102640517614044e-08,27.769825352484382,18.3153565189851
2026-06-17T21:59:00+00:00,4.9757419094584634e-08,1.1569205010034311e-08,3.818821408455032e-08,27.961250011743815,18.191466906242855
2026-06-17T22:00:00+00:00,4.976947103190663e-08,1.1497276322929983e-08,3.8272194708976644e-08,28.15297971999574,18.069147807467505
2026-06-17T22:01:00+00:00,4.977949085456193e-08,1.1424913481400897e-08,3.835457737316102e-08,28.345007295952104,17.948432079014175
2026-06-17T22:02:00+00:00,4.978747805745098e-08,1.1352120851769043e-08,3.843535720568193e-08,28.53732586162866,17.829352949976613
2026-06-17T22:03:00+00:00,4.9793432237185756e-08,1.127890297116606e-08,3.8514529266019693e-08,28.729928320788908,17.711944325681213
2026-06-17T22:04:00+00:00,4.9797353124170467e-08,1.1205264254464392e-08,3.859208886970607e-08,28.922808127425007,17.596240291937896
2026-06-17T22:05:00+00:00,4.979924055993229e-08,1.1131209188381991e-08,3.8668031371550293e-08,29.11595876670041,17.482275415766814
2026-06-17T22:06:00+00:00,4.979909450304314e-08,1.105674228331296e-08,3.874235221973018e-08,29.30937387700757,17.370084645503155
2026-06-17T22:07:00+00:00,4.979691502918159e-08,1.098186807245879e-08,3.8815046956722796e-08,29.503047246887945,17.259703286905054
2026-06-17T22:08:00+00:00,4.9792702331134566e-08,1.090659111163938e-08,3.888611121949519e-08,29.69697281030766,17.15116697816666
2026-06-17T22:09:00+00:00,4.9786456718725203e-08,1.0830915978971501e-08,3.895554073975371e-08,29.891144642414954,17.044511662567967
2026-06-17T22:10:00+00:00,4.9778178618826364e-08,1.0754847274682417e-08,3.902333134414396e-08,30.08555695508273,16.93977355889252
2026-06-17T22:11:00+00:00,4.976786857527848e-08,1.0678389620212393e-08,3.9089478955066084e-08,30.28020409439157,16.836989128507337
2026-06-17T22:12:00+00:00,4.9755527248916597e-08,1.060154765873905e-08,3.915397959017755e-08,30.4750805346016,16.73619504202682
2026-06-17T22:13:00+00:00,4.974115541744613e-08,1.0524326054278297e-08,3.9216829363167826e-08,30.67018087588052,16.63742814154312
2026-06-17T22:14:00+00:00,4.9724753963732807e-08,1.0446729439331747e-08,3.927802452440106e-08,30.865499971388225,16.540725337158925
2026-06-17T22:15:00+00:00,4.970632392114351e-08,1.0368762623094119e-08,3.9337561298049394e-08,31.061032399349852,16.446123823147445
2026-06-17T22:16:00+00:00,4.9685866407323264e-08,1.0290430278317515e-08,3.939543612900575e-08,31.256773247009576,16.353660643624536
2026-06-17T22:17:00+00:00,4.9663382666930736e-08,1.0211737149742056e-08,3.9451645517188673e-08,31.452717581387834,16.263372907416496
2026-06-17T22:18:00+00:00,4.963887406112341e-08,1.0132688001266197e-08,3.9506186059857214e-08,31.648860578469705,16.175297672264136
2026-06-17T22:19:00+00:00,4.9612342067471545e-08,1.0053287615750258e-08,3.955905445172128e-08,31.84519751976745,16.089471893082354
2026-06-17T22:20:00+00:00,4.958378827993292e-08,9.973540794828528e-09,3.961024748510439e-08,32.04172378896203,16.005932367762668
2026-06-17T22:21:00+00:00,4.955321440850755e-08,9.893452357970619e-09,3.9659762050536926e-08,32.2384348704823,15.924715679951614
2026-06-17T22:22:00+00:00,4.952062227941142e-08,9.813027143027692e-09,3.970759513638373e-08,32.435326344512546,15.845858141190591
2026-06-17T22:23:00+00:00,4.9486013834761125e-08,9.732270005298476e-09,3.9753743829462646e-08,32.63239388573254,15.769395729357454
2026-06-17T22:24:00+00:00,4.944939113250591e-08,9.651185817329994e-09,3.97982053151759e-08,32.829633260325984,15.695364025947441
2026-06-17T22:25:00+00:00,4.9410756319719984e-08,9.569779414024376e-09,3.98409769056956e-08,33.02704045550017,15.623798104488928
2026-06-17T22:26:00+00:00,4.937011173719511e-08,9.488055810262643e-09,3.9882055926932474e-08,33.22461114885339,15.554732654026825
2026-06-17T22:27:00+00:00,4.932745976423564e-08,9.406019873921318e-09,3.992143989031433e-08,33.42234149804633,15.48820162435675
2026-06-17T22:28:00+00:00,4.9282802920475106e-08,9.323676543060592e-09,3.995912637741451e-08,33.62022761055363,15.424238350360715
2026-06-17T22:29:00+00:00,4.923614384056106e-08,9.241030771246406e-09,3.999511306931465e-08,33.81826567335629,15.362875433591425
2026-06-17T22:30:00+00:00,4.9187485274040194e-08,9.158087527351172e-09,4.002939774668902e-08,34.01645195039327,15.304144672057697
2026-06-17T22:31:00+00:00,4.913683008485483e-08,9.074851794580037e-09,4.006197829027479e-08,34.21478278192544,15.248076989007513
2026-06-17T22:32:00+00:00,4.908418125160586e-08,8.991328571047997e-09,4.009285268055787e-08,34.41325458025671,15.194702362940903
2026-06-17T22:33:00+00:00,4.902954186704223e-08,8.90752286880529e-09,4.012201899823694e-08,34.611863829223346,15.14404975660173
2026-06-17T22:34:00+00:00,4.897291513791796e-08,8.823439713633568e-09,4.014947542428439e-08,34.81060708189731,15.096147047231824
2026-06-17T22:35:00+00:00,4.89143043848726e-08,8.739084144850671e-09,4.017522024002193e-08,35.00948095833134,15.05102095775025
2026-06-17T22:36:00+00:00,4.885371300051577e-08,8.654461157486606e-09,4.019925184302917e-08,35.20848227871569,15.008696961315271
2026-06-17T22:37:00+00:00,4.8791144613617345e-08,8.56957593003195e-09,4.0221568683585396e-08,35.4076075255237,14.969199327669456
2026-06-17T22:38:00+00:00,4.872660284469178e-08,8.484433482970753e-09,4.024216936172102e-08,35.60685364395203,14.932550888553362
2026-06-17T22:39:00+00:00,4.866009146705436e-08,8.399038905382531e-09,4.026105256167183e-08,35.806217506198465,14.898773091766747
2026-06-17T22:40:00+00:00,4.859161436668839e-08,8.31339729808863e-09,4.027821706859976e-08,36.00569604286984,14.867885913297972
2026-06-17T22:41:00+00:00,4.8521175541509395e-08,8.22751377264977e-09,4.0293661768859626e-08,36.20528624290822,14.839907801527508
2026-06-17T22:42:00+00:00,4.844877910180419e-08,8.14139345195877e-09,4.0307385649845416e-08,36.40498514984636,14.814855625623355
2026-06-17T22:43:00+00:00,4.8374429269492454e-08,8.055041469244115e-09,4.031938780024833e-08,36.604789861808534,14.792744627055399
2026-06-17T22:44:00+00:00,4.829813037792246e-08,7.968462967863308e-09,4.032966741005915e-08,36.80469752971154,14.77358837565716
2026-06-17T22:45:00+00:00,4.8219886871734454e-08,7.881663101098424e-09,4.033822377063602e-08,37.00470535550557,14.757398730017592
2026-06-17T22:46:00+00:00,4.813970330599064e-08,7.794647031148017e-09,4.034505627484262e-08,37.2048105923044,14.744185802428465
2026-06-17T22:47:00+00:00,4.805758429098213e-08,7.707419871167403e-09,4.035016441981473e-08,37.40501067512365,14.73395792328224
2026-06-17T22:48:00+00:00,4.797353471293567e-08,7.619986918367635e-09,4.035354779456803e-08,37.605302684036126,14.726721641497376
2026-06-17T22:49:00+00:00,4.7887559403394134e-08,7.53235330285208e-09,4.035520610054205e-08,37.80568414805661,14.722481663921645
2026-06-17T22:50:00+00:00,4.7799663358029385e-08,7.444524221245189e-09,4.0355139136784195e-08,38.00615250662982,14.721240870708776
2026-06-17T22:51:00+00:00,4.7709851681254085e-08,7.35650487724516e-09,4.035334680400892e-08,38.20670524417956,14.723000298914554
2026-06-17T22:52:00+00:00,4.7618129586803344e-08,7.2683004822420725e-09,4.034982910456127e-08,38.407339886722255,14.727759139697095
2026-06-17T22:53:00+00:00,4.7524502396763173e-08,7.1799162542931875e-09,4.0344586142469984e-08,38.60805400226161,14.735514741006991
2026-06-17T22:54:00+00:00,4.7428975541353536e-08,7.091357417915432e-09,4.033761812343811e-08,38.80884519934724,14.746262615976965
2026-06-17T22:55:00+00:00,4.733155455875722e-08,7.00262920388614e-09,4.0328925354871087e-08,39.009711125647456,14.759996456803837
2026-06-17T22:56:00+00:00,4.723224509400458e-08,6.913736848209812e-09,4.031850824579477e-08,39.210649468437374,14.776708154244394
2026-06-17T22:57:00+00:00,4.7131052899664905e-08,6.824685592738132e-09,4.030636730692678e-08,39.41165795137232,14.796387822175078
2026-06-17T22:58:00+00:00,4.702798383475069e-08,6.735480684143219e-09,4.0292503150607473e-08,39.61273433501653,14.819023827519826
2026-06-17T22:59:00+00:00,4.692304379349237e-08,6.64612731374328e-09,4.027691647974909e-08,39.81387655044482,14.844602843159441
2026-06-17T23:00:00+00:00,4.681623898787744e-08,6.556630857071504e-09,4.025960813080592e-08,40.01508215839304,14.873109816769274
2026-06-17T23:01:00+00:00,4.670757552421008e-08,6.466996513325981e-09,4.0240579010884106e-08,40.216349159159336,14.90452811789512
2026-06-17T23:02:00+00:00,4.65970596840987e-08,6.3772295455726905e-09,4.0219830138526016e-08,40.417675450023665,14.938839519066544
2026-06-17T23:03:00+00:00,4.648469785352205e-08,6.287335219843547e-09,4.01973626336785e-08,40.61905896076107,14.976024264039955
2026-06-17T23:04:00+00:00,4.637049652256828e-08,6.197318804928982e-09,4.017317771763929e-08,40.82049765246114,15.016061123159771
2026-06-17T23:05:00+00:00,4.6254462285222536e-08,6.107185572176291e-09,4.0147276713046236e-08,41.02198951635868,15.058927451804388
2026-06-17T23:06:00+00:00,4.613660183805594e-08,6.016940794443594e-09,4.0119661043612356e-08,41.22353257457253,15.10459925203229
2026-06-17T23:07:00+00:00,4.601692198106362e-08,5.926589746740557e-09,4.0090332234323066e-08,41.425124877094454,15.153051235865188
2026-06-17T23:08:00+00:00,4.5895429616338034e-08,5.836137705183494e-09,4.005929191115453e-08,41.6267645025664,15.204256891412749
2026-06-17T23:09:00+00:00,4.577213174782065e-08,5.745589946789901e-09,4.0026541801030754e-08,41.82844955720007,15.25818855028621
2026-06-17T23:10:00+00:00,4.564703539657167e-08,5.654951688471742e-09,3.9992083708099925e-08,42.03017830898846,15.314817495186814
2026-06-17T23:11:00+00:00,4.5520147936121024e-08,5.5642283291656425e-09,3.995591960695538e-08,42.23194864741744,15.374113876393444
2026-06-17T23:12:00+00:00,4.539147659002676e-08,5.473425085792985e-09,3.991805150423377e-08,42.43375889219891,15.436047009420017
2026-06-17T23:13:00+00:00,4.5261028764816144e-08,5.382547235276442e-09,3.98784815295397e-08,42.63560725306596,15.500585295981073
2026-06-17T23:14:00+00:00,4.512881196642273e-08,5.2916000535853e-09,3.9837211912837434e-08,42.83749196404123,15.56769633159139
2026-06-17T23:15:00+00:00,4.4994833799939063e-08,5.200588815539129e-09,3.979424498439994e-08,43.039411282444696,15.637346975704858
2026-06-17T23:16:00+00:00,4.4859101968096826e-08,5.109518793757116e-09,3.9749583174339714e-08,43.24136348981281,15.709503421868966
2026-06-17T23:17:00+00:00,4.472162427223673e-08,5.0183952593031904e-09,3.970322901293354e-08,43.44334688907093,15.784131265667764
2026-06-17T23:18:00+00:00,4.4582408610795676e-08,4.927223480642642e-09,3.9655185130153034e-08,43.64535980546746,15.861195572792617
2026-06-17T23:19:00+00:00,4.4441462979022415e-08,4.8360087234402775e-09,3.9605454255582135e-08,43.847400585655514,15.94066094508829
2026-06-17T23:20:00+00:00,4.4298795468694276e-08,4.7447562503590656e-09,3.9554039218335203e-08,44.04946759678873,16.022491584977324
2026-06-17T23:21:00+00:00,4.415441416912848e-08,4.653471258792964e-09,3.950094291033551e-08,44.25155936302277,16.10665141608719
2026-06-17T23:22:00+00:00,4.40083275566355e-08,4.562159126391183e-09,3.944616843024431e-08,44.45367402067059,16.193103915890262
2026-06-17T23:23:00+00:00,4.386054391199068e-08,4.470825042726151e-09,3.938971886926453e-08,44.65581013231811,16.28181251375289
2026-06-17T23:24:00+00:00,4.371107170625908e-08,4.379474253931686e-09,3.93315974523274e-08,44.85796614391161,16.372740423162433
2026-06-17T23:25:00+00:00,4.355991950426612e-08,4.2881120013040405e-09,3.927180750296208e-08,45.06014051941872,16.465850751510093
2026-06-17T23:26:00+00:00,4.3407095962890034e-08,4.196743520251576e-09,3.921035244263846e-08,45.2623317418832,16.561106552715405
2026-06-17T23:27:00+00:00,4.325260983216939e-08,4.1053740409547555e-09,3.914723579121464e-08,45.46453831070756,16.658470875677292
2026-06-17T23:28:00+00:00,4.309646995358988e-08,4.014008787317687e-09,3.908246116627219e-08,45.66675874272813,16.75790681197684
2026-06-17T23:29:00+00:00,4.293868525976779e-08,3.922652976771456e-09,3.901603228299633e-08,45.86899157141706,16.859377540228017
2026-06-17T23:30:00+00:00,4.277926477415132e-08,3.8313118200843976e-09,3.894795295406692e-08,46.07123534608042,16.96284636788585
2026-06-17T23:31:00+00:00,4.261821760922065e-08,3.739990520316044e-09,3.887822708890461e-08,46.273488632963534,17.06827677154012
2026-06-17T23:32:00+00:00,4.2455552858034664e-08,3.648694212260878e-09,3.880685864577378e-08,46.47575014823466,17.175632505377138
2026-06-17T23:33:00+00:00,4.229128002983757e-08,3.5574282062808097e-09,3.873385182355676e-08,46.67801821655692,17.284877347260934
2026-06-17T23:34:00+00:00,4.2125408395236796e-08,3.4661976207733924e-09,3.8659210774463396e-08,46.88029158414466,17.395975562651373
2026-06-17T23:35:00+00:00,4.1957947421131286e-08,3.3750076268932634e-09,3.8582939794238025e-08,47.08256887547956,17.50889164746481
2026-06-17T23:36:00+00:00,4.1788906660285576e-08,3.2838633862800946e-09,3.850504327400548e-08,47.28484873009257,17.623590427713992
2026-06-17T23:37:00+00:00,4.161829575255854e-08,3.192770051716584e-09,3.8425525700841956e-08,47.48712979995566,17.74003708343999
2026-06-17T23:38:00+00:00,4.144612442301584e-08,3.101732766094943e-09,3.834439165692091e-08,47.68941075063549,17.8581971725749
2026-06-17T23:39:00+00:00,4.1272402481581756e-08,3.010756662227231e-09,3.826164581935452e-08,47.89169026058519,17.978036651657586
2026-06-17T23:40:00+00:00,4.1097139822714024e-08,2.919846862655928e-09,3.817729296005809e-08,48.09396702044393,18.099521894469298
2026-06-17T23:41:00+00:00,4.0920346423427876e-08,2.829008478625334e-09,3.809133794480254e-08,48.296239734213486,18.22261970990983
2026-06-17T23:42:00+00:00,4.074203234459124e-08,2.738246610740078e-09,3.800378573385116e-08,48.49850711668998,18.34729735569154
2026-06-17T23:43:00+00:00,4.056220772893959e-08,2.647566347935394e-09,3.79146413810042e-08,48.70076789466085,18.47352255257364
2026-06-17T23:44:00+00:00,4.038088267863365e-08,2.5569727065705224e-09,3.782390997206313e-08,48.90302094185901,18.601263581887256
