drop_index,utc_time,local_time_pdt,burst_id,drop_id_in_burst,node9_max_cc,node4_offset_ms,nano_covered,deep_covered,paired_covered,nano_loo_signal_ncc,nano_loo_noise_ncc,nano_beam_snr_db,nano_relative_amplitude,nano_detected,source_miniseed
0,2026-06-16T23:47:09.409500,2026-06-16T16:47:09.409500,0,0,0.9282,+0.00,1,1,1,0.9526,0.1957,21.26,0.7166,1,453009664.2026.06.16.23.38.55.000.Z.miniseed
1,2026-06-16T23:47:23.100000,2026-06-16T16:47:23.100000,0,1,0.9969,+0.00,1,1,1,0.9645,0.1530,12.25,0.8219,1,453009664.2026.06.16.23.38.55.000.Z.miniseed
2,2026-06-16T23:47:32.557000,2026-06-16T16:47:32.557000,0,2,0.9196,+0.50,1,1,1,0.9578,0.3369,11.61,0.8418,1,453009664.2026.06.16.23.38.55.000.Z.miniseed
3,2026-06-16T23:47:41.957000,2026-06-16T16:47:41.957000,0,3,0.9983,+0.00,1,1,1,0.9068,0.2480,9.54,0.9793,0,453009664.2026.06.16.23.38.55.000.Z.miniseed
4,2026-06-16T23:47:51.841500,2026-06-16T16:47:51.841500,0,4,0.9988,+0.50,1,1,1,0.9544,0.1227,7.86,0.9329,0,453009664.2026.06.16.23.38.55.000.Z.miniseed
5,2026-06-16T23:48:01.759000,2026-06-16T16:48:01.759000,0,5,1.0000,+0.50,1,1,1,0.9593,0.2516,20.46,0.8816,1,453009664.2026.06.16.23.38.55.000.Z.miniseed
6,2026-06-16T23:48:10.999000,2026-06-16T16:48:10.999000,0,6,0.8280,+1.00,1,1,1,0.9511,0.0829,22.93,0.9011,1,453009664.2026.06.16.23.38.55.000.Z.miniseed
7,2026-06-16T23:48:20.509000,2026-06-16T16:48:20.509000,0,7,0.9842,+0.50,1,1,1,0.9632,0.1776,22.12,0.9659,1,453009664.2026.06.16.23.38.55.000.Z.miniseed
8,2026-06-16T23:48:28.963000,2026-06-16T16:48:28.963000,0,8,0.9935,+0.50,1,1,1,0.3934,0.1801,1.58,2.2283,0,453009664.2026.06.16.23.38.55.000.Z.miniseed
9,2026-06-16T23:48:37.465000,2026-06-16T16:48:37.465000,0,9,0.9898,+0.50,1,1,1,0.3518,0.3530,4.56,4.7485,0,453009664.2026.06.16.23.38.55.000.Z.miniseed
10,2026-06-16T23:48:45.465500,2026-06-16T16:48:45.465500,0,10,0.9865,+0.50,1,1,1,0.8325,0.3336,5.08,1.5049,0,453009664.2026.06.16.23.38.55.000.Z.miniseed
11,2026-06-16T23:48:54.964500,2026-06-16T16:48:54.964500,0,11,0.9860,+0.50,1,1,1,0.9579,0.2706,21.58,0.9985,1,453009664.2026.06.16.23.38.55.000.Z.miniseed
12,2026-06-16T23:49:03.200500,2026-06-16T16:49:03.200500,0,12,0.9835,+0.50,1,1,1,0.9689,0.2073,21.64,0.9859,1,453009664.2026.06.16.23.38.55.000.Z.miniseed
13,2026-06-16T23:49:11.758000,2026-06-16T16:49:11.758000,0,13,0.9341,+1.00,1,1,1,0.9478,0.4871,23.35,1.0015,1,453009664.2026.06.16.23.38.55.000.Z.miniseed
14,2026-06-16T23:49:20.329500,2026-06-16T16:49:20.329500,0,14,0.9811,+1.00,1,1,1,0.9598,0.3370,22.58,1.0143,1,453009664.2026.06.16.23.38.55.000.Z.miniseed
15,2026-06-16T23:49:28.864500,2026-06-16T16:49:28.864500,0,15,0.9025,+1.00,1,1,1,0.8133,0.3383,6.11,1.4827,0,453009664.2026.06.16.23.38.55.000.Z.miniseed
16,2026-06-16T23:49:37.310000,2026-06-16T16:49:37.310000,0,16,0.9687,+1.00,1,1,1,0.8930,0.4177,3.48,1.3343,0,453009664.2026.06.16.23.38.55.000.Z.miniseed
17,2026-06-16T23:49:46.120000,2026-06-16T16:49:46.120000,0,17,0.8021,+1.00,1,1,1,0.4186,0.3717,2.27,2.2710,0,453009664.2026.06.16.23.38.55.000.Z.miniseed
18,2026-06-16T23:49:55.696000,2026-06-16T16:49:55.696000,0,18,0.9722,+0.50,1,1,1,0.5381,0.3911,8.57,1.4404,0,453009664.2026.06.16.23.38.55.000.Z.miniseed
19,2026-06-16T23:50:03.961500,2026-06-16T16:50:03.961500,0,19,0.9631,+1.00,1,1,1,0.9014,0.1930,5.89,1.1083,0,453009664.2026.06.16.23.38.55.000.Z.miniseed
20,2026-06-17T00:16:12.779000,2026-06-16T17:16:12.779000,1,0,0.7556,+1.00,1,1,1,0.9429,0.1289,19.77,0.7401,1,453009664.2026.06.17.00.00.00.000.Z.miniseed
21,2026-06-17T00:16:21.483500,2026-06-16T17:16:21.483500,1,1,1.0000,+0.50,1,1,1,0.9471,0.5465,19.36,0.8089,1,453009664.2026.06.17.00.00.00.000.Z.miniseed
22,2026-06-17T00:16:30.351000,2026-06-16T17:16:30.351000,1,2,0.8169,+1.00,1,1,1,0.9206,0.2323,6.63,0.8138,0,453009664.2026.06.17.00.00.00.000.Z.miniseed
23,2026-06-17T00:16:39.336500,2026-06-16T17:16:39.336500,1,3,0.9257,+1.00,1,1,1,0.3951,0.2512,0.56,1.4066,0,453009664.2026.06.17.00.00.00.000.Z.miniseed
24,2026-06-17T00:16:47.456500,2026-06-16T17:16:47.456500,1,4,0.8145,+1.00,1,1,1,0.7386,0.1568,0.68,1.5513,0,453009664.2026.06.17.00.00.00.000.Z.miniseed
25,2026-06-17T00:16:55.651000,2026-06-16T17:16:55.651000,1,5,0.8371,+0.50,1,1,1,0.5621,0.5538,2.26,1.6727,0,453009664.2026.06.17.00.00.00.000.Z.miniseed
26,2026-06-17T00:17:03.830500,2026-06-16T17:17:03.830500,1,6,0.7930,+1.00,1,1,1,0.4793,0.4073,-1.45,1.2517,0,453009664.2026.06.17.00.00.00.000.Z.miniseed
27,2026-06-17T00:17:12.443000,2026-06-16T17:17:12.443000,1,7,0.8999,+1.00,1,1,1,0.8353,0.4205,-0.39,0.6744,0,453009664.2026.06.17.00.00.00.000.Z.miniseed
28,2026-06-17T00:17:20.977000,2026-06-16T17:17:20.977000,1,8,0.8392,+1.00,1,1,1,0.9766,0.2309,20.56,0.7617,1,453009664.2026.06.17.00.00.00.000.Z.miniseed
29,2026-06-17T00:17:29.255000,2026-06-16T17:17:29.255000,1,9,0.8782,+1.00,1,1,1,0.9811,0.2871,21.82,0.7581,1,453009664.2026.06.17.00.00.00.000.Z.miniseed
30,2026-06-17T00:17:37.368000,2026-06-16T17:17:37.368000,1,10,0.8442,+0.50,1,1,1,0.6343,0.2145,4.02,1.5217,0,453009664.2026.06.17.00.00.00.000.Z.miniseed
31,2026-06-17T00:17:46.166500,2026-06-16T17:17:46.166500,1,11,0.7981,+1.00,1,1,1,0.5691,0.3469,-1.82,0.9452,0,453009664.2026.06.17.00.00.00.000.Z.miniseed
32,2026-06-17T00:17:54.477500,2026-06-16T17:17:54.477500,1,12,0.8229,+0.50,1,1,1,0.6986,0.2414,0.84,1.0548,0,453009664.2026.06.17.00.00.00.000.Z.miniseed
33,2026-06-17T00:18:02.892000,2026-06-16T17:18:02.892000,1,13,0.8735,+1.00,1,1,1,0.6128,0.3554,3.64,1.1149,0,453009664.2026.06.17.00.00.00.000.Z.miniseed
34,2026-06-17T00:18:11.456500,2026-06-16T17:18:11.456500,1,14,0.8901,+0.50,1,1,1,0.7145,0.3640,2.18,1.1989,0,453009664.2026.06.17.00.00.00.000.Z.miniseed
35,2026-06-17T00:18:20.348000,2026-06-16T17:18:20.348000,1,15,0.7996,+1.00,1,1,1,0.4595,0.1324,-1.62,1.1474,0,453009664.2026.06.17.00.00.00.000.Z.miniseed
36,2026-06-17T00:18:28.895000,2026-06-16T17:18:28.895000,1,16,0.7555,+1.00,1,1,1,0.7964,0.2799,9.73,1.1009,0,453009664.2026.06.17.00.00.00.000.Z.miniseed
37,2026-06-17T00:18:37.066000,2026-06-16T17:18:37.066000,1,17,0.9029,+0.50,1,1,1,0.8881,0.4065,3.01,0.8434,0,453009664.2026.06.17.00.00.00.000.Z.miniseed
38,2026-06-17T00:18:46.007500,2026-06-16T17:18:46.007500,1,18,0.8899,+0.50,1,1,1,0.8970,0.2261,14.78,0.8300,0,453009664.2026.06.17.00.00.00.000.Z.miniseed
39,2026-06-17T00:18:54.119500,2026-06-16T17:18:54.119500,1,19,0.7932,+1.00,1,1,1,0.9712,0.3238,24.90,0.8011,1,453009664.2026.06.17.00.00.00.000.Z.miniseed
40,2026-06-17T00:46:24.629000,2026-06-16T17:46:24.629000,2,0,0.8981,+0.50,1,1,1,0.9968,0.3245,23.53,0.9540,1,453009664.2026.06.17.00.00.00.000.Z.miniseed
41,2026-06-17T00:46:32.595500,2026-06-16T17:46:32.595500,2,1,0.7694,+0.50,1,1,1,0.9945,0.2510,22.29,0.9831,1,453009664.2026.06.17.00.00.00.000.Z.miniseed
42,2026-06-17T00:46:40.177500,2026-06-16T17:46:40.177500,2,2,0.7781,+0.50,1,1,1,0.9950,0.3698,24.02,0.9873,1,453009664.2026.06.17.00.00.00.000.Z.miniseed
43,2026-06-17T00:46:48.040500,2026-06-16T17:46:48.040500,2,3,0.7786,+0.50,1,1,1,0.9975,0.3710,25.31,1.0079,1,453009664.2026.06.17.00.00.00.000.Z.miniseed
44,2026-06-17T00:46:55.774500,2026-06-16T17:46:55.774500,2,4,0.7781,+0.50,1,1,1,0.9958,0.1577,23.52,0.9862,1,453009664.2026.06.17.00.00.00.000.Z.miniseed
45,2026-06-17T00:47:03.807500,2026-06-16T17:47:03.807500,2,5,0.7647,+0.50,1,1,1,0.9968,0.3092,23.19,0.9835,1,453009664.2026.06.17.00.00.00.000.Z.miniseed
46,2026-06-17T00:47:11.370000,2026-06-16T17:47:11.370000,2,6,0.8776,+0.50,1,1,1,0.9898,0.3348,22.66,0.9795,1,453009664.2026.06.17.00.00.00.000.Z.miniseed
47,2026-06-17T00:47:20.074500,2026-06-16T17:47:20.074500,2,7,0.7630,+0.50,1,1,1,0.9957,0.3552,23.47,1.0082,1,453009664.2026.06.17.00.00.00.000.Z.miniseed
48,2026-06-17T00:47:28.380500,2026-06-16T17:47:28.380500,2,8,0.7892,+0.50,1,1,1,0.9974,0.0699,25.17,0.9963,1,453009664.2026.06.17.00.00.00.000.Z.miniseed
49,2026-06-17T00:47:36.732500,2026-06-16T17:47:36.732500,2,9,0.7890,+0.50,1,1,1,0.9987,0.2023,24.65,1.0002,1,453009664.2026.06.17.00.00.00.000.Z.miniseed
50,2026-06-17T00:47:44.683000,2026-06-16T17:47:44.683000,2,10,0.7675,+0.50,1,1,1,0.9980,0.3276,24.97,0.9953,1,453009664.2026.06.17.00.00.00.000.Z.miniseed
51,2026-06-17T00:47:52.744500,2026-06-16T17:47:52.744500,2,11,0.8556,+0.50,1,1,1,0.9966,0.3374,25.30,0.9998,1,453009664.2026.06.17.00.00.00.000.Z.miniseed
52,2026-06-17T00:48:00.505500,2026-06-16T17:48:00.505500,2,12,0.7534,+0.00,1,1,1,0.9970,0.3137,23.29,1.0225,1,453009664.2026.06.17.00.00.00.000.Z.miniseed
53,2026-06-17T00:48:08.787500,2026-06-16T17:48:08.787500,2,13,0.7873,+0.00,1,1,1,0.9931,0.1986,24.16,1.0217,1,453009664.2026.06.17.00.00.00.000.Z.miniseed
54,2026-06-17T00:48:17.668000,2026-06-16T17:48:17.668000,2,14,0.7869,+0.50,1,1,1,0.9985,0.3301,25.62,1.0255,1,453009664.2026.06.17.00.00.00.000.Z.miniseed
55,2026-06-17T00:48:25.832500,2026-06-16T17:48:25.832500,2,15,0.8143,+0.50,1,1,1,0.9944,0.3861,23.84,0.9971,1,453009664.2026.06.17.00.00.00.000.Z.miniseed
56,2026-06-17T00:48:34.000500,2026-06-16T17:48:34.000500,2,16,0.7783,+0.50,1,1,1,0.9984,0.3327,26.12,1.0084,1,453009664.2026.06.17.00.00.00.000.Z.miniseed
57,2026-06-17T00:48:42.311000,2026-06-16T17:48:42.311000,2,17,0.7761,+0.50,1,1,1,0.9972,0.1461,25.47,1.0062,1,453009664.2026.06.17.00.00.00.000.Z.miniseed
58,2026-06-17T00:48:50.645000,2026-06-16T17:48:50.645000,2,18,0.8094,+0.50,1,1,1,0.9976,0.2365,25.28,1.0145,1,453009664.2026.06.17.00.00.00.000.Z.miniseed
59,2026-06-17T00:48:59.032500,2026-06-16T17:48:59.032500,2,19,0.7948,+0.50,1,1,1,0.9987,0.4120,23.94,1.0234,1,453009664.2026.06.17.00.00.00.000.Z.miniseed
60,2026-06-17T01:16:19.085500,2026-06-16T18:16:19.085500,3,0,0.7582,+0.00,1,1,1,0.8798,0.1444,1.85,0.7852,0,453009664.2026.06.17.00.00.00.000.Z.miniseed
61,2026-06-17T01:16:28.508000,2026-06-16T18:16:28.508000,3,1,0.8795,+0.50,1,1,1,0.5912,0.2387,0.28,0.8305,0,453009664.2026.06.17.00.00.00.000.Z.miniseed
62,2026-06-17T01:16:36.869500,2026-06-16T18:16:36.869500,3,2,0.9379,+0.50,1,1,1,0.5729,0.1117,2.65,1.2468,0,453009664.2026.06.17.00.00.00.000.Z.miniseed
63,2026-06-17T01:16:45.120000,2026-06-16T18:16:45.120000,3,3,0.8423,+0.50,1,1,1,0.3894,0.3592,0.23,1.0827,0,453009664.2026.06.17.00.00.00.000.Z.miniseed
64,2026-06-17T01:16:53.176000,2026-06-16T18:16:53.176000,3,4,0.9188,+0.00,1,1,1,0.6594,0.3825,5.18,1.2013,0,453009664.2026.06.17.00.00.00.000.Z.miniseed
65,2026-06-17T01:17:01.108500,2026-06-16T18:17:01.108500,3,5,0.8449,+0.00,1,1,1,0.5384,0.4751,0.15,1.0712,0,453009664.2026.06.17.00.00.00.000.Z.miniseed
66,2026-06-17T01:17:09.096000,2026-06-16T18:17:09.096000,3,6,0.7732,+0.00,1,1,1,0.4785,0.4113,-0.04,0.9074,0,453009664.2026.06.17.00.00.00.000.Z.miniseed
67,2026-06-17T01:17:17.511000,2026-06-16T18:17:17.511000,3,7,0.7826,+0.00,1,1,1,0.2666,0.3612,-3.61,0.8041,0,453009664.2026.06.17.00.00.00.000.Z.miniseed
68,2026-06-17T01:17:26.018000,2026-06-16T18:17:26.018000,3,8,0.8186,+0.00,1,1,1,0.6391,0.3199,3.62,1.0818,0,453009664.2026.06.17.00.00.00.000.Z.miniseed
69,2026-06-17T01:17:34.184500,2026-06-16T18:17:34.184500,3,9,0.7817,+0.00,1,1,1,0.4895,0.5221,3.82,1.0629,0,453009664.2026.06.17.00.00.00.000.Z.miniseed
70,2026-06-17T01:17:42.375500,2026-06-16T18:17:42.375500,3,10,0.7652,+0.00,1,1,1,0.5685,0.1563,5.80,0.9896,0,453009664.2026.06.17.00.00.00.000.Z.miniseed
71,2026-06-17T01:17:50.963000,2026-06-16T18:17:50.963000,3,11,0.9042,+0.00,1,1,1,0.6159,0.1518,1.54,1.7373,0,453009664.2026.06.17.00.00.00.000.Z.miniseed
72,2026-06-17T01:17:59.696000,2026-06-16T18:17:59.696000,3,12,0.9388,+0.50,1,1,1,0.3535,0.3583,2.92,0.9843,0,453009664.2026.06.17.00.00.00.000.Z.miniseed
73,2026-06-17T01:18:08.189000,2026-06-16T18:18:08.189000,3,13,0.8957,+0.00,1,1,1,0.7330,0.4548,1.27,0.9712,0,453009664.2026.06.17.00.00.00.000.Z.miniseed
74,2026-06-17T01:18:16.784500,2026-06-16T18:18:16.784500,3,14,0.8131,+0.00,1,1,1,0.6800,0.4826,5.14,1.0104,0,453009664.2026.06.17.00.00.00.000.Z.miniseed
75,2026-06-17T01:18:25.540000,2026-06-16T18:18:25.540000,3,15,0.8324,+0.00,1,1,1,0.7751,0.1900,5.24,1.0188,0,453009664.2026.06.17.00.00.00.000.Z.miniseed
76,2026-06-17T01:18:34.001000,2026-06-16T18:18:34.001000,3,16,0.9133,+0.00,1,1,1,0.8372,0.3132,2.72,0.9101,0,453009664.2026.06.17.00.00.00.000.Z.miniseed
77,2026-06-17T01:18:42.063000,2026-06-16T18:18:42.063000,3,17,0.7832,+0.00,1,1,1,0.7704,0.2983,3.71,1.0985,0,453009664.2026.06.17.00.00.00.000.Z.miniseed
78,2026-06-17T01:18:50.706000,2026-06-16T18:18:50.706000,3,18,0.8453,+0.00,1,1,1,0.5917,0.3921,-0.66,0.8807,0,453009664.2026.06.17.00.00.00.000.Z.miniseed
79,2026-06-17T01:18:58.864000,2026-06-16T18:18:58.864000,3,19,0.7908,+0.00,1,1,1,0.6132,0.4851,-1.78,0.6250,0,453009664.2026.06.17.00.00.00.000.Z.miniseed
80,2026-06-17T01:46:13.476500,2026-06-16T18:46:13.476500,4,0,0.8256,+0.00,1,1,1,0.8124,0.2607,13.36,1.0000,0,453009664.2026.06.17.00.00.00.000.Z.miniseed
81,2026-06-17T01:46:21.627000,2026-06-16T18:46:21.627000,4,1,0.7682,+0.00,1,1,1,0.5272,0.1167,1.24,1.2694,0,453009664.2026.06.17.00.00.00.000.Z.miniseed
82,2026-06-17T01:46:30.098000,2026-06-16T18:46:30.098000,4,2,0.8528,+0.00,1,1,1,0.5202,0.2475,-0.46,1.9926,0,453009664.2026.06.17.00.00.00.000.Z.miniseed
83,2026-06-17T01:46:38.076000,2026-06-16T18:46:38.076000,4,3,0.7465,+0.00,1,1,1,0.2840,0.0845,0.45,2.1364,0,453009664.2026.06.17.00.00.00.000.Z.miniseed
84,2026-06-17T01:46:46.009000,2026-06-16T18:46:46.009000,4,4,0.8394,+0.00,1,1,1,0.6455,0.2809,-1.68,1.6008,0,453009664.2026.06.17.00.00.00.000.Z.miniseed
85,2026-06-17T01:46:54.458500,2026-06-16T18:46:54.458500,4,5,0.7856,+0.00,1,1,1,0.9258,0.1613,22.50,0.7876,1,453009664.2026.06.17.00.00.00.000.Z.miniseed
86,2026-06-17T01:47:02.220000,2026-06-16T18:47:02.220000,4,6,0.8473,+0.00,1,1,1,0.8881,0.1284,18.81,0.8798,0,453009664.2026.06.17.00.00.00.000.Z.miniseed
87,2026-06-17T01:47:10.426000,2026-06-16T18:47:10.426000,4,7,0.7912,+0.00,1,1,1,0.9351,0.2342,25.81,0.9548,1,453009664.2026.06.17.00.00.00.000.Z.miniseed
88,2026-06-17T01:47:18.216500,2026-06-16T18:47:18.216500,4,8,0.7639,+0.50,1,1,1,0.2295,0.2456,3.46,3.5851,0,453009664.2026.06.17.00.00.00.000.Z.miniseed
89,2026-06-17T01:47:26.053000,2026-06-16T18:47:26.053000,4,9,0.7897,+0.00,1,1,1,0.3323,0.3249,-1.38,1.4728,0,453009664.2026.06.17.00.00.00.000.Z.miniseed
90,2026-06-17T01:47:33.977500,2026-06-16T18:47:33.977500,4,10,0.8286,-0.50,1,1,1,0.8773,0.4199,8.51,1.0277,0,453009664.2026.06.17.00.00.00.000.Z.miniseed
91,2026-06-17T01:47:41.749000,2026-06-16T18:47:41.749000,4,11,0.8641,+0.00,1,1,1,0.4553,0.3283,1.13,0.7880,0,453009664.2026.06.17.00.00.00.000.Z.miniseed
92,2026-06-17T01:47:49.662000,2026-06-16T18:47:49.662000,4,12,0.7652,+0.00,1,1,1,0.8980,0.3877,5.30,0.8614,0,453009664.2026.06.17.00.00.00.000.Z.miniseed
93,2026-06-17T01:47:57.510500,2026-06-16T18:47:57.510500,4,13,0.8029,-0.50,1,1,1,0.9389,0.2440,24.74,0.8760,1,453009664.2026.06.17.00.00.00.000.Z.miniseed
94,2026-06-17T01:48:05.194500,2026-06-16T18:48:05.194500,4,14,0.8308,+0.50,1,1,1,0.8225,0.4851,7.09,0.9209,0,453009664.2026.06.17.00.00.00.000.Z.miniseed
95,2026-06-17T01:48:13.045000,2026-06-16T18:48:13.045000,4,15,0.8464,+0.00,1,1,1,0.9134,0.0571,8.86,0.8771,0,453009664.2026.06.17.00.00.00.000.Z.miniseed
96,2026-06-17T01:48:20.709500,2026-06-16T18:48:20.709500,4,16,0.7969,+0.00,1,1,1,0.9371,0.4651,13.92,0.8838,1,453009664.2026.06.17.00.00.00.000.Z.miniseed
97,2026-06-17T01:48:28.456000,2026-06-16T18:48:28.456000,4,17,0.8598,+0.00,1,1,1,0.5866,0.1064,1.60,1.7298,0,453009664.2026.06.17.00.00.00.000.Z.miniseed
98,2026-06-17T01:48:36.553500,2026-06-16T18:48:36.553500,4,18,0.7748,+0.00,1,1,1,0.4740,0.2651,-0.87,1.8082,0,453009664.2026.06.17.00.00.00.000.Z.miniseed
99,2026-06-17T01:48:44.454500,2026-06-16T18:48:44.454500,4,19,0.7731,-0.50,1,1,1,0.9343,0.4651,22.20,0.8812,1,453009664.2026.06.17.00.00.00.000.Z.miniseed
100,2026-06-17T01:48:52.112500,2026-06-16T18:48:52.112500,4,20,0.7855,-0.50,1,1,1,0.4651,0.2262,-4.07,1.5906,0,453009664.2026.06.17.00.00.00.000.Z.miniseed
101,2026-06-17T02:16:14.740000,2026-06-16T19:16:14.740000,5,0,0.7582,+0.00,1,1,1,0.9378,0.4552,23.76,0.7928,1,453009664.2026.06.17.00.00.00.000.Z.miniseed
102,2026-06-17T02:16:23.872000,2026-06-16T19:16:23.872000,5,1,0.8526,+0.50,1,1,1,0.9198,0.2132,14.77,0.9190,1,453009664.2026.06.17.00.00.00.000.Z.miniseed
103,2026-06-17T02:16:33.005500,2026-06-16T19:16:33.005500,5,2,0.8035,-0.50,1,1,1,0.9021,0.2765,8.39,0.8165,0,453009664.2026.06.17.00.00.00.000.Z.miniseed
104,2026-06-17T02:16:42.037000,2026-06-16T19:16:42.037000,5,3,0.8138,+0.00,1,1,1,0.9101,0.1367,11.56,0.8662,1,453009664.2026.06.17.00.00.00.000.Z.miniseed
105,2026-06-17T02:16:50.409500,2026-06-16T19:16:50.409500,5,4,0.7817,+0.00,1,1,1,0.8272,0.2977,7.04,1.0164,0,453009664.2026.06.17.00.00.00.000.Z.miniseed
106,2026-06-17T02:16:59.078000,2026-06-16T19:16:59.078000,5,5,0.7769,+0.50,1,1,1,0.7427,0.5280,3.26,0.9887,0,453009664.2026.06.17.00.00.00.000.Z.miniseed
107,2026-06-17T02:17:07.412000,2026-06-16T19:17:07.412000,5,6,0.8486,+0.00,1,1,1,0.7781,0.3976,5.09,0.9784,0,453009664.2026.06.17.00.00.00.000.Z.miniseed
108,2026-06-17T02:17:16.061500,2026-06-16T19:17:16.061500,5,7,0.7931,+0.50,1,1,1,0.7286,0.1771,5.88,1.2542,0,453009664.2026.06.17.00.00.00.000.Z.miniseed
109,2026-06-17T02:17:24.532000,2026-06-16T19:17:24.532000,5,8,0.7758,+0.00,1,1,1,0.1398,0.3537,0.33,1.7884,0,453009664.2026.06.17.00.00.00.000.Z.miniseed
110,2026-06-17T02:17:33.005000,2026-06-16T19:17:33.005000,5,9,0.8110,+0.50,1,1,1,0.3442,0.1326,-1.77,2.1474,0,453009664.2026.06.17.00.00.00.000.Z.miniseed
111,2026-06-17T02:17:41.554000,2026-06-16T19:17:41.554000,5,10,0.7774,+0.00,1,1,1,0.3653,0.0805,-1.58,2.5197,0,453009664.2026.06.17.00.00.00.000.Z.miniseed
112,2026-06-17T02:17:52.107500,2026-06-16T19:17:52.107500,5,11,0.7714,+0.00,1,1,1,0.5439,0.3991,3.35,1.7867,0,453009664.2026.06.17.00.00.00.000.Z.miniseed
113,2026-06-17T02:18:01.783000,2026-06-16T19:18:01.783000,5,12,0.7896,+0.50,1,1,1,0.5709,0.3261,-4.08,1.0113,0,453009664.2026.06.17.00.00.00.000.Z.miniseed
114,2026-06-17T02:18:10.665000,2026-06-16T19:18:10.665000,5,13,0.7758,+0.50,1,1,1,0.4450,0.2455,2.37,3.0449,0,453009664.2026.06.17.00.00.00.000.Z.miniseed
115,2026-06-17T02:18:20.172500,2026-06-16T19:18:20.172500,5,14,0.8240,-0.50,1,1,1,0.4571,0.3139,3.08,2.6526,0,453009664.2026.06.17.00.00.00.000.Z.miniseed
116,2026-06-17T02:18:29.287000,2026-06-16T19:18:29.287000,5,15,0.7858,+0.00,1,1,1,0.3827,0.4263,-0.21,1.5006,0,453009664.2026.06.17.00.00.00.000.Z.miniseed
117,2026-06-17T02:18:37.980500,2026-06-16T19:18:37.980500,5,16,0.8343,-0.50,1,1,1,0.8586,0.4376,11.05,0.9073,0,453009664.2026.06.17.00.00.00.000.Z.miniseed
118,2026-06-17T02:18:46.461500,2026-06-16T19:18:46.461500,5,17,0.8115,+0.00,1,1,1,0.9329,0.1439,24.12,0.8561,1,453009664.2026.06.17.00.00.00.000.Z.miniseed
119,2026-06-17T02:18:54.823500,2026-06-16T19:18:54.823500,5,18,0.7526,-0.50,1,1,1,0.9348,0.2126,23.30,0.8523,1,453009664.2026.06.17.00.00.00.000.Z.miniseed
120,2026-06-17T02:19:03.030500,2026-06-16T19:19:03.030500,5,19,0.8208,-0.50,1,1,1,0.9060,0.3283,12.96,0.8662,1,453009664.2026.06.17.00.00.00.000.Z.miniseed
121,2026-06-17T02:46:59.073500,2026-06-16T19:46:59.073500,6,0,0.7607,-0.50,1,1,1,0.6623,0.1055,2.64,2.7797,0,453009664.2026.06.17.00.00.00.000.Z.miniseed
122,2026-06-17T02:47:07.969000,2026-06-16T19:47:07.969000,6,1,0.7964,-0.50,1,1,1,0.4011,0.5585,3.54,2.6817,0,453009664.2026.06.17.00.00.00.000.Z.miniseed
123,2026-06-17T02:47:17.007500,2026-06-16T19:47:17.007500,6,2,0.7899,-1.00,1,1,1,0.6173,0.3339,1.78,2.0226,0,453009664.2026.06.17.00.00.00.000.Z.miniseed
124,2026-06-17T02:47:25.945000,2026-06-16T19:47:25.945000,6,3,0.7689,+0.50,1,1,1,0.4941,0.6166,0.13,1.8146,0,453009664.2026.06.17.00.00.00.000.Z.miniseed
125,2026-06-17T02:47:34.510500,2026-06-16T19:47:34.510500,6,4,0.7542,-0.50,1,1,1,0.9327,0.3623,3.12,1.0427,0,453009664.2026.06.17.00.00.00.000.Z.miniseed
126,2026-06-17T02:47:43.335000,2026-06-16T19:47:43.335000,6,5,0.7645,-0.50,1,1,1,0.8099,0.2264,7.73,0.8302,0,453009664.2026.06.17.00.00.00.000.Z.miniseed
127,2026-06-17T02:47:53.227000,2026-06-16T19:47:53.227000,6,6,0.8594,+0.00,1,1,1,0.9208,0.1551,6.41,0.9271,0,453009664.2026.06.17.00.00.00.000.Z.miniseed
128,2026-06-17T02:48:01.986000,2026-06-16T19:48:01.986000,6,7,0.8613,-0.50,1,1,1,0.9196,0.2725,5.76,0.9986,0,453009664.2026.06.17.00.00.00.000.Z.miniseed
129,2026-06-17T02:48:10.732500,2026-06-16T19:48:10.732500,6,8,0.8356,-0.50,1,1,1,0.7030,0.4335,6.24,1.1700,0,453009664.2026.06.17.00.00.00.000.Z.miniseed
130,2026-06-17T02:48:19.282500,2026-06-16T19:48:19.282500,6,9,0.7774,-0.50,1,1,1,0.9427,0.3436,14.11,0.8820,1,453009664.2026.06.17.00.00.00.000.Z.miniseed
131,2026-06-17T02:48:28.121500,2026-06-16T19:48:28.121500,6,10,0.8528,-0.50,1,1,1,0.7970,0.4292,4.01,1.0000,0,453009664.2026.06.17.00.00.00.000.Z.miniseed
132,2026-06-17T02:48:36.813500,2026-06-16T19:48:36.813500,6,11,0.8227,-0.50,1,1,1,0.8791,0.2231,8.83,0.8619,0,453009664.2026.06.17.00.00.00.000.Z.miniseed
133,2026-06-17T02:48:45.986500,2026-06-16T19:48:45.986500,6,12,0.8435,-0.50,1,1,1,0.8799,0.2406,14.50,0.9272,0,453009664.2026.06.17.00.00.00.000.Z.miniseed
134,2026-06-17T02:48:54.459000,2026-06-16T19:48:54.459000,6,13,0.8426,-0.50,1,1,1,0.2005,0.5464,0.77,2.0084,0,453009664.2026.06.17.00.00.00.000.Z.miniseed
135,2026-06-17T02:49:02.643500,2026-06-16T19:49:02.643500,6,14,0.8597,+0.00,1,1,1,0.9734,0.3211,10.47,0.8635,1,453009664.2026.06.17.00.00.00.000.Z.miniseed
136,2026-06-17T02:49:11.709000,2026-06-16T19:49:11.709000,6,15,0.8597,+0.00,1,1,1,0.8505,0.2260,10.03,1.0522,0,453009664.2026.06.17.00.00.00.000.Z.miniseed
137,2026-06-17T02:49:20.389500,2026-06-16T19:49:20.389500,6,16,0.8284,-0.50,1,1,1,0.8461,0.1981,7.91,1.1786,0,453009664.2026.06.17.00.00.00.000.Z.miniseed
138,2026-06-17T02:49:29.026500,2026-06-16T19:49:29.026500,6,17,0.8592,+0.00,1,1,1,0.9631,0.2840,11.34,0.9029,1,453009664.2026.06.17.00.00.00.000.Z.miniseed
139,2026-06-17T02:49:37.566500,2026-06-16T19:49:37.566500,6,18,0.8332,-0.50,1,1,1,0.9693,0.1758,23.80,0.8715,1,453009664.2026.06.17.00.00.00.000.Z.miniseed
140,2026-06-17T03:16:53.602000,2026-06-16T20:16:53.602000,7,0,0.6652,-0.50,1,1,1,0.8958,0.4379,4.93,0.5694,0,453009664.2026.06.17.00.00.00.000.Z.miniseed
141,2026-06-17T03:17:01.965500,2026-06-16T20:17:01.965500,7,1,0.8710,-0.50,1,1,1,0.9752,0.1340,11.02,0.7945,1,453009664.2026.06.17.00.00.00.000.Z.miniseed
142,2026-06-17T03:17:10.460000,2026-06-16T20:17:10.460000,7,2,0.8963,-0.50,1,1,1,0.9295,0.3506,23.87,0.9217,1,453009664.2026.06.17.00.00.00.000.Z.miniseed
143,2026-06-17T03:17:18.870000,2026-06-16T20:17:18.870000,7,3,0.8791,-0.50,1,1,1,0.9560,0.2762,22.93,0.9632,1,453009664.2026.06.17.00.00.00.000.Z.miniseed
144,2026-06-17T03:17:27.176500,2026-06-16T20:17:27.176500,7,4,0.8743,-0.50,1,1,1,0.9795,0.3541,24.52,0.8969,1,453009664.2026.06.17.00.00.00.000.Z.miniseed
145,2026-06-17T03:17:35.428500,2026-06-16T20:17:35.428500,7,5,0.8885,-0.50,1,1,1,0.9791,0.4039,27.47,0.9140,1,453009664.2026.06.17.00.00.00.000.Z.miniseed
146,2026-06-17T03:17:44.196000,2026-06-16T20:17:44.196000,7,6,0.8690,+0.00,1,1,1,0.9788,0.4841,25.30,0.9063,1,453009664.2026.06.17.00.00.00.000.Z.miniseed
147,2026-06-17T03:17:53.193500,2026-06-16T20:17:53.193500,7,7,0.8605,-0.50,1,1,1,0.9083,0.2552,7.10,1.0368,0,453009664.2026.06.17.00.00.00.000.Z.miniseed
148,2026-06-17T03:18:01.673000,2026-06-16T20:18:01.673000,7,8,0.8754,+0.00,1,1,1,0.8858,0.2526,7.79,1.1456,0,453009664.2026.06.17.00.00.00.000.Z.miniseed
149,2026-06-17T03:18:09.995500,2026-06-16T20:18:09.995500,7,9,0.8748,-0.50,1,1,1,0.7199,0.3858,3.05,1.2105,0,453009664.2026.06.17.00.00.00.000.Z.miniseed
150,2026-06-17T03:18:18.451000,2026-06-16T20:18:18.451000,7,10,0.8650,-0.50,1,1,1,0.5281,0.1953,2.57,1.7152,0,453009664.2026.06.17.00.00.00.000.Z.miniseed
151,2026-06-17T03:18:27.051000,2026-06-16T20:18:27.051000,7,11,0.8599,+0.00,1,1,1,0.6612,0.3844,1.53,2.3810,0,453009664.2026.06.17.00.00.00.000.Z.miniseed
152,2026-06-17T03:18:36.232000,2026-06-16T20:18:36.232000,7,12,0.8609,+0.00,1,1,1,0.5441,0.4249,0.76,1.4530,0,453009664.2026.06.17.00.00.00.000.Z.miniseed
153,2026-06-17T03:18:44.887500,2026-06-16T20:18:44.887500,7,13,0.8454,+0.00,1,1,1,0.9711,0.1800,21.93,0.9177,1,453009664.2026.06.17.00.00.00.000.Z.miniseed
154,2026-06-17T03:18:53.128000,2026-06-16T20:18:53.128000,7,14,0.8458,+0.00,1,1,1,0.9657,0.1528,25.29,0.9130,1,453009664.2026.06.17.00.00.00.000.Z.miniseed
155,2026-06-17T03:19:01.302500,2026-06-16T20:19:01.302500,7,15,0.8389,+0.00,1,1,1,0.9811,0.4580,25.85,0.9148,1,453009664.2026.06.17.00.00.00.000.Z.miniseed
156,2026-06-17T03:19:09.539500,2026-06-16T20:19:09.539500,7,16,0.8477,+0.00,1,1,1,0.9071,0.3785,10.39,1.3284,1,453009664.2026.06.17.00.00.00.000.Z.miniseed
157,2026-06-17T03:19:17.904000,2026-06-16T20:19:17.904000,7,17,0.8551,+0.00,1,1,1,0.7850,0.3378,3.79,1.2801,0,453009664.2026.06.17.00.00.00.000.Z.miniseed
158,2026-06-17T03:19:28.277000,2026-06-16T20:19:28.277000,7,18,0.8461,+0.00,1,1,1,0.8635,0.1182,5.65,1.1049,0,453009664.2026.06.17.00.00.00.000.Z.miniseed
159,2026-06-17T03:19:36.752500,2026-06-16T20:19:36.752500,7,19,0.8471,+0.00,1,1,1,0.9129,0.5402,8.09,1.1191,0,453009664.2026.06.17.00.00.00.000.Z.miniseed
160,2026-06-17T03:46:40.941000,2026-06-16T20:46:40.941000,8,0,0.8375,-0.50,1,1,1,0.9895,0.3775,23.40,0.9440,1,453009664.2026.06.17.00.00.00.000.Z.miniseed
161,2026-06-17T03:46:49.687500,2026-06-16T20:46:49.687500,8,1,0.8325,+0.00,1,1,1,0.9952,0.2185,22.44,0.9887,1,453009664.2026.06.17.00.00.00.000.Z.miniseed
162,2026-06-17T03:46:58.293500,2026-06-16T20:46:58.293500,8,2,0.8423,+0.00,1,1,1,0.9942,0.2700,23.29,0.9832,1,453009664.2026.06.17.00.00.00.000.Z.miniseed
163,2026-06-17T03:47:06.555000,2026-06-16T20:47:06.555000,8,3,0.8190,-0.50,1,1,1,0.9912,0.3961,26.21,0.9935,1,453009664.2026.06.17.00.00.00.000.Z.miniseed
164,2026-06-17T03:47:14.655500,2026-06-16T20:47:14.655500,8,4,0.8142,-0.50,1,1,1,0.9866,0.2506,25.56,0.9926,1,453009664.2026.06.17.00.00.00.000.Z.miniseed
165,2026-06-17T03:47:22.977500,2026-06-16T20:47:22.977500,8,5,0.8318,+0.00,1,1,1,0.9558,0.3164,21.59,1.0331,1,453009664.2026.06.17.00.00.00.000.Z.miniseed
166,2026-06-17T03:47:31.171000,2026-06-16T20:47:31.171000,8,6,0.8421,+0.00,1,1,1,0.9735,0.5521,11.86,1.0051,1,453009664.2026.06.17.00.00.00.000.Z.miniseed
167,2026-06-17T03:47:39.222000,2026-06-16T20:47:39.222000,8,7,0.8440,+0.00,1,1,1,0.9479,0.1712,17.60,1.1513,1,453009664.2026.06.17.00.00.00.000.Z.miniseed
168,2026-06-17T03:47:47.592500,2026-06-16T20:47:47.592500,8,8,0.8464,-0.50,1,1,1,0.9852,0.2395,10.88,1.0535,1,453009664.2026.06.17.00.00.00.000.Z.miniseed
169,2026-06-17T03:47:55.879500,2026-06-16T20:47:55.879500,8,9,0.8328,+0.00,1,1,1,0.9290,0.2172,10.25,0.9322,1,453009664.2026.06.17.00.00.00.000.Z.miniseed
170,2026-06-17T03:48:04.229000,2026-06-16T20:48:04.229000,8,10,0.8332,-0.50,1,1,1,0.9800,0.1798,9.93,1.0192,0,453009664.2026.06.17.00.00.00.000.Z.miniseed
171,2026-06-17T03:48:12.916000,2026-06-16T20:48:12.916000,8,11,0.8213,-0.50,1,1,1,0.8967,0.3777,8.03,1.1244,0,453009664.2026.06.17.00.00.00.000.Z.miniseed
172,2026-06-17T03:48:21.504500,2026-06-16T20:48:21.504500,8,12,0.8328,+0.00,1,1,1,0.9910,0.3215,11.36,1.0066,1,453009664.2026.06.17.00.00.00.000.Z.miniseed
173,2026-06-17T03:48:29.416500,2026-06-16T20:48:29.416500,8,13,0.8474,+0.00,1,1,1,0.9587,0.2259,23.20,1.0250,1,453009664.2026.06.17.00.00.00.000.Z.miniseed
174,2026-06-17T03:48:37.308500,2026-06-16T20:48:37.308500,8,14,0.8306,-0.50,1,1,1,0.9394,0.1516,24.38,1.0697,1,453009664.2026.06.17.00.00.00.000.Z.miniseed
175,2026-06-17T03:48:46.322500,2026-06-16T20:48:46.322500,8,15,0.8326,+0.00,1,1,1,0.9745,0.2651,7.91,0.9679,0,453009664.2026.06.17.00.00.00.000.Z.miniseed
176,2026-06-17T03:48:54.336000,2026-06-16T20:48:54.336000,8,16,0.8356,+0.50,1,1,1,0.9882,0.2950,24.44,0.9792,1,453009664.2026.06.17.00.00.00.000.Z.miniseed
177,2026-06-17T03:49:02.478500,2026-06-16T20:49:02.478500,8,17,0.8438,+0.00,1,1,1,0.9946,0.3595,23.12,0.9967,1,453009664.2026.06.17.00.00.00.000.Z.miniseed
178,2026-06-17T03:49:12.026000,2026-06-16T20:49:12.026000,8,18,0.8147,+0.00,1,1,1,0.9960,0.0815,23.81,0.9723,1,453009664.2026.06.17.00.00.00.000.Z.miniseed
179,2026-06-17T03:49:20.438500,2026-06-16T20:49:20.438500,8,19,0.8011,-0.50,1,1,1,0.9904,0.2670,25.92,1.0000,1,453009664.2026.06.17.00.00.00.000.Z.miniseed
180,2026-06-17T03:49:44.627000,2026-06-16T20:49:44.627000,8,20,0.6896,+0.00,1,1,1,0.3374,0.2445,0.45,1.4636,0,453001432.2026.06.17.00.00.00.000.Z.miniseed
181,2026-06-17T04:17:23.067000,2026-06-16T21:17:23.067000,9,0,0.7361,-1.50,1,1,1,0.9548,0.3363,21.76,0.6289,1,453009664.2026.06.17.00.00.00.000.Z.miniseed
182,2026-06-17T04:17:31.747500,2026-06-16T21:17:31.747500,9,1,0.9000,-1.00,1,1,1,0.9530,0.2255,23.13,0.8928,1,453009664.2026.06.17.00.00.00.000.Z.miniseed
183,2026-06-17T04:17:42.416000,2026-06-16T21:17:42.416000,9,2,0.9170,-1.00,1,1,1,0.9679,0.1558,25.76,0.9228,1,453009664.2026.06.17.00.00.00.000.Z.miniseed
184,2026-06-17T04:17:57.522000,2026-06-16T21:17:57.522000,9,3,0.9066,-1.00,1,1,1,0.9591,0.1654,25.50,0.9557,1,453009664.2026.06.17.00.00.00.000.Z.miniseed
185,2026-06-17T04:18:06.798500,2026-06-16T21:18:06.798500,9,4,0.8950,-0.50,1,1,1,0.9674,0.3050,26.15,0.9725,1,453009664.2026.06.17.00.00.00.000.Z.miniseed
186,2026-06-17T04:18:15.417500,2026-06-16T21:18:15.417500,9,5,0.8999,-0.50,1,1,1,0.9725,0.1955,26.65,0.9670,1,453009664.2026.06.17.00.00.00.000.Z.miniseed
187,2026-06-17T04:18:23.694500,2026-06-16T21:18:23.694500,9,6,0.8845,-1.00,1,1,1,0.9586,0.4986,24.26,0.9777,1,453009664.2026.06.17.00.00.00.000.Z.miniseed
188,2026-06-17T04:18:31.942000,2026-06-16T21:18:31.942000,9,7,0.8782,-0.50,1,1,1,0.9744,0.3038,27.35,0.9846,1,453009664.2026.06.17.00.00.00.000.Z.miniseed
189,2026-06-17T04:18:40.424000,2026-06-16T21:18:40.424000,9,8,0.8795,+0.00,1,1,1,0.9677,0.2036,24.28,1.0017,1,453009664.2026.06.17.00.00.00.000.Z.miniseed
190,2026-06-17T04:18:48.933500,2026-06-16T21:18:48.933500,9,9,0.8782,-0.50,1,1,1,0.9732,0.2212,23.39,1.0000,1,453009664.2026.06.17.00.00.00.000.Z.miniseed
191,2026-06-17T04:18:57.480000,2026-06-16T21:18:57.480000,9,10,0.8802,-0.50,1,1,1,0.9701,0.2588,26.29,1.0098,1,453009664.2026.06.17.00.00.00.000.Z.miniseed
192,2026-06-17T04:19:05.835500,2026-06-16T21:19:05.835500,9,11,0.8909,-0.50,1,1,1,0.9705,0.2156,26.67,0.9910,1,453009664.2026.06.17.00.00.00.000.Z.miniseed
193,2026-06-17T04:19:14.095000,2026-06-16T21:19:14.095000,9,12,0.8885,+0.00,1,1,1,0.9662,0.2237,26.80,1.0079,1,453009664.2026.06.17.00.00.00.000.Z.miniseed
194,2026-06-17T04:19:22.399500,2026-06-16T21:19:22.399500,9,13,0.8908,+0.00,1,1,1,0.9126,0.3158,13.78,1.1559,1,453009664.2026.06.17.00.00.00.000.Z.miniseed
195,2026-06-17T04:19:30.857000,2026-06-16T21:19:30.857000,9,14,0.8934,+0.00,1,1,1,0.9117,0.1864,16.48,1.2842,1,453009664.2026.06.17.00.00.00.000.Z.miniseed
196,2026-06-17T04:19:39.159000,2026-06-16T21:19:39.159000,9,15,0.8985,+0.00,1,1,1,0.9191,0.4144,9.78,1.1040,0,453009664.2026.06.17.00.00.00.000.Z.miniseed
197,2026-06-17T04:19:47.379000,2026-06-16T21:19:47.379000,9,16,0.8959,+0.00,1,1,1,0.6259,0.4613,-0.71,2.1226,0,453009664.2026.06.17.00.00.00.000.Z.miniseed
198,2026-06-17T04:19:55.670500,2026-06-16T21:19:55.670500,9,17,0.8887,+0.00,1,1,1,0.4076,0.4638,-0.31,3.2567,0,453009664.2026.06.17.00.00.00.000.Z.miniseed
199,2026-06-17T04:20:05.039500,2026-06-16T21:20:05.039500,9,18,0.8949,+0.00,1,1,1,0.4133,0.3583,2.12,2.4731,0,453009664.2026.06.17.00.00.00.000.Z.miniseed
200,2026-06-17T04:46:33.612500,2026-06-16T21:46:33.612500,10,0,0.8639,-0.50,1,1,1,0.9416,0.1586,23.39,0.8002,1,453009664.2026.06.17.00.00.00.000.Z.miniseed
201,2026-06-17T04:46:43.088000,2026-06-16T21:46:43.088000,10,1,0.8628,-1.00,1,1,1,0.9393,0.1798,14.63,0.8426,1,453009664.2026.06.17.00.00.00.000.Z.miniseed
202,2026-06-17T04:46:52.362000,2026-06-16T21:46:52.362000,10,2,0.8798,-1.00,1,1,1,0.9496,0.1491,24.06,0.8507,1,453009664.2026.06.17.00.00.00.000.Z.miniseed
203,2026-06-17T04:47:01.384000,2026-06-16T21:47:01.384000,10,3,0.8764,-1.00,1,1,1,0.8091,0.4004,11.07,1.0042,0,453009664.2026.06.17.00.00.00.000.Z.miniseed
204,2026-06-17T04:47:10.343000,2026-06-16T21:47:10.343000,10,4,0.8679,-0.50,1,1,1,0.4751,0.3304,3.31,1.5718,0,453009664.2026.06.17.00.00.00.000.Z.miniseed
205,2026-06-17T04:47:19.226000,2026-06-16T21:47:19.226000,10,5,0.8734,-1.00,1,1,1,0.6667,0.5882,-2.51,1.8039,0,453009664.2026.06.17.00.00.00.000.Z.miniseed
206,2026-06-17T04:47:28.205500,2026-06-16T21:47:28.205500,10,6,0.8734,-0.50,1,1,1,0.4198,0.2134,1.56,1.5811,0,453009664.2026.06.17.00.00.00.000.Z.miniseed
207,2026-06-17T04:47:37.204500,2026-06-16T21:47:37.204500,10,7,0.8527,-1.00,1,1,1,0.6361,0.2316,0.86,2.2821,0,453009664.2026.06.17.00.00.00.000.Z.miniseed
208,2026-06-17T04:47:45.837000,2026-06-16T21:47:45.837000,10,8,0.8547,-1.00,1,1,1,0.1202,0.2881,1.74,1.8653,0,453009664.2026.06.17.00.00.00.000.Z.miniseed
209,2026-06-17T04:47:54.531500,2026-06-16T21:47:54.531500,10,9,0.8514,-1.00,1,1,1,0.6868,0.4765,1.36,2.7930,0,453009664.2026.06.17.00.00.00.000.Z.miniseed
210,2026-06-17T04:48:03.046000,2026-06-16T21:48:03.046000,10,10,0.8499,-0.50,1,1,1,0.8320,0.2972,1.92,1.0671,0,453009664.2026.06.17.00.00.00.000.Z.miniseed
211,2026-06-17T04:48:12.019000,2026-06-16T21:48:12.019000,10,11,0.8130,-1.00,1,1,1,0.9410,0.2293,7.86,0.8770,0,453009664.2026.06.17.00.00.00.000.Z.miniseed
212,2026-06-17T04:48:20.902500,2026-06-16T21:48:20.902500,10,12,0.8591,-0.50,1,1,1,0.8944,0.3041,15.06,0.7883,0,453009664.2026.06.17.00.00.00.000.Z.miniseed
213,2026-06-17T04:48:29.784500,2026-06-16T21:48:29.784500,10,13,0.8581,-0.50,1,1,1,0.8674,0.2369,8.15,0.9292,0,453009664.2026.06.17.00.00.00.000.Z.miniseed
214,2026-06-17T04:48:38.865500,2026-06-16T21:48:38.865500,10,14,0.7940,-1.00,1,1,1,0.8365,0.5736,3.45,0.8218,0,453009664.2026.06.17.00.00.00.000.Z.miniseed
215,2026-06-17T04:48:47.411500,2026-06-16T21:48:47.411500,10,15,0.8560,-1.00,1,1,1,0.8036,0.1677,5.82,1.1496,0,453009664.2026.06.17.00.00.00.000.Z.miniseed
216,2026-06-17T04:48:55.825500,2026-06-16T21:48:55.825500,10,16,0.8428,-0.50,1,1,1,0.7992,0.4733,3.02,1.4316,0,453009664.2026.06.17.00.00.00.000.Z.miniseed
217,2026-06-17T04:49:05.756500,2026-06-16T21:49:05.756500,10,17,0.8261,-1.00,1,1,1,0.9537,0.1136,10.07,0.8812,1,453009664.2026.06.17.00.00.00.000.Z.miniseed
218,2026-06-17T04:49:14.888500,2026-06-16T21:49:14.888500,10,18,0.8036,-1.00,1,1,1,0.9431,0.2694,23.37,0.8682,1,453009664.2026.06.17.00.00.00.000.Z.miniseed
219,2026-06-17T04:49:23.633000,2026-06-16T21:49:23.633000,10,19,0.8248,-1.00,1,1,1,0.8570,0.2675,8.97,0.9958,0,453009664.2026.06.17.00.00.00.000.Z.miniseed
220,2026-06-17T05:17:19.764000,2026-06-16T22:17:19.764000,11,0,0.7882,-1.00,1,1,1,0.8935,0.1860,8.41,0.5642,0,453009664.2026.06.17.00.00.00.000.Z.miniseed
221,2026-06-17T05:17:29.313000,2026-06-16T22:17:29.313000,11,1,0.8281,-0.50,1,1,1,0.8018,0.3271,3.45,0.5876,0,453009664.2026.06.17.00.00.00.000.Z.miniseed
222,2026-06-17T05:17:38.740500,2026-06-16T22:17:38.740500,11,2,0.8227,-0.50,1,1,1,0.7283,0.1764,3.64,1.0013,0,453009664.2026.06.17.00.00.00.000.Z.miniseed
223,2026-06-17T05:17:47.983000,2026-06-16T22:17:47.983000,11,3,0.7767,-1.00,1,1,1,0.6300,0.2011,-1.38,0.7399,0,453009664.2026.06.17.00.00.00.000.Z.miniseed
224,2026-06-17T05:17:57.138500,2026-06-16T22:17:57.138500,11,4,0.8335,-0.50,1,1,1,0.7661,0.3013,2.89,0.7784,0,453009664.2026.06.17.00.00.00.000.Z.miniseed
225,2026-06-17T05:18:05.868000,2026-06-16T22:18:05.868000,11,5,0.7995,-0.50,1,1,1,0.7049,0.0264,3.00,1.0029,0,453009664.2026.06.17.00.00.00.000.Z.miniseed
226,2026-06-17T05:18:15.338000,2026-06-16T22:18:15.338000,11,6,0.8231,-0.50,1,1,1,0.6654,0.2925,-0.44,1.0353,0,453009664.2026.06.17.00.00.00.000.Z.miniseed
227,2026-06-17T05:18:24.477500,2026-06-16T22:18:24.477500,11,7,0.8364,-0.50,1,1,1,0.4871,0.2319,1.81,1.4778,0,453009664.2026.06.17.00.00.00.000.Z.miniseed
228,2026-06-17T05:18:33.764500,2026-06-16T22:18:33.764500,11,8,0.7717,-0.50,1,1,1,0.5517,0.2821,5.12,1.0367,0,453009664.2026.06.17.00.00.00.000.Z.miniseed
229,2026-06-17T05:18:42.431000,2026-06-16T22:18:42.431000,11,9,0.8285,-0.50,1,1,1,0.3925,0.3100,-0.62,1.0496,0,453009664.2026.06.17.00.00.00.000.Z.miniseed
230,2026-06-17T05:18:51.988000,2026-06-16T22:18:51.988000,11,10,0.8200,-0.50,1,1,1,0.6561,0.2245,3.00,0.8869,0,453009664.2026.06.17.00.00.00.000.Z.miniseed
231,2026-06-17T05:19:01.218000,2026-06-16T22:19:01.218000,11,11,0.8425,+0.00,1,1,1,0.5998,0.0955,1.20,0.9987,0,453009664.2026.06.17.00.00.00.000.Z.miniseed
232,2026-06-17T05:19:10.609500,2026-06-16T22:19:10.609500,11,12,0.8318,-0.50,1,1,1,0.5881,0.1210,1.79,1.0634,0,453009664.2026.06.17.00.00.00.000.Z.miniseed
233,2026-06-17T05:19:19.516500,2026-06-16T22:19:19.516500,11,13,0.7610,-0.50,1,1,1,0.7786,0.1590,4.36,1.2082,0,453009664.2026.06.17.00.00.00.000.Z.miniseed
234,2026-06-17T05:19:28.323000,2026-06-16T22:19:28.323000,11,14,0.7739,-0.50,1,1,1,0.4783,0.1718,2.72,1.2555,0,453009664.2026.06.17.00.00.00.000.Z.miniseed
235,2026-06-17T05:19:37.113500,2026-06-16T22:19:37.113500,11,15,0.7530,-0.50,1,1,1,0.6537,0.4939,1.34,1.1144,0,453009664.2026.06.17.00.00.00.000.Z.miniseed
236,2026-06-17T05:19:46.217500,2026-06-16T22:19:46.217500,11,16,0.7593,-1.00,1,1,1,0.8457,0.4326,3.65,0.5662,0,453009664.2026.06.17.00.00.00.000.Z.miniseed
237,2026-06-17T05:19:55.787000,2026-06-16T22:19:55.787000,11,17,0.7675,-0.50,1,1,1,0.8767,0.2329,12.77,0.7644,0,453009664.2026.06.17.00.00.00.000.Z.miniseed
238,2026-06-17T05:20:05.030500,2026-06-16T22:20:05.030500,11,18,0.8098,-1.00,1,1,1,0.7092,0.4280,5.42,0.7585,0,453009664.2026.06.17.00.00.00.000.Z.miniseed
239,2026-06-17T05:20:14.033000,2026-06-16T22:20:14.033000,11,19,0.7946,-1.00,1,1,1,0.7963,0.4517,0.58,0.8030,0,453009664.2026.06.17.00.00.00.000.Z.miniseed
240,2026-06-17T05:47:22.978500,2026-06-16T22:47:22.978500,12,0,0.6802,-0.50,1,1,1,0.9752,0.1718,20.76,0.5494,1,453009664.2026.06.17.00.00.00.000.Z.miniseed
241,2026-06-17T05:47:31.757500,2026-06-16T22:47:31.757500,12,1,0.8742,-1.00,1,1,1,0.9953,0.3314,25.90,0.8817,1,453009664.2026.06.17.00.00.00.000.Z.miniseed
242,2026-06-17T05:47:41.671000,2026-06-16T22:47:41.671000,12,2,0.9041,-1.50,1,1,1,0.9911,0.3914,25.74,0.9350,1,453009664.2026.06.17.00.00.00.000.Z.miniseed
243,2026-06-17T05:47:51.684000,2026-06-16T22:47:51.684000,12,3,0.8977,-1.50,1,1,1,0.9505,0.3569,9.94,1.2124,0,453009664.2026.06.17.00.00.00.000.Z.miniseed
244,2026-06-17T05:48:00.485000,2026-06-16T22:48:00.485000,12,4,0.8745,-1.00,1,1,1,0.7786,0.0783,9.31,0.8063,0,453009664.2026.06.17.00.00.00.000.Z.miniseed
245,2026-06-17T05:48:09.349000,2026-06-16T22:48:09.349000,12,5,0.8691,-1.00,1,1,1,0.9754,0.4141,22.49,0.9023,1,453009664.2026.06.17.00.00.00.000.Z.miniseed
246,2026-06-17T05:48:18.267500,2026-06-16T22:48:18.267500,12,6,0.8722,-1.50,1,1,1,0.9900,0.5604,24.42,0.9460,1,453009664.2026.06.17.00.00.00.000.Z.miniseed
247,2026-06-17T05:48:27.054500,2026-06-16T22:48:27.054500,12,7,0.8818,-1.00,1,1,1,0.9903,0.2982,24.28,0.9851,1,453009664.2026.06.17.00.00.00.000.Z.miniseed
248,2026-06-17T05:48:35.670000,2026-06-16T22:48:35.670000,12,8,0.8663,-1.00,1,1,1,0.8826,0.1419,4.17,0.9625,0,453009664.2026.06.17.00.00.00.000.Z.miniseed
249,2026-06-17T05:48:44.588000,2026-06-16T22:48:44.588000,12,9,0.8636,-1.00,1,1,1,0.4659,0.2808,-0.43,1.4984,0,453009664.2026.06.17.00.00.00.000.Z.miniseed
250,2026-06-17T05:48:53.513500,2026-06-16T22:48:53.513500,12,10,0.8501,-0.50,1,1,1,0.6043,0.5098,3.01,1.4164,0,453009664.2026.06.17.00.00.00.000.Z.miniseed
251,2026-06-17T05:49:03.253000,2026-06-16T22:49:03.253000,12,11,0.8646,-0.50,1,1,1,0.7529,0.0819,8.27,1.5306,0,453009664.2026.06.17.00.00.00.000.Z.miniseed
252,2026-06-17T05:49:12.264000,2026-06-16T22:49:12.264000,12,12,0.8515,-0.50,1,1,1,0.8998,0.2665,6.54,1.1135,0,453009664.2026.06.17.00.00.00.000.Z.miniseed
253,2026-06-17T05:49:21.104500,2026-06-16T22:49:21.104500,12,13,0.8641,-0.50,1,1,1,0.9818,0.2533,23.44,1.0149,1,453009664.2026.06.17.00.00.00.000.Z.miniseed
254,2026-06-17T05:49:29.810500,2026-06-16T22:49:29.810500,12,14,0.8650,-1.00,1,1,1,0.9609,0.5201,24.25,0.9223,1,453009664.2026.06.17.00.00.00.000.Z.miniseed
255,2026-06-17T05:49:38.516500,2026-06-16T22:49:38.516500,12,15,0.8587,-1.00,1,1,1,0.8340,0.1982,1.43,1.3260,0,453009664.2026.06.17.00.00.00.000.Z.miniseed
256,2026-06-17T05:49:47.065000,2026-06-16T22:49:47.065000,12,16,0.8604,-1.00,1,1,1,0.7629,0.4857,5.30,1.7896,0,453009664.2026.06.17.00.00.00.000.Z.miniseed
257,2026-06-17T05:49:55.988500,2026-06-16T22:49:55.988500,12,17,0.8363,-0.50,1,1,1,0.9199,0.4327,3.14,1.0973,0,453009664.2026.06.17.00.00.00.000.Z.miniseed
258,2026-06-17T05:50:04.800500,2026-06-16T22:50:04.800500,12,18,0.8338,-0.50,1,1,1,0.9814,0.4680,11.69,0.9832,1,453009664.2026.06.17.00.00.00.000.Z.miniseed
259,2026-06-17T05:50:13.139500,2026-06-16T22:50:13.139500,12,19,0.8509,-1.00,1,1,1,0.9793,0.4453,24.55,1.0268,1,453009664.2026.06.17.00.00.00.000.Z.miniseed
260,2026-06-17T06:17:40.282500,2026-06-16T23:17:40.282500,13,0,0.8167,-1.00,1,1,1,0.9384,0.1786,6.71,1.0115,0,453009664.2026.06.17.00.00.00.000.Z.miniseed
261,2026-06-17T06:17:48.972000,2026-06-16T23:17:48.972000,13,1,0.8206,+0.00,1,1,1,0.9390,0.2988,7.91,0.9653,0,453009664.2026.06.17.00.00.00.000.Z.miniseed
262,2026-06-17T06:17:57.727500,2026-06-16T23:17:57.727500,13,2,0.8321,-0.50,1,1,1,0.9025,0.6969,11.73,0.9633,1,453009664.2026.06.17.00.00.00.000.Z.miniseed
263,2026-06-17T06:18:06.666000,2026-06-16T23:18:06.666000,13,3,0.8257,+0.00,1,1,1,0.9762,0.3502,11.77,1.0976,1,453009664.2026.06.17.00.00.00.000.Z.miniseed
264,2026-06-17T06:18:15.110000,2026-06-16T23:18:15.110000,13,4,0.8432,+0.00,1,1,1,0.9699,0.1603,22.65,1.0012,1,453009664.2026.06.17.00.00.00.000.Z.miniseed
265,2026-06-17T06:18:23.569000,2026-06-16T23:18:23.569000,13,5,0.8463,+0.00,1,1,1,0.8939,0.5291,6.24,1.0366,0,453009664.2026.06.17.00.00.00.000.Z.miniseed
266,2026-06-17T06:18:32.002000,2026-06-16T23:18:32.002000,13,6,0.8327,-0.50,1,1,1,0.9686,0.4524,8.51,1.0795,0,453009664.2026.06.17.00.00.00.000.Z.miniseed
267,2026-06-17T06:18:41.159500,2026-06-16T23:18:41.159500,13,7,0.8559,-0.50,1,1,1,0.8889,0.2616,11.24,1.1655,0,453009664.2026.06.17.00.00.00.000.Z.miniseed
268,2026-06-17T06:18:50.237500,2026-06-16T23:18:50.237500,13,8,0.8282,+0.00,1,1,1,0.9705,0.4222,6.79,0.9703,0,453009664.2026.06.17.00.00.00.000.Z.miniseed
269,2026-06-17T06:18:58.902000,2026-06-16T23:18:58.902000,13,9,0.8429,+0.00,1,1,1,0.9919,0.2979,12.39,0.9639,1,453009664.2026.06.17.00.00.00.000.Z.miniseed
270,2026-06-17T06:19:07.663500,2026-06-16T23:19:07.663500,13,10,0.8416,+0.00,1,1,1,0.9917,0.4186,26.39,0.9882,1,453009664.2026.06.17.00.00.00.000.Z.miniseed
271,2026-06-17T06:19:16.171500,2026-06-16T23:19:16.171500,13,11,0.8219,-0.50,1,1,1,0.9735,0.4289,12.07,1.0003,1,453009664.2026.06.17.00.00.00.000.Z.miniseed
272,2026-06-17T06:19:24.652500,2026-06-16T23:19:24.652500,13,12,0.8424,+0.50,1,1,1,0.8440,0.4410,1.27,1.0105,0,453009664.2026.06.17.00.00.00.000.Z.miniseed
273,2026-06-17T06:19:33.059500,2026-06-16T23:19:33.059500,13,13,0.8452,+0.50,1,1,1,0.7378,0.5324,3.75,1.3157,0,453009664.2026.06.17.00.00.00.000.Z.miniseed
274,2026-06-17T06:19:41.518500,2026-06-16T23:19:41.518500,13,14,0.8380,+0.50,1,1,1,0.9937,0.2672,24.76,0.9997,1,453009664.2026.06.17.00.00.00.000.Z.miniseed
275,2026-06-17T06:19:50.075000,2026-06-16T23:19:50.075000,13,15,0.8375,+0.00,1,1,1,0.9938,0.1146,27.40,0.9861,1,453009664.2026.06.17.00.00.00.000.Z.miniseed
276,2026-06-17T06:19:58.285000,2026-06-16T23:19:58.285000,13,16,0.8531,+0.50,1,1,1,0.9944,0.2771,25.73,0.9917,1,453009664.2026.06.17.00.00.00.000.Z.miniseed
277,2026-06-17T06:20:06.362500,2026-06-16T23:20:06.362500,13,17,0.8085,+0.00,1,1,1,0.9775,0.2638,24.87,1.0190,1,453009664.2026.06.17.00.00.00.000.Z.miniseed
278,2026-06-17T06:20:14.856500,2026-06-16T23:20:14.856500,13,18,0.8449,+0.50,1,1,1,0.9946,0.3818,25.23,0.9917,1,453009664.2026.06.17.00.00.00.000.Z.miniseed
279,2026-06-17T06:20:23.301000,2026-06-16T23:20:23.301000,13,19,0.8219,+0.00,1,1,1,0.9931,0.2594,24.37,0.9917,1,453009664.2026.06.17.00.00.00.000.Z.miniseed
280,2026-06-17T06:47:57.203500,2026-06-16T23:47:57.203500,14,0,0.8188,-0.50,1,1,1,0.9967,0.3730,25.14,0.9501,1,453009664.2026.06.17.00.00.00.000.Z.miniseed
281,2026-06-17T06:48:06.163500,2026-06-16T23:48:06.163500,14,1,0.7699,-0.50,1,1,1,0.9869,0.2278,29.25,0.9824,1,453009664.2026.06.17.00.00.00.000.Z.miniseed
282,2026-06-17T06:48:14.961500,2026-06-16T23:48:14.961500,14,2,0.7864,-0.50,1,1,1,0.9940,0.1938,25.05,0.9980,1,453009664.2026.06.17.00.00.00.000.Z.miniseed
283,2026-06-17T06:48:23.697500,2026-06-16T23:48:23.697500,14,3,0.8106,+0.00,1,1,1,0.9973,0.2207,26.00,0.9929,1,453009664.2026.06.17.00.00.00.000.Z.miniseed
284,2026-06-17T06:48:32.134000,2026-06-16T23:48:32.134000,14,4,0.8357,+0.00,1,1,1,0.9967,0.5901,27.37,0.9839,1,453009664.2026.06.17.00.00.00.000.Z.miniseed
285,2026-06-17T06:48:40.433500,2026-06-16T23:48:40.433500,14,5,0.7934,+0.00,1,1,1,0.9981,0.1911,25.32,1.0002,1,453009664.2026.06.17.00.00.00.000.Z.miniseed
286,2026-06-17T06:48:49.184000,2026-06-16T23:48:49.184000,14,6,0.7876,+0.00,1,1,1,0.9986,0.3788,27.23,1.0009,1,453009664.2026.06.17.00.00.00.000.Z.miniseed
287,2026-06-17T06:48:57.545500,2026-06-16T23:48:57.545500,14,7,0.8372,+0.00,1,1,1,0.9974,0.4761,24.76,0.9999,1,453009664.2026.06.17.00.00.00.000.Z.miniseed
288,2026-06-17T06:49:06.142000,2026-06-16T23:49:06.142000,14,8,0.8451,+0.00,1,1,1,0.9965,0.2009,24.44,1.0015,1,453009664.2026.06.17.00.00.00.000.Z.miniseed
289,2026-06-17T06:49:14.715500,2026-06-16T23:49:14.715500,14,9,0.8381,+0.00,1,1,1,0.9951,0.2835,23.50,1.0001,1,453009664.2026.06.17.00.00.00.000.Z.miniseed
290,2026-06-17T06:49:23.432000,2026-06-16T23:49:23.432000,14,10,0.8362,+0.00,1,1,1,0.9961,0.4668,24.52,1.0009,1,453009664.2026.06.17.00.00.00.000.Z.miniseed
291,2026-06-17T06:49:32.164000,2026-06-16T23:49:32.164000,14,11,0.8456,+0.00,1,1,1,0.9975,0.3973,23.31,1.0062,1,453009664.2026.06.17.00.00.00.000.Z.miniseed
292,2026-06-17T06:49:41.673500,2026-06-16T23:49:41.673500,14,12,0.8556,+0.00,1,1,1,0.9784,0.4470,25.47,1.0057,1,453009664.2026.06.17.00.00.00.000.Z.miniseed
293,2026-06-17T06:49:50.471000,2026-06-16T23:49:50.471000,14,13,0.8337,-0.50,1,1,1,0.9539,0.3908,14.78,1.0174,1,453009664.2026.06.17.00.00.00.000.Z.miniseed
294,2026-06-17T06:49:59.018000,2026-06-16T23:49:59.018000,14,14,0.7601,-0.50,1,1,1,0.9980,0.2762,24.83,0.9996,1,453009664.2026.06.17.00.00.00.000.Z.miniseed
295,2026-06-17T06:50:07.931500,2026-06-16T23:50:07.931500,14,15,0.8307,-0.50,1,1,1,0.9981,0.3488,25.73,1.0118,1,453009664.2026.06.17.00.00.00.000.Z.miniseed
296,2026-06-17T06:50:16.323000,2026-06-16T23:50:16.323000,14,16,0.8141,-1.00,1,1,1,0.9830,0.2362,24.47,1.0521,1,453009664.2026.06.17.00.00.00.000.Z.miniseed
297,2026-06-17T06:50:24.939500,2026-06-16T23:50:24.939500,14,17,0.7648,-0.50,1,1,1,0.9977,0.2055,26.29,0.9988,1,453009664.2026.06.17.00.00.00.000.Z.miniseed
298,2026-06-17T06:50:33.404500,2026-06-16T23:50:33.404500,14,18,0.8263,-0.50,1,1,1,0.9960,0.4176,25.28,0.9860,1,453009664.2026.06.17.00.00.00.000.Z.miniseed
299,2026-06-17T06:50:41.870500,2026-06-16T23:50:41.870500,14,19,0.7653,-0.50,1,1,1,0.9934,0.3710,24.51,0.9955,1,453009664.2026.06.17.00.00.00.000.Z.miniseed
300,2026-06-17T07:17:59.428000,2026-06-17T00:17:59.428000,15,0,0.8369,+0.00,1,1,1,0.1635,0.1983,-3.10,0.9986,0,453009664.2026.06.17.00.00.00.000.Z.miniseed
301,2026-06-17T07:18:08.288500,2026-06-17T00:18:08.288500,15,1,0.7568,-0.50,1,1,1,0.4153,0.3010,0.94,1.4184,0,453009664.2026.06.17.00.00.00.000.Z.miniseed
302,2026-06-17T07:18:16.868000,2026-06-17T00:18:16.868000,15,2,0.7865,-0.50,1,1,1,0.4933,0.5013,0.82,1.3384,0,453009664.2026.06.17.00.00.00.000.Z.miniseed
303,2026-06-17T07:18:25.369500,2026-06-17T00:18:25.369500,15,3,0.8447,+0.00,1,1,1,0.2840,0.5053,-1.36,1.0014,0,453009664.2026.06.17.00.00.00.000.Z.miniseed
304,2026-06-17T07:18:33.809500,2026-06-17T00:18:33.809500,15,4,0.8409,-0.50,1,1,1,0.6029,0.1254,-0.41,1.1615,0,453009664.2026.06.17.00.00.00.000.Z.miniseed
305,2026-06-17T07:18:42.549000,2026-06-17T00:18:42.549000,15,5,0.8573,-0.50,1,1,1,0.5695,0.5548,1.87,1.3266,0,453009664.2026.06.17.00.00.00.000.Z.miniseed
306,2026-06-17T07:18:51.127000,2026-06-17T00:18:51.127000,15,6,0.7980,-0.50,1,1,1,0.4955,0.3773,-0.57,1.2213,0,453009664.2026.06.17.00.00.00.000.Z.miniseed
307,2026-06-17T07:18:59.431500,2026-06-17T00:18:59.431500,15,7,0.8511,-0.50,1,1,1,0.6758,0.5389,0.96,1.2290,0,453009664.2026.06.17.00.00.00.000.Z.miniseed
308,2026-06-17T07:19:07.856000,2026-06-17T00:19:07.856000,15,8,0.8552,-0.50,1,1,1,0.6463,0.2795,2.44,1.3336,0,453009664.2026.06.17.00.00.00.000.Z.miniseed
309,2026-06-17T07:19:16.497500,2026-06-17T00:19:16.497500,15,9,0.8445,-0.50,1,1,1,0.5674,0.1696,2.56,0.9354,0,453009664.2026.06.17.00.00.00.000.Z.miniseed
310,2026-06-17T07:19:24.924000,2026-06-17T00:19:24.924000,15,10,0.8490,+0.00,1,1,1,0.6815,0.1341,3.31,0.7310,0,453009664.2026.06.17.00.00.00.000.Z.miniseed
311,2026-06-17T07:19:33.120000,2026-06-17T00:19:33.120000,15,11,0.8528,-0.50,1,1,1,0.5758,0.1386,2.84,0.8576,0,453009664.2026.06.17.00.00.00.000.Z.miniseed
312,2026-06-17T07:19:41.674500,2026-06-17T00:19:41.674500,15,12,0.8274,-0.50,1,1,1,0.6231,0.1954,1.46,1.1288,0,453009664.2026.06.17.00.00.00.000.Z.miniseed
313,2026-06-17T07:19:50.786500,2026-06-17T00:19:50.786500,15,13,0.8447,-0.50,1,1,1,0.6786,0.3177,3.90,0.8280,0,453009664.2026.06.17.00.00.00.000.Z.miniseed
314,2026-06-17T07:19:59.999500,2026-06-17T00:19:59.999500,15,14,0.8211,-1.00,1,1,1,0.3966,0.2801,5.11,0.9766,0,453009664.2026.06.17.00.00.00.000.Z.miniseed
315,2026-06-17T07:20:08.730000,2026-06-17T00:20:08.730000,15,15,0.8524,+0.00,1,1,1,0.5822,0.3866,6.66,1.0138,0,453009664.2026.06.17.00.00.00.000.Z.miniseed
316,2026-06-17T07:20:17.412500,2026-06-17T00:20:17.412500,15,16,0.8273,-1.00,1,1,1,0.5984,0.4200,2.11,0.9230,0,453009664.2026.06.17.00.00.00.000.Z.miniseed
317,2026-06-17T07:20:25.955000,2026-06-17T00:20:25.955000,15,17,0.8348,-0.50,1,1,1,0.4963,0.1060,1.97,0.8911,0,453009664.2026.06.17.00.00.00.000.Z.miniseed
318,2026-06-17T07:20:34.423500,2026-06-17T00:20:34.423500,15,18,0.8524,-0.50,1,1,1,0.5187,0.2531,6.29,0.9825,0,453009664.2026.06.17.00.00.00.000.Z.miniseed
319,2026-06-17T07:20:43.034000,2026-06-17T00:20:43.034000,15,19,0.8537,+0.00,1,1,1,0.6722,0.3512,0.84,0.9102,0,453009664.2026.06.17.00.00.00.000.Z.miniseed
320,2026-06-17T07:48:23.707500,2026-06-17T00:48:23.707500,16,0,0.8500,+0.00,1,1,1,0.9848,0.1885,26.25,0.9451,1,453009664.2026.06.17.00.00.00.000.Z.miniseed
321,2026-06-17T07:48:32.220500,2026-06-17T00:48:32.220500,16,1,0.8470,-0.50,1,1,1,0.9922,0.1098,27.88,1.0000,1,453009664.2026.06.17.00.00.00.000.Z.miniseed
322,2026-06-17T07:48:41.178000,2026-06-17T00:48:41.178000,16,2,0.8401,-0.50,1,1,1,0.9922,0.5272,24.25,0.9673,1,453009664.2026.06.17.00.00.00.000.Z.miniseed
323,2026-06-17T07:48:51.165500,2026-06-17T00:48:51.165500,16,3,0.8493,-0.50,1,1,1,0.9953,0.4207,25.99,0.9747,1,453009664.2026.06.17.00.00.00.000.Z.miniseed
324,2026-06-17T07:49:00.072000,2026-06-17T00:49:00.072000,16,4,0.8458,-0.50,1,1,1,0.9942,0.3085,26.62,0.9875,1,453009664.2026.06.17.00.00.00.000.Z.miniseed
325,2026-06-17T07:49:09.024000,2026-06-17T00:49:09.024000,16,5,0.8425,-0.50,1,1,1,0.9598,0.3714,14.99,1.0165,1,453009664.2026.06.17.00.00.00.000.Z.miniseed
326,2026-06-17T07:49:17.954000,2026-06-17T00:49:17.954000,16,6,0.8083,-1.00,1,1,1,0.9594,0.3235,10.13,1.1084,1,453009664.2026.06.17.00.00.00.000.Z.miniseed
327,2026-06-17T07:49:26.833500,2026-06-17T00:49:26.833500,16,7,0.8453,-0.50,1,1,1,0.8817,0.3169,3.09,1.0415,0,453009664.2026.06.17.00.00.00.000.Z.miniseed
328,2026-06-17T07:49:35.380000,2026-06-17T00:49:35.380000,16,8,0.8508,-1.00,1,1,1,0.6901,0.1579,1.72,1.1368,0,453009664.2026.06.17.00.00.00.000.Z.miniseed
329,2026-06-17T07:49:44.088000,2026-06-17T00:49:44.088000,16,9,0.8318,-1.00,1,1,1,0.6149,0.5695,0.44,1.2713,0,453009664.2026.06.17.00.00.00.000.Z.miniseed
330,2026-06-17T07:49:52.553500,2026-06-17T00:49:52.553500,16,10,0.8504,-0.50,1,1,1,0.8001,0.5433,5.14,1.5457,0,453009664.2026.06.17.00.00.00.000.Z.miniseed
331,2026-06-17T07:50:01.308000,2026-06-17T00:50:01.308000,16,11,0.7987,-1.00,1,1,1,0.7565,0.0907,7.07,1.9680,0,453009664.2026.06.17.00.00.00.000.Z.miniseed
332,2026-06-17T07:50:10.343500,2026-06-17T00:50:10.343500,16,12,0.8023,-0.50,1,1,1,0.9934,0.5033,25.65,0.9887,1,453009664.2026.06.17.00.00.00.000.Z.miniseed
333,2026-06-17T07:50:19.947500,2026-06-17T00:50:19.947500,16,13,0.7985,-1.00,1,1,1,0.9873,0.1660,27.55,0.9953,1,453009664.2026.06.17.00.00.00.000.Z.miniseed
334,2026-06-17T07:50:28.657500,2026-06-17T00:50:28.657500,16,14,0.7680,-1.00,1,1,1,0.9921,0.4611,26.86,0.9990,1,453009664.2026.06.17.00.00.00.000.Z.miniseed
335,2026-06-17T07:50:37.229000,2026-06-17T00:50:37.229000,16,15,0.8483,-0.50,1,1,1,0.9912,0.2604,26.11,0.9931,1,453009664.2026.06.17.00.00.00.000.Z.miniseed
336,2026-06-17T07:50:45.570000,2026-06-17T00:50:45.570000,16,16,0.8473,-1.00,1,1,1,0.9907,0.1918,25.45,1.0104,1,453009664.2026.06.17.00.00.00.000.Z.miniseed
337,2026-06-17T07:50:54.034000,2026-06-17T00:50:54.034000,16,17,0.8503,-1.00,1,1,1,0.9506,0.2528,9.22,1.0204,0,453009664.2026.06.17.00.00.00.000.Z.miniseed
338,2026-06-17T07:51:03.177500,2026-06-17T00:51:03.177500,16,18,0.7682,-1.00,1,1,1,0.9806,0.1456,12.84,0.8720,1,453009664.2026.06.17.00.00.00.000.Z.miniseed
339,2026-06-17T07:51:11.901500,2026-06-17T00:51:11.901500,16,19,0.8125,-1.00,1,1,1,0.9935,0.3669,26.59,1.0084,1,453009664.2026.06.17.00.00.00.000.Z.miniseed
340,2026-06-17T07:51:20.445500,2026-06-17T00:51:20.445500,16,20,0.7735,-1.00,1,1,1,0.9932,0.1279,26.17,0.9982,1,453009664.2026.06.17.00.00.00.000.Z.miniseed
341,2026-06-17T08:18:07.204000,2026-06-17T01:18:07.204000,17,0,0.8290,-0.50,1,1,1,0.3557,0.2404,2.24,1.2204,0,453009664.2026.06.17.00.00.00.000.Z.miniseed
342,2026-06-17T08:18:16.003000,2026-06-17T01:18:16.003000,17,1,0.8450,-1.00,1,1,1,0.5428,0.2037,0.93,0.6842,0,453009664.2026.06.17.00.00.00.000.Z.miniseed
343,2026-06-17T08:18:24.582000,2026-06-17T01:18:24.582000,17,2,0.8280,-1.00,1,1,1,0.6098,0.3234,1.29,1.0407,0,453009664.2026.06.17.00.00.00.000.Z.miniseed
344,2026-06-17T08:18:33.145000,2026-06-17T01:18:33.145000,17,3,0.7758,-1.00,1,1,1,0.6728,0.3487,3.65,1.4148,0,453009664.2026.06.17.00.00.00.000.Z.miniseed
345,2026-06-17T08:18:41.976500,2026-06-17T01:18:41.976500,17,4,0.8404,-1.00,1,1,1,0.6696,0.3725,-2.40,0.8659,0,453009664.2026.06.17.00.00.00.000.Z.miniseed
346,2026-06-17T08:18:51.822000,2026-06-17T01:18:51.822000,17,5,0.8422,-1.00,1,1,1,0.5495,0.1715,0.43,0.9276,0,453009664.2026.06.17.00.00.00.000.Z.miniseed
347,2026-06-17T08:19:00.324000,2026-06-17T01:19:00.324000,17,6,0.8022,-1.50,1,1,1,0.5731,0.5047,0.19,0.8454,0,453009664.2026.06.17.00.00.00.000.Z.miniseed
348,2026-06-17T08:19:08.638500,2026-06-17T01:19:08.638500,17,7,0.8507,-1.00,1,1,1,0.6176,0.2030,3.63,1.1708,0,453009664.2026.06.17.00.00.00.000.Z.miniseed
349,2026-06-17T08:19:17.144500,2026-06-17T01:19:17.144500,17,8,0.8449,-1.50,1,1,1,0.7376,0.5221,-3.17,0.8681,0,453009664.2026.06.17.00.00.00.000.Z.miniseed
350,2026-06-17T08:19:25.456500,2026-06-17T01:19:25.456500,17,9,0.8547,-1.00,1,1,1,0.4834,0.5918,3.66,0.6747,0,453009664.2026.06.17.00.00.00.000.Z.miniseed
351,2026-06-17T08:19:33.677000,2026-06-17T01:19:33.677000,17,10,0.8549,-1.00,1,1,1,0.3854,0.4677,1.45,1.2556,0,453009664.2026.06.17.00.00.00.000.Z.miniseed
352,2026-06-17T08:19:42.294500,2026-06-17T01:19:42.294500,17,11,0.8516,-1.00,1,1,1,0.8724,0.3012,13.61,0.7293,0,453009664.2026.06.17.00.00.00.000.Z.miniseed
353,2026-06-17T08:19:50.595500,2026-06-17T01:19:50.595500,17,12,0.8550,-1.00,1,1,1,0.9135,0.2489,9.85,0.7045,0,453009664.2026.06.17.00.00.00.000.Z.miniseed
354,2026-06-17T08:20:00.129000,2026-06-17T01:20:00.129000,17,13,0.8443,-1.00,1,1,1,0.3927,0.3170,0.51,0.7889,0,453009664.2026.06.17.00.00.00.000.Z.miniseed
355,2026-06-17T08:20:08.507000,2026-06-17T01:20:08.507000,17,14,0.8329,-1.00,1,1,1,0.8244,0.1085,-0.44,1.0826,0,453009664.2026.06.17.00.00.00.000.Z.miniseed
356,2026-06-17T08:20:16.967500,2026-06-17T01:20:16.967500,17,15,0.8424,-1.00,1,1,1,0.5331,0.2866,-0.72,0.9912,0,453009664.2026.06.17.00.00.00.000.Z.miniseed
357,2026-06-17T08:20:25.269000,2026-06-17T01:20:25.269000,17,16,0.8609,-1.00,1,1,1,0.2356,0.3268,-0.74,1.0088,0,453009664.2026.06.17.00.00.00.000.Z.miniseed
358,2026-06-17T08:20:33.660000,2026-06-17T01:20:33.660000,17,17,0.8303,-1.00,1,1,1,0.6734,0.4008,0.60,1.0450,0,453009664.2026.06.17.00.00.00.000.Z.miniseed
359,2026-06-17T08:20:42.250500,2026-06-17T01:20:42.250500,17,18,0.8687,-1.00,1,1,1,0.3931,0.3484,1.92,1.1952,0,453009664.2026.06.17.00.00.00.000.Z.miniseed
360,2026-06-17T08:20:50.740000,2026-06-17T01:20:50.740000,17,19,0.8599,-1.00,1,1,1,0.5296,0.5641,3.43,1.3130,0,453009664.2026.06.17.00.00.00.000.Z.miniseed
361,2026-06-17T08:48:33.617000,2026-06-17T01:48:33.617000,18,0,0.8268,-0.50,1,1,1,0.9784,0.3823,24.43,0.8898,1,453009664.2026.06.17.00.00.00.000.Z.miniseed
362,2026-06-17T08:48:42.343000,2026-06-17T01:48:42.343000,18,1,0.8378,-0.50,1,1,1,0.9801,0.3290,25.38,0.9291,1,453009664.2026.06.17.00.00.00.000.Z.miniseed
363,2026-06-17T08:48:51.895500,2026-06-17T01:48:51.895500,18,2,0.8293,-1.00,1,1,1,0.9816,0.4066,24.14,0.9314,1,453009664.2026.06.17.00.00.00.000.Z.miniseed
364,2026-06-17T08:49:00.869000,2026-06-17T01:49:00.869000,18,3,0.8493,-0.50,1,1,1,0.9814,0.3349,24.08,0.9255,1,453009664.2026.06.17.00.00.00.000.Z.miniseed
365,2026-06-17T08:49:09.983000,2026-06-17T01:49:09.983000,18,4,0.8371,-1.00,1,1,1,0.9850,0.2926,25.77,0.9365,1,453009664.2026.06.17.00.00.00.000.Z.miniseed
366,2026-06-17T08:49:18.790000,2026-06-17T01:49:18.790000,18,5,0.8488,-1.00,1,1,1,0.9790,0.3567,25.22,0.9303,1,453009664.2026.06.17.00.00.00.000.Z.miniseed
367,2026-06-17T08:49:27.592500,2026-06-17T01:49:27.592500,18,6,0.8511,-1.50,1,1,1,0.9675,0.1876,26.66,0.9278,1,453009664.2026.06.17.00.00.00.000.Z.miniseed
368,2026-06-17T08:49:36.316500,2026-06-17T01:49:36.316500,18,7,0.8536,-1.00,1,1,1,0.9808,0.4793,15.63,0.9342,1,453009664.2026.06.17.00.00.00.000.Z.miniseed
369,2026-06-17T08:49:45.188500,2026-06-17T01:49:45.188500,18,8,0.7705,-1.50,1,1,1,0.9648,0.2772,25.43,0.9663,1,453009664.2026.06.17.00.00.00.000.Z.miniseed
370,2026-06-17T08:49:54.055500,2026-06-17T01:49:54.055500,18,9,0.8444,-1.00,1,1,1,0.9663,0.1655,12.34,0.9559,1,453009664.2026.06.17.00.00.00.000.Z.miniseed
371,2026-06-17T08:50:02.766500,2026-06-17T01:50:02.766500,18,10,0.8511,-1.00,1,1,1,0.7499,0.0634,6.11,1.2278,0,453009664.2026.06.17.00.00.00.000.Z.miniseed
372,2026-06-17T08:50:11.427000,2026-06-17T01:50:11.427000,18,11,0.8570,-1.00,1,1,1,0.8251,0.4241,6.87,1.0337,0,453009664.2026.06.17.00.00.00.000.Z.miniseed
373,2026-06-17T08:50:20.072000,2026-06-17T01:50:20.072000,18,12,0.8469,-1.50,1,1,1,0.5723,0.1958,2.65,1.6108,0,453009664.2026.06.17.00.00.00.000.Z.miniseed
374,2026-06-17T08:50:28.698000,2026-06-17T01:50:28.698000,18,13,0.8600,-1.00,1,1,1,0.7532,0.2385,1.25,1.4626,0,453009664.2026.06.17.00.00.00.000.Z.miniseed
375,2026-06-17T08:50:37.537500,2026-06-17T01:50:37.537500,18,14,0.8638,-1.00,1,1,1,0.6161,0.3897,1.37,2.1436,0,453009664.2026.06.17.00.00.00.000.Z.miniseed
376,2026-06-17T08:50:46.567000,2026-06-17T01:50:46.567000,18,15,0.8641,-0.50,1,1,1,0.5644,0.2962,2.28,1.4251,0,453009664.2026.06.17.00.00.00.000.Z.miniseed
377,2026-06-17T08:50:55.354500,2026-06-17T01:50:55.354500,18,16,0.8589,-1.00,1,1,1,0.6358,0.2834,3.56,2.0644,0,453009664.2026.06.17.00.00.00.000.Z.miniseed
378,2026-06-17T08:51:03.941000,2026-06-17T01:51:03.941000,18,17,0.8528,-1.00,1,1,1,0.2696,0.2185,0.68,1.6033,0,453009664.2026.06.17.00.00.00.000.Z.miniseed
379,2026-06-17T08:51:12.485000,2026-06-17T01:51:12.485000,18,18,0.8588,-1.00,1,1,1,0.6300,0.0869,2.49,2.1074,0,453009664.2026.06.17.00.00.00.000.Z.miniseed
380,2026-06-17T08:51:21.330000,2026-06-17T01:51:21.330000,18,19,0.8728,-0.50,1,1,1,0.5704,0.3204,2.30,2.1003,0,453009664.2026.06.17.00.00.00.000.Z.miniseed
381,2026-06-17T09:18:25.070000,2026-06-17T02:18:25.070000,19,0,0.8464,-0.50,1,1,1,0.9683,0.1504,16.04,0.9695,1,453009664.2026.06.17.00.00.00.000.Z.miniseed
382,2026-06-17T09:18:34.038500,2026-06-17T02:18:34.038500,19,1,0.8365,-1.00,1,1,1,0.9290,0.2644,8.30,1.0379,0,453009664.2026.06.17.00.00.00.000.Z.miniseed
383,2026-06-17T09:18:43.263000,2026-06-17T02:18:43.263000,19,2,0.8327,-1.00,1,1,1,0.9557,0.1326,10.36,1.0192,1,453009664.2026.06.17.00.00.00.000.Z.miniseed
384,2026-06-17T09:18:52.319500,2026-06-17T02:18:52.319500,19,3,0.8374,-1.00,1,1,1,0.9945,0.2869,15.41,1.0024,1,453009664.2026.06.17.00.00.00.000.Z.miniseed
385,2026-06-17T09:19:01.656500,2026-06-17T02:19:01.656500,19,4,0.8526,-1.50,1,1,1,0.9948,0.3011,25.97,0.9976,1,453009664.2026.06.17.00.00.00.000.Z.miniseed
386,2026-06-17T09:19:10.449500,2026-06-17T02:19:10.449500,19,5,0.8621,-1.00,1,1,1,0.9937,0.1681,11.90,0.9754,1,453009664.2026.06.17.00.00.00.000.Z.miniseed
387,2026-06-17T09:19:19.288500,2026-06-17T02:19:19.288500,19,6,0.8514,-1.00,1,1,1,0.9766,0.1598,26.27,0.9950,1,453009664.2026.06.17.00.00.00.000.Z.miniseed
388,2026-06-17T09:19:28.348500,2026-06-17T02:19:28.348500,19,7,0.8672,-1.00,1,1,1,0.9934,0.4044,12.85,0.9944,1,453009664.2026.06.17.00.00.00.000.Z.miniseed
389,2026-06-17T09:19:37.665000,2026-06-17T02:19:37.665000,19,8,0.8656,-0.50,1,1,1,0.9935,0.2409,26.31,0.9872,1,453009664.2026.06.17.00.00.00.000.Z.miniseed
390,2026-06-17T09:19:47.166000,2026-06-17T02:19:47.166000,19,9,0.8558,-1.00,1,1,1,0.9915,0.4289,25.75,0.9805,1,453009664.2026.06.17.00.00.00.000.Z.miniseed
391,2026-06-17T09:19:56.158500,2026-06-17T02:19:56.158500,19,10,0.7442,-1.50,1,1,1,0.9913,0.4971,26.39,0.9574,1,453009664.2026.06.17.00.00.00.000.Z.miniseed
392,2026-06-17T09:20:05.062000,2026-06-17T02:20:05.062000,19,11,0.8417,-1.00,1,1,1,0.9733,0.2536,23.35,0.9963,1,453009664.2026.06.17.00.00.00.000.Z.miniseed
393,2026-06-17T09:20:13.991000,2026-06-17T02:20:13.991000,19,12,0.8580,-1.50,1,1,1,0.9929,0.4385,27.47,0.9952,1,453009664.2026.06.17.00.00.00.000.Z.miniseed
394,2026-06-17T09:20:22.961500,2026-06-17T02:20:22.961500,19,13,0.8616,-1.50,1,1,1,0.9194,0.5836,1.85,1.0776,0,453009664.2026.06.17.00.00.00.000.Z.miniseed
395,2026-06-17T09:20:31.990500,2026-06-17T02:20:31.990500,19,14,0.8584,-1.50,1,1,1,0.8546,0.1620,6.54,1.1760,0,453009664.2026.06.17.00.00.00.000.Z.miniseed
396,2026-06-17T09:20:40.969000,2026-06-17T02:20:40.969000,19,15,0.8612,-1.00,1,1,1,0.8323,0.3545,2.81,1.0788,0,453009664.2026.06.17.00.00.00.000.Z.miniseed
397,2026-06-17T09:20:49.732500,2026-06-17T02:20:49.732500,19,16,0.8632,-1.50,1,1,1,0.9681,0.2676,8.14,1.0399,0,453009664.2026.06.17.00.00.00.000.Z.miniseed
398,2026-06-17T09:20:58.698500,2026-06-17T02:20:58.698500,19,17,0.8648,-1.00,1,1,1,0.9786,0.3563,12.83,1.0381,1,453009664.2026.06.17.00.00.00.000.Z.miniseed
399,2026-06-17T09:21:07.453500,2026-06-17T02:21:07.453500,19,18,0.8125,-1.00,1,1,1,0.9441,0.2856,7.97,1.1794,0,453009664.2026.06.17.00.00.00.000.Z.miniseed
400,2026-06-17T09:21:16.140000,2026-06-17T02:21:16.140000,19,19,0.8527,-1.00,1,1,1,0.7349,0.2886,1.94,1.1502,0,453009664.2026.06.17.00.00.00.000.Z.miniseed
401,2026-06-17T09:48:21.302500,2026-06-17T02:48:21.302500,20,0,0.8471,-0.50,1,1,1,0.5908,0.1135,2.82,1.9074,0,453009664.2026.06.17.00.00.00.000.Z.miniseed
402,2026-06-17T09:48:30.518000,2026-06-17T02:48:30.518000,20,1,0.8552,-1.50,1,1,1,0.5132,0.4596,1.83,2.3061,0,453009664.2026.06.17.00.00.00.000.Z.miniseed
403,2026-06-17T09:48:39.710500,2026-06-17T02:48:39.710500,20,2,0.8439,-1.50,1,1,1,0.4007,0.2329,2.54,2.6445,0,453009664.2026.06.17.00.00.00.000.Z.miniseed
404,2026-06-17T09:48:48.457500,2026-06-17T02:48:48.457500,20,3,0.8121,-1.50,1,1,1,0.5895,0.5759,4.39,1.8313,0,453009664.2026.06.17.00.00.00.000.Z.miniseed
405,2026-06-17T09:48:57.159000,2026-06-17T02:48:57.159000,20,4,0.8166,-1.50,1,1,1,0.8705,0.3289,5.80,1.0096,0,453009664.2026.06.17.00.00.00.000.Z.miniseed
406,2026-06-17T09:49:05.668000,2026-06-17T02:49:05.668000,20,5,0.8391,-1.00,1,1,1,0.9653,0.1625,25.02,0.9968,1,453009664.2026.06.17.00.00.00.000.Z.miniseed
407,2026-06-17T09:49:14.878500,2026-06-17T02:49:14.878500,20,6,0.8288,-1.50,1,1,1,0.9286,0.5504,12.69,1.0341,1,453009664.2026.06.17.00.00.00.000.Z.miniseed
408,2026-06-17T09:49:23.864500,2026-06-17T02:49:23.864500,20,7,0.8182,-1.50,1,1,1,0.9396,0.2487,9.23,0.9758,0,453009664.2026.06.17.00.00.00.000.Z.miniseed
409,2026-06-17T09:49:32.734500,2026-06-17T02:49:32.734500,20,8,0.8123,-1.50,1,1,1,0.9610,0.2453,10.78,1.1344,1,453009664.2026.06.17.00.00.00.000.Z.miniseed
410,2026-06-17T09:49:41.475000,2026-06-17T02:49:41.475000,20,9,0.8233,-1.50,1,1,1,0.9668,0.3955,14.18,0.9996,1,453009664.2026.06.17.00.00.00.000.Z.miniseed
411,2026-06-17T09:49:50.205500,2026-06-17T02:49:50.205500,20,10,0.8487,-1.50,1,1,1,0.9557,0.3607,11.37,1.0434,1,453009664.2026.06.17.00.00.00.000.Z.miniseed
412,2026-06-17T09:49:59.164500,2026-06-17T02:49:59.164500,20,11,0.8526,-1.50,1,1,1,0.9510,0.2173,16.35,1.0823,1,453009664.2026.06.17.00.00.00.000.Z.miniseed
413,2026-06-17T09:50:09.029000,2026-06-17T02:50:09.029000,20,12,0.8557,-1.50,1,1,1,0.9666,0.2217,23.95,0.9019,1,453009664.2026.06.17.00.00.00.000.Z.miniseed
414,2026-06-17T09:50:17.864500,2026-06-17T02:50:17.864500,20,13,0.8539,-1.50,1,1,1,0.9736,0.1829,25.19,1.0004,1,453009664.2026.06.17.00.00.00.000.Z.miniseed
415,2026-06-17T09:50:26.961000,2026-06-17T02:50:26.961000,20,14,0.8607,-2.00,1,1,1,0.9701,0.2622,25.54,0.9895,1,453009664.2026.06.17.00.00.00.000.Z.miniseed
416,2026-06-17T09:50:35.752500,2026-06-17T02:50:35.752500,20,15,0.8589,-1.00,1,1,1,0.9702,0.2777,24.00,0.9941,1,453009664.2026.06.17.00.00.00.000.Z.miniseed
417,2026-06-17T09:50:44.393000,2026-06-17T02:50:44.393000,20,16,0.8641,-1.50,1,1,1,0.9678,0.2479,27.97,0.9896,1,453009664.2026.06.17.00.00.00.000.Z.miniseed
418,2026-06-17T09:50:53.246500,2026-06-17T02:50:53.246500,20,17,0.8837,-1.50,1,1,1,0.9723,0.3485,24.71,0.9807,1,453009664.2026.06.17.00.00.00.000.Z.miniseed
419,2026-06-17T09:51:02.020000,2026-06-17T02:51:02.020000,20,18,0.8749,-1.50,1,1,1,0.9736,0.6815,25.93,0.9700,1,453009664.2026.06.17.00.00.00.000.Z.miniseed
420,2026-06-17T09:51:10.836500,2026-06-17T02:51:10.836500,20,19,0.8719,-1.50,1,1,1,0.9608,0.1886,25.20,0.9977,1,453009664.2026.06.17.00.00.00.000.Z.miniseed
421,2026-06-17T10:18:57.508000,2026-06-17T03:18:57.508000,21,0,0.8592,-0.50,1,1,1,0.4022,0.2704,0.44,1.5388,0,453009664.2026.06.17.00.00.00.000.Z.miniseed
422,2026-06-17T10:19:06.506000,2026-06-17T03:19:06.506000,21,1,0.8795,-1.50,1,1,1,0.5704,0.2183,2.76,2.9141,0,453009664.2026.06.17.00.00.00.000.Z.miniseed
423,2026-06-17T10:19:15.632500,2026-06-17T03:19:15.632500,21,2,0.8606,-1.00,1,1,1,0.4410,0.1225,-2.05,1.5860,0,453009664.2026.06.17.00.00.00.000.Z.miniseed
424,2026-06-17T10:19:24.133000,2026-06-17T03:19:24.133000,21,3,0.8598,-1.00,1,1,1,0.5801,0.4036,-1.87,1.0891,0,453009664.2026.06.17.00.00.00.000.Z.miniseed
425,2026-06-17T10:19:33.116000,2026-06-17T03:19:33.116000,21,4,0.7507,-1.50,1,1,1,0.8614,0.3825,10.92,0.9669,0,453009664.2026.06.17.00.00.00.000.Z.miniseed
426,2026-06-17T10:19:42.076500,2026-06-17T03:19:42.076500,21,5,0.8095,-1.50,1,1,1,0.4197,0.2408,0.89,1.1373,0,453009664.2026.06.17.00.00.00.000.Z.miniseed
427,2026-06-17T10:19:50.670500,2026-06-17T03:19:50.670500,21,6,0.8291,-1.50,1,1,1,0.5958,0.2817,0.23,1.7998,0,453009664.2026.06.17.00.00.00.000.Z.miniseed
428,2026-06-17T10:19:59.245500,2026-06-17T03:19:59.245500,21,7,0.7963,-1.50,1,1,1,0.8008,0.1818,3.87,1.0275,0,453009664.2026.06.17.00.00.00.000.Z.miniseed
429,2026-06-17T10:20:07.922500,2026-06-17T03:20:07.922500,21,8,0.8584,-1.50,1,1,1,0.7974,0.1750,4.10,0.6168,0,453009664.2026.06.17.00.00.00.000.Z.miniseed
430,2026-06-17T10:20:17.263000,2026-06-17T03:20:17.263000,21,9,0.7770,-1.00,1,1,1,0.8470,0.2969,7.71,0.9662,0,453009664.2026.06.17.00.00.00.000.Z.miniseed
431,2026-06-17T10:20:25.921500,2026-06-17T03:20:25.921500,21,10,0.8468,-1.00,1,1,1,0.7528,0.3837,7.41,1.1176,0,453009664.2026.06.17.00.00.00.000.Z.miniseed
432,2026-06-17T10:20:35.912500,2026-06-17T03:20:35.912500,21,11,0.7884,-2.00,1,1,1,0.7922,0.1015,0.53,0.9151,0,453009664.2026.06.17.00.00.00.000.Z.miniseed
433,2026-06-17T10:20:44.759000,2026-06-17T03:20:44.759000,21,12,0.8654,-1.50,1,1,1,0.9463,0.5316,13.16,0.8307,1,453009664.2026.06.17.00.00.00.000.Z.miniseed
434,2026-06-17T10:20:53.869000,2026-06-17T03:20:53.869000,21,13,0.8587,-1.50,1,1,1,0.9170,0.1187,14.17,0.7911,1,453009664.2026.06.17.00.00.00.000.Z.miniseed
435,2026-06-17T10:21:02.746000,2026-06-17T03:21:02.746000,21,14,0.8436,-1.50,1,1,1,0.8930,0.1340,5.23,0.8181,0,453009664.2026.06.17.00.00.00.000.Z.miniseed
436,2026-06-17T10:21:11.428500,2026-06-17T03:21:11.428500,21,15,0.8682,-1.50,1,1,1,0.8412,0.5247,5.87,0.8799,0,453009664.2026.06.17.00.00.00.000.Z.miniseed
437,2026-06-17T10:21:20.310500,2026-06-17T03:21:20.310500,21,16,0.8718,-1.50,1,1,1,0.8210,0.2976,2.96,0.9232,0,453009664.2026.06.17.00.00.00.000.Z.miniseed
438,2026-06-17T10:21:29.486000,2026-06-17T03:21:29.486000,21,17,0.8771,-1.50,1,1,1,0.8544,0.2305,5.97,0.9962,0,453009664.2026.06.17.00.00.00.000.Z.miniseed
439,2026-06-17T10:21:38.264500,2026-06-17T03:21:38.264500,21,18,0.8775,-2.00,1,1,1,0.7869,0.2358,3.37,1.0723,0,453009664.2026.06.17.00.00.00.000.Z.miniseed
440,2026-06-17T10:21:46.977000,2026-06-17T03:21:46.977000,21,19,0.8780,-1.50,1,1,1,0.8520,0.2131,6.11,1.0038,0,453009664.2026.06.17.00.00.00.000.Z.miniseed
441,2026-06-17T10:48:41.139000,2026-06-17T03:48:41.139000,22,0,0.8702,-1.00,1,1,1,0.7520,0.4483,6.67,0.6424,0,453009664.2026.06.17.00.00.00.000.Z.miniseed
442,2026-06-17T10:48:50.763500,2026-06-17T03:48:50.763500,22,1,0.8659,-1.50,1,1,1,0.7411,0.1640,4.51,0.5652,0,453009664.2026.06.17.00.00.00.000.Z.miniseed
443,2026-06-17T10:49:00.060500,2026-06-17T03:49:00.060500,22,2,0.8784,-1.50,1,1,1,0.3349,0.3311,1.72,1.3885,0,453009664.2026.06.17.00.00.00.000.Z.miniseed
444,2026-06-17T10:49:09.305000,2026-06-17T03:49:09.305000,22,3,0.8740,-1.00,1,1,1,0.2568,0.1803,1.00,1.6049,0,453009664.2026.06.17.00.00.00.000.Z.miniseed
445,2026-06-17T10:49:18.767500,2026-06-17T03:49:18.767500,22,4,0.8752,-1.50,1,1,1,0.2015,0.4040,2.80,1.9854,0,453009664.2026.06.17.00.00.00.000.Z.miniseed
446,2026-06-17T10:49:28.296500,2026-06-17T03:49:28.296500,22,5,0.8845,-1.00,1,1,1,0.7630,0.5851,3.38,0.7250,0,453009664.2026.06.17.00.00.00.000.Z.miniseed
447,2026-06-17T10:49:37.759000,2026-06-17T03:49:37.759000,22,6,0.8782,-1.50,1,1,1,0.3203,0.2648,-1.91,1.1533,0,453009664.2026.06.17.00.00.00.000.Z.miniseed
448,2026-06-17T10:49:47.504500,2026-06-17T03:49:47.504500,22,7,0.8844,-1.50,1,1,1,0.4040,0.4758,2.30,1.2624,0,453009664.2026.06.17.00.00.00.000.Z.miniseed
449,2026-06-17T10:49:57.045500,2026-06-17T03:49:57.045500,22,8,0.8852,-1.50,1,1,1,0.2591,0.2558,0.40,1.1879,0,453009664.2026.06.17.00.00.00.000.Z.miniseed
450,2026-06-17T10:50:06.684000,2026-06-17T03:50:06.684000,22,9,0.8803,-1.00,1,1,1,0.3346,0.2281,-1.50,0.9396,0,453009664.2026.06.17.00.00.00.000.Z.miniseed
451,2026-06-17T10:50:16.296000,2026-06-17T03:50:16.296000,22,10,0.8817,-1.50,1,1,1,0.3902,0.5661,-0.98,1.1786,0,453009664.2026.06.17.00.00.00.000.Z.miniseed
452,2026-06-17T10:50:26.212500,2026-06-17T03:50:26.212500,22,11,0.8739,-1.50,1,1,1,0.3543,0.2319,3.52,0.9548,0,453009664.2026.06.17.00.00.00.000.Z.miniseed
453,2026-06-17T10:50:35.617000,2026-06-17T03:50:35.617000,22,12,0.8758,-1.00,1,1,1,0.4829,0.3008,-0.94,0.6548,0,453009664.2026.06.17.00.00.00.000.Z.miniseed
454,2026-06-17T10:50:45.018000,2026-06-17T03:50:45.018000,22,13,0.8974,-1.00,1,1,1,0.1416,0.4396,2.59,1.5762,0,453009664.2026.06.17.00.00.00.000.Z.miniseed
455,2026-06-17T10:50:53.940500,2026-06-17T03:50:53.940500,22,14,0.8836,-1.00,1,1,1,0.5465,0.3876,0.38,0.6743,0,453009664.2026.06.17.00.00.00.000.Z.miniseed
456,2026-06-17T10:51:03.354500,2026-06-17T03:51:03.354500,22,15,0.8810,-1.50,1,1,1,0.6446,0.4506,7.22,0.9963,0,453009664.2026.06.17.00.00.00.000.Z.miniseed
457,2026-06-17T10:51:12.561500,2026-06-17T03:51:12.561500,22,16,0.8813,-1.50,1,1,1,0.6743,0.3164,3.14,0.6446,0,453009664.2026.06.17.00.00.00.000.Z.miniseed
458,2026-06-17T10:51:21.833500,2026-06-17T03:51:21.833500,22,17,0.8732,-1.00,1,1,1,0.4366,0.1846,0.70,0.8601,0,453009664.2026.06.17.00.00.00.000.Z.miniseed
459,2026-06-17T10:51:31.496000,2026-06-17T03:51:31.496000,22,18,0.8764,-1.50,1,1,1,0.4668,0.4317,0.58,1.0037,0,453009664.2026.06.17.00.00.00.000.Z.miniseed
460,2026-06-17T10:51:40.730500,2026-06-17T03:51:40.730500,22,19,0.9015,-1.50,1,1,1,0.7179,0.4444,2.90,1.5405,0,453009664.2026.06.17.00.00.00.000.Z.miniseed
461,2026-06-17T11:18:46.230000,2026-06-17T04:18:46.230000,23,0,0.8728,-1.00,1,1,1,0.9985,0.1017,23.97,0.9494,1,453009664.2026.06.17.00.00.00.000.Z.miniseed
462,2026-06-17T11:18:56.291500,2026-06-17T04:18:56.291500,23,1,0.8451,-1.50,1,1,1,0.9975,0.3691,26.10,0.9928,1,453009664.2026.06.17.00.00.00.000.Z.miniseed
463,2026-06-17T11:19:06.050000,2026-06-17T04:19:06.050000,23,2,0.8661,-1.50,1,1,1,0.9826,0.2397,24.10,1.0008,1,453009664.2026.06.17.00.00.00.000.Z.miniseed
464,2026-06-17T11:19:15.574000,2026-06-17T04:19:15.574000,23,3,0.8775,-1.50,1,1,1,0.9916,0.2455,24.91,0.9512,1,453009664.2026.06.17.00.00.00.000.Z.miniseed
465,2026-06-17T11:19:25.127000,2026-06-17T04:19:25.127000,23,4,0.8616,-1.50,1,1,1,0.9986,0.1117,25.17,1.0035,1,453009664.2026.06.17.00.00.00.000.Z.miniseed
466,2026-06-17T11:19:34.539500,2026-06-17T04:19:34.539500,23,5,0.8851,-2.00,1,1,1,0.9975,0.1737,27.15,0.9982,1,453009664.2026.06.17.00.00.00.000.Z.miniseed
467,2026-06-17T11:19:44.359500,2026-06-17T04:19:44.359500,23,6,0.8313,-2.00,1,1,1,0.9955,0.2683,26.12,0.9909,1,453009664.2026.06.17.00.00.00.000.Z.miniseed
468,2026-06-17T11:19:54.156000,2026-06-17T04:19:54.156000,23,7,0.8705,-1.50,1,1,1,0.9976,0.3498,25.91,1.0012,1,453009664.2026.06.17.00.00.00.000.Z.miniseed
469,2026-06-17T11:20:03.835000,2026-06-17T04:20:03.835000,23,8,0.8754,-2.00,1,1,1,0.9978,0.3415,25.05,1.0293,1,453009664.2026.06.17.00.00.00.000.Z.miniseed
470,2026-06-17T11:20:13.540500,2026-06-17T04:20:13.540500,23,9,0.8689,-2.00,1,1,1,0.9961,0.2807,26.74,0.9929,1,453009664.2026.06.17.00.00.00.000.Z.miniseed
471,2026-06-17T11:20:23.845500,2026-06-17T04:20:23.845500,23,10,0.8794,-2.00,1,1,1,0.9947,0.4300,24.10,0.9877,1,453009664.2026.06.17.00.00.00.000.Z.miniseed
472,2026-06-17T11:20:33.739000,2026-06-17T04:20:33.739000,23,11,0.8810,-1.50,1,1,1,0.9835,0.2807,12.68,1.0373,1,453009664.2026.06.17.00.00.00.000.Z.miniseed
473,2026-06-17T11:20:43.512000,2026-06-17T04:20:43.512000,23,12,0.8764,-2.00,1,1,1,0.9766,0.2725,12.84,1.0579,1,453009664.2026.06.17.00.00.00.000.Z.miniseed
474,2026-06-17T11:20:53.504000,2026-06-17T04:20:53.504000,23,13,0.8834,-2.00,1,1,1,0.9576,0.3910,14.95,0.9677,1,453009664.2026.06.17.00.00.00.000.Z.miniseed
475,2026-06-17T11:21:03.453500,2026-06-17T04:21:03.453500,23,14,0.8642,-1.50,1,1,1,0.9960,0.2700,13.49,1.0174,1,453009664.2026.06.17.00.00.00.000.Z.miniseed
476,2026-06-17T11:21:13.021000,2026-06-17T04:21:13.021000,23,15,0.8670,-1.50,1,1,1,0.9958,0.3371,14.20,0.9913,1,453009664.2026.06.17.00.00.00.000.Z.miniseed
477,2026-06-17T11:21:22.710000,2026-06-17T04:21:22.710000,23,16,0.8907,-2.00,1,1,1,0.9986,0.2288,15.31,1.0000,1,453009664.2026.06.17.00.00.00.000.Z.miniseed
478,2026-06-17T11:21:32.681500,2026-06-17T04:21:32.681500,23,17,0.9046,-2.00,1,1,1,0.9835,0.2220,12.86,1.0308,1,453009664.2026.06.17.00.00.00.000.Z.miniseed
479,2026-06-17T11:21:43.662500,2026-06-17T04:21:43.662500,23,18,0.8714,-2.00,1,1,1,0.9934,0.1257,27.43,1.1115,1,453009664.2026.06.17.00.00.00.000.Z.miniseed
480,2026-06-17T11:49:49.946500,2026-06-17T04:49:49.946500,24,0,0.8643,-1.50,1,1,1,0.8135,0.0986,4.36,0.7644,0,453009664.2026.06.17.00.00.00.000.Z.miniseed
481,2026-06-17T11:49:58.931000,2026-06-17T04:49:58.931000,24,1,0.8650,-1.50,1,1,1,0.9730,0.3006,8.63,0.9529,0,453009664.2026.06.17.00.00.00.000.Z.miniseed
482,2026-06-17T11:50:07.807000,2026-06-17T04:50:07.807000,24,2,0.8603,-1.50,1,1,1,0.9582,0.3388,8.34,1.1832,0,453009664.2026.06.17.00.00.00.000.Z.miniseed
483,2026-06-17T11:50:16.672000,2026-06-17T04:50:16.672000,24,3,0.8343,-2.00,1,1,1,0.9910,0.1613,26.73,0.9874,1,453009664.2026.06.17.00.00.00.000.Z.miniseed
484,2026-06-17T11:50:25.257500,2026-06-17T04:50:25.257500,24,4,0.8635,-1.50,1,1,1,0.9900,0.2726,14.89,0.9530,1,453009664.2026.06.17.00.00.00.000.Z.miniseed
485,2026-06-17T11:50:34.354000,2026-06-17T04:50:34.354000,24,5,0.8686,-1.50,1,1,1,0.9175,0.1934,3.94,1.1318,0,453009664.2026.06.17.00.00.00.000.Z.miniseed
486,2026-06-17T11:50:43.288500,2026-06-17T04:50:43.288500,24,6,0.8685,-1.50,1,1,1,0.8470,0.3170,5.90,0.9901,0,453009664.2026.06.17.00.00.00.000.Z.miniseed
487,2026-06-17T11:50:52.195500,2026-06-17T04:50:52.195500,24,7,0.8692,-1.50,1,1,1,0.8056,0.1024,8.27,1.3108,0,453009664.2026.06.17.00.00.00.000.Z.miniseed
488,2026-06-17T11:51:01.136500,2026-06-17T04:51:01.136500,24,8,0.8664,-1.50,1,1,1,0.8723,0.1638,10.16,1.0493,0,453009664.2026.06.17.00.00.00.000.Z.miniseed
489,2026-06-17T11:51:10.097500,2026-06-17T04:51:10.097500,24,9,0.8571,-2.00,1,1,1,0.9309,0.3075,7.13,1.0619,0,453009664.2026.06.17.00.00.00.000.Z.miniseed
490,2026-06-17T11:51:18.519000,2026-06-17T04:51:18.519000,24,10,0.8530,-2.00,1,1,1,0.9266,0.3396,5.36,1.0099,0,453009664.2026.06.17.00.00.00.000.Z.miniseed
491,2026-06-17T11:51:27.246000,2026-06-17T04:51:27.246000,24,11,0.8817,-1.50,1,1,1,0.9758,0.1721,8.88,1.0425,0,453009664.2026.06.17.00.00.00.000.Z.miniseed
492,2026-06-17T11:51:35.760500,2026-06-17T04:51:35.760500,24,12,0.8614,-2.00,1,1,1,0.9614,0.1715,24.71,1.1302,1,453009664.2026.06.17.00.00.00.000.Z.miniseed
493,2026-06-17T11:51:44.620000,2026-06-17T04:51:44.620000,24,13,0.8064,-2.00,1,1,1,0.9701,0.4772,11.90,0.9896,1,453009664.2026.06.17.00.00.00.000.Z.miniseed
494,2026-06-17T11:51:53.786500,2026-06-17T04:51:53.786500,24,14,0.8788,-1.50,1,1,1,0.9937,0.2265,23.01,0.9635,1,453009664.2026.06.17.00.00.00.000.Z.miniseed
495,2026-06-17T11:52:02.574500,2026-06-17T04:52:02.574500,24,15,0.8645,-2.00,1,1,1,0.9949,0.3309,12.43,0.9782,1,453009664.2026.06.17.00.00.00.000.Z.miniseed
496,2026-06-17T11:52:11.446000,2026-06-17T04:52:11.446000,24,16,0.8510,-2.00,1,1,1,0.9557,0.2436,9.02,1.1545,0,453009664.2026.06.17.00.00.00.000.Z.miniseed
497,2026-06-17T11:52:20.343000,2026-06-17T04:52:20.343000,24,17,0.8547,-2.00,1,1,1,0.9307,0.3732,8.30,1.0313,0,453009664.2026.06.17.00.00.00.000.Z.miniseed
498,2026-06-17T11:52:29.494500,2026-06-17T04:52:29.494500,24,18,0.8952,-2.00,1,1,1,0.9755,0.1833,14.90,0.8725,1,453009664.2026.06.17.00.00.00.000.Z.miniseed
499,2026-06-17T11:52:38.354000,2026-06-17T04:52:38.354000,24,19,0.8915,-1.50,1,1,1,0.9924,0.4770,23.66,0.9520,1,453009664.2026.06.17.00.00.00.000.Z.miniseed
500,2026-06-17T12:18:51.864500,2026-06-17T05:18:51.864500,25,0,0.8735,-1.50,1,1,1,0.7999,0.3826,8.22,0.9982,0,453009664.2026.06.17.00.00.00.000.Z.miniseed
501,2026-06-17T12:19:02.373000,2026-06-17T05:19:02.373000,25,1,0.8766,-2.00,1,1,1,0.9466,0.2060,7.59,0.8746,0,453009664.2026.06.17.00.00.00.000.Z.miniseed
502,2026-06-17T12:19:12.597000,2026-06-17T05:19:12.597000,25,2,0.8774,-1.50,1,1,1,0.9068,0.1937,14.99,0.8957,1,453009664.2026.06.17.00.00.00.000.Z.miniseed
503,2026-06-17T12:19:22.816500,2026-06-17T05:19:22.816500,25,3,0.8850,-2.00,1,1,1,0.9788,0.3136,24.61,0.8415,1,453009664.2026.06.17.00.00.00.000.Z.miniseed
504,2026-06-17T12:19:32.841000,2026-06-17T05:19:32.841000,25,4,0.8793,-2.00,1,1,1,0.9706,0.2188,26.70,0.8478,1,453009664.2026.06.17.00.00.00.000.Z.miniseed
505,2026-06-17T12:19:42.940000,2026-06-17T05:19:42.940000,25,5,0.8852,-2.00,1,1,1,0.3868,0.3261,3.62,1.9354,0,453009664.2026.06.17.00.00.00.000.Z.miniseed
506,2026-06-17T12:19:53.373500,2026-06-17T05:19:53.373500,25,6,0.8794,-2.00,1,1,1,0.9695,0.4464,12.13,0.8466,1,453009664.2026.06.17.00.00.00.000.Z.miniseed
507,2026-06-17T12:20:03.828500,2026-06-17T05:20:03.828500,25,7,0.8944,-2.00,1,1,1,0.9769,0.1847,26.05,0.8577,1,453009664.2026.06.17.00.00.00.000.Z.miniseed
508,2026-06-17T12:20:13.915000,2026-06-17T05:20:13.915000,25,8,0.8787,-2.00,1,1,1,0.8285,0.2066,10.83,0.9968,0,453009664.2026.06.17.00.00.00.000.Z.miniseed
509,2026-06-17T12:20:23.943000,2026-06-17T05:20:23.943000,25,9,0.8890,-2.00,1,1,1,0.5577,0.2816,5.99,1.3288,0,453009664.2026.06.17.00.00.00.000.Z.miniseed
510,2026-06-17T12:20:33.836500,2026-06-17T05:20:33.836500,25,10,0.8833,-2.00,1,1,1,0.9463,0.4060,11.38,1.0663,1,453009664.2026.06.17.00.00.00.000.Z.miniseed
511,2026-06-17T12:20:43.847500,2026-06-17T05:20:43.847500,25,11,0.8791,-1.50,1,1,1,0.3129,0.2601,0.18,2.3048,0,453009664.2026.06.17.00.00.00.000.Z.miniseed
512,2026-06-17T12:20:53.650000,2026-06-17T05:20:53.650000,25,12,0.8916,-2.00,1,1,1,0.5764,0.3063,1.36,1.2399,0,453009664.2026.06.17.00.00.00.000.Z.miniseed
513,2026-06-17T12:21:03.800500,2026-06-17T05:21:03.800500,25,13,0.8830,-2.00,1,1,1,0.8300,0.4413,7.15,0.9777,0,453009664.2026.06.17.00.00.00.000.Z.miniseed
514,2026-06-17T12:21:14.108500,2026-06-17T05:21:14.108500,25,14,0.8726,-2.00,1,1,1,0.7442,0.3565,2.09,0.9875,0,453009664.2026.06.17.00.00.00.000.Z.miniseed
515,2026-06-17T12:21:24.131500,2026-06-17T05:21:24.131500,25,15,0.8546,-2.00,1,1,1,0.9097,0.2330,8.06,1.0018,0,453009664.2026.06.17.00.00.00.000.Z.miniseed
516,2026-06-17T12:21:34.064000,2026-06-17T05:21:34.064000,25,16,0.8710,-2.00,1,1,1,0.6604,0.4032,3.47,1.3768,0,453009664.2026.06.17.00.00.00.000.Z.miniseed
517,2026-06-17T12:21:43.908000,2026-06-17T05:21:43.908000,25,17,0.8788,-1.50,1,1,1,0.6424,0.2579,2.24,1.2664,0,453009664.2026.06.17.00.00.00.000.Z.miniseed
518,2026-06-17T12:21:53.836000,2026-06-17T05:21:53.836000,25,18,0.8873,-2.00,1,1,1,0.8243,0.2448,5.37,1.0636,0,453009664.2026.06.17.00.00.00.000.Z.miniseed
519,2026-06-17T12:22:03.624500,2026-06-17T05:22:03.624500,25,19,0.8892,-2.00,1,1,1,0.7572,0.5786,0.90,1.4705,0,453009664.2026.06.17.00.00.00.000.Z.miniseed
520,2026-06-17T12:48:42.907000,2026-06-17T05:48:42.907000,26,0,0.8628,-1.50,1,1,1,0.7826,0.2419,1.99,0.8579,0,453009664.2026.06.17.00.00.00.000.Z.miniseed
521,2026-06-17T12:48:52.148500,2026-06-17T05:48:52.148500,26,1,0.8889,-2.00,1,1,1,0.7157,0.1371,6.35,0.8894,0,453009664.2026.06.17.00.00.00.000.Z.miniseed
522,2026-06-17T12:49:01.328500,2026-06-17T05:49:01.328500,26,2,0.8803,-2.00,1,1,1,0.6516,0.3321,3.52,0.8470,0,453009664.2026.06.17.00.00.00.000.Z.miniseed
523,2026-06-17T12:49:10.463000,2026-06-17T05:49:10.463000,26,3,0.8623,-2.00,1,1,1,0.7537,0.2785,3.02,0.8254,0,453009664.2026.06.17.00.00.00.000.Z.miniseed
524,2026-06-17T12:49:19.492500,2026-06-17T05:49:19.492500,26,4,0.8937,-2.00,1,1,1,0.7743,0.4184,3.15,0.9320,0,453009664.2026.06.17.00.00.00.000.Z.miniseed
525,2026-06-17T12:49:28.574000,2026-06-17T05:49:28.574000,26,5,0.8755,-1.50,1,1,1,0.6038,0.5879,5.72,1.2238,0,453009664.2026.06.17.00.00.00.000.Z.miniseed
526,2026-06-17T12:49:37.772000,2026-06-17T05:49:37.772000,26,6,0.8792,-2.00,1,1,1,0.6351,0.3719,-2.00,0.8935,0,453009664.2026.06.17.00.00.00.000.Z.miniseed
527,2026-06-17T12:49:47.446000,2026-06-17T05:49:47.446000,26,7,0.8704,-2.00,1,1,1,0.7875,0.3691,2.62,0.7964,0,453009664.2026.06.17.00.00.00.000.Z.miniseed
528,2026-06-17T12:49:56.791000,2026-06-17T05:49:56.791000,26,8,0.8466,-2.00,1,1,1,0.7143,0.3056,3.57,1.0087,0,453009664.2026.06.17.00.00.00.000.Z.miniseed
529,2026-06-17T12:50:05.915500,2026-06-17T05:50:05.915500,26,9,0.8855,-2.00,1,1,1,0.2734,0.3836,-0.72,0.9885,0,453009664.2026.06.17.00.00.00.000.Z.miniseed
530,2026-06-17T12:50:15.288000,2026-06-17T05:50:15.288000,26,10,0.8773,-1.50,1,1,1,0.8009,0.2431,6.83,1.0000,0,453009664.2026.06.17.00.00.00.000.Z.miniseed
531,2026-06-17T12:50:25.232000,2026-06-17T05:50:25.232000,26,11,0.8767,-2.00,1,1,1,0.3796,0.3494,0.86,1.7800,0,453009664.2026.06.17.00.00.00.000.Z.miniseed
532,2026-06-17T12:50:34.769000,2026-06-17T05:50:34.769000,26,12,0.8724,-1.50,1,1,1,0.8302,0.2550,4.03,0.9907,0,453009664.2026.06.17.00.00.00.000.Z.miniseed
533,2026-06-17T12:50:43.939000,2026-06-17T05:50:43.939000,26,13,0.8680,-2.00,1,1,1,0.3558,0.2991,0.75,1.6113,0,453009664.2026.06.17.00.00.00.000.Z.miniseed
534,2026-06-17T12:50:53.075500,2026-06-17T05:50:53.075500,26,14,0.8897,-2.00,1,1,1,0.6691,0.2788,1.99,1.9350,0,453009664.2026.06.17.00.00.00.000.Z.miniseed
535,2026-06-17T12:51:01.945000,2026-06-17T05:51:01.945000,26,15,0.8708,-2.00,1,1,1,0.3499,0.2613,-1.94,1.5213,0,453009664.2026.06.17.00.00.00.000.Z.miniseed
536,2026-06-17T12:51:10.708000,2026-06-17T05:51:10.708000,26,16,0.8914,-2.00,1,1,1,0.6238,0.1859,-0.88,1.4627,0,453009664.2026.06.17.00.00.00.000.Z.miniseed
537,2026-06-17T12:51:20.685000,2026-06-17T05:51:20.685000,26,17,0.8893,-2.00,1,1,1,0.4999,0.2876,2.73,1.7681,0,453009664.2026.06.17.00.00.00.000.Z.miniseed
538,2026-06-17T12:51:29.687500,2026-06-17T05:51:29.687500,26,18,0.8603,-1.50,1,1,1,0.3940,0.5211,-0.64,1.1384,0,453009664.2026.06.17.00.00.00.000.Z.miniseed
539,2026-06-17T13:18:41.540500,2026-06-17T06:18:41.540500,27,0,0.6293,-2.50,1,1,1,0.2808,0.2955,1.85,0.9829,0,453009664.2026.06.17.00.00.00.000.Z.miniseed
540,2026-06-17T13:18:50.338000,2026-06-17T06:18:50.338000,27,1,0.7691,-3.00,1,1,1,0.5091,0.2120,0.77,1.3886,0,453009664.2026.06.17.00.00.00.000.Z.miniseed
541,2026-06-17T13:18:59.780500,2026-06-17T06:18:59.780500,27,2,0.8474,-2.00,1,1,1,0.4780,0.1000,1.37,1.2861,0,453009664.2026.06.17.00.00.00.000.Z.miniseed
542,2026-06-17T13:19:08.838000,2026-06-17T06:19:08.838000,27,3,0.8785,-2.00,1,1,1,0.5454,0.3243,2.22,1.2816,0,453009664.2026.06.17.00.00.00.000.Z.miniseed
543,2026-06-17T13:19:18.193500,2026-06-17T06:19:18.193500,27,4,0.8915,-1.00,1,1,1,0.7301,0.5505,2.62,1.3735,0,453009664.2026.06.17.00.00.00.000.Z.miniseed
544,2026-06-17T13:19:27.319000,2026-06-17T06:19:27.319000,27,5,0.8927,-1.50,1,1,1,0.2171,0.0946,2.30,1.4535,0,453009664.2026.06.17.00.00.00.000.Z.miniseed
545,2026-06-17T13:19:36.956000,2026-06-17T06:19:36.956000,27,6,0.9051,-1.00,1,1,1,0.5108,0.4178,3.74,1.4379,0,453009664.2026.06.17.00.00.00.000.Z.miniseed
546,2026-06-17T13:19:46.176000,2026-06-17T06:19:46.176000,27,7,0.9092,-1.00,1,1,1,0.6394,0.4338,-0.88,1.0171,0,453009664.2026.06.17.00.00.00.000.Z.miniseed
547,2026-06-17T13:19:55.777000,2026-06-17T06:19:55.777000,27,8,0.9137,-2.00,1,1,1,0.5467,0.2419,3.97,1.1577,0,453009664.2026.06.17.00.00.00.000.Z.miniseed
548,2026-06-17T13:20:04.751000,2026-06-17T06:20:04.751000,27,9,0.9372,-1.50,1,1,1,0.8086,0.4409,3.78,0.9441,0,453009664.2026.06.17.00.00.00.000.Z.miniseed
549,2026-06-17T13:20:13.877500,2026-06-17T06:20:13.877500,27,10,0.9271,-1.50,1,1,1,0.5996,0.3024,-0.54,0.8965,0,453009664.2026.06.17.00.00.00.000.Z.miniseed
550,2026-06-17T13:20:23.168000,2026-06-17T06:20:23.168000,27,11,0.9225,-2.00,1,1,1,0.7767,0.4668,3.72,1.2027,0,453009664.2026.06.17.00.00.00.000.Z.miniseed
551,2026-06-17T13:20:32.190500,2026-06-17T06:20:32.190500,27,12,0.9323,-2.00,1,1,1,0.9603,0.4963,10.33,0.6193,1,453009664.2026.06.17.00.00.00.000.Z.miniseed
552,2026-06-17T13:20:41.002500,2026-06-17T06:20:41.002500,27,13,0.9244,-2.00,1,1,1,0.8555,0.3353,5.46,0.8792,0,453009664.2026.06.17.00.00.00.000.Z.miniseed
553,2026-06-17T13:20:49.934000,2026-06-17T06:20:49.934000,27,14,0.9270,-2.00,1,1,1,0.4780,0.2944,-0.82,1.1331,0,453009664.2026.06.17.00.00.00.000.Z.miniseed
554,2026-06-17T13:20:58.996000,2026-06-17T06:20:58.996000,27,15,0.9286,-2.00,1,1,1,0.6306,0.2988,0.77,0.8060,0,453009664.2026.06.17.00.00.00.000.Z.miniseed
555,2026-06-17T13:21:08.143500,2026-06-17T06:21:08.143500,27,16,0.9305,-2.50,1,1,1,0.9373,0.2279,8.34,0.6502,0,453009664.2026.06.17.00.00.00.000.Z.miniseed
556,2026-06-17T13:21:17.164500,2026-06-17T06:21:17.164500,27,17,0.9299,-2.00,1,1,1,0.8489,0.3907,7.21,0.8116,0,453009664.2026.06.17.00.00.00.000.Z.miniseed
557,2026-06-17T13:21:26.880500,2026-06-17T06:21:26.880500,27,18,0.9179,-2.50,1,1,1,0.9559,0.2996,25.93,0.7304,1,453009664.2026.06.17.00.00.00.000.Z.miniseed
558,2026-06-17T13:21:36.066500,2026-06-17T06:21:36.066500,27,19,0.9208,-2.50,1,1,1,0.9001,0.3675,13.25,0.6498,1,453009664.2026.06.17.00.00.00.000.Z.miniseed
559,2026-06-17T13:46:19.116500,2026-06-17T06:46:19.116500,28,0,0.9097,-3.00,1,1,1,0.8814,0.1640,7.98,0.7269,0,453009664.2026.06.17.00.00.00.000.Z.miniseed
560,2026-06-17T13:46:28.245000,2026-06-17T06:46:28.245000,28,1,0.9241,-2.50,1,1,1,0.9416,0.4352,8.91,0.7866,0,453009664.2026.06.17.00.00.00.000.Z.miniseed
561,2026-06-17T13:46:37.382000,2026-06-17T06:46:37.382000,28,2,0.9219,-2.50,1,1,1,0.8248,0.3925,8.84,0.9568,0,453009664.2026.06.17.00.00.00.000.Z.miniseed
562,2026-06-17T13:46:46.539000,2026-06-17T06:46:46.539000,28,3,0.9223,-2.00,1,1,1,0.7358,0.5101,4.97,0.9391,0,453009664.2026.06.17.00.00.00.000.Z.miniseed
563,2026-06-17T13:46:55.882500,2026-06-17T06:46:55.882500,28,4,0.9208,-2.50,1,1,1,0.6998,0.2030,6.19,1.3497,0,453009664.2026.06.17.00.00.00.000.Z.miniseed
564,2026-06-17T13:47:05.072500,2026-06-17T06:47:05.072500,28,5,0.9218,-2.50,1,1,1,0.8208,0.4021,2.88,0.7654,0,453009664.2026.06.17.00.00.00.000.Z.miniseed
565,2026-06-17T13:47:14.369000,2026-06-17T06:47:14.369000,28,6,0.9266,-2.50,1,1,1,0.9073,0.3347,6.08,0.8346,0,453009664.2026.06.17.00.00.00.000.Z.miniseed
566,2026-06-17T13:47:23.788000,2026-06-17T06:47:23.788000,28,7,0.9341,-2.00,1,1,1,0.9499,0.1881,6.42,0.7679,0,453009664.2026.06.17.00.00.00.000.Z.miniseed
567,2026-06-17T13:47:32.781000,2026-06-17T06:47:32.781000,28,8,0.9267,-2.50,1,1,1,0.8382,0.3299,8.12,1.0982,0,453009664.2026.06.17.00.00.00.000.Z.miniseed
568,2026-06-17T13:47:41.993500,2026-06-17T06:47:41.993500,28,9,0.9157,-2.00,1,1,1,0.7260,0.4561,-1.86,1.0146,0,453009664.2026.06.17.00.00.00.000.Z.miniseed
569,2026-06-17T13:47:50.986500,2026-06-17T06:47:50.986500,28,10,0.9255,-2.50,1,1,1,0.8543,0.4593,1.31,1.0215,0,453009664.2026.06.17.00.00.00.000.Z.miniseed
570,2026-06-17T13:48:00.082500,2026-06-17T06:48:00.082500,28,11,0.9251,-2.00,1,1,1,0.5897,0.3989,-0.04,2.1308,0,453009664.2026.06.17.00.00.00.000.Z.miniseed
571,2026-06-17T13:48:09.140000,2026-06-17T06:48:09.140000,28,12,0.9158,-2.00,1,1,1,0.5579,0.2505,-1.62,1.1864,0,453009664.2026.06.17.00.00.00.000.Z.miniseed
572,2026-06-17T13:48:18.356000,2026-06-17T06:48:18.356000,28,13,0.9233,-2.00,1,1,1,0.6753,0.3929,3.13,1.2627,0,453009664.2026.06.17.00.00.00.000.Z.miniseed
573,2026-06-17T13:48:27.204000,2026-06-17T06:48:27.204000,28,14,0.9231,-2.00,1,1,1,0.8886,0.3096,5.95,0.8631,0,453009664.2026.06.17.00.00.00.000.Z.miniseed
574,2026-06-17T13:48:36.567000,2026-06-17T06:48:36.567000,28,15,0.9229,-2.00,1,1,1,0.2204,0.2303,-5.80,1.2538,0,453009664.2026.06.17.00.00.00.000.Z.miniseed
575,2026-06-17T13:48:45.966000,2026-06-17T06:48:45.966000,28,16,0.9162,-2.00,1,1,1,0.5580,0.2358,2.49,1.6388,0,453009664.2026.06.17.00.00.00.000.Z.miniseed
576,2026-06-17T13:48:55.028500,2026-06-17T06:48:55.028500,28,17,0.9196,-2.00,1,1,1,0.2634,0.3669,-0.28,1.9510,0,453009664.2026.06.17.00.00.00.000.Z.miniseed
577,2026-06-17T13:49:04.234000,2026-06-17T06:49:04.234000,28,18,0.9107,-2.00,1,1,1,0.8580,0.3677,9.36,0.9426,0,453009664.2026.06.17.00.00.00.000.Z.miniseed
578,2026-06-17T13:49:13.151000,2026-06-17T06:49:13.151000,28,19,0.9162,-2.00,1,1,1,0.8602,0.2351,5.86,0.9854,0,453009664.2026.06.17.00.00.00.000.Z.miniseed
579,2026-06-17T14:16:53.643500,2026-06-17T07:16:53.643500,29,0,0.9051,-2.00,1,1,1,0.7398,0.4124,6.80,1.2500,0,453009664.2026.06.17.00.00.00.000.Z.miniseed
580,2026-06-17T14:17:02.740500,2026-06-17T07:17:02.740500,29,1,0.9147,-1.50,1,1,1,0.9955,0.3885,24.42,0.9723,1,453009664.2026.06.17.00.00.00.000.Z.miniseed
581,2026-06-17T14:17:11.591500,2026-06-17T07:17:11.591500,29,2,0.9172,-1.50,1,1,1,0.9972,0.3674,23.27,0.9546,1,453009664.2026.06.17.00.00.00.000.Z.miniseed
582,2026-06-17T14:17:20.336000,2026-06-17T07:17:20.336000,29,3,0.9054,-1.50,1,1,1,0.9968,0.4616,23.87,0.9974,1,453009664.2026.06.17.00.00.00.000.Z.miniseed
583,2026-06-17T14:17:28.952000,2026-06-17T07:17:28.952000,29,4,0.9105,-2.00,1,1,1,0.9970,0.3844,25.23,1.0033,1,453009664.2026.06.17.00.00.00.000.Z.miniseed
584,2026-06-17T14:17:37.611000,2026-06-17T07:17:37.611000,29,5,0.9136,-2.00,1,1,1,0.9731,0.2625,12.99,1.0460,1,453009664.2026.06.17.00.00.00.000.Z.miniseed
585,2026-06-17T14:17:46.401500,2026-06-17T07:17:46.401500,29,6,0.9145,-2.00,1,1,1,0.9942,0.4079,24.29,0.9976,1,453009664.2026.06.17.00.00.00.000.Z.miniseed
586,2026-06-17T14:17:55.155000,2026-06-17T07:17:55.155000,29,7,0.9083,-1.50,1,1,1,0.9902,0.3076,25.89,1.1022,1,453009664.2026.06.17.00.00.00.000.Z.miniseed
587,2026-06-17T14:18:03.776000,2026-06-17T07:18:03.776000,29,8,0.9109,-1.50,1,1,1,0.9967,0.1631,25.16,1.0068,1,453009664.2026.06.17.00.00.00.000.Z.miniseed
588,2026-06-17T14:18:12.442500,2026-06-17T07:18:12.442500,29,9,0.9038,-1.50,1,1,1,0.9978,0.1091,22.86,0.9822,1,453009664.2026.06.17.00.00.00.000.Z.miniseed
589,2026-06-17T14:18:20.955000,2026-06-17T07:18:20.955000,29,10,0.9049,-1.50,1,1,1,0.9967,0.3376,28.52,1.0082,1,453009664.2026.06.17.00.00.00.000.Z.miniseed
590,2026-06-17T14:18:29.604000,2026-06-17T07:18:29.604000,29,11,0.9173,-1.50,1,1,1,0.9969,0.2743,25.32,1.0055,1,453009664.2026.06.17.00.00.00.000.Z.miniseed
591,2026-06-17T14:18:38.152500,2026-06-17T07:18:38.152500,29,12,0.9225,-1.50,1,1,1,0.9957,0.3272,25.16,1.0024,1,453009664.2026.06.17.00.00.00.000.Z.miniseed
592,2026-06-17T14:18:47.055500,2026-06-17T07:18:47.055500,29,13,0.9194,-1.50,1,1,1,0.9981,0.3048,12.81,1.0045,1,453009664.2026.06.17.00.00.00.000.Z.miniseed
593,2026-06-17T14:18:55.604500,2026-06-17T07:18:55.604500,29,14,0.9133,-1.50,1,1,1,0.9918,0.2770,25.16,0.9965,1,453009664.2026.06.17.00.00.00.000.Z.miniseed
594,2026-06-17T14:19:04.005000,2026-06-17T07:19:04.005000,29,15,0.9123,-1.50,1,1,1,0.9951,0.1484,25.67,0.9739,1,453009664.2026.06.17.00.00.00.000.Z.miniseed
595,2026-06-17T14:19:12.588000,2026-06-17T07:19:12.588000,29,16,0.9287,-1.50,1,1,1,0.9958,0.3571,23.97,0.9634,1,453009664.2026.06.17.00.00.00.000.Z.miniseed
596,2026-06-17T14:19:21.246500,2026-06-17T07:19:21.246500,29,17,0.9127,-2.00,1,1,1,0.9950,0.2262,24.40,1.0095,1,453009664.2026.06.17.00.00.00.000.Z.miniseed
597,2026-06-17T14:19:30.055500,2026-06-17T07:19:30.055500,29,18,0.9099,-1.50,1,1,1,0.9964,0.1489,22.76,0.9872,1,453009664.2026.06.17.00.00.00.000.Z.miniseed
598,2026-06-17T14:19:39.221000,2026-06-17T07:19:39.221000,29,19,0.9210,-1.50,1,1,1,0.9966,0.2936,24.64,0.9727,1,453009664.2026.06.17.00.00.00.000.Z.miniseed
599,2026-06-17T14:45:57.163000,2026-06-17T07:45:57.163000,30,0,0.6430,-2.00,1,1,1,0.3390,0.1652,-2.25,0.7603,0,453009664.2026.06.17.00.00.00.000.Z.miniseed
600,2026-06-17T14:46:07.126500,2026-06-17T07:46:07.126500,30,1,0.8586,-125.50,1,1,1,0.4659,0.3136,1.09,1.0905,0,453009664.2026.06.17.00.00.00.000.Z.miniseed
601,2026-06-17T14:46:17.030500,2026-06-17T07:46:17.030500,30,2,0.8966,-1.50,1,1,1,0.5157,0.2013,2.89,1.0215,0,453009664.2026.06.17.00.00.00.000.Z.miniseed
602,2026-06-17T14:46:26.693500,2026-06-17T07:46:26.693500,30,3,0.9288,-1.50,1,1,1,0.4559,0.3420,-0.88,0.9785,0,453009664.2026.06.17.00.00.00.000.Z.miniseed
603,2026-06-17T14:46:36.222000,2026-06-17T07:46:36.222000,30,4,0.9440,-2.00,1,1,1,0.6255,0.3604,2.64,1.6403,0,453009664.2026.06.17.00.00.00.000.Z.miniseed
604,2026-06-17T14:46:45.920500,2026-06-17T07:46:45.920500,30,5,0.9235,-1.00,1,1,1,0.1746,0.0439,2.67,1.9083,0,453009664.2026.06.17.00.00.00.000.Z.miniseed
605,2026-06-17T14:46:55.526500,2026-06-17T07:46:55.526500,30,6,0.9336,-1.00,1,1,1,0.4238,0.1407,-1.74,0.9266,0,453009664.2026.06.17.00.00.00.000.Z.miniseed
606,2026-06-17T14:47:05.166500,2026-06-17T07:47:05.166500,30,7,0.9397,-1.00,1,1,1,0.5764,0.1502,0.08,0.8164,0,453009664.2026.06.17.00.00.00.000.Z.miniseed
607,2026-06-17T14:47:15.035500,2026-06-17T07:47:15.035500,30,8,0.9276,-1.50,1,1,1,0.7043,0.2402,1.10,0.8139,0,453009664.2026.06.17.00.00.00.000.Z.miniseed
608,2026-06-17T14:47:25.159000,2026-06-17T07:47:25.159000,30,9,0.9335,-1.50,1,1,1,0.5400,0.0925,4.88,1.1486,0,453009664.2026.06.17.00.00.00.000.Z.miniseed
609,2026-06-17T14:47:35.080500,2026-06-17T07:47:35.080500,30,10,0.9344,-1.00,1,1,1,0.6931,0.2575,5.91,1.0945,0,453009664.2026.06.17.00.00.00.000.Z.miniseed
610,2026-06-17T14:47:44.727500,2026-06-17T07:47:44.727500,30,11,0.9292,-1.50,1,1,1,0.4073,0.5651,1.25,1.6644,0,453009664.2026.06.17.00.00.00.000.Z.miniseed
611,2026-06-17T14:47:54.417000,2026-06-17T07:47:54.417000,30,12,0.9295,-1.50,1,1,1,0.4202,0.2694,-1.19,1.1652,0,453009664.2026.06.17.00.00.00.000.Z.miniseed
612,2026-06-17T14:48:04.137500,2026-06-17T07:48:04.137500,30,13,0.9305,-1.00,1,1,1,0.8496,0.2798,5.19,1.2268,0,453009664.2026.06.17.00.00.00.000.Z.miniseed
613,2026-06-17T14:48:13.790000,2026-06-17T07:48:13.790000,30,14,0.9223,-1.50,1,1,1,0.5630,0.3515,3.73,0.7922,0,453009664.2026.06.17.00.00.00.000.Z.miniseed
614,2026-06-17T14:48:23.568500,2026-06-17T07:48:23.568500,30,15,0.9173,-1.50,1,1,1,0.8384,0.1959,4.93,1.2171,0,453009664.2026.06.17.00.00.00.000.Z.miniseed
615,2026-06-17T14:48:33.050000,2026-06-17T07:48:33.050000,30,16,0.9215,-1.00,1,1,1,0.6791,0.2079,3.12,0.9064,0,453009664.2026.06.17.00.00.00.000.Z.miniseed
616,2026-06-17T14:48:42.718500,2026-06-17T07:48:42.718500,30,17,0.9271,-1.00,1,1,1,0.7805,0.1707,1.50,0.8882,0,453009664.2026.06.17.00.00.00.000.Z.miniseed
617,2026-06-17T14:48:52.427000,2026-06-17T07:48:52.427000,30,18,0.9162,-1.50,1,1,1,0.6898,0.4171,-0.22,0.9767,0,453009664.2026.06.17.00.00.00.000.Z.miniseed
618,2026-06-17T14:49:02.380500,2026-06-17T07:49:02.380500,30,19,0.9212,-1.00,1,1,1,0.5943,0.6257,1.89,0.8754,0,453009664.2026.06.17.00.00.00.000.Z.miniseed
619,2026-06-17T15:16:20.681500,2026-06-17T08:16:20.681500,31,0,0.9091,-1.00,1,1,1,0.3984,0.3259,2.23,1.5267,0,453009664.2026.06.17.00.00.00.000.Z.miniseed
620,2026-06-17T15:16:30.049500,2026-06-17T08:16:30.049500,31,1,0.9238,-1.50,1,1,1,0.4225,0.3265,5.75,1.3666,0,453009664.2026.06.17.00.00.00.000.Z.miniseed
621,2026-06-17T15:16:39.562500,2026-06-17T08:16:39.562500,31,2,0.9171,-1.00,1,1,1,0.7431,0.3086,5.78,1.0619,0,453009664.2026.06.17.00.00.00.000.Z.miniseed
622,2026-06-17T15:16:48.528000,2026-06-17T08:16:48.528000,31,3,0.9061,-1.00,1,1,1,0.7609,0.4100,9.91,1.0267,0,453009664.2026.06.17.00.00.00.000.Z.miniseed
623,2026-06-17T15:16:57.848000,2026-06-17T08:16:57.848000,31,4,0.9073,-1.50,1,1,1,0.8021,0.0837,6.53,1.0139,0,453009664.2026.06.17.00.00.00.000.Z.miniseed
624,2026-06-17T15:17:07.263000,2026-06-17T08:17:07.263000,31,5,0.9094,-1.50,1,1,1,0.8160,0.4502,6.65,0.8701,0,453009664.2026.06.17.00.00.00.000.Z.miniseed
625,2026-06-17T15:17:16.174000,2026-06-17T08:17:16.174000,31,6,0.9074,-1.50,1,1,1,0.9697,0.0853,27.76,0.8577,1,453009664.2026.06.17.00.00.00.000.Z.miniseed
626,2026-06-17T15:17:24.742500,2026-06-17T08:17:24.742500,31,7,0.9079,-1.50,1,1,1,0.5324,0.3670,0.10,2.0305,0,453009664.2026.06.17.00.00.00.000.Z.miniseed
627,2026-06-17T15:17:33.912000,2026-06-17T08:17:33.912000,31,8,0.9132,-1.50,1,1,1,0.8080,0.2713,5.17,0.8494,0,453009664.2026.06.17.00.00.00.000.Z.miniseed
628,2026-06-17T15:17:42.753500,2026-06-17T08:17:42.753500,31,9,0.9064,-1.00,1,1,1,0.9580,0.1546,6.98,0.8003,0,453009664.2026.06.17.00.00.00.000.Z.miniseed
629,2026-06-17T15:17:51.898500,2026-06-17T08:17:51.898500,31,10,0.9119,-1.50,1,1,1,0.8242,0.3714,6.39,0.8718,0,453009664.2026.06.17.00.00.00.000.Z.miniseed
630,2026-06-17T15:18:00.941000,2026-06-17T08:18:00.941000,31,11,0.9111,-1.50,1,1,1,0.8111,0.2585,5.22,0.8455,0,453009664.2026.06.17.00.00.00.000.Z.miniseed
631,2026-06-17T15:18:09.916500,2026-06-17T08:18:09.916500,31,12,0.9095,-1.50,1,1,1,0.8182,0.3480,3.72,1.0003,0,453009664.2026.06.17.00.00.00.000.Z.miniseed
632,2026-06-17T15:18:18.649000,2026-06-17T08:18:18.649000,31,13,0.9104,-1.50,1,1,1,0.8601,0.3138,11.25,1.1296,0,453009664.2026.06.17.00.00.00.000.Z.miniseed
633,2026-06-17T15:18:27.560500,2026-06-17T08:18:27.560500,31,14,0.9008,-1.50,1,1,1,0.9262,0.2199,7.26,0.8955,0,453009664.2026.06.17.00.00.00.000.Z.miniseed
634,2026-06-17T15:18:36.446000,2026-06-17T08:18:36.446000,31,15,0.9057,-1.50,1,1,1,0.8161,0.4541,2.16,0.9997,0,453009664.2026.06.17.00.00.00.000.Z.miniseed
635,2026-06-17T15:18:45.282500,2026-06-17T08:18:45.282500,31,16,0.9133,-1.50,1,1,1,0.7805,0.4792,1.97,1.2806,0,453009664.2026.06.17.00.00.00.000.Z.miniseed
636,2026-06-17T15:18:54.561000,2026-06-17T08:18:54.561000,31,17,0.9133,-1.50,1,1,1,0.9706,0.4376,24.16,0.8507,1,453009664.2026.06.17.00.00.00.000.Z.miniseed
637,2026-06-17T15:19:03.503000,2026-06-17T08:19:03.503000,31,18,0.9106,-1.50,1,1,1,0.8551,0.1502,5.40,1.0643,0,453009664.2026.06.17.00.00.00.000.Z.miniseed
638,2026-06-17T15:19:12.369500,2026-06-17T08:19:12.369500,31,19,0.9012,-1.50,1,1,1,0.8940,0.1720,8.21,0.7948,0,453009664.2026.06.17.00.00.00.000.Z.miniseed
639,2026-06-17T15:47:02.306000,2026-06-17T08:47:02.306000,32,0,0.9066,-1.00,1,1,1,0.8951,0.3046,20.00,0.4742,0,453009664.2026.06.17.00.00.00.000.Z.miniseed
640,2026-06-17T15:47:12.137500,2026-06-17T08:47:12.137500,32,1,0.8958,-1.00,1,1,1,0.6580,0.4832,3.85,0.8062,0,453009664.2026.06.17.00.00.00.000.Z.miniseed
641,2026-06-17T15:47:21.959000,2026-06-17T08:47:21.959000,32,2,0.8897,-1.00,1,1,1,0.2805,0.4328,-3.01,0.9635,0,453009664.2026.06.17.00.00.00.000.Z.miniseed
642,2026-06-17T15:47:31.653000,2026-06-17T08:47:31.653000,32,3,0.8876,-1.00,1,1,1,0.2471,0.3449,-1.34,1.1761,0,453009664.2026.06.17.00.00.00.000.Z.miniseed
643,2026-06-17T15:47:41.445500,2026-06-17T08:47:41.445500,32,4,0.8921,-1.50,1,1,1,0.2580,0.2339,2.29,1.1945,0,453009664.2026.06.17.00.00.00.000.Z.miniseed
644,2026-06-17T15:47:51.659000,2026-06-17T08:47:51.659000,32,5,0.8891,-1.00,1,1,1,0.3083,0.2356,3.46,1.2136,0,453009664.2026.06.17.00.00.00.000.Z.miniseed
645,2026-06-17T15:48:01.230000,2026-06-17T08:48:01.230000,32,6,0.8729,-1.50,1,1,1,0.6336,0.6255,1.09,0.8972,0,453009664.2026.06.17.00.00.00.000.Z.miniseed
646,2026-06-17T15:48:10.592500,2026-06-17T08:48:10.592500,32,7,0.8962,-1.00,1,1,1,0.3355,0.2825,-0.32,0.9249,0,453009664.2026.06.17.00.00.00.000.Z.miniseed
647,2026-06-17T15:48:20.104500,2026-06-17T08:48:20.104500,32,8,0.8818,-1.50,1,1,1,0.2303,0.4891,2.40,0.9238,0,453009664.2026.06.17.00.00.00.000.Z.miniseed
648,2026-06-17T15:48:29.625500,2026-06-17T08:48:29.625500,32,9,0.8872,-1.50,1,1,1,0.4503,0.2700,1.56,1.0593,0,453009664.2026.06.17.00.00.00.000.Z.miniseed
649,2026-06-17T15:48:39.346000,2026-06-17T08:48:39.346000,32,10,0.8849,-1.50,1,1,1,0.1088,0.2801,5.05,1.3177,0,453009664.2026.06.17.00.00.00.000.Z.miniseed
650,2026-06-17T15:48:48.961000,2026-06-17T08:48:48.961000,32,11,0.8829,-1.50,1,1,1,0.4103,0.2098,-0.40,0.8216,0,453009664.2026.06.17.00.00.00.000.Z.miniseed
651,2026-06-17T15:48:58.585000,2026-06-17T08:48:58.585000,32,12,0.8940,-1.50,1,1,1,0.2171,0.5219,-2.01,0.9670,0,453009664.2026.06.17.00.00.00.000.Z.miniseed
652,2026-06-17T15:49:08.363000,2026-06-17T08:49:08.363000,32,13,0.8883,-1.00,1,1,1,0.1413,0.3359,-1.45,0.7213,0,453009664.2026.06.17.00.00.00.000.Z.miniseed
653,2026-06-17T15:49:17.886000,2026-06-17T08:49:17.886000,32,14,0.8897,-1.50,1,1,1,0.2510,0.3751,-1.13,0.7469,0,453009664.2026.06.17.00.00.00.000.Z.miniseed
654,2026-06-17T15:49:27.580500,2026-06-17T08:49:27.580500,32,15,0.8951,-1.00,1,1,1,0.4561,0.3949,-1.63,1.0330,0,453009664.2026.06.17.00.00.00.000.Z.miniseed
655,2026-06-17T15:49:37.205000,2026-06-17T08:49:37.205000,32,16,0.8960,-1.50,1,1,1,0.3405,0.1650,-1.69,1.0428,0,453009664.2026.06.17.00.00.00.000.Z.miniseed
656,2026-06-17T15:49:46.741500,2026-06-17T08:49:46.741500,32,17,0.8779,-1.00,1,1,1,0.6486,0.1239,4.07,1.3014,0,453009664.2026.06.17.00.00.00.000.Z.miniseed
657,2026-06-17T15:49:56.702000,2026-06-17T08:49:56.702000,32,18,0.8856,-1.50,1,1,1,0.3659,0.2662,2.98,1.9343,0,453009664.2026.06.17.00.00.00.000.Z.miniseed
658,2026-06-17T15:50:06.344000,2026-06-17T08:50:06.344000,32,19,0.8890,-1.50,1,1,1,0.3516,0.1851,-1.88,1.2306,0,453009664.2026.06.17.00.00.00.000.Z.miniseed
659,2026-06-17T16:16:07.245500,2026-06-17T09:16:07.245500,33,0,0.6092,-1.50,1,1,1,0.3551,0.4030,-2.94,1.6442,0,453009664.2026.06.17.00.00.00.000.Z.miniseed
660,2026-06-17T16:16:16.580500,2026-06-17T09:16:16.580500,33,1,0.7955,-2.00,1,1,1,0.4978,0.1965,-0.97,1.2778,0,453009664.2026.06.17.00.00.00.000.Z.miniseed
661,2026-06-17T16:16:25.708000,2026-06-17T09:16:25.708000,33,2,0.8838,-118.50,1,1,1,0.6510,0.3956,1.94,0.9924,0,453009664.2026.06.17.00.00.00.000.Z.miniseed
662,2026-06-17T16:16:34.763000,2026-06-17T09:16:34.763000,33,3,0.9077,-0.50,1,1,1,0.6113,0.2993,5.23,1.5485,0,453009664.2026.06.17.00.00.00.000.Z.miniseed
663,2026-06-17T16:16:43.826000,2026-06-17T09:16:43.826000,33,4,0.9394,-0.50,1,1,1,0.5757,0.1360,2.47,1.4127,0,453009664.2026.06.17.00.00.00.000.Z.miniseed
664,2026-06-17T16:16:52.765000,2026-06-17T09:16:52.765000,33,5,0.9466,+0.00,1,1,1,0.3236,0.4231,0.47,2.2840,0,453009664.2026.06.17.00.00.00.000.Z.miniseed
665,2026-06-17T16:17:01.704500,2026-06-17T09:17:01.704500,33,6,0.9440,+0.00,1,1,1,0.9611,0.3798,15.79,1.0046,1,453009664.2026.06.17.00.00.00.000.Z.miniseed
666,2026-06-17T16:17:10.595000,2026-06-17T09:17:10.595000,33,7,0.9486,+0.00,1,1,1,0.9791,0.1911,25.34,0.9707,1,453009664.2026.06.17.00.00.00.000.Z.miniseed
667,2026-06-17T16:17:19.621500,2026-06-17T09:17:19.621500,33,8,0.9430,+0.00,1,1,1,0.9829,0.2734,23.96,0.9878,1,453009664.2026.06.17.00.00.00.000.Z.miniseed
668,2026-06-17T16:17:28.448500,2026-06-17T09:17:28.448500,33,9,0.9370,+0.00,1,1,1,0.8538,0.4539,7.19,1.2884,0,453009664.2026.06.17.00.00.00.000.Z.miniseed
669,2026-06-17T16:17:37.673500,2026-06-17T09:17:37.673500,33,10,0.9257,+0.00,1,1,1,0.9852,0.3588,15.88,0.9898,1,453009664.2026.06.17.00.00.00.000.Z.miniseed
670,2026-06-17T16:17:46.968000,2026-06-17T09:17:46.968000,33,11,0.9364,+0.00,1,1,1,0.8004,0.4405,9.07,1.2177,0,453009664.2026.06.17.00.00.00.000.Z.miniseed
671,2026-06-17T16:17:55.881500,2026-06-17T09:17:55.881500,33,12,0.9255,-0.50,1,1,1,0.8173,0.2972,3.45,0.8713,0,453009664.2026.06.17.00.00.00.000.Z.miniseed
672,2026-06-17T16:18:05.004500,2026-06-17T09:18:05.004500,33,13,0.9252,-0.50,1,1,1,0.9795,0.1528,26.35,0.9954,1,453009664.2026.06.17.00.00.00.000.Z.miniseed
673,2026-06-17T16:18:13.917500,2026-06-17T09:18:13.917500,33,14,0.9330,+0.00,1,1,1,0.9748,0.4710,24.74,0.9858,1,453009664.2026.06.17.00.00.00.000.Z.miniseed
674,2026-06-17T16:18:23.048000,2026-06-17T09:18:23.048000,33,15,0.9232,+0.00,1,1,1,0.7960,0.1178,2.66,1.1621,0,453009664.2026.06.17.00.00.00.000.Z.miniseed
675,2026-06-17T16:18:31.801000,2026-06-17T09:18:31.801000,33,16,0.9253,-0.50,1,1,1,0.9743,0.4444,24.92,0.9701,1,453009664.2026.06.17.00.00.00.000.Z.miniseed
676,2026-06-17T16:18:41.066500,2026-06-17T09:18:41.066500,33,17,0.9288,+0.00,1,1,1,0.9816,0.0846,27.21,0.9761,1,453009664.2026.06.17.00.00.00.000.Z.miniseed
677,2026-06-17T16:18:50.300500,2026-06-17T09:18:50.300500,33,18,0.9244,+0.00,1,1,1,0.6074,0.2469,1.66,1.1373,0,453009664.2026.06.17.00.00.00.000.Z.miniseed
678,2026-06-17T16:18:59.144500,2026-06-17T09:18:59.144500,33,19,0.9204,+0.00,1,1,1,0.9810,0.3907,25.80,0.9922,1,453009664.2026.06.17.00.00.00.000.Z.miniseed
679,2026-06-17T16:47:04.074500,2026-06-17T09:47:04.074500,34,0,0.9169,-1.00,1,1,1,0.8108,0.1907,6.27,1.1963,0,453009664.2026.06.17.00.00.00.000.Z.miniseed
680,2026-06-17T16:47:14.151500,2026-06-17T09:47:14.151500,34,1,0.9101,-0.50,1,1,1,0.9618,0.3941,10.77,0.9525,1,453009664.2026.06.17.00.00.00.000.Z.miniseed
681,2026-06-17T16:47:24.095500,2026-06-17T09:47:24.095500,34,2,0.9094,-0.50,1,1,1,0.5894,0.2775,-1.02,1.9135,0,453009664.2026.06.17.00.00.00.000.Z.miniseed
682,2026-06-17T16:47:33.992500,2026-06-17T09:47:33.992500,34,3,0.9100,-0.50,1,1,1,0.9485,0.3573,13.93,1.0081,1,453009664.2026.06.17.00.00.00.000.Z.miniseed
683,2026-06-17T16:47:44.048000,2026-06-17T09:47:44.048000,34,4,0.9128,-0.50,1,1,1,0.9723,0.1938,8.79,0.9626,0,453009664.2026.06.17.00.00.00.000.Z.miniseed
684,2026-06-17T16:47:53.687000,2026-06-17T09:47:53.687000,34,5,0.9003,-0.50,1,1,1,0.8669,0.2523,9.40,1.1803,0,453009664.2026.06.17.00.00.00.000.Z.miniseed
685,2026-06-17T16:48:03.564000,2026-06-17T09:48:03.564000,34,6,0.9048,-0.50,1,1,1,0.6883,0.4824,0.88,1.8209,0,453009664.2026.06.17.00.00.00.000.Z.miniseed
686,2026-06-17T16:48:13.560000,2026-06-17T09:48:13.560000,34,7,0.9124,-0.50,1,1,1,0.8674,0.3157,4.51,1.0366,0,453009664.2026.06.17.00.00.00.000.Z.miniseed
687,2026-06-17T16:48:23.549000,2026-06-17T09:48:23.549000,34,8,0.9138,-0.50,1,1,1,0.8971,0.1323,4.32,1.0322,0,453009664.2026.06.17.00.00.00.000.Z.miniseed
688,2026-06-17T16:48:33.232500,2026-06-17T09:48:33.232500,34,9,0.9029,-0.50,1,1,1,0.9386,0.2060,7.54,1.0490,0,453009664.2026.06.17.00.00.00.000.Z.miniseed
689,2026-06-17T16:48:42.922500,2026-06-17T09:48:42.922500,34,10,0.8975,-1.00,1,1,1,0.8924,0.3934,3.31,0.9717,0,453009664.2026.06.17.00.00.00.000.Z.miniseed
690,2026-06-17T16:48:52.756000,2026-06-17T09:48:52.756000,34,11,0.8996,-0.50,1,1,1,0.9069,0.4146,10.26,1.0000,1,453009664.2026.06.17.00.00.00.000.Z.miniseed
691,2026-06-17T16:49:02.573500,2026-06-17T09:49:02.573500,34,12,0.8979,-0.50,1,1,1,0.9142,0.3611,6.33,0.9034,0,453009664.2026.06.17.00.00.00.000.Z.miniseed
692,2026-06-17T16:49:12.142500,2026-06-17T09:49:12.142500,34,13,0.8996,-0.50,1,1,1,0.9862,0.1924,9.25,0.9692,0,453009664.2026.06.17.00.00.00.000.Z.miniseed
693,2026-06-17T16:49:21.709500,2026-06-17T09:49:21.709500,34,14,0.8949,-0.50,1,1,1,0.9789,0.0889,12.88,1.0036,1,453009664.2026.06.17.00.00.00.000.Z.miniseed
694,2026-06-17T16:49:31.596500,2026-06-17T09:49:31.596500,34,15,0.8977,-0.50,1,1,1,0.9555,0.3544,12.64,0.9834,1,453009664.2026.06.17.00.00.00.000.Z.miniseed
695,2026-06-17T16:49:41.369500,2026-06-17T09:49:41.369500,34,16,0.9033,-0.50,1,1,1,0.9413,0.4211,9.22,1.0585,0,453009664.2026.06.17.00.00.00.000.Z.miniseed
696,2026-06-17T16:49:53.196500,2026-06-17T09:49:53.196500,34,17,0.9086,-0.50,1,1,1,0.9647,0.1846,14.61,0.9872,1,453009664.2026.06.17.00.00.00.000.Z.miniseed
697,2026-06-17T16:50:02.604000,2026-06-17T09:50:02.604000,34,18,0.9041,-0.50,1,1,1,0.9866,0.2862,26.98,0.9827,1,453009664.2026.06.17.00.00.00.000.Z.miniseed
698,2026-06-17T16:50:12.373000,2026-06-17T09:50:12.373000,34,19,0.9031,+0.00,1,1,1,0.9848,0.6015,11.02,0.9982,1,453009664.2026.06.17.00.00.00.000.Z.miniseed
699,2026-06-17T16:50:22.099000,2026-06-17T09:50:22.099000,34,20,0.9010,+0.00,1,1,1,0.9845,0.1286,25.17,0.9992,1,453009664.2026.06.17.00.00.00.000.Z.miniseed
700,2026-06-17T17:16:28.127000,2026-06-17T10:16:28.127000,35,0,0.6209,-2.00,1,1,1,0.2708,0.3092,-0.24,1.7437,0,453009664.2026.06.17.00.00.00.000.Z.miniseed
701,2026-06-17T17:16:38.277000,2026-06-17T10:16:38.277000,35,1,0.7950,-1.50,1,1,1,0.8436,0.2396,1.51,1.1818,0,453009664.2026.06.17.00.00.00.000.Z.miniseed
702,2026-06-17T17:16:48.240500,2026-06-17T10:16:48.240500,35,2,0.8609,-2.00,1,1,1,0.3598,0.3925,3.19,1.5006,0,453009664.2026.06.17.00.00.00.000.Z.miniseed
703,2026-06-17T17:16:58.629000,2026-06-17T10:16:58.629000,35,3,0.9027,-113.50,1,1,1,0.9825,0.2415,25.06,0.9382,1,453009664.2026.06.17.00.00.00.000.Z.miniseed
704,2026-06-17T17:17:08.439000,2026-06-17T10:17:08.439000,35,4,0.9075,-1.00,1,1,1,0.9897,0.3487,25.45,0.9325,1,453009664.2026.06.17.00.00.00.000.Z.miniseed
705,2026-06-17T17:17:17.885000,2026-06-17T10:17:17.885000,35,5,0.9217,-1.00,1,1,1,0.9911,0.1635,24.43,0.9710,1,453009664.2026.06.17.00.00.00.000.Z.miniseed
706,2026-06-17T17:17:27.658500,2026-06-17T10:17:27.658500,35,6,0.9253,-1.00,1,1,1,0.9601,0.2932,21.68,0.9982,1,453009664.2026.06.17.00.00.00.000.Z.miniseed
707,2026-06-17T17:17:39.759000,2026-06-17T10:17:39.759000,35,7,0.9246,-1.00,1,1,1,0.9830,0.4596,22.92,0.9147,1,453009664.2026.06.17.00.00.00.000.Z.miniseed
708,2026-06-17T17:17:49.581000,2026-06-17T10:17:49.581000,35,8,0.9317,-0.50,1,1,1,0.9892,0.0859,24.83,0.9872,1,453009664.2026.06.17.00.00.00.000.Z.miniseed
709,2026-06-17T17:17:59.028500,2026-06-17T10:17:59.028500,35,9,0.9332,-0.50,1,1,1,0.9768,0.3021,25.17,0.9742,1,453009664.2026.06.17.00.00.00.000.Z.miniseed
710,2026-06-17T17:18:08.669000,2026-06-17T10:18:08.669000,35,10,0.9198,-0.50,1,1,1,0.9470,0.3100,11.59,1.0069,1,453009664.2026.06.17.00.00.00.000.Z.miniseed
711,2026-06-17T17:18:18.358000,2026-06-17T10:18:18.358000,35,11,0.9236,-0.50,1,1,1,0.9637,0.2589,15.83,0.9864,1,453009664.2026.06.17.00.00.00.000.Z.miniseed
712,2026-06-17T17:18:28.426500,2026-06-17T10:18:28.426500,35,12,0.9197,-0.50,1,1,1,0.9902,0.5164,22.91,0.9692,1,453009664.2026.06.17.00.00.00.000.Z.miniseed
713,2026-06-17T17:18:38.127000,2026-06-17T10:18:38.127000,35,13,0.9218,-0.50,1,1,1,0.9753,0.3917,14.41,0.9935,1,453009664.2026.06.17.00.00.00.000.Z.miniseed
714,2026-06-17T17:18:47.846500,2026-06-17T10:18:47.846500,35,14,0.9226,+0.00,1,1,1,0.8661,0.4898,11.27,1.0670,0,453009664.2026.06.17.00.00.00.000.Z.miniseed
715,2026-06-17T17:18:57.625500,2026-06-17T10:18:57.625500,35,15,0.9212,-0.50,1,1,1,0.9871,0.2167,26.64,1.0067,1,453009664.2026.06.17.00.00.00.000.Z.miniseed
716,2026-06-17T17:19:07.036500,2026-06-17T10:19:07.036500,35,16,0.9176,+0.00,1,1,1,0.9814,0.2584,25.51,1.0018,1,453009664.2026.06.17.00.00.00.000.Z.miniseed
717,2026-06-17T17:19:16.900000,2026-06-17T10:19:16.900000,35,17,0.9111,+0.00,1,1,1,0.9689,0.1547,26.91,1.0122,1,453009664.2026.06.17.00.00.00.000.Z.miniseed
718,2026-06-17T17:19:26.592500,2026-06-17T10:19:26.592500,35,18,0.8948,-0.50,1,1,1,0.9822,0.3248,15.70,1.0047,1,453009664.2026.06.17.00.00.00.000.Z.miniseed
719,2026-06-17T17:19:36.476000,2026-06-17T10:19:36.476000,35,19,0.9018,-0.50,1,1,1,0.9823,0.3446,15.34,1.0222,1,453009664.2026.06.17.00.00.00.000.Z.miniseed
720,2026-06-17T17:47:37.450500,2026-06-17T10:47:37.450500,36,0,0.8955,-1.00,1,1,1,0.6136,0.4310,-1.45,1.7693,0,453009664.2026.06.17.00.00.00.000.Z.miniseed
721,2026-06-17T17:47:47.303500,2026-06-17T10:47:47.303500,36,1,0.8788,-1.00,1,1,1,0.6879,0.2856,-0.76,1.3670,0,453009664.2026.06.17.00.00.00.000.Z.miniseed
722,2026-06-17T17:47:57.063000,2026-06-17T10:47:57.063000,36,2,0.8877,-1.00,1,1,1,0.9553,0.1265,24.47,0.8983,1,453009664.2026.06.17.00.00.00.000.Z.miniseed
723,2026-06-17T17:48:06.611500,2026-06-17T10:48:06.611500,36,3,0.8970,-1.00,1,1,1,0.9493,0.3460,18.70,0.9069,1,453009664.2026.06.17.00.00.00.000.Z.miniseed
724,2026-06-17T17:48:16.218000,2026-06-17T10:48:16.218000,36,4,0.8903,-1.00,1,1,1,0.9342,0.1951,16.10,0.9063,1,453009664.2026.06.17.00.00.00.000.Z.miniseed
725,2026-06-17T17:48:25.746500,2026-06-17T10:48:25.746500,36,5,0.8936,-1.00,1,1,1,0.5758,0.2012,7.15,0.9877,0,453009664.2026.06.17.00.00.00.000.Z.miniseed
726,2026-06-17T17:48:35.176500,2026-06-17T10:48:35.176500,36,6,0.8835,-1.00,1,1,1,0.4514,0.3174,-1.46,1.5890,0,453009664.2026.06.17.00.00.00.000.Z.miniseed
727,2026-06-17T17:48:44.713500,2026-06-17T10:48:44.713500,36,7,0.8996,-1.00,1,1,1,0.6201,0.5841,4.98,2.3315,0,453009664.2026.06.17.00.00.00.000.Z.miniseed
728,2026-06-17T17:48:54.234000,2026-06-17T10:48:54.234000,36,8,0.8853,-1.00,1,1,1,0.3920,0.4920,0.20,1.7737,0,453009664.2026.06.17.00.00.00.000.Z.miniseed
729,2026-06-17T17:49:03.814000,2026-06-17T10:49:03.814000,36,9,0.8932,-1.00,1,1,1,0.2911,0.2585,2.64,2.2281,0,453009664.2026.06.17.00.00.00.000.Z.miniseed
730,2026-06-17T17:49:13.464000,2026-06-17T10:49:13.464000,36,10,0.8641,-1.00,1,1,1,0.9562,0.1232,26.35,0.9020,1,453009664.2026.06.17.00.00.00.000.Z.miniseed
731,2026-06-17T17:49:22.932000,2026-06-17T10:49:22.932000,36,11,0.8830,-1.00,1,1,1,0.7714,0.2604,5.36,0.9673,0,453009664.2026.06.17.00.00.00.000.Z.miniseed
732,2026-06-17T17:49:32.528000,2026-06-17T10:49:32.528000,36,12,0.8723,-1.00,1,1,1,0.6590,0.3133,0.28,2.0268,0,453009664.2026.06.17.00.00.00.000.Z.miniseed
733,2026-06-17T17:49:42.270500,2026-06-17T10:49:42.270500,36,13,0.8858,-1.50,1,1,1,0.3483,0.2655,-2.06,2.0272,0,453009664.2026.06.17.00.00.00.000.Z.miniseed
734,2026-06-17T17:49:51.603000,2026-06-17T10:49:51.603000,36,14,0.8628,-1.00,1,1,1,0.4022,0.5554,-0.61,1.7636,0,453009664.2026.06.17.00.00.00.000.Z.miniseed
735,2026-06-17T17:50:01.791000,2026-06-17T10:50:01.791000,36,15,0.8683,-1.00,1,1,1,0.5099,0.5257,0.92,1.8699,0,453009664.2026.06.17.00.00.00.000.Z.miniseed
736,2026-06-17T17:50:11.132000,2026-06-17T10:50:11.132000,36,16,0.9005,-1.50,1,1,1,0.8666,0.4479,5.16,1.0000,0,453009664.2026.06.17.00.00.00.000.Z.miniseed
737,2026-06-17T17:50:20.451500,2026-06-17T10:50:20.451500,36,17,0.8846,-1.50,1,1,1,0.9486,0.3810,12.28,0.9111,1,453009664.2026.06.17.00.00.00.000.Z.miniseed
738,2026-06-17T17:50:30.175500,2026-06-17T10:50:30.175500,36,18,0.8484,-1.50,1,1,1,0.9553,0.4192,25.98,0.9078,1,453009664.2026.06.17.00.00.00.000.Z.miniseed
739,2026-06-17T17:50:39.642500,2026-06-17T10:50:39.642500,36,19,0.8696,-1.50,1,1,1,0.9360,0.4614,13.06,0.9227,1,453009664.2026.06.17.00.00.00.000.Z.miniseed
740,2026-06-17T17:50:49.073000,2026-06-17T10:50:49.073000,36,20,0.8915,-1.50,1,1,1,0.9200,0.2425,10.27,0.9264,1,453009664.2026.06.17.00.00.00.000.Z.miniseed
741,2026-06-17T18:16:22.858000,2026-06-17T11:16:22.858000,37,0,0.5990,-2.00,1,1,1,0.7243,0.3337,4.41,0.4117,0,453009664.2026.06.17.00.00.00.000.Z.miniseed
742,2026-06-17T18:16:31.380000,2026-06-17T11:16:31.380000,37,1,0.7017,-3.50,1,1,1,0.5236,0.3621,-0.19,0.7523,0,453009664.2026.06.17.00.00.00.000.Z.miniseed
743,2026-06-17T18:16:39.866000,2026-06-17T11:16:39.866000,37,2,0.7964,-120.50,1,1,1,0.9360,0.4597,9.11,0.7399,0,453009664.2026.06.17.00.00.00.000.Z.miniseed
744,2026-06-17T18:16:48.407500,2026-06-17T11:16:48.407500,37,3,0.8482,-1.50,1,1,1,0.6304,0.1551,4.28,1.3600,0,453009664.2026.06.17.00.00.00.000.Z.miniseed
745,2026-06-17T18:16:56.991000,2026-06-17T11:16:56.991000,37,4,0.8852,-1.50,1,1,1,0.6243,0.2221,3.78,1.2690,0,453009664.2026.06.17.00.00.00.000.Z.miniseed
746,2026-06-17T18:17:05.379500,2026-06-17T11:17:05.379500,37,5,0.9102,-0.50,1,1,1,0.6053,0.3799,5.49,1.6741,0,453009664.2026.06.17.00.00.00.000.Z.miniseed
747,2026-06-17T18:17:13.998000,2026-06-17T11:17:13.998000,37,6,0.9106,-1.00,1,1,1,0.4999,0.1634,1.20,1.8620,0,453009664.2026.06.17.00.00.00.000.Z.miniseed
748,2026-06-17T18:17:22.833500,2026-06-17T11:17:22.833500,37,7,0.9216,-0.50,1,1,1,0.2033,0.2709,1.44,1.4532,0,453009664.2026.06.17.00.00.00.000.Z.miniseed
749,2026-06-17T18:17:31.413000,2026-06-17T11:17:31.413000,37,8,0.9280,-0.50,1,1,1,0.3674,0.0803,-2.50,0.9147,0,453009664.2026.06.17.00.00.00.000.Z.miniseed
750,2026-06-17T18:17:39.801500,2026-06-17T11:17:39.801500,37,9,0.9275,-0.50,1,1,1,0.7389,0.2696,6.33,1.4618,0,453009664.2026.06.17.00.00.00.000.Z.miniseed
751,2026-06-17T18:17:49.377500,2026-06-17T11:17:49.377500,37,10,0.9253,-0.50,1,1,1,0.6316,0.2268,2.82,1.3321,0,453009664.2026.06.17.00.00.00.000.Z.miniseed
752,2026-06-17T18:17:58.116000,2026-06-17T11:17:58.116000,37,11,0.9344,-1.00,1,1,1,0.2878,0.2174,0.75,1.9541,0,453009664.2026.06.17.00.00.00.000.Z.miniseed
753,2026-06-17T18:18:07.365500,2026-06-17T11:18:07.365500,37,12,0.9206,-1.00,1,1,1,0.8766,0.2804,4.54,0.7486,0,453009664.2026.06.17.00.00.00.000.Z.miniseed
754,2026-06-17T18:18:16.287500,2026-06-17T11:18:16.287500,37,13,0.9255,-1.00,1,1,1,0.7488,0.2578,-0.73,0.8189,0,453009664.2026.06.17.00.00.00.000.Z.miniseed
755,2026-06-17T18:18:25.012500,2026-06-17T11:18:25.012500,37,14,0.9246,-1.50,1,1,1,0.7083,0.4680,3.42,0.9183,0,453009664.2026.06.17.00.00.00.000.Z.miniseed
756,2026-06-17T18:18:33.699000,2026-06-17T11:18:33.699000,37,15,0.9297,-0.50,1,1,1,0.7564,0.3435,4.20,1.2442,0,453009664.2026.06.17.00.00.00.000.Z.miniseed
757,2026-06-17T18:18:42.302500,2026-06-17T11:18:42.302500,37,16,0.9271,-1.00,1,1,1,0.6976,0.3567,5.26,1.0141,0,453009664.2026.06.17.00.00.00.000.Z.miniseed
758,2026-06-17T18:18:50.743000,2026-06-17T11:18:50.743000,37,17,0.9226,-1.50,1,1,1,0.8297,0.2219,4.70,0.9859,0,453009664.2026.06.17.00.00.00.000.Z.miniseed
759,2026-06-17T18:18:59.622500,2026-06-17T11:18:59.622500,37,18,0.9193,-1.00,1,1,1,0.7407,0.1369,7.29,0.9053,0,453009664.2026.06.17.00.00.00.000.Z.miniseed
760,2026-06-17T18:19:08.672000,2026-06-17T11:19:08.672000,37,19,0.9195,-1.00,1,1,1,0.7586,0.1857,5.30,0.9456,0,453009664.2026.06.17.00.00.00.000.Z.miniseed
761,2026-06-17T18:46:12.717000,2026-06-17T11:46:12.717000,38,0,0.9090,-0.50,1,1,1,0.9924,0.3686,27.94,0.9458,1,453009664.2026.06.17.00.00.00.000.Z.miniseed
762,2026-06-17T18:46:22.324500,2026-06-17T11:46:22.324500,38,1,0.9191,+0.00,1,1,1,0.9959,0.2631,26.46,1.0089,1,453009664.2026.06.17.00.00.00.000.Z.miniseed
763,2026-06-17T18:46:31.035000,2026-06-17T11:46:31.035000,38,2,0.9136,+0.00,1,1,1,0.9839,0.3584,25.49,1.0183,1,453009664.2026.06.17.00.00.00.000.Z.miniseed
764,2026-06-17T18:46:39.877500,2026-06-17T11:46:39.877500,38,3,0.9150,+0.00,1,1,1,0.9949,0.2275,26.18,1.0000,1,453009664.2026.06.17.00.00.00.000.Z.miniseed
765,2026-06-17T18:46:48.608500,2026-06-17T11:46:48.608500,38,4,0.9107,+0.00,1,1,1,0.9939,0.4395,27.11,0.9982,1,453009664.2026.06.17.00.00.00.000.Z.miniseed
766,2026-06-17T18:46:57.318000,2026-06-17T11:46:57.318000,38,5,0.8993,+0.50,1,1,1,0.9918,0.2717,25.19,1.0039,1,453009664.2026.06.17.00.00.00.000.Z.miniseed
767,2026-06-17T18:47:06.227500,2026-06-17T11:47:06.227500,38,6,0.9046,+0.00,1,1,1,0.9961,0.0935,26.59,0.9898,1,453009664.2026.06.17.00.00.00.000.Z.miniseed
768,2026-06-17T18:47:15.141500,2026-06-17T11:47:15.141500,38,7,0.9037,+0.00,1,1,1,0.9960,0.1824,26.20,1.0173,1,453009664.2026.06.17.00.00.00.000.Z.miniseed
769,2026-06-17T18:47:24.117500,2026-06-17T11:47:24.117500,38,8,0.9076,+0.50,1,1,1,0.9951,0.1782,22.31,0.9998,1,453009664.2026.06.17.00.00.00.000.Z.miniseed
770,2026-06-17T18:47:34.224000,2026-06-17T11:47:34.224000,38,9,0.8890,+0.50,1,1,1,0.9958,0.4464,23.59,1.0179,1,453009664.2026.06.17.00.00.00.000.Z.miniseed
771,2026-06-17T18:47:43.296000,2026-06-17T11:47:43.296000,38,10,0.8986,+0.00,1,1,1,0.6640,0.2612,1.42,1.8737,0,453009664.2026.06.17.00.00.00.000.Z.miniseed
772,2026-06-17T18:47:52.097500,2026-06-17T11:47:52.097500,38,11,0.8916,+0.50,1,1,1,0.9951,0.2039,27.76,0.9914,1,453009664.2026.06.17.00.00.00.000.Z.miniseed
773,2026-06-17T18:48:00.951000,2026-06-17T11:48:00.951000,38,12,0.8879,+0.50,1,1,1,0.9929,0.2022,25.75,0.9897,1,453009664.2026.06.17.00.00.00.000.Z.miniseed
774,2026-06-17T18:48:09.496000,2026-06-17T11:48:09.496000,38,13,0.8900,+0.50,1,1,1,0.9925,0.3480,28.17,1.0115,1,453009664.2026.06.17.00.00.00.000.Z.miniseed
775,2026-06-17T18:48:18.190500,2026-06-17T11:48:18.190500,38,14,0.8859,+0.00,1,1,1,0.9955,0.6203,24.38,0.9695,1,453009664.2026.06.17.00.00.00.000.Z.miniseed
776,2026-06-17T18:48:27.016000,2026-06-17T11:48:27.016000,38,15,0.8746,+0.00,1,1,1,0.9930,0.2259,26.54,0.9945,1,453009664.2026.06.17.00.00.00.000.Z.miniseed
777,2026-06-17T18:48:35.858500,2026-06-17T11:48:35.858500,38,16,0.8784,+0.00,1,1,1,0.9030,0.3648,10.76,1.1143,1,453009664.2026.06.17.00.00.00.000.Z.miniseed
778,2026-06-17T18:48:44.740500,2026-06-17T11:48:44.740500,38,17,0.8847,+0.00,1,1,1,0.9887,0.4063,10.87,1.0000,1,453009664.2026.06.17.00.00.00.000.Z.miniseed
779,2026-06-17T18:48:53.603500,2026-06-17T11:48:53.603500,38,18,0.8911,+0.00,1,1,1,0.9731,0.3016,26.69,1.0088,1,453009664.2026.06.17.00.00.00.000.Z.miniseed
780,2026-06-17T18:49:02.410000,2026-06-17T11:49:02.410000,38,19,0.8851,+0.00,1,1,1,0.9396,0.1497,7.11,0.9723,0,453009664.2026.06.17.00.00.00.000.Z.miniseed
781,2026-06-17T19:16:16.012000,2026-06-17T12:16:16.012000,39,0,0.8866,+0.00,1,1,1,0.3414,0.2315,0.50,2.6720,0,453009664.2026.06.17.00.00.00.000.Z.miniseed
782,2026-06-17T19:16:25.305000,2026-06-17T12:16:25.305000,39,1,0.8866,-1.00,1,1,1,0.4164,0.2221,2.07,3.0730,0,453009664.2026.06.17.00.00.00.000.Z.miniseed
783,2026-06-17T19:16:34.525000,2026-06-17T12:16:34.525000,39,2,0.8548,-1.00,1,1,1,0.9627,0.2756,8.59,0.8956,0,453009664.2026.06.17.00.00.00.000.Z.miniseed
784,2026-06-17T19:16:43.772000,2026-06-17T12:16:43.772000,39,3,0.8807,-1.00,1,1,1,0.8253,0.1414,4.21,1.2844,0,453009664.2026.06.17.00.00.00.000.Z.miniseed
785,2026-06-17T19:16:53.170500,2026-06-17T12:16:53.170500,39,4,0.8709,-1.00,1,1,1,0.9728,0.2973,11.35,0.9944,1,453009664.2026.06.17.00.00.00.000.Z.miniseed
786,2026-06-17T19:17:02.584500,2026-06-17T12:17:02.584500,39,5,0.8481,-1.50,1,1,1,0.9672,0.3406,22.97,0.9809,1,453009664.2026.06.17.00.00.00.000.Z.miniseed
787,2026-06-17T19:17:11.890000,2026-06-17T12:17:11.890000,39,6,0.8714,-0.50,1,1,1,0.9738,0.3273,24.61,1.0082,1,453009664.2026.06.17.00.00.00.000.Z.miniseed
788,2026-06-17T19:17:20.847500,2026-06-17T12:17:20.847500,39,7,0.8642,-1.00,1,1,1,0.9713,0.1220,24.44,1.0012,1,453009664.2026.06.17.00.00.00.000.Z.miniseed
789,2026-06-17T19:17:29.986000,2026-06-17T12:17:29.986000,39,8,0.8449,-1.00,1,1,1,0.9743,0.2591,23.16,0.9999,1,453009664.2026.06.17.00.00.00.000.Z.miniseed
790,2026-06-17T19:17:39.451000,2026-06-17T12:17:39.451000,39,9,0.8259,-1.00,1,1,1,0.9754,0.3366,27.92,0.9838,1,453009664.2026.06.17.00.00.00.000.Z.miniseed
791,2026-06-17T19:17:48.440500,2026-06-17T12:17:48.440500,39,10,0.8417,-0.50,1,1,1,0.9739,0.4534,25.08,0.9817,1,453009664.2026.06.17.00.00.00.000.Z.miniseed
792,2026-06-17T19:17:57.485000,2026-06-17T12:17:57.485000,39,11,0.8021,-1.00,1,1,1,0.9770,0.1557,23.30,0.9750,1,453009664.2026.06.17.00.00.00.000.Z.miniseed
793,2026-06-17T19:18:06.463500,2026-06-17T12:18:06.463500,39,12,0.8253,-1.50,1,1,1,0.9683,0.1899,25.89,0.9860,1,453009664.2026.06.17.00.00.00.000.Z.miniseed
794,2026-06-17T19:18:15.440500,2026-06-17T12:18:15.440500,39,13,0.8401,-1.50,1,1,1,0.9770,0.0842,25.16,0.9851,1,453009664.2026.06.17.00.00.00.000.Z.miniseed
795,2026-06-17T19:18:24.396500,2026-06-17T12:18:24.396500,39,14,0.8315,-1.50,1,1,1,0.9419,0.1041,24.72,0.9850,1,453009664.2026.06.17.00.00.00.000.Z.miniseed
796,2026-06-17T19:18:33.157000,2026-06-17T12:18:33.157000,39,15,0.8516,-1.50,1,1,1,0.9774,0.1888,24.49,0.9885,1,453009664.2026.06.17.00.00.00.000.Z.miniseed
797,2026-06-17T19:18:41.995500,2026-06-17T12:18:41.995500,39,16,0.8151,-1.50,1,1,1,0.7650,0.1804,7.64,1.2731,0,453009664.2026.06.17.00.00.00.000.Z.miniseed
798,2026-06-17T19:18:51.081500,2026-06-17T12:18:51.081500,39,17,0.8373,-2.00,1,1,1,0.5439,0.4276,-0.22,1.6279,0,453009664.2026.06.17.00.00.00.000.Z.miniseed
799,2026-06-17T19:19:00.306500,2026-06-17T12:19:00.306500,39,18,0.8569,-1.00,1,1,1,0.6046,0.4156,1.74,2.1587,0,453009664.2026.06.17.00.00.00.000.Z.miniseed
800,2026-06-17T19:19:09.256500,2026-06-17T12:19:09.256500,39,19,0.8627,-1.50,1,1,1,0.6123,0.3242,-0.22,2.3122,0,453009664.2026.06.17.00.00.00.000.Z.miniseed
801,2026-06-17T19:19:18.064500,2026-06-17T12:19:18.064500,39,20,0.7929,-1.50,1,1,1,0.9533,0.2525,13.81,1.0038,1,453009664.2026.06.17.00.00.00.000.Z.miniseed
802,2026-06-17T19:19:27.639000,2026-06-17T12:19:27.639000,39,21,0.7905,-1.50,1,1,1,0.9684,0.2549,14.96,1.0211,1,453009664.2026.06.17.00.00.00.000.Z.miniseed
803,2026-06-17T19:19:36.708500,2026-06-17T12:19:36.708500,39,22,0.7931,-1.50,1,1,1,0.9735,0.2518,25.48,1.0000,1,453009664.2026.06.17.00.00.00.000.Z.miniseed
804,2026-06-17T19:46:45.694000,2026-06-17T12:46:45.694000,40,0,0.7332,-2.00,1,1,1,0.9813,0.3468,12.95,0.5729,1,453009664.2026.06.17.00.00.00.000.Z.miniseed
805,2026-06-17T19:46:56.332500,2026-06-17T12:46:56.332500,40,1,0.8876,-1.50,1,1,1,0.9714,0.1559,15.05,0.7361,1,453009664.2026.06.17.00.00.00.000.Z.miniseed
806,2026-06-17T19:47:05.474500,2026-06-17T12:47:05.474500,40,2,0.9171,-1.50,1,1,1,0.9762,0.1884,26.78,0.7873,1,453009664.2026.06.17.00.00.00.000.Z.miniseed
807,2026-06-17T19:47:14.977000,2026-06-17T12:47:14.977000,40,3,0.9322,-1.50,1,1,1,0.8895,0.4114,7.09,0.8898,0,453009664.2026.06.17.00.00.00.000.Z.miniseed
808,2026-06-17T19:47:24.207500,2026-06-17T12:47:24.207500,40,4,0.9119,-1.50,1,1,1,0.7557,0.1527,2.79,1.5059,0,453009664.2026.06.17.00.00.00.000.Z.miniseed
809,2026-06-17T19:47:33.894500,2026-06-17T12:47:33.894500,40,5,0.9187,-1.50,1,1,1,0.7136,0.3185,0.55,1.1915,0,453009664.2026.06.17.00.00.00.000.Z.miniseed
810,2026-06-17T19:47:43.187000,2026-06-17T12:47:43.187000,40,6,0.9117,-1.50,1,1,1,0.6427,0.1729,5.42,1.3261,0,453009664.2026.06.17.00.00.00.000.Z.miniseed
811,2026-06-17T19:47:52.638000,2026-06-17T12:47:52.638000,40,7,0.9029,-1.50,1,1,1,0.7831,0.3009,5.65,1.7449,0,453009664.2026.06.17.00.00.00.000.Z.miniseed
812,2026-06-17T19:48:01.870500,2026-06-17T12:48:01.870500,40,8,0.8793,-1.50,1,1,1,0.5140,0.2941,1.53,1.0996,0,453009664.2026.06.17.00.00.00.000.Z.miniseed
813,2026-06-17T19:48:11.045500,2026-06-17T12:48:11.045500,40,9,0.8750,-1.00,1,1,1,0.5708,0.1838,0.83,1.0971,0,453009664.2026.06.17.00.00.00.000.Z.miniseed
814,2026-06-17T19:48:20.408000,2026-06-17T12:48:20.408000,40,10,0.8829,-1.00,1,1,1,0.6450,0.3670,3.52,1.3662,0,453009664.2026.06.17.00.00.00.000.Z.miniseed
815,2026-06-17T19:48:29.499000,2026-06-17T12:48:29.499000,40,11,0.8781,-1.00,1,1,1,0.9549,0.1152,8.51,1.0000,0,453009664.2026.06.17.00.00.00.000.Z.miniseed
816,2026-06-17T19:48:38.831500,2026-06-17T12:48:38.831500,40,12,0.8777,-1.50,1,1,1,0.9260,0.5391,7.33,0.8558,0,453009664.2026.06.17.00.00.00.000.Z.miniseed
817,2026-06-17T19:48:48.332000,2026-06-17T12:48:48.332000,40,13,0.8771,-1.50,1,1,1,0.9048,0.2866,6.12,1.0650,0,453009664.2026.06.17.00.00.00.000.Z.miniseed
818,2026-06-17T19:48:57.881500,2026-06-17T12:48:57.881500,40,14,0.8879,-1.50,1,1,1,0.8682,0.3234,9.60,0.9017,0,453009664.2026.06.17.00.00.00.000.Z.miniseed
819,2026-06-17T19:49:07.347500,2026-06-17T12:49:07.347500,40,15,0.8649,-1.50,1,1,1,0.8940,0.1980,7.98,0.9542,0,453009664.2026.06.17.00.00.00.000.Z.miniseed
820,2026-06-17T19:49:16.555500,2026-06-17T12:49:16.555500,40,16,0.8741,-1.50,1,1,1,0.9072,0.1002,7.63,0.9262,0,453009664.2026.06.17.00.00.00.000.Z.miniseed
821,2026-06-17T19:49:25.766500,2026-06-17T12:49:25.766500,40,17,0.8644,-2.00,1,1,1,0.7558,0.4673,1.26,1.2488,0,453009664.2026.06.17.00.00.00.000.Z.miniseed
822,2026-06-17T19:49:35.447500,2026-06-17T12:49:35.447500,40,18,0.8682,-1.50,1,1,1,0.8839,0.2946,5.97,1.3514,0,453009664.2026.06.17.00.00.00.000.Z.miniseed
823,2026-06-17T19:49:45.366000,2026-06-17T12:49:45.366000,40,19,0.8540,-2.00,1,1,1,0.9812,0.2566,11.99,0.9162,1,453009664.2026.06.17.00.00.00.000.Z.miniseed
824,2026-06-17T19:49:54.872500,2026-06-17T12:49:54.872500,40,20,0.8598,-1.50,1,1,1,0.9419,0.5051,15.37,0.8003,1,453009664.2026.06.17.00.00.00.000.Z.miniseed
825,2026-06-17T20:16:44.576500,2026-06-17T13:16:44.576500,41,0,0.8368,-1.50,1,1,1,0.7240,0.2562,-0.28,1.4442,0,453009664.2026.06.17.00.00.00.000.Z.miniseed
826,2026-06-17T20:16:53.933000,2026-06-17T13:16:53.933000,41,1,0.8035,-2.00,1,1,1,0.6138,0.2567,3.46,1.2723,0,453009664.2026.06.17.00.00.00.000.Z.miniseed
827,2026-06-17T20:17:03.484500,2026-06-17T13:17:03.484500,41,2,0.8480,-1.50,1,1,1,0.8456,0.1352,5.31,0.9910,0,453009664.2026.06.17.00.00.00.000.Z.miniseed
828,2026-06-17T20:17:12.659500,2026-06-17T13:17:12.659500,41,3,0.8236,-2.00,1,1,1,0.8706,0.1883,8.22,1.2500,0,453009664.2026.06.17.00.00.00.000.Z.miniseed
829,2026-06-17T20:17:22.145000,2026-06-17T13:17:22.145000,41,4,0.8399,-1.50,1,1,1,0.4727,0.6116,0.22,1.1778,0,453009664.2026.06.17.00.00.00.000.Z.miniseed
830,2026-06-17T20:17:31.103500,2026-06-17T13:17:31.103500,41,5,0.8517,-1.50,1,1,1,0.5193,0.2746,5.30,1.8431,0,453009664.2026.06.17.00.00.00.000.Z.miniseed
831,2026-06-17T20:17:40.523500,2026-06-17T13:17:40.523500,41,6,0.7716,-2.00,1,1,1,0.8164,0.6174,-1.04,1.5391,0,453009664.2026.06.17.00.00.00.000.Z.miniseed
832,2026-06-17T20:17:51.618500,2026-06-17T13:17:51.618500,41,7,0.7952,-2.00,1,1,1,0.4005,0.2274,-0.35,1.4924,0,453009664.2026.06.17.00.00.00.000.Z.miniseed
833,2026-06-17T20:18:00.843500,2026-06-17T13:18:00.843500,41,8,0.7893,-2.00,1,1,1,0.8611,0.1180,2.44,0.9369,0,453009664.2026.06.17.00.00.00.000.Z.miniseed
834,2026-06-17T20:18:09.911000,2026-06-17T13:18:09.911000,41,9,0.8194,-2.00,1,1,1,0.8656,0.2008,6.01,0.9976,0,453009664.2026.06.17.00.00.00.000.Z.miniseed
835,2026-06-17T20:18:18.673000,2026-06-17T13:18:18.673000,41,10,0.8320,-2.50,1,1,1,0.8478,0.1536,8.24,0.8729,0,453009664.2026.06.17.00.00.00.000.Z.miniseed
836,2026-06-17T20:18:27.273500,2026-06-17T13:18:27.273500,41,11,0.8296,-2.00,1,1,1,0.8404,0.2628,4.50,1.0996,0,453009664.2026.06.17.00.00.00.000.Z.miniseed
837,2026-06-17T20:18:36.046000,2026-06-17T13:18:36.046000,41,12,0.8153,-2.00,1,1,1,0.8408,0.3977,5.95,1.2050,0,453009664.2026.06.17.00.00.00.000.Z.miniseed
838,2026-06-17T20:18:45.195000,2026-06-17T13:18:45.195000,41,13,0.8319,-2.00,1,1,1,0.8835,0.2371,10.58,0.8748,0,453009664.2026.06.17.00.00.00.000.Z.miniseed
839,2026-06-17T20:18:54.106500,2026-06-17T13:18:54.106500,41,14,0.8314,-2.00,1,1,1,0.9052,0.2631,8.48,1.0024,0,453009664.2026.06.17.00.00.00.000.Z.miniseed
840,2026-06-17T20:19:03.197000,2026-06-17T13:19:03.197000,41,15,0.8426,-2.00,1,1,1,0.9582,0.2967,26.44,0.8471,1,453009664.2026.06.17.00.00.00.000.Z.miniseed
841,2026-06-17T20:19:12.236000,2026-06-17T13:19:12.236000,41,16,0.7655,-2.00,1,1,1,0.9853,0.1161,23.59,0.8198,1,453009664.2026.06.17.00.00.00.000.Z.miniseed
842,2026-06-17T20:19:21.077500,2026-06-17T13:19:21.077500,41,17,0.7631,-2.00,1,1,1,0.9797,0.2586,23.75,0.8329,1,453009664.2026.06.17.00.00.00.000.Z.miniseed
843,2026-06-17T20:19:30.039000,2026-06-17T13:19:30.039000,41,18,0.7963,-2.00,1,1,1,0.9855,0.1657,23.22,0.8297,1,453009664.2026.06.17.00.00.00.000.Z.miniseed
844,2026-06-17T20:19:39.242500,2026-06-17T13:19:39.242500,41,19,0.7819,-2.00,1,1,1,0.9824,0.2401,25.70,0.8246,1,453009664.2026.06.17.00.00.00.000.Z.miniseed
845,2026-06-17T20:46:32.279000,2026-06-17T13:46:32.279000,42,0,0.5942,-2.00,1,1,1,0.7301,0.2087,1.26,0.4268,0,453009664.2026.06.17.00.00.00.000.Z.miniseed
846,2026-06-17T20:46:41.349500,2026-06-17T13:46:41.349500,42,1,0.7633,-3.00,1,1,1,0.9149,0.2888,4.57,0.7304,0,453009664.2026.06.17.00.00.00.000.Z.miniseed
847,2026-06-17T20:46:50.392000,2026-06-17T13:46:50.392000,42,2,0.8734,-2.50,1,1,1,0.9881,0.4448,24.21,0.8709,1,453009664.2026.06.17.00.00.00.000.Z.miniseed
848,2026-06-17T20:46:59.168000,2026-06-17T13:46:59.168000,42,3,0.9113,-2.00,1,1,1,0.9863,0.0023,14.66,0.9154,1,453009664.2026.06.17.00.00.00.000.Z.miniseed
849,2026-06-17T20:47:08.233500,2026-06-17T13:47:08.233500,42,4,0.9121,-1.00,1,1,1,0.9811,0.2271,27.13,0.9722,1,453009664.2026.06.17.00.00.00.000.Z.miniseed
850,2026-06-17T20:47:17.157000,2026-06-17T13:47:17.157000,42,5,0.9091,-1.50,1,1,1,0.9900,0.1498,24.26,0.9696,1,453009664.2026.06.17.00.00.00.000.Z.miniseed
851,2026-06-17T20:47:26.040000,2026-06-17T13:47:26.040000,42,6,0.8937,-1.00,1,1,1,0.9891,0.1474,26.24,0.9828,1,453009664.2026.06.17.00.00.00.000.Z.miniseed
852,2026-06-17T20:47:35.072000,2026-06-17T13:47:35.072000,42,7,0.8998,-1.50,1,1,1,0.9893,0.4839,26.38,1.0006,1,453009664.2026.06.17.00.00.00.000.Z.miniseed
853,2026-06-17T20:47:43.895500,2026-06-17T13:47:43.895500,42,8,0.8915,-1.50,1,1,1,0.9906,0.2742,26.13,1.0212,1,453009664.2026.06.17.00.00.00.000.Z.miniseed
854,2026-06-17T20:47:52.722000,2026-06-17T13:47:52.722000,42,9,0.8799,-1.50,1,1,1,0.9890,0.2457,25.29,1.0026,1,453009664.2026.06.17.00.00.00.000.Z.miniseed
855,2026-06-17T20:48:01.581000,2026-06-17T13:48:01.581000,42,10,0.8800,-2.00,1,1,1,0.9728,0.1382,25.59,0.9650,1,453009664.2026.06.17.00.00.00.000.Z.miniseed
856,2026-06-17T20:48:10.363000,2026-06-17T13:48:10.363000,42,11,0.8826,-2.00,1,1,1,0.9873,0.3069,24.61,1.0211,1,453009664.2026.06.17.00.00.00.000.Z.miniseed
857,2026-06-17T20:48:19.252000,2026-06-17T13:48:19.252000,42,12,0.8852,-2.00,1,1,1,0.9889,0.2231,26.77,0.9919,1,453009664.2026.06.17.00.00.00.000.Z.miniseed
858,2026-06-17T20:48:28.168000,2026-06-17T13:48:28.168000,42,13,0.8915,-2.00,1,1,1,0.9901,0.1560,24.99,1.0000,1,453009664.2026.06.17.00.00.00.000.Z.miniseed
859,2026-06-17T20:48:37.312000,2026-06-17T13:48:37.312000,42,14,0.8876,-1.50,1,1,1,0.9841,0.1064,27.61,1.0080,1,453009664.2026.06.17.00.00.00.000.Z.miniseed
860,2026-06-17T20:48:46.318500,2026-06-17T13:48:46.318500,42,15,0.8777,-1.50,1,1,1,0.9829,0.2679,26.20,1.0151,1,453009664.2026.06.17.00.00.00.000.Z.miniseed
861,2026-06-17T20:48:55.349500,2026-06-17T13:48:55.349500,42,16,0.8471,-2.00,1,1,1,0.9550,0.4419,4.58,1.1033,0,453009664.2026.06.17.00.00.00.000.Z.miniseed
862,2026-06-17T20:49:04.401500,2026-06-17T13:49:04.401500,42,17,0.8833,-1.50,1,1,1,0.7779,0.4415,1.98,1.5819,0,453009664.2026.06.17.00.00.00.000.Z.miniseed
863,2026-06-17T20:49:14.539000,2026-06-17T13:49:14.539000,42,18,0.8769,-2.00,1,1,1,0.4393,0.2311,2.45,2.1756,0,453009664.2026.06.17.00.00.00.000.Z.miniseed
864,2026-06-17T20:49:23.975500,2026-06-17T13:49:23.975500,42,19,0.8648,-2.00,1,1,1,0.6196,0.1795,2.00,1.2818,0,453009664.2026.06.17.00.00.00.000.Z.miniseed
865,2026-06-17T20:49:33.074500,2026-06-17T13:49:33.074500,42,20,0.8750,-2.00,1,1,1,0.9689,0.3399,9.69,0.9371,0,453009664.2026.06.17.00.00.00.000.Z.miniseed
866,2026-06-17T21:16:43.803500,2026-06-17T14:16:43.803500,43,0,0.8626,-1.00,1,1,1,0.9894,0.2092,24.24,0.9090,1,453009664.2026.06.17.00.00.00.000.Z.miniseed
867,2026-06-17T21:16:53.172000,2026-06-17T14:16:53.172000,43,1,0.8453,-1.00,1,1,1,0.9448,0.1669,19.99,0.9794,1,453009664.2026.06.17.00.00.00.000.Z.miniseed
868,2026-06-17T21:17:02.391000,2026-06-17T14:17:02.391000,43,2,0.8680,-1.00,1,1,1,0.7402,0.1955,1.30,1.3458,0,453009664.2026.06.17.00.00.00.000.Z.miniseed
869,2026-06-17T21:17:11.244500,2026-06-17T14:17:11.244500,43,3,0.8642,-1.50,1,1,1,0.9906,0.2522,13.29,0.9752,1,453009664.2026.06.17.00.00.00.000.Z.miniseed
870,2026-06-17T21:17:20.309500,2026-06-17T14:17:20.309500,43,4,0.8569,-1.50,1,1,1,0.9753,0.2894,12.08,0.9968,1,453009664.2026.06.17.00.00.00.000.Z.miniseed
871,2026-06-17T21:17:29.021000,2026-06-17T14:17:29.021000,43,5,0.8616,-1.50,1,1,1,0.8462,0.1063,5.99,0.9949,0,453009664.2026.06.17.00.00.00.000.Z.miniseed
872,2026-06-17T21:17:37.872500,2026-06-17T14:17:37.872500,43,6,0.8571,-1.50,1,1,1,0.4773,0.3414,-1.94,1.0907,0,453009664.2026.06.17.00.00.00.000.Z.miniseed
873,2026-06-17T21:17:46.711000,2026-06-17T14:17:46.711000,43,7,0.8488,-1.50,1,1,1,0.8714,0.2369,5.46,1.1905,0,453009664.2026.06.17.00.00.00.000.Z.miniseed
874,2026-06-17T21:17:55.564000,2026-06-17T14:17:55.564000,43,8,0.8562,-1.50,1,1,1,0.9493,0.5283,7.03,1.0608,0,453009664.2026.06.17.00.00.00.000.Z.miniseed
875,2026-06-17T21:18:04.683500,2026-06-17T14:18:04.683500,43,9,0.8508,-1.50,1,1,1,0.8748,0.2223,4.26,0.9460,0,453009664.2026.06.17.00.00.00.000.Z.miniseed
876,2026-06-17T21:18:13.532000,2026-06-17T14:18:13.532000,43,10,0.8321,-1.50,1,1,1,0.8173,0.6093,2.77,1.1712,0,453009664.2026.06.17.00.00.00.000.Z.miniseed
877,2026-06-17T21:18:22.443500,2026-06-17T14:18:22.443500,43,11,0.8563,-1.50,1,1,1,0.9557,0.2384,7.49,1.0326,0,453009664.2026.06.17.00.00.00.000.Z.miniseed
878,2026-06-17T21:18:31.303000,2026-06-17T14:18:31.303000,43,12,0.8595,-1.00,1,1,1,0.9525,0.2860,14.75,0.8878,1,453009664.2026.06.17.00.00.00.000.Z.miniseed
879,2026-06-17T21:18:40.270500,2026-06-17T14:18:40.270500,43,13,0.8036,-1.50,1,1,1,0.9914,0.2202,14.87,0.9736,1,453009664.2026.06.17.00.00.00.000.Z.miniseed
880,2026-06-17T21:18:49.093000,2026-06-17T14:18:49.093000,43,14,0.7990,-1.50,1,1,1,0.9437,0.2774,12.26,1.0111,1,453009664.2026.06.17.00.00.00.000.Z.miniseed
881,2026-06-17T21:18:58.014500,2026-06-17T14:18:58.014500,43,15,0.8084,-1.00,1,1,1,0.7140,0.3711,3.57,1.1980,0,453009664.2026.06.17.00.00.00.000.Z.miniseed
882,2026-06-17T21:19:06.791500,2026-06-17T14:19:06.791500,43,16,0.8428,-1.00,1,1,1,0.9537,0.3251,7.73,1.0255,0,453009664.2026.06.17.00.00.00.000.Z.miniseed
883,2026-06-17T21:19:15.704500,2026-06-17T14:19:15.704500,43,17,0.7952,-1.50,1,1,1,0.9744,0.4134,15.32,0.9891,1,453009664.2026.06.17.00.00.00.000.Z.miniseed
884,2026-06-17T21:19:24.533500,2026-06-17T14:19:24.533500,43,18,0.8055,-1.00,1,1,1,0.9924,0.4858,26.02,0.9474,1,453009664.2026.06.17.00.00.00.000.Z.miniseed
885,2026-06-17T21:19:33.532000,2026-06-17T14:19:33.532000,43,19,0.8355,-1.00,1,1,1,0.9551,0.3089,9.01,1.0032,0,453009664.2026.06.17.00.00.00.000.Z.miniseed
886,2026-06-17T21:45:39.468500,2026-06-17T14:45:39.468500,44,0,0.7824,-2.00,1,1,1,0.9579,0.3644,24.41,0.6279,1,453009664.2026.06.17.00.00.00.000.Z.miniseed
887,2026-06-17T21:45:48.792500,2026-06-17T14:45:48.792500,44,1,0.8022,-2.00,1,1,1,0.9334,0.4264,15.30,0.6751,1,453009664.2026.06.17.00.00.00.000.Z.miniseed
888,2026-06-17T21:45:59.277500,2026-06-17T14:45:59.277500,44,2,0.8214,-2.00,1,1,1,0.9292,0.3862,12.34,0.6469,1,453009664.2026.06.17.00.00.00.000.Z.miniseed
889,2026-06-17T21:46:10.006000,2026-06-17T14:46:10.006000,44,3,0.8413,-2.00,1,1,1,0.9300,0.2903,19.54,0.6588,1,453009664.2026.06.17.00.00.00.000.Z.miniseed
890,2026-06-17T21:46:19.269000,2026-06-17T14:46:19.269000,44,4,0.8089,-2.00,1,1,1,0.9623,0.2583,21.02,0.6506,1,453009664.2026.06.17.00.00.00.000.Z.miniseed
891,2026-06-17T21:46:28.302000,2026-06-17T14:46:28.302000,44,5,0.8306,-2.00,1,1,1,0.9161,0.3301,12.28,0.6713,1,453009664.2026.06.17.00.00.00.000.Z.miniseed
892,2026-06-17T21:46:37.324000,2026-06-17T14:46:37.324000,44,6,0.8226,-2.50,1,1,1,0.9225,0.1511,24.53,0.6830,1,453009664.2026.06.17.00.00.00.000.Z.miniseed
893,2026-06-17T21:46:46.314500,2026-06-17T14:46:46.314500,44,7,0.8277,-2.00,1,1,1,0.6368,0.3298,3.79,1.0316,0,453009664.2026.06.17.00.00.00.000.Z.miniseed
894,2026-06-17T21:46:54.990000,2026-06-17T14:46:54.990000,44,8,0.8496,-2.00,1,1,1,0.4462,0.4429,3.83,1.2278,0,453009664.2026.06.17.00.00.00.000.Z.miniseed
895,2026-06-17T21:47:03.849000,2026-06-17T14:47:03.849000,44,9,0.8302,-2.50,1,1,1,0.5977,0.5332,1.70,1.2814,0,453009664.2026.06.17.00.00.00.000.Z.miniseed
896,2026-06-17T21:47:12.671000,2026-06-17T14:47:12.671000,44,10,0.8326,-2.00,1,1,1,0.4084,0.5196,-1.63,1.1207,0,453009664.2026.06.17.00.00.00.000.Z.miniseed
897,2026-06-17T21:47:21.501500,2026-06-17T14:47:21.501500,44,11,0.7991,-2.00,1,1,1,0.7103,0.4366,5.61,1.5029,0,453009664.2026.06.17.00.00.00.000.Z.miniseed
898,2026-06-17T21:47:30.209500,2026-06-17T14:47:30.209500,44,12,0.8239,-2.50,1,1,1,0.5066,0.4445,3.40,1.2732,0,453009664.2026.06.17.00.00.00.000.Z.miniseed
899,2026-06-17T21:47:38.916500,2026-06-17T14:47:38.916500,44,13,0.8348,-2.50,1,1,1,0.4476,0.4288,-2.59,0.6802,0,453009664.2026.06.17.00.00.00.000.Z.miniseed
900,2026-06-17T21:47:47.629500,2026-06-17T14:47:47.629500,44,14,0.8259,-2.50,1,1,1,0.7119,0.4216,1.68,1.0756,0,453009664.2026.06.17.00.00.00.000.Z.miniseed
901,2026-06-17T21:47:56.612500,2026-06-17T14:47:56.612500,44,15,0.7952,-2.00,1,1,1,0.7039,0.1978,1.86,1.2168,0,453009664.2026.06.17.00.00.00.000.Z.miniseed
902,2026-06-17T21:48:05.616500,2026-06-17T14:48:05.616500,44,16,0.7875,-2.00,1,1,1,0.7796,0.5365,2.95,1.0200,0,453009664.2026.06.17.00.00.00.000.Z.miniseed
903,2026-06-17T21:48:14.535000,2026-06-17T14:48:14.535000,44,17,0.8009,-2.50,1,1,1,0.6420,0.4192,-0.41,0.9800,0,453009664.2026.06.17.00.00.00.000.Z.miniseed
904,2026-06-17T21:48:23.545000,2026-06-17T14:48:23.545000,44,18,0.8176,-2.50,1,1,1,0.8189,0.3001,4.87,1.0962,0,453009664.2026.06.17.00.00.00.000.Z.miniseed
905,2026-06-17T21:48:32.319500,2026-06-17T14:48:32.319500,44,19,0.8184,-2.00,1,1,1,0.7913,0.6573,2.93,0.8638,0,453009664.2026.06.17.00.00.00.000.Z.miniseed
906,2026-06-17T22:10:00.047000,2026-06-17T15:10:00.047000,,,0.6464,+60.00,0,0,0,,,,,,453009664.2026.06.17.00.00.00.000.Z.miniseed
907,2026-06-17T22:16:23.969500,2026-06-17T15:16:23.969500,45,0,0.8123,-2.00,1,1,1,0.6410,0.2210,0.00,0.9490,0,453009664.2026.06.17.00.00.00.000.Z.miniseed
908,2026-06-17T22:16:33.256500,2026-06-17T15:16:33.256500,45,1,0.8313,-2.50,1,1,1,0.6341,0.2383,3.58,1.2639,0,453009664.2026.06.17.00.00.00.000.Z.miniseed
909,2026-06-17T22:16:42.261000,2026-06-17T15:16:42.261000,45,2,0.7781,-2.00,1,1,1,0.7984,0.1333,2.70,1.2547,0,453009664.2026.06.17.00.00.00.000.Z.miniseed
910,2026-06-17T22:16:51.217000,2026-06-17T15:16:51.217000,45,3,0.8365,-2.00,1,1,1,0.5672,0.2503,2.22,1.3304,0,453009664.2026.06.17.00.00.00.000.Z.miniseed
911,2026-06-17T22:17:00.294500,2026-06-17T15:17:00.294500,45,4,0.7989,-2.50,1,1,1,0.6338,0.3929,0.62,1.1364,0,453009664.2026.06.17.00.00.00.000.Z.miniseed
912,2026-06-17T22:17:09.328500,2026-06-17T15:17:09.328500,45,5,0.8098,-2.00,1,1,1,0.5825,0.7396,2.55,2.5309,0,453009664.2026.06.17.00.00.00.000.Z.miniseed
913,2026-06-17T22:17:18.357500,2026-06-17T15:17:18.357500,45,6,0.8210,-2.00,1,1,1,0.8371,0.3959,4.30,1.2320,0,453009664.2026.06.17.00.00.00.000.Z.miniseed
914,2026-06-17T22:17:27.432500,2026-06-17T15:17:27.432500,45,7,0.8500,-2.00,1,1,1,0.7490,0.5707,4.90,1.4849,0,453009664.2026.06.17.00.00.00.000.Z.miniseed
915,2026-06-17T22:17:36.528000,2026-06-17T15:17:36.528000,45,8,0.8162,-2.50,1,1,1,0.8578,0.3079,7.46,0.8822,0,453009664.2026.06.17.00.00.00.000.Z.miniseed
916,2026-06-17T22:17:45.688500,2026-06-17T15:17:45.688500,45,9,0.8110,-2.50,1,1,1,0.6663,0.1721,4.51,0.9808,0,453009664.2026.06.17.00.00.00.000.Z.miniseed
917,2026-06-17T22:17:54.585000,2026-06-17T15:17:54.585000,45,10,0.8054,-2.50,1,1,1,0.9179,0.3745,2.85,0.8914,0,453009664.2026.06.17.00.00.00.000.Z.miniseed
918,2026-06-17T22:18:04.237500,2026-06-17T15:18:04.237500,45,11,0.8287,-2.50,1,1,1,0.8453,0.2813,3.72,0.9877,0,453009664.2026.06.17.00.00.00.000.Z.miniseed
919,2026-06-17T22:18:13.328000,2026-06-17T15:18:13.328000,45,12,0.8239,-2.00,1,1,1,0.8239,0.3483,4.51,1.2067,0,453009664.2026.06.17.00.00.00.000.Z.miniseed
920,2026-06-17T22:18:22.334500,2026-06-17T15:18:22.334500,45,13,0.7910,-2.50,1,1,1,0.9701,0.6734,10.86,1.0312,1,453009664.2026.06.17.00.00.00.000.Z.miniseed
921,2026-06-17T22:18:31.433000,2026-06-17T15:18:31.433000,45,14,0.8146,-2.50,1,1,1,0.8505,0.5279,4.74,1.0123,0,453009664.2026.06.17.00.00.00.000.Z.miniseed
922,2026-06-17T22:18:40.255500,2026-06-17T15:18:40.255500,45,15,0.7892,-2.50,1,1,1,0.9062,0.4222,3.90,0.9660,0,453009664.2026.06.17.00.00.00.000.Z.miniseed
923,2026-06-17T22:18:49.694000,2026-06-17T15:18:49.694000,45,16,0.8325,-2.50,1,1,1,0.9640,0.4373,21.30,0.8693,1,453009664.2026.06.17.00.00.00.000.Z.miniseed
924,2026-06-17T22:18:58.662000,2026-06-17T15:18:58.662000,45,17,0.7835,-2.50,1,1,1,0.9633,0.6518,8.61,0.8400,0,453009664.2026.06.17.00.00.00.000.Z.miniseed
925,2026-06-17T22:19:07.825500,2026-06-17T15:19:07.825500,45,18,0.7878,-2.50,1,1,1,0.9692,0.2210,14.38,0.8726,1,453009664.2026.06.17.00.00.00.000.Z.miniseed
926,2026-06-17T22:19:17.114000,2026-06-17T15:19:17.114000,45,19,0.8132,-2.50,1,1,1,0.7657,0.1734,7.36,0.8916,0,453009664.2026.06.17.00.00.00.000.Z.miniseed
927,2026-06-17T22:46:18.553000,2026-06-17T15:46:18.553000,46,0,0.6281,-2.50,1,0,0,0.9719,0.2811,12.54,0.4438,1,453009664.2026.06.17.00.00.00.000.Z.miniseed
928,2026-06-17T22:46:27.653500,2026-06-17T15:46:27.653500,46,1,0.8296,-1.50,1,0,0,0.9869,0.2357,21.31,0.8469,1,453009664.2026.06.17.00.00.00.000.Z.miniseed
929,2026-06-17T22:46:36.968500,2026-06-17T15:46:36.968500,46,2,0.8963,-2.00,1,0,0,0.9779,0.2111,19.78,0.9120,1,453009664.2026.06.17.00.00.00.000.Z.miniseed
930,2026-06-17T22:46:46.127500,2026-06-17T15:46:46.127500,46,3,0.9110,-3.50,1,0,0,0.9867,0.2233,21.57,0.9598,1,453009664.2026.06.17.00.00.00.000.Z.miniseed
931,2026-06-17T22:46:54.974000,2026-06-17T15:46:54.974000,46,4,0.9052,-3.00,1,0,0,0.9693,0.3386,19.75,0.9760,1,453009664.2026.06.17.00.00.00.000.Z.miniseed
932,2026-06-17T22:47:03.955500,2026-06-17T15:47:03.955500,46,5,0.8904,-2.50,1,0,0,0.9841,0.2966,18.83,0.9657,1,453009664.2026.06.17.00.00.00.000.Z.miniseed
933,2026-06-17T22:47:12.978500,2026-06-17T15:47:12.978500,46,6,0.9038,-2.50,1,0,0,0.9873,0.3423,19.46,0.9619,1,453009664.2026.06.17.00.00.00.000.Z.miniseed
934,2026-06-17T22:47:22.133500,2026-06-17T15:47:22.133500,46,7,0.9067,-2.00,1,0,0,0.9902,0.2356,22.28,1.0408,1,453009664.2026.06.17.00.00.00.000.Z.miniseed
935,2026-06-17T22:47:31.281000,2026-06-17T15:47:31.281000,46,8,0.9083,-2.00,1,0,0,0.9873,0.2571,20.89,1.0306,1,453009664.2026.06.17.00.00.00.000.Z.miniseed
936,2026-06-17T22:47:40.556000,2026-06-17T15:47:40.556000,46,9,0.8962,-2.00,1,0,0,0.9192,0.2580,12.93,1.1077,1,453009664.2026.06.17.00.00.00.000.Z.miniseed
937,2026-06-17T22:47:49.426000,2026-06-17T15:47:49.426000,46,10,0.8974,-2.00,1,0,0,0.6965,0.4328,2.67,1.6577,0,453009664.2026.06.17.00.00.00.000.Z.miniseed
938,2026-06-17T22:47:58.352500,2026-06-17T15:47:58.352500,46,11,0.8860,-2.00,1,0,0,0.8375,0.2594,4.14,1.0355,0,453009664.2026.06.17.00.00.00.000.Z.miniseed
939,2026-06-17T22:48:07.499000,2026-06-17T15:48:07.499000,46,12,0.8992,-2.00,1,0,0,0.5941,0.5174,1.05,1.1963,0,453009664.2026.06.17.00.00.00.000.Z.miniseed
940,2026-06-17T22:48:16.202000,2026-06-17T15:48:16.202000,46,13,0.8958,-2.00,1,0,0,0.5651,0.1929,-0.36,1.3908,0,453009664.2026.06.17.00.00.00.000.Z.miniseed
941,2026-06-17T22:48:25.384000,2026-06-17T15:48:25.384000,46,14,0.8890,-2.00,1,0,0,0.5374,0.6847,1.56,1.6046,0,453009664.2026.06.17.00.00.00.000.Z.miniseed
942,2026-06-17T22:48:34.169500,2026-06-17T15:48:34.169500,46,15,0.8894,-2.00,1,0,0,0.8178,0.1607,2.05,1.0052,0,453009664.2026.06.17.00.00.00.000.Z.miniseed
943,2026-06-17T22:48:42.973000,2026-06-17T15:48:42.973000,46,16,0.8467,-2.50,1,0,0,0.7365,0.2474,9.45,1.4430,0,453009664.2026.06.17.00.00.00.000.Z.miniseed
944,2026-06-17T22:48:51.752000,2026-06-17T15:48:51.752000,46,17,0.8703,-2.00,1,0,0,0.8399,0.5407,-1.51,1.0866,0,453009664.2026.06.17.00.00.00.000.Z.miniseed
945,2026-06-17T22:49:00.792000,2026-06-17T15:49:00.792000,46,18,0.8960,-2.00,1,0,0,0.9874,0.4451,23.69,0.9751,1,453009664.2026.06.17.00.00.00.000.Z.miniseed
946,2026-06-17T22:49:09.679500,2026-06-17T15:49:09.679500,46,19,0.8808,-2.00,1,0,0,0.9897,0.0959,23.78,0.9948,1,453009664.2026.06.17.00.00.00.000.Z.miniseed
947,2026-06-17T22:49:18.500500,2026-06-17T15:49:18.500500,46,20,0.8855,-2.50,1,0,0,0.9892,0.2084,26.55,0.9947,1,453009664.2026.06.17.00.00.00.000.Z.miniseed
948,2026-06-17T22:49:28.200000,2026-06-17T15:49:28.200000,46,21,0.8729,-2.00,1,0,0,0.9876,0.5047,24.83,0.9897,1,453009664.2026.06.17.00.00.00.000.Z.miniseed
949,2026-06-17T23:16:40.227000,2026-06-17T16:16:40.227000,47,0,0.8572,-2.50,1,0,0,0.6464,0.2108,3.08,2.0063,0,453009664.2026.06.17.00.00.00.000.Z.miniseed
950,2026-06-17T23:16:49.240000,2026-06-17T16:16:49.240000,47,1,0.8483,-2.00,1,0,0,0.4626,0.1862,0.92,1.6193,0,453009664.2026.06.17.00.00.00.000.Z.miniseed
951,2026-06-17T23:16:58.057500,2026-06-17T16:16:58.057500,47,2,0.8613,-2.50,1,0,0,0.7023,0.1010,5.57,2.0342,0,453009664.2026.06.17.00.00.00.000.Z.miniseed
952,2026-06-17T23:17:06.868000,2026-06-17T16:17:06.868000,47,3,0.8603,-2.50,1,0,0,0.9619,0.1170,9.10,0.9675,0,453009664.2026.06.17.00.00.00.000.Z.miniseed
953,2026-06-17T23:17:15.541000,2026-06-17T16:17:15.541000,47,4,0.8661,-2.50,1,0,0,0.9891,0.1991,25.67,0.9677,1,453009664.2026.06.17.00.00.00.000.Z.miniseed
954,2026-06-17T23:17:24.722500,2026-06-17T16:17:24.722500,47,5,0.8596,-2.50,1,0,0,0.9843,0.1573,24.19,0.9603,1,453009664.2026.06.17.00.00.00.000.Z.miniseed
955,2026-06-17T23:17:33.324000,2026-06-17T16:17:33.324000,47,6,0.8602,-3.00,1,0,0,0.8460,0.3677,4.69,1.3877,0,453009664.2026.06.17.00.00.00.000.Z.miniseed
956,2026-06-17T23:17:42.092500,2026-06-17T16:17:42.092500,47,7,0.8568,-3.00,1,0,0,0.8216,0.4868,-2.15,1.2059,0,453009664.2026.06.17.00.00.00.000.Z.miniseed
957,2026-06-17T23:17:51.319000,2026-06-17T16:17:51.319000,47,8,0.8535,-2.50,1,0,0,0.7195,0.5059,4.31,1.3263,0,453009664.2026.06.17.00.00.00.000.Z.miniseed
958,2026-06-17T23:18:00.373000,2026-06-17T16:18:00.373000,47,9,0.8541,-2.50,1,0,0,0.5751,0.2579,1.96,2.2269,0,453009664.2026.06.17.00.00.00.000.Z.miniseed
959,2026-06-17T23:18:09.502500,2026-06-17T16:18:09.502500,47,10,0.8562,-2.50,1,0,0,0.9554,0.3112,8.50,1.0326,0,453009664.2026.06.17.00.00.00.000.Z.miniseed
960,2026-06-17T23:18:18.712000,2026-06-17T16:18:18.712000,47,11,0.8467,-2.50,1,0,0,0.9891,0.4182,24.67,0.9521,1,453009664.2026.06.17.00.00.00.000.Z.miniseed
961,2026-06-17T23:18:27.746500,2026-06-17T16:18:27.746500,47,12,0.8510,-2.50,1,0,0,0.9873,0.1665,22.62,0.9769,1,453009664.2026.06.17.00.00.00.000.Z.miniseed
962,2026-06-17T23:18:36.734500,2026-06-17T16:18:36.734500,47,13,0.8506,-2.50,1,0,0,0.9893,0.2212,24.92,0.9773,1,453009664.2026.06.17.00.00.00.000.Z.miniseed
963,2026-06-17T23:18:45.550500,2026-06-17T16:18:45.550500,47,14,0.8454,-2.50,1,0,0,0.9796,0.4411,26.08,0.9960,1,453009664.2026.06.17.00.00.00.000.Z.miniseed
964,2026-06-17T23:18:54.557000,2026-06-17T16:18:54.557000,47,15,0.8479,-2.50,1,0,0,0.9842,0.2106,26.38,1.0040,1,453009664.2026.06.17.00.00.00.000.Z.miniseed
965,2026-06-17T23:19:03.425000,2026-06-17T16:19:03.425000,47,16,0.8532,-2.50,1,0,0,0.9863,0.1235,27.41,0.9830,1,453009664.2026.06.17.00.00.00.000.Z.miniseed
966,2026-06-17T23:19:12.249500,2026-06-17T16:19:12.249500,47,17,0.8491,-3.00,1,0,0,0.9834,0.1526,24.16,0.9948,1,453009664.2026.06.17.00.00.00.000.Z.miniseed
967,2026-06-17T23:19:21.208500,2026-06-17T16:19:21.208500,47,18,0.8532,-2.50,1,0,0,0.9880,0.1386,25.50,1.0052,1,453009664.2026.06.17.00.00.00.000.Z.miniseed
968,2026-06-17T23:19:29.816500,2026-06-17T16:19:29.816500,47,19,0.8440,-2.50,1,0,0,0.9892,0.5524,23.39,0.9756,1,453009664.2026.06.17.00.00.00.000.Z.miniseed
969,2026-06-17T23:44:31.824000,2026-06-17T16:44:31.824000,48,0,0.8293,-2.00,1,0,0,0.8364,0.2148,1.43,1.4325,0,453009664.2026.06.17.00.00.00.000.Z.miniseed
970,2026-06-17T23:44:41.511500,2026-06-17T16:44:41.511500,48,1,0.8249,-2.00,1,0,0,0.7227,0.3766,5.91,1.5829,0,453009664.2026.06.17.00.00.00.000.Z.miniseed
971,2026-06-17T23:44:50.986500,2026-06-17T16:44:50.986500,48,2,0.8411,-2.00,1,0,0,0.8744,0.3829,0.54,1.7363,0,453009664.2026.06.17.00.00.00.000.Z.miniseed
972,2026-06-17T23:45:00.091000,2026-06-17T16:45:00.091000,48,3,0.8253,-2.00,1,0,0,0.9953,0.1890,26.43,1.0040,1,453009664.2026.06.17.00.00.00.000.Z.miniseed
973,2026-06-17T23:45:09.700500,2026-06-17T16:45:09.700500,48,4,0.8581,-1.50,1,0,0,0.9951,0.2595,24.55,1.0145,1,453009664.2026.06.17.00.00.00.000.Z.miniseed
974,2026-06-17T23:45:19.113000,2026-06-17T16:45:19.113000,48,5,0.8085,-2.00,1,0,0,0.9954,0.2312,26.54,0.9910,1,453009664.2026.06.17.00.00.00.000.Z.miniseed
975,2026-06-17T23:45:28.457500,2026-06-17T16:45:28.457500,48,6,0.8559,-1.50,1,0,0,0.9965,0.4226,25.48,0.9987,1,453009664.2026.06.17.00.00.00.000.Z.miniseed
976,2026-06-17T23:45:37.728000,2026-06-17T16:45:37.728000,48,7,0.8667,-1.50,1,0,0,0.9928,0.3347,26.20,1.0013,1,453009664.2026.06.17.00.00.00.000.Z.miniseed
977,2026-06-17T23:45:47.011500,2026-06-17T16:45:47.011500,48,8,0.8405,-1.50,1,0,0,0.9955,0.3950,27.43,0.9908,1,453009664.2026.06.17.00.00.00.000.Z.miniseed
978,2026-06-17T23:45:56.837500,2026-06-17T16:45:56.837500,48,9,0.8538,-2.00,1,0,0,0.9959,0.2219,25.68,1.0137,1,453009664.2026.06.17.00.00.00.000.Z.miniseed
979,2026-06-17T23:46:05.986500,2026-06-17T16:46:05.986500,48,10,0.7929,-2.00,1,0,0,0.9938,0.1946,25.85,1.0037,1,453009664.2026.06.17.00.00.00.000.Z.miniseed
980,2026-06-17T23:46:15.516500,2026-06-17T16:46:15.516500,48,11,0.8407,-2.00,1,0,0,0.9963,0.3072,25.53,0.9792,1,453009664.2026.06.17.00.00.00.000.Z.miniseed
981,2026-06-17T23:46:24.779500,2026-06-17T16:46:24.779500,48,12,0.8543,-2.00,1,0,0,0.9950,0.0873,25.66,0.9919,1,453009664.2026.06.17.00.00.00.000.Z.miniseed
982,2026-06-17T23:46:34.158000,2026-06-17T16:46:34.158000,48,13,0.8445,-2.00,1,0,0,0.9920,0.1078,23.53,0.9915,1,453009664.2026.06.17.00.00.00.000.Z.miniseed
983,2026-06-17T23:46:43.542000,2026-06-17T16:46:43.542000,48,14,0.8200,-2.00,1,0,0,0.9937,0.1802,25.56,0.9912,1,453009664.2026.06.17.00.00.00.000.Z.miniseed
984,2026-06-17T23:46:53.104500,2026-06-17T16:46:53.104500,48,15,0.7902,-2.00,1,0,0,0.9952,0.3355,25.99,0.9955,1,453009664.2026.06.17.00.00.00.000.Z.miniseed
985,2026-06-17T23:47:02.763000,2026-06-17T16:47:02.763000,48,16,0.8218,-2.00,1,0,0,0.9934,0.1116,28.34,1.0195,1,453009664.2026.06.17.00.00.00.000.Z.miniseed
986,2026-06-17T23:47:12.295000,2026-06-17T16:47:12.295000,48,17,0.8569,-2.00,1,0,0,0.9922,0.2214,23.43,0.9778,1,453009664.2026.06.17.00.00.00.000.Z.miniseed
987,2026-06-17T23:47:21.818500,2026-06-17T16:47:21.818500,48,18,0.8578,-2.00,1,0,0,0.9946,0.3920,25.21,0.9729,1,453009664.2026.06.17.00.00.00.000.Z.miniseed
988,2026-06-17T23:47:31.292000,2026-06-17T16:47:31.292000,48,19,0.8605,-2.00,1,0,0,0.5992,0.6876,3.31,1.3774,0,453009664.2026.06.17.00.00.00.000.Z.miniseed
